model_id,dimension,item_id,prompt_id,run_id,0.0,0.5,1.0
Qwen_Qwen3-32B,Individualism,0,1,1,75.0,25.0,25.0
Qwen_Qwen3-32B,Individualism,0,1,2,75.0,0.0,50.0
Qwen_Qwen3-32B,Individualism,0,1,3,75.0,50.0,75.0
Qwen_Qwen3-32B,Individualism,1,1,1,75.0,75.0,75.0
Qwen_Qwen3-32B,Individualism,1,1,2,75.0,75.0,75.0
Qwen_Qwen3-32B,Individualism,1,1,3,75.0,75.0,75.0
Qwen_Qwen3-32B,Individualism,10,1,1,75.0,25.0,25.0
Qwen_Qwen3-32B,Individualism,10,1,2,75.0,25.0,75.0
Qwen_Qwen3-32B,Individualism,10,1,3,75.0,100.0,75.0
Qwen_Qwen3-32B,Individualism,100,1,1,50.0,50.0,100.0
Qwen_Qwen3-32B,Individualism,100,1,2,50.0,50.0,50.0
Qwen_Qwen3-32B,Individualism,100,1,3,50.0,50.0,50.0
Qwen_Qwen3-32B,Individualism,102,1,1,50.0,25.0,50.0
Qwen_Qwen3-32B,Individualism,102,1,2,50.0,25.0,50.0
Qwen_Qwen3-32B,Individualism,102,1,3,50.0,25.0,25.0
Qwen_Qwen3-32B,Individualism,103,1,1,25.0,25.0,25.0
Qwen_Qwen3-32B,Individualism,103,1,2,25.0,50.0,50.0
Qwen_Qwen3-32B,Individualism,103,1,3,25.0,25.0,25.0
Qwen_Qwen3-32B,Individualism,104,1,1,75.0,75.0,75.0
Qwen_Qwen3-32B,Individualism,104,1,2,75.0,0.0,75.0
Qwen_Qwen3-32B,Individualism,104,1,3,75.0,100.0,25.0
Qwen_Qwen3-32B,Individualism,105,1,1,50.0,50.0,50.0
Qwen_Qwen3-32B,Individualism,105,1,2,50.0,50.0,50.0
Qwen_Qwen3-32B,Individualism,105,1,3,50.0,50.0,50.0
Qwen_Qwen3-32B,Individualism,106,1,1,50.0,50.0,50.0
Qwen_Qwen3-32B,Individualism,106,1,2,50.0,50.0,50.0
Qwen_Qwen3-32B,Individualism,106,1,3,50.0,50.0,50.0
Qwen_Qwen3-32B,Individualism,107,1,1,75.0,75.0,75.0
Qwen_Qwen3-32B,Individualism,107,1,2,75.0,75.0,75.0
Qwen_Qwen3-32B,Individualism,107,1,3,75.0,75.0,75.0
Qwen_Qwen3-32B,Individualism,109,1,1,75.0,50.0,50.0
Qwen_Qwen3-32B,Individualism,109,1,2,75.0,50.0,50.0
Qwen_Qwen3-32B,Individualism,109,1,3,75.0,50.0,50.0
Qwen_Qwen3-32B,Individualism,11,1,1,50.0,50.0,50.0
Qwen_Qwen3-32B,Individualism,11,1,2,50.0,50.0,50.0
Qwen_Qwen3-32B,Individualism,11,1,3,50.0,50.0,50.0
Qwen_Qwen3-32B,Individualism,110,1,1,50.0,50.0,50.0
Qwen_Qwen3-32B,Individualism,110,1,2,50.0,50.0,50.0
Qwen_Qwen3-32B,Individualism,110,1,3,50.0,50.0,50.0
Qwen_Qwen3-32B,Individualism,113,1,1,50.0,50.0,50.0
Qwen_Qwen3-32B,Individualism,113,1,2,50.0,50.0,50.0
Qwen_Qwen3-32B,Individualism,113,1,3,50.0,50.0,50.0
Qwen_Qwen3-32B,Individualism,114,1,1,50.0,50.0,50.0
Qwen_Qwen3-32B,Individualism,114,1,2,50.0,50.0,50.0
Qwen_Qwen3-32B,Individualism,114,1,3,50.0,50.0,50.0
Qwen_Qwen3-32B,Individualism,118,1,1,50.0,75.0,50.0
Qwen_Qwen3-32B,Individualism,118,1,2,50.0,75.0,50.0
Qwen_Qwen3-32B,Individualism,118,1,3,50.0,50.0,50.0
Qwen_Qwen3-32B,Individualism,119,1,1,25.0,25.0,25.0
Qwen_Qwen3-32B,Individualism,119,1,2,25.0,25.0,25.0
Qwen_Qwen3-32B,Individualism,119,1,3,25.0,25.0,75.0
Qwen_Qwen3-32B,Individualism,12,1,1,100.0,50.0,50.0
Qwen_Qwen3-32B,Individualism,12,1,2,100.0,100.0,50.0
Qwen_Qwen3-32B,Individualism,12,1,3,100.0,50.0,50.0
Qwen_Qwen3-32B,Individualism,121,1,1,50.0,50.0,50.0
Qwen_Qwen3-32B,Individualism,121,1,2,50.0,50.0,50.0
Qwen_Qwen3-32B,Individualism,121,1,3,50.0,25.0,50.0
Qwen_Qwen3-32B,Individualism,122,1,1,50.0,50.0,50.0
Qwen_Qwen3-32B,Individualism,122,1,2,50.0,50.0,50.0
Qwen_Qwen3-32B,Individualism,122,1,3,50.0,50.0,50.0
Qwen_Qwen3-32B,Individualism,123,1,1,50.0,50.0,50.0
Qwen_Qwen3-32B,Individualism,123,1,2,50.0,50.0,50.0
Qwen_Qwen3-32B,Individualism,123,1,3,50.0,50.0,50.0
Qwen_Qwen3-32B,Individualism,126,1,1,50.0,50.0,50.0
Qwen_Qwen3-32B,Individualism,126,1,2,50.0,50.0,50.0
Qwen_Qwen3-32B,Individualism,126,1,3,50.0,50.0,50.0
Qwen_Qwen3-32B,Individualism,127,1,1,75.0,75.0,50.0
Qwen_Qwen3-32B,Individualism,127,1,2,75.0,25.0,75.0
Qwen_Qwen3-32B,Individualism,127,1,3,75.0,75.0,25.0
Qwen_Qwen3-32B,Individualism,128,1,1,50.0,50.0,50.0
Qwen_Qwen3-32B,Individualism,128,1,2,50.0,50.0,50.0
Qwen_Qwen3-32B,Individualism,128,1,3,50.0,50.0,50.0
Qwen_Qwen3-32B,Individualism,129,1,1,100.0,100.0,100.0
Qwen_Qwen3-32B,Individualism,129,1,2,100.0,100.0,50.0
Qwen_Qwen3-32B,Individualism,129,1,3,100.0,100.0,100.0
Qwen_Qwen3-32B,Individualism,130,1,1,50.0,50.0,50.0
Qwen_Qwen3-32B,Individualism,130,1,2,50.0,50.0,50.0
Qwen_Qwen3-32B,Individualism,130,1,3,50.0,50.0,50.0
Qwen_Qwen3-32B,Individualism,131,1,1,50.0,75.0,50.0
Qwen_Qwen3-32B,Individualism,131,1,2,50.0,50.0,50.0
Qwen_Qwen3-32B,Individualism,131,1,3,50.0,25.0,25.0
Qwen_Qwen3-32B,Individualism,134,1,1,50.0,75.0,50.0
Qwen_Qwen3-32B,Individualism,134,1,2,50.0,50.0,50.0
Qwen_Qwen3-32B,Individualism,134,1,3,50.0,75.0,50.0
Qwen_Qwen3-32B,Individualism,135,1,1,75.0,25.0,25.0
Qwen_Qwen3-32B,Individualism,135,1,2,75.0,25.0,25.0
Qwen_Qwen3-32B,Individualism,135,1,3,75.0,25.0,50.0
Qwen_Qwen3-32B,Individualism,136,1,1,50.0,50.0,50.0
Qwen_Qwen3-32B,Individualism,136,1,2,50.0,50.0,50.0
Qwen_Qwen3-32B,Individualism,136,1,3,50.0,50.0,50.0
Qwen_Qwen3-32B,Individualism,138,1,1,50.0,100.0,50.0
Qwen_Qwen3-32B,Individualism,138,1,2,50.0,50.0,50.0
Qwen_Qwen3-32B,Individualism,138,1,3,50.0,50.0,25.0
Qwen_Qwen3-32B,Individualism,139,1,1,25.0,25.0,25.0
Qwen_Qwen3-32B,Individualism,139,1,2,25.0,25.0,25.0
Qwen_Qwen3-32B,Individualism,139,1,3,25.0,25.0,25.0
Qwen_Qwen3-32B,Individualism,140,1,1,25.0,50.0,25.0
Qwen_Qwen3-32B,Individualism,140,1,2,25.0,50.0,50.0
Qwen_Qwen3-32B,Individualism,140,1,3,25.0,50.0,50.0
Qwen_Qwen3-32B,Individualism,145,1,1,25.0,0.0,25.0
Qwen_Qwen3-32B,Individualism,145,1,2,25.0,75.0,0.0
Qwen_Qwen3-32B,Individualism,145,1,3,25.0,25.0,0.0
Qwen_Qwen3-32B,Individualism,147,1,1,100.0,25.0,50.0
Qwen_Qwen3-32B,Individualism,147,1,2,100.0,25.0,100.0
Qwen_Qwen3-32B,Individualism,147,1,3,100.0,100.0,50.0
Qwen_Qwen3-32B,Individualism,149,1,1,25.0,25.0,25.0
Qwen_Qwen3-32B,Individualism,149,1,2,25.0,25.0,25.0
Qwen_Qwen3-32B,Individualism,149,1,3,25.0,25.0,25.0
Qwen_Qwen3-32B,Individualism,15,1,1,25.0,25.0,25.0
Qwen_Qwen3-32B,Individualism,15,1,2,25.0,25.0,0.0
Qwen_Qwen3-32B,Individualism,15,1,3,25.0,25.0,25.0
Qwen_Qwen3-32B,Individualism,151,1,1,75.0,75.0,75.0
Qwen_Qwen3-32B,Individualism,151,1,2,75.0,75.0,100.0
Qwen_Qwen3-32B,Individualism,151,1,3,75.0,75.0,100.0
Qwen_Qwen3-32B,Individualism,152,1,1,50.0,50.0,50.0
Qwen_Qwen3-32B,Individualism,152,1,2,50.0,50.0,50.0
Qwen_Qwen3-32B,Individualism,152,1,3,50.0,50.0,50.0
Qwen_Qwen3-32B,Individualism,158,1,1,50.0,50.0,50.0
Qwen_Qwen3-32B,Individualism,158,1,2,50.0,50.0,50.0
Qwen_Qwen3-32B,Individualism,158,1,3,50.0,50.0,50.0
Qwen_Qwen3-32B,Individualism,159,1,1,50.0,75.0,75.0
Qwen_Qwen3-32B,Individualism,159,1,2,50.0,75.0,50.0
Qwen_Qwen3-32B,Individualism,159,1,3,50.0,50.0,50.0
Qwen_Qwen3-32B,Individualism,16,1,1,25.0,75.0,25.0
Qwen_Qwen3-32B,Individualism,16,1,2,25.0,25.0,25.0
Qwen_Qwen3-32B,Individualism,16,1,3,25.0,25.0,25.0
Qwen_Qwen3-32B,Individualism,163,1,1,75.0,75.0,75.0
Qwen_Qwen3-32B,Individualism,163,1,2,75.0,75.0,75.0
Qwen_Qwen3-32B,Individualism,163,1,3,75.0,75.0,75.0
Qwen_Qwen3-32B,Individualism,165,1,1,50.0,50.0,50.0
Qwen_Qwen3-32B,Individualism,165,1,2,50.0,50.0,50.0
Qwen_Qwen3-32B,Individualism,165,1,3,50.0,50.0,50.0
Qwen_Qwen3-32B,Individualism,166,1,1,50.0,50.0,25.0
Qwen_Qwen3-32B,Individualism,166,1,2,50.0,50.0,100.0
Qwen_Qwen3-32B,Individualism,166,1,3,50.0,50.0,50.0
Qwen_Qwen3-32B,Individualism,167,1,1,50.0,50.0,50.0
Qwen_Qwen3-32B,Individualism,167,1,2,50.0,50.0,50.0
Qwen_Qwen3-32B,Individualism,167,1,3,50.0,50.0,50.0
Qwen_Qwen3-32B,Individualism,169,1,1,50.0,50.0,50.0
Qwen_Qwen3-32B,Individualism,169,1,2,50.0,75.0,50.0
Qwen_Qwen3-32B,Individualism,169,1,3,50.0,50.0,50.0
Qwen_Qwen3-32B,Individualism,17,1,1,25.0,100.0,100.0
Qwen_Qwen3-32B,Individualism,17,1,2,25.0,25.0,50.0
Qwen_Qwen3-32B,Individualism,17,1,3,25.0,100.0,75.0
Qwen_Qwen3-32B,Individualism,171,1,1,50.0,50.0,50.0
Qwen_Qwen3-32B,Individualism,171,1,2,50.0,50.0,50.0
Qwen_Qwen3-32B,Individualism,171,1,3,50.0,50.0,50.0
Qwen_Qwen3-32B,Individualism,173,1,1,0.0,50.0,50.0
Qwen_Qwen3-32B,Individualism,173,1,2,0.0,50.0,50.0
Qwen_Qwen3-32B,Individualism,173,1,3,0.0,50.0,50.0
Qwen_Qwen3-32B,Individualism,176,1,1,100.0,100.0,100.0
Qwen_Qwen3-32B,Individualism,176,1,2,100.0,100.0,100.0
Qwen_Qwen3-32B,Individualism,176,1,3,100.0,100.0,100.0
Qwen_Qwen3-32B,Individualism,178,1,1,50.0,50.0,50.0
Qwen_Qwen3-32B,Individualism,178,1,2,50.0,50.0,50.0
Qwen_Qwen3-32B,Individualism,178,1,3,50.0,50.0,50.0
Qwen_Qwen3-32B,Individualism,179,1,1,100.0,25.0,25.0
Qwen_Qwen3-32B,Individualism,179,1,2,100.0,25.0,25.0
Qwen_Qwen3-32B,Individualism,179,1,3,100.0,25.0,100.0
Qwen_Qwen3-32B,Individualism,18,1,1,50.0,50.0,50.0
Qwen_Qwen3-32B,Individualism,18,1,2,50.0,50.0,50.0
Qwen_Qwen3-32B,Individualism,18,1,3,50.0,50.0,50.0
Qwen_Qwen3-32B,Individualism,180,1,1,75.0,75.0,75.0
Qwen_Qwen3-32B,Individualism,180,1,2,75.0,75.0,75.0
Qwen_Qwen3-32B,Individualism,180,1,3,75.0,50.0,75.0
Qwen_Qwen3-32B,Individualism,182,1,1,50.0,50.0,50.0
Qwen_Qwen3-32B,Individualism,182,1,2,50.0,50.0,50.0
Qwen_Qwen3-32B,Individualism,182,1,3,50.0,50.0,50.0
Qwen_Qwen3-32B,Individualism,184,1,1,50.0,50.0,100.0
Qwen_Qwen3-32B,Individualism,184,1,2,50.0,50.0,50.0
Qwen_Qwen3-32B,Individualism,184,1,3,50.0,50.0,100.0
Qwen_Qwen3-32B,Individualism,187,1,1,100.0,100.0,100.0
Qwen_Qwen3-32B,Individualism,187,1,2,100.0,100.0,100.0
Qwen_Qwen3-32B,Individualism,187,1,3,100.0,100.0,75.0
Qwen_Qwen3-32B,Individualism,189,1,1,50.0,50.0,75.0
Qwen_Qwen3-32B,Individualism,189,1,2,50.0,100.0,50.0
Qwen_Qwen3-32B,Individualism,189,1,3,50.0,50.0,50.0
Qwen_Qwen3-32B,Individualism,19,1,1,25.0,50.0,75.0
Qwen_Qwen3-32B,Individualism,19,1,2,25.0,50.0,0.0
Qwen_Qwen3-32B,Individualism,19,1,3,25.0,75.0,50.0
Qwen_Qwen3-32B,Individualism,190,1,1,50.0,50.0,50.0
Qwen_Qwen3-32B,Individualism,190,1,2,50.0,50.0,50.0
Qwen_Qwen3-32B,Individualism,190,1,3,50.0,50.0,50.0
Qwen_Qwen3-32B,Individualism,192,1,1,50.0,50.0,50.0
Qwen_Qwen3-32B,Individualism,192,1,2,50.0,50.0,50.0
Qwen_Qwen3-32B,Individualism,192,1,3,50.0,50.0,50.0
Qwen_Qwen3-32B,Individualism,195,1,1,100.0,50.0,50.0
Qwen_Qwen3-32B,Individualism,195,1,2,100.0,50.0,50.0
Qwen_Qwen3-32B,Individualism,195,1,3,100.0,50.0,100.0
Qwen_Qwen3-32B,Individualism,197,1,1,50.0,50.0,50.0
Qwen_Qwen3-32B,Individualism,197,1,2,50.0,50.0,50.0
Qwen_Qwen3-32B,Individualism,197,1,3,50.0,50.0,75.0
Qwen_Qwen3-32B,Individualism,198,1,1,50.0,50.0,50.0
Qwen_Qwen3-32B,Individualism,198,1,2,50.0,50.0,50.0
Qwen_Qwen3-32B,Individualism,198,1,3,50.0,50.0,50.0
Qwen_Qwen3-32B,Individualism,2,1,1,50.0,50.0,50.0
Qwen_Qwen3-32B,Individualism,2,1,2,50.0,25.0,50.0
Qwen_Qwen3-32B,Individualism,2,1,3,50.0,50.0,50.0
Qwen_Qwen3-32B,Individualism,20,1,1,50.0,50.0,50.0
Qwen_Qwen3-32B,Individualism,20,1,2,50.0,50.0,50.0
Qwen_Qwen3-32B,Individualism,20,1,3,50.0,50.0,50.0
Qwen_Qwen3-32B,Individualism,202,1,1,50.0,50.0,50.0
Qwen_Qwen3-32B,Individualism,202,1,2,50.0,50.0,50.0
Qwen_Qwen3-32B,Individualism,202,1,3,50.0,0.0,50.0
Qwen_Qwen3-32B,Individualism,203,1,1,50.0,50.0,50.0
Qwen_Qwen3-32B,Individualism,203,1,2,50.0,50.0,50.0
Qwen_Qwen3-32B,Individualism,203,1,3,50.0,50.0,50.0
Qwen_Qwen3-32B,Individualism,204,1,1,50.0,75.0,75.0
Qwen_Qwen3-32B,Individualism,204,1,2,50.0,75.0,75.0
Qwen_Qwen3-32B,Individualism,204,1,3,50.0,75.0,75.0
Qwen_Qwen3-32B,Individualism,207,1,1,100.0,50.0,100.0
Qwen_Qwen3-32B,Individualism,207,1,2,100.0,100.0,100.0
Qwen_Qwen3-32B,Individualism,207,1,3,100.0,100.0,100.0
Qwen_Qwen3-32B,Individualism,208,1,1,50.0,50.0,50.0
Qwen_Qwen3-32B,Individualism,208,1,2,50.0,50.0,50.0
Qwen_Qwen3-32B,Individualism,208,1,3,50.0,50.0,50.0
Qwen_Qwen3-32B,Individualism,21,1,1,25.0,25.0,25.0
Qwen_Qwen3-32B,Individualism,21,1,2,25.0,25.0,25.0
Qwen_Qwen3-32B,Individualism,21,1,3,25.0,25.0,75.0
Qwen_Qwen3-32B,Individualism,216,1,1,100.0,25.0,100.0
Qwen_Qwen3-32B,Individualism,216,1,2,100.0,75.0,25.0
Qwen_Qwen3-32B,Individualism,216,1,3,100.0,75.0,75.0
Qwen_Qwen3-32B,Individualism,217,1,1,50.0,50.0,100.0
Qwen_Qwen3-32B,Individualism,217,1,2,50.0,100.0,50.0
Qwen_Qwen3-32B,Individualism,217,1,3,50.0,100.0,100.0
Qwen_Qwen3-32B,Individualism,223,1,1,50.0,50.0,50.0
Qwen_Qwen3-32B,Individualism,223,1,2,50.0,50.0,50.0
Qwen_Qwen3-32B,Individualism,223,1,3,50.0,50.0,50.0
Qwen_Qwen3-32B,Individualism,226,1,1,75.0,100.0,100.0
Qwen_Qwen3-32B,Individualism,226,1,2,75.0,75.0,100.0
Qwen_Qwen3-32B,Individualism,226,1,3,75.0,100.0,100.0
Qwen_Qwen3-32B,Individualism,228,1,1,50.0,50.0,50.0
Qwen_Qwen3-32B,Individualism,228,1,2,50.0,50.0,50.0
Qwen_Qwen3-32B,Individualism,228,1,3,50.0,50.0,50.0
Qwen_Qwen3-32B,Individualism,232,1,1,25.0,25.0,25.0
Qwen_Qwen3-32B,Individualism,232,1,2,25.0,25.0,25.0
Qwen_Qwen3-32B,Individualism,232,1,3,25.0,25.0,25.0
Qwen_Qwen3-32B,Individualism,235,1,1,50.0,50.0,75.0
Qwen_Qwen3-32B,Individualism,235,1,2,50.0,50.0,50.0
Qwen_Qwen3-32B,Individualism,235,1,3,50.0,50.0,50.0
Qwen_Qwen3-32B,Individualism,24,1,1,50.0,50.0,75.0
Qwen_Qwen3-32B,Individualism,24,1,2,50.0,50.0,25.0
Qwen_Qwen3-32B,Individualism,24,1,3,50.0,50.0,50.0
Qwen_Qwen3-32B,Individualism,242,1,1,25.0,25.0,50.0
Qwen_Qwen3-32B,Individualism,242,1,2,25.0,50.0,50.0
Qwen_Qwen3-32B,Individualism,242,1,3,25.0,25.0,50.0
Qwen_Qwen3-32B,Individualism,27,1,1,50.0,50.0,50.0
Qwen_Qwen3-32B,Individualism,27,1,2,50.0,75.0,75.0
Qwen_Qwen3-32B,Individualism,27,1,3,50.0,50.0,50.0
Qwen_Qwen3-32B,Individualism,29,1,1,50.0,50.0,50.0
Qwen_Qwen3-32B,Individualism,29,1,2,50.0,50.0,50.0
Qwen_Qwen3-32B,Individualism,29,1,3,50.0,50.0,50.0
Qwen_Qwen3-32B,Individualism,3,1,1,75.0,100.0,75.0
Qwen_Qwen3-32B,Individualism,3,1,2,75.0,75.0,75.0
Qwen_Qwen3-32B,Individualism,3,1,3,75.0,75.0,75.0
Qwen_Qwen3-32B,Individualism,31,1,1,25.0,25.0,50.0
Qwen_Qwen3-32B,Individualism,31,1,2,25.0,25.0,25.0
Qwen_Qwen3-32B,Individualism,31,1,3,25.0,25.0,25.0
Qwen_Qwen3-32B,Individualism,34,1,1,50.0,75.0,75.0
Qwen_Qwen3-32B,Individualism,34,1,2,50.0,50.0,75.0
Qwen_Qwen3-32B,Individualism,34,1,3,50.0,50.0,50.0
Qwen_Qwen3-32B,Individualism,36,1,1,75.0,75.0,75.0
Qwen_Qwen3-32B,Individualism,36,1,2,75.0,75.0,75.0
Qwen_Qwen3-32B,Individualism,36,1,3,75.0,50.0,75.0
Qwen_Qwen3-32B,Individualism,37,1,1,75.0,50.0,50.0
Qwen_Qwen3-32B,Individualism,37,1,2,75.0,75.0,75.0
Qwen_Qwen3-32B,Individualism,37,1,3,75.0,50.0,50.0
Qwen_Qwen3-32B,Individualism,38,1,1,50.0,50.0,0.0
Qwen_Qwen3-32B,Individualism,38,1,2,50.0,50.0,50.0
Qwen_Qwen3-32B,Individualism,38,1,3,50.0,50.0,50.0
Qwen_Qwen3-32B,Individualism,39,1,1,50.0,50.0,50.0
Qwen_Qwen3-32B,Individualism,39,1,2,50.0,50.0,100.0
Qwen_Qwen3-32B,Individualism,39,1,3,50.0,50.0,50.0
Qwen_Qwen3-32B,Individualism,4,1,1,50.0,50.0,50.0
Qwen_Qwen3-32B,Individualism,4,1,2,50.0,50.0,50.0
Qwen_Qwen3-32B,Individualism,4,1,3,50.0,50.0,50.0
Qwen_Qwen3-32B,Individualism,40,1,1,50.0,50.0,50.0
Qwen_Qwen3-32B,Individualism,40,1,2,50.0,50.0,50.0
Qwen_Qwen3-32B,Individualism,40,1,3,50.0,50.0,50.0
Qwen_Qwen3-32B,Individualism,42,1,1,50.0,50.0,50.0
Qwen_Qwen3-32B,Individualism,42,1,2,50.0,50.0,50.0
Qwen_Qwen3-32B,Individualism,42,1,3,50.0,50.0,50.0
Qwen_Qwen3-32B,Individualism,43,1,1,50.0,50.0,50.0
Qwen_Qwen3-32B,Individualism,43,1,2,50.0,50.0,50.0
Qwen_Qwen3-32B,Individualism,43,1,3,50.0,50.0,50.0
Qwen_Qwen3-32B,Individualism,44,1,1,100.0,50.0,50.0
Qwen_Qwen3-32B,Individualism,44,1,2,100.0,50.0,50.0
Qwen_Qwen3-32B,Individualism,44,1,3,100.0,50.0,75.0
Qwen_Qwen3-32B,Individualism,47,1,1,75.0,25.0,25.0
Qwen_Qwen3-32B,Individualism,47,1,2,75.0,25.0,25.0
Qwen_Qwen3-32B,Individualism,47,1,3,75.0,75.0,25.0
Qwen_Qwen3-32B,Individualism,48,1,1,100.0,100.0,75.0
Qwen_Qwen3-32B,Individualism,48,1,2,100.0,100.0,100.0
Qwen_Qwen3-32B,Individualism,48,1,3,100.0,75.0,75.0
Qwen_Qwen3-32B,Individualism,49,1,1,50.0,50.0,50.0
Qwen_Qwen3-32B,Individualism,49,1,2,50.0,50.0,50.0
Qwen_Qwen3-32B,Individualism,49,1,3,50.0,50.0,50.0
Qwen_Qwen3-32B,Individualism,5,1,1,50.0,50.0,50.0
Qwen_Qwen3-32B,Individualism,5,1,2,50.0,50.0,50.0
Qwen_Qwen3-32B,Individualism,5,1,3,50.0,50.0,50.0
Qwen_Qwen3-32B,Individualism,50,1,1,75.0,50.0,50.0
Qwen_Qwen3-32B,Individualism,50,1,2,75.0,50.0,50.0
Qwen_Qwen3-32B,Individualism,50,1,3,75.0,50.0,50.0
Qwen_Qwen3-32B,Individualism,51,1,1,25.0,50.0,50.0
Qwen_Qwen3-32B,Individualism,51,1,2,25.0,50.0,25.0
Qwen_Qwen3-32B,Individualism,51,1,3,25.0,50.0,50.0
Qwen_Qwen3-32B,Individualism,53,1,1,50.0,0.0,75.0
Qwen_Qwen3-32B,Individualism,53,1,2,50.0,50.0,0.0
Qwen_Qwen3-32B,Individualism,53,1,3,50.0,50.0,50.0
Qwen_Qwen3-32B,Individualism,54,1,1,25.0,75.0,100.0
Qwen_Qwen3-32B,Individualism,54,1,2,25.0,75.0,50.0
Qwen_Qwen3-32B,Individualism,54,1,3,25.0,75.0,25.0
Qwen_Qwen3-32B,Individualism,55,1,1,50.0,50.0,50.0
Qwen_Qwen3-32B,Individualism,55,1,2,50.0,50.0,50.0
Qwen_Qwen3-32B,Individualism,55,1,3,50.0,50.0,75.0
Qwen_Qwen3-32B,Individualism,56,1,1,75.0,75.0,75.0
Qwen_Qwen3-32B,Individualism,56,1,2,75.0,75.0,100.0
Qwen_Qwen3-32B,Individualism,56,1,3,75.0,75.0,75.0
Qwen_Qwen3-32B,Individualism,57,1,1,50.0,100.0,100.0
Qwen_Qwen3-32B,Individualism,57,1,2,50.0,100.0,100.0
Qwen_Qwen3-32B,Individualism,57,1,3,50.0,100.0,100.0
Qwen_Qwen3-32B,Individualism,58,1,1,50.0,50.0,50.0
Qwen_Qwen3-32B,Individualism,58,1,2,50.0,50.0,25.0
Qwen_Qwen3-32B,Individualism,58,1,3,50.0,50.0,50.0
Qwen_Qwen3-32B,Individualism,59,1,1,25.0,75.0,75.0
Qwen_Qwen3-32B,Individualism,59,1,2,25.0,75.0,75.0
Qwen_Qwen3-32B,Individualism,59,1,3,25.0,75.0,75.0
Qwen_Qwen3-32B,Individualism,60,1,1,25.0,0.0,0.0
Qwen_Qwen3-32B,Individualism,60,1,2,25.0,25.0,0.0
Qwen_Qwen3-32B,Individualism,60,1,3,25.0,0.0,0.0
Qwen_Qwen3-32B,Individualism,61,1,1,75.0,75.0,75.0
Qwen_Qwen3-32B,Individualism,61,1,2,75.0,75.0,75.0
Qwen_Qwen3-32B,Individualism,61,1,3,75.0,100.0,75.0
Qwen_Qwen3-32B,Individualism,62,1,1,50.0,50.0,50.0
Qwen_Qwen3-32B,Individualism,62,1,2,50.0,50.0,50.0
Qwen_Qwen3-32B,Individualism,62,1,3,50.0,50.0,50.0
Qwen_Qwen3-32B,Individualism,63,1,1,25.0,25.0,25.0
Qwen_Qwen3-32B,Individualism,63,1,2,25.0,25.0,25.0
Qwen_Qwen3-32B,Individualism,63,1,3,25.0,25.0,25.0
Qwen_Qwen3-32B,Individualism,64,1,1,100.0,75.0,75.0
Qwen_Qwen3-32B,Individualism,64,1,2,100.0,75.0,75.0
Qwen_Qwen3-32B,Individualism,64,1,3,100.0,75.0,75.0
Qwen_Qwen3-32B,Individualism,66,1,1,50.0,50.0,50.0
Qwen_Qwen3-32B,Individualism,66,1,2,50.0,50.0,50.0
Qwen_Qwen3-32B,Individualism,66,1,3,50.0,50.0,50.0
Qwen_Qwen3-32B,Individualism,67,1,1,50.0,25.0,50.0
Qwen_Qwen3-32B,Individualism,67,1,2,50.0,50.0,50.0
Qwen_Qwen3-32B,Individualism,67,1,3,50.0,50.0,50.0
Qwen_Qwen3-32B,Individualism,70,1,1,50.0,25.0,50.0
Qwen_Qwen3-32B,Individualism,70,1,2,50.0,50.0,50.0
Qwen_Qwen3-32B,Individualism,70,1,3,50.0,50.0,50.0
Qwen_Qwen3-32B,Individualism,72,1,1,50.0,50.0,50.0
Qwen_Qwen3-32B,Individualism,72,1,2,50.0,50.0,50.0
Qwen_Qwen3-32B,Individualism,72,1,3,50.0,75.0,50.0
Qwen_Qwen3-32B,Individualism,73,1,1,100.0,50.0,50.0
Qwen_Qwen3-32B,Individualism,73,1,2,100.0,50.0,50.0
Qwen_Qwen3-32B,Individualism,73,1,3,100.0,50.0,50.0
Qwen_Qwen3-32B,Individualism,78,1,1,50.0,50.0,50.0
Qwen_Qwen3-32B,Individualism,78,1,2,50.0,50.0,50.0
Qwen_Qwen3-32B,Individualism,78,1,3,50.0,50.0,50.0
Qwen_Qwen3-32B,Individualism,79,1,1,25.0,25.0,25.0
Qwen_Qwen3-32B,Individualism,79,1,2,25.0,25.0,0.0
Qwen_Qwen3-32B,Individualism,79,1,3,25.0,25.0,25.0
Qwen_Qwen3-32B,Individualism,8,1,1,50.0,50.0,25.0
Qwen_Qwen3-32B,Individualism,8,1,2,50.0,25.0,25.0
Qwen_Qwen3-32B,Individualism,8,1,3,50.0,50.0,25.0
Qwen_Qwen3-32B,Individualism,80,1,1,50.0,50.0,50.0
Qwen_Qwen3-32B,Individualism,80,1,2,50.0,50.0,50.0
Qwen_Qwen3-32B,Individualism,80,1,3,50.0,50.0,50.0
Qwen_Qwen3-32B,Individualism,81,1,1,50.0,75.0,100.0
Qwen_Qwen3-32B,Individualism,81,1,2,50.0,50.0,50.0
Qwen_Qwen3-32B,Individualism,81,1,3,50.0,75.0,75.0
Qwen_Qwen3-32B,Individualism,84,1,1,50.0,50.0,50.0
Qwen_Qwen3-32B,Individualism,84,1,2,50.0,50.0,50.0
Qwen_Qwen3-32B,Individualism,84,1,3,50.0,50.0,50.0
Qwen_Qwen3-32B,Individualism,85,1,1,50.0,50.0,50.0
Qwen_Qwen3-32B,Individualism,85,1,2,50.0,50.0,50.0
Qwen_Qwen3-32B,Individualism,85,1,3,50.0,50.0,50.0
Qwen_Qwen3-32B,Individualism,88,1,1,75.0,50.0,50.0
Qwen_Qwen3-32B,Individualism,88,1,2,75.0,50.0,50.0
Qwen_Qwen3-32B,Individualism,88,1,3,75.0,50.0,50.0
Qwen_Qwen3-32B,Individualism,9,1,1,25.0,25.0,0.0
Qwen_Qwen3-32B,Individualism,9,1,2,25.0,25.0,25.0
Qwen_Qwen3-32B,Individualism,9,1,3,25.0,25.0,0.0
Qwen_Qwen3-32B,Individualism,90,1,1,75.0,50.0,50.0
Qwen_Qwen3-32B,Individualism,90,1,2,75.0,50.0,50.0
Qwen_Qwen3-32B,Individualism,90,1,3,75.0,50.0,50.0
Qwen_Qwen3-32B,Individualism,97,1,1,75.0,75.0,75.0
Qwen_Qwen3-32B,Individualism,97,1,2,75.0,75.0,75.0
Qwen_Qwen3-32B,Individualism,97,1,3,75.0,75.0,100.0
Qwen_Qwen3-32B,Individualism,98,1,1,25.0,25.0,25.0
Qwen_Qwen3-32B,Individualism,98,1,2,25.0,25.0,25.0
Qwen_Qwen3-32B,Individualism,98,1,3,25.0,25.0,25.0
Qwen_Qwen3-32B,Individualism,99,1,1,50.0,50.0,25.0
Qwen_Qwen3-32B,Individualism,99,1,2,50.0,25.0,50.0
Qwen_Qwen3-32B,Individualism,99,1,3,50.0,25.0,25.0
Qwen_Qwen3-32B,Indulgence,474,1,1,25.0,25.0,25.0
Qwen_Qwen3-32B,Indulgence,474,1,2,25.0,25.0,50.0
Qwen_Qwen3-32B,Indulgence,474,1,3,25.0,25.0,0.0
Qwen_Qwen3-32B,Indulgence,476,1,1,50.0,50.0,50.0
Qwen_Qwen3-32B,Indulgence,476,1,2,50.0,50.0,50.0
Qwen_Qwen3-32B,Indulgence,476,1,3,50.0,50.0,50.0
Qwen_Qwen3-32B,Indulgence,477,1,1,50.0,50.0,50.0
Qwen_Qwen3-32B,Indulgence,477,1,2,50.0,50.0,50.0
Qwen_Qwen3-32B,Indulgence,477,1,3,50.0,50.0,50.0
Qwen_Qwen3-32B,Indulgence,478,1,1,25.0,25.0,25.0
Qwen_Qwen3-32B,Indulgence,478,1,2,25.0,25.0,25.0
Qwen_Qwen3-32B,Indulgence,478,1,3,25.0,0.0,25.0
Qwen_Qwen3-32B,Indulgence,479,1,1,25.0,25.0,25.0
Qwen_Qwen3-32B,Indulgence,479,1,2,25.0,25.0,25.0
Qwen_Qwen3-32B,Indulgence,479,1,3,25.0,25.0,25.0
Qwen_Qwen3-32B,Indulgence,481,1,1,50.0,50.0,50.0
Qwen_Qwen3-32B,Indulgence,481,1,2,50.0,50.0,50.0
Qwen_Qwen3-32B,Indulgence,481,1,3,50.0,50.0,50.0
Qwen_Qwen3-32B,Indulgence,482,1,1,50.0,50.0,50.0
Qwen_Qwen3-32B,Indulgence,482,1,2,50.0,50.0,50.0
Qwen_Qwen3-32B,Indulgence,482,1,3,50.0,50.0,50.0
Qwen_Qwen3-32B,Indulgence,483,1,1,50.0,50.0,50.0
Qwen_Qwen3-32B,Indulgence,483,1,2,50.0,50.0,50.0
Qwen_Qwen3-32B,Indulgence,483,1,3,50.0,50.0,50.0
Qwen_Qwen3-32B,Indulgence,484,1,1,50.0,50.0,50.0
Qwen_Qwen3-32B,Indulgence,484,1,2,50.0,50.0,50.0
Qwen_Qwen3-32B,Indulgence,484,1,3,50.0,50.0,50.0
Qwen_Qwen3-32B,Indulgence,485,1,1,25.0,25.0,25.0
Qwen_Qwen3-32B,Indulgence,485,1,2,25.0,25.0,25.0
Qwen_Qwen3-32B,Indulgence,485,1,3,25.0,25.0,25.0
Qwen_Qwen3-32B,Indulgence,486,1,1,25.0,25.0,0.0
Qwen_Qwen3-32B,Indulgence,486,1,2,25.0,25.0,0.0
Qwen_Qwen3-32B,Indulgence,486,1,3,25.0,25.0,25.0
Qwen_Qwen3-32B,Indulgence,487,1,1,25.0,25.0,50.0
Qwen_Qwen3-32B,Indulgence,487,1,2,25.0,50.0,50.0
Qwen_Qwen3-32B,Indulgence,487,1,3,25.0,25.0,25.0
Qwen_Qwen3-32B,Indulgence,490,1,1,75.0,50.0,75.0
Qwen_Qwen3-32B,Indulgence,490,1,2,75.0,75.0,75.0
Qwen_Qwen3-32B,Indulgence,490,1,3,75.0,75.0,50.0
Qwen_Qwen3-32B,Indulgence,492,1,1,50.0,50.0,50.0
Qwen_Qwen3-32B,Indulgence,492,1,2,50.0,50.0,50.0
Qwen_Qwen3-32B,Indulgence,492,1,3,50.0,50.0,25.0
Qwen_Qwen3-32B,Indulgence,493,1,1,50.0,50.0,50.0
Qwen_Qwen3-32B,Indulgence,493,1,2,50.0,50.0,50.0
Qwen_Qwen3-32B,Indulgence,493,1,3,50.0,50.0,25.0
Qwen_Qwen3-32B,Indulgence,494,1,1,25.0,25.0,25.0
Qwen_Qwen3-32B,Indulgence,494,1,2,25.0,25.0,25.0
Qwen_Qwen3-32B,Indulgence,494,1,3,25.0,25.0,25.0
Qwen_Qwen3-32B,Indulgence,495,1,1,25.0,25.0,50.0
Qwen_Qwen3-32B,Indulgence,495,1,2,25.0,25.0,25.0
Qwen_Qwen3-32B,Indulgence,495,1,3,25.0,25.0,25.0
Qwen_Qwen3-32B,Indulgence,496,1,1,50.0,50.0,50.0
Qwen_Qwen3-32B,Indulgence,496,1,2,50.0,50.0,25.0
Qwen_Qwen3-32B,Indulgence,496,1,3,50.0,50.0,50.0
Qwen_Qwen3-32B,Indulgence,497,1,1,50.0,50.0,50.0
Qwen_Qwen3-32B,Indulgence,497,1,2,50.0,50.0,50.0
Qwen_Qwen3-32B,Indulgence,497,1,3,50.0,50.0,50.0
Qwen_Qwen3-32B,Indulgence,498,1,1,75.0,50.0,50.0
Qwen_Qwen3-32B,Indulgence,498,1,2,75.0,50.0,50.0
Qwen_Qwen3-32B,Indulgence,498,1,3,75.0,50.0,25.0
Qwen_Qwen3-32B,Indulgence,499,1,1,25.0,50.0,50.0
Qwen_Qwen3-32B,Indulgence,499,1,2,25.0,50.0,50.0
Qwen_Qwen3-32B,Indulgence,499,1,3,25.0,50.0,25.0
Qwen_Qwen3-32B,Indulgence,500,1,1,50.0,25.0,50.0
Qwen_Qwen3-32B,Indulgence,500,1,2,50.0,25.0,25.0
Qwen_Qwen3-32B,Indulgence,500,1,3,50.0,25.0,50.0
Qwen_Qwen3-32B,Indulgence,503,1,1,50.0,50.0,50.0
Qwen_Qwen3-32B,Indulgence,503,1,2,50.0,50.0,50.0
Qwen_Qwen3-32B,Indulgence,503,1,3,50.0,50.0,50.0
Qwen_Qwen3-32B,Indulgence,505,1,1,25.0,25.0,0.0
Qwen_Qwen3-32B,Indulgence,505,1,2,25.0,25.0,0.0
Qwen_Qwen3-32B,Indulgence,505,1,3,25.0,0.0,25.0
Qwen_Qwen3-32B,Indulgence,508,1,1,50.0,25.0,25.0
Qwen_Qwen3-32B,Indulgence,508,1,2,50.0,25.0,25.0
Qwen_Qwen3-32B,Indulgence,508,1,3,50.0,25.0,25.0
Qwen_Qwen3-32B,Indulgence,509,1,1,25.0,25.0,25.0
Qwen_Qwen3-32B,Indulgence,509,1,2,25.0,25.0,25.0
Qwen_Qwen3-32B,Indulgence,509,1,3,25.0,25.0,25.0
Qwen_Qwen3-32B,Indulgence,510,1,1,50.0,50.0,50.0
Qwen_Qwen3-32B,Indulgence,510,1,2,50.0,50.0,50.0
Qwen_Qwen3-32B,Indulgence,510,1,3,50.0,50.0,0.0
Qwen_Qwen3-32B,Indulgence,511,1,1,50.0,25.0,75.0
Qwen_Qwen3-32B,Indulgence,511,1,2,50.0,50.0,25.0
Qwen_Qwen3-32B,Indulgence,511,1,3,50.0,50.0,25.0
Qwen_Qwen3-32B,Indulgence,512,1,1,50.0,50.0,50.0
Qwen_Qwen3-32B,Indulgence,512,1,2,50.0,50.0,50.0
Qwen_Qwen3-32B,Indulgence,512,1,3,50.0,50.0,50.0
Qwen_Qwen3-32B,Indulgence,514,1,1,50.0,50.0,50.0
Qwen_Qwen3-32B,Indulgence,514,1,2,50.0,50.0,50.0
Qwen_Qwen3-32B,Indulgence,514,1,3,50.0,50.0,50.0
Qwen_Qwen3-32B,Indulgence,517,1,1,50.0,50.0,25.0
Qwen_Qwen3-32B,Indulgence,517,1,2,50.0,0.0,50.0
Qwen_Qwen3-32B,Indulgence,517,1,3,50.0,25.0,0.0
Qwen_Qwen3-32B,Indulgence,518,1,1,25.0,50.0,25.0
Qwen_Qwen3-32B,Indulgence,518,1,2,25.0,25.0,25.0
Qwen_Qwen3-32B,Indulgence,518,1,3,25.0,50.0,50.0
Qwen_Qwen3-32B,Indulgence,521,1,1,50.0,50.0,50.0
Qwen_Qwen3-32B,Indulgence,521,1,2,50.0,50.0,50.0
Qwen_Qwen3-32B,Indulgence,521,1,3,50.0,50.0,50.0
Qwen_Qwen3-32B,Indulgence,522,1,1,25.0,25.0,25.0
Qwen_Qwen3-32B,Indulgence,522,1,2,25.0,50.0,25.0
Qwen_Qwen3-32B,Indulgence,522,1,3,25.0,25.0,25.0
Qwen_Qwen3-32B,Indulgence,523,1,1,50.0,50.0,50.0
Qwen_Qwen3-32B,Indulgence,523,1,2,50.0,50.0,25.0
Qwen_Qwen3-32B,Indulgence,523,1,3,50.0,50.0,25.0
Qwen_Qwen3-32B,Indulgence,524,1,1,25.0,25.0,25.0
Qwen_Qwen3-32B,Indulgence,524,1,2,25.0,25.0,0.0
Qwen_Qwen3-32B,Indulgence,524,1,3,25.0,25.0,25.0
Qwen_Qwen3-32B,Indulgence,526,1,1,50.0,50.0,50.0
Qwen_Qwen3-32B,Indulgence,526,1,2,50.0,25.0,75.0
Qwen_Qwen3-32B,Indulgence,526,1,3,50.0,75.0,50.0
Qwen_Qwen3-32B,Indulgence,527,1,1,0.0,0.0,0.0
Qwen_Qwen3-32B,Indulgence,527,1,2,0.0,25.0,50.0
Qwen_Qwen3-32B,Indulgence,527,1,3,0.0,0.0,0.0
Qwen_Qwen3-32B,Indulgence,530,1,1,25.0,25.0,25.0
Qwen_Qwen3-32B,Indulgence,530,1,2,25.0,25.0,25.0
Qwen_Qwen3-32B,Indulgence,530,1,3,25.0,25.0,25.0
Qwen_Qwen3-32B,Indulgence,531,1,1,50.0,50.0,50.0
Qwen_Qwen3-32B,Indulgence,531,1,2,50.0,50.0,50.0
Qwen_Qwen3-32B,Indulgence,531,1,3,50.0,50.0,50.0
Qwen_Qwen3-32B,Indulgence,532,1,1,50.0,50.0,50.0
Qwen_Qwen3-32B,Indulgence,532,1,2,50.0,50.0,50.0
Qwen_Qwen3-32B,Indulgence,532,1,3,50.0,50.0,50.0
Qwen_Qwen3-32B,Indulgence,534,1,1,50.0,50.0,50.0
Qwen_Qwen3-32B,Indulgence,534,1,2,50.0,50.0,50.0
Qwen_Qwen3-32B,Indulgence,534,1,3,50.0,50.0,25.0
Qwen_Qwen3-32B,Indulgence,539,1,1,0.0,0.0,25.0
Qwen_Qwen3-32B,Indulgence,539,1,2,0.0,0.0,0.0
Qwen_Qwen3-32B,Indulgence,539,1,3,0.0,25.0,0.0
Qwen_Qwen3-32B,Indulgence,540,1,1,50.0,50.0,50.0
Qwen_Qwen3-32B,Indulgence,540,1,2,50.0,50.0,50.0
Qwen_Qwen3-32B,Indulgence,540,1,3,50.0,50.0,50.0
Qwen_Qwen3-32B,Indulgence,541,1,1,50.0,50.0,50.0
Qwen_Qwen3-32B,Indulgence,541,1,2,50.0,50.0,50.0
Qwen_Qwen3-32B,Indulgence,541,1,3,50.0,50.0,50.0
Qwen_Qwen3-32B,Indulgence,543,1,1,25.0,25.0,25.0
Qwen_Qwen3-32B,Indulgence,543,1,2,25.0,50.0,25.0
Qwen_Qwen3-32B,Indulgence,543,1,3,25.0,25.0,25.0
Qwen_Qwen3-32B,Indulgence,545,1,1,50.0,50.0,25.0
Qwen_Qwen3-32B,Indulgence,545,1,2,50.0,50.0,25.0
Qwen_Qwen3-32B,Indulgence,545,1,3,50.0,50.0,50.0
Qwen_Qwen3-32B,Indulgence,546,1,1,25.0,25.0,25.0
Qwen_Qwen3-32B,Indulgence,546,1,2,25.0,25.0,25.0
Qwen_Qwen3-32B,Indulgence,546,1,3,25.0,25.0,25.0
Qwen_Qwen3-32B,Indulgence,550,1,1,25.0,25.0,25.0
Qwen_Qwen3-32B,Indulgence,550,1,2,25.0,25.0,25.0
Qwen_Qwen3-32B,Indulgence,550,1,3,25.0,25.0,25.0
Qwen_Qwen3-32B,Indulgence,551,1,1,25.0,25.0,50.0
Qwen_Qwen3-32B,Indulgence,551,1,2,25.0,50.0,50.0
Qwen_Qwen3-32B,Indulgence,551,1,3,25.0,50.0,50.0
Qwen_Qwen3-32B,Indulgence,552,1,1,75.0,75.0,75.0
Qwen_Qwen3-32B,Indulgence,552,1,2,75.0,75.0,75.0
Qwen_Qwen3-32B,Indulgence,552,1,3,75.0,75.0,75.0
Qwen_Qwen3-32B,Indulgence,553,1,1,50.0,50.0,25.0
Qwen_Qwen3-32B,Indulgence,553,1,2,50.0,50.0,50.0
Qwen_Qwen3-32B,Indulgence,553,1,3,50.0,50.0,25.0
Qwen_Qwen3-32B,Indulgence,554,1,1,25.0,25.0,50.0
Qwen_Qwen3-32B,Indulgence,554,1,2,25.0,25.0,50.0
Qwen_Qwen3-32B,Indulgence,554,1,3,25.0,25.0,25.0
Qwen_Qwen3-32B,Indulgence,555,1,1,25.0,25.0,25.0
Qwen_Qwen3-32B,Indulgence,555,1,2,25.0,25.0,50.0
Qwen_Qwen3-32B,Indulgence,555,1,3,25.0,25.0,75.0
Qwen_Qwen3-32B,Indulgence,557,1,1,0.0,0.0,0.0
Qwen_Qwen3-32B,Indulgence,557,1,2,0.0,0.0,0.0
Qwen_Qwen3-32B,Indulgence,557,1,3,0.0,25.0,0.0
Qwen_Qwen3-32B,Indulgence,558,1,1,50.0,50.0,50.0
Qwen_Qwen3-32B,Indulgence,558,1,2,50.0,50.0,50.0
Qwen_Qwen3-32B,Indulgence,558,1,3,50.0,50.0,50.0
Qwen_Qwen3-32B,Indulgence,560,1,1,25.0,25.0,25.0
Qwen_Qwen3-32B,Indulgence,560,1,2,25.0,25.0,25.0
Qwen_Qwen3-32B,Indulgence,560,1,3,25.0,25.0,25.0
Qwen_Qwen3-32B,Indulgence,561,1,1,50.0,50.0,50.0
Qwen_Qwen3-32B,Indulgence,561,1,2,50.0,25.0,50.0
Qwen_Qwen3-32B,Indulgence,561,1,3,50.0,50.0,50.0
Qwen_Qwen3-32B,Indulgence,563,1,1,100.0,25.0,50.0
Qwen_Qwen3-32B,Indulgence,563,1,2,100.0,0.0,25.0
Qwen_Qwen3-32B,Indulgence,563,1,3,100.0,25.0,25.0
Qwen_Qwen3-32B,Indulgence,564,1,1,25.0,25.0,25.0
Qwen_Qwen3-32B,Indulgence,564,1,2,25.0,25.0,25.0
Qwen_Qwen3-32B,Indulgence,564,1,3,25.0,25.0,0.0
Qwen_Qwen3-32B,Indulgence,565,1,1,50.0,50.0,50.0
Qwen_Qwen3-32B,Indulgence,565,1,2,50.0,25.0,50.0
Qwen_Qwen3-32B,Indulgence,565,1,3,50.0,50.0,50.0
Qwen_Qwen3-32B,Indulgence,566,1,1,50.0,50.0,50.0
Qwen_Qwen3-32B,Indulgence,566,1,2,50.0,50.0,50.0
Qwen_Qwen3-32B,Indulgence,566,1,3,50.0,50.0,50.0
Qwen_Qwen3-32B,Indulgence,567,1,1,25.0,25.0,25.0
Qwen_Qwen3-32B,Indulgence,567,1,2,25.0,25.0,25.0
Qwen_Qwen3-32B,Indulgence,567,1,3,25.0,50.0,25.0
Qwen_Qwen3-32B,Indulgence,568,1,1,50.0,50.0,25.0
Qwen_Qwen3-32B,Indulgence,568,1,2,50.0,50.0,50.0
Qwen_Qwen3-32B,Indulgence,568,1,3,50.0,50.0,50.0
Qwen_Qwen3-32B,Indulgence,569,1,1,25.0,25.0,25.0
Qwen_Qwen3-32B,Indulgence,569,1,2,25.0,25.0,25.0
Qwen_Qwen3-32B,Indulgence,569,1,3,25.0,25.0,25.0
Qwen_Qwen3-32B,Indulgence,570,1,1,50.0,50.0,50.0
Qwen_Qwen3-32B,Indulgence,570,1,2,50.0,75.0,50.0
Qwen_Qwen3-32B,Indulgence,570,1,3,50.0,50.0,50.0
Qwen_Qwen3-32B,Indulgence,571,1,1,25.0,50.0,25.0
Qwen_Qwen3-32B,Indulgence,571,1,2,25.0,25.0,25.0
Qwen_Qwen3-32B,Indulgence,571,1,3,25.0,25.0,25.0
Qwen_Qwen3-32B,Indulgence,572,1,1,50.0,50.0,25.0
Qwen_Qwen3-32B,Indulgence,572,1,2,50.0,50.0,50.0
Qwen_Qwen3-32B,Indulgence,572,1,3,50.0,50.0,50.0
Qwen_Qwen3-32B,Indulgence,573,1,1,50.0,50.0,50.0
Qwen_Qwen3-32B,Indulgence,573,1,2,50.0,50.0,50.0
Qwen_Qwen3-32B,Indulgence,573,1,3,50.0,50.0,50.0
Qwen_Qwen3-32B,Indulgence,574,1,1,50.0,50.0,50.0
Qwen_Qwen3-32B,Indulgence,574,1,2,50.0,50.0,50.0
Qwen_Qwen3-32B,Indulgence,574,1,3,50.0,50.0,50.0
Qwen_Qwen3-32B,Indulgence,575,1,1,50.0,25.0,25.0
Qwen_Qwen3-32B,Indulgence,575,1,2,50.0,25.0,50.0
Qwen_Qwen3-32B,Indulgence,575,1,3,50.0,25.0,50.0
Qwen_Qwen3-32B,Indulgence,576,1,1,25.0,50.0,50.0
Qwen_Qwen3-32B,Indulgence,576,1,2,25.0,50.0,50.0
Qwen_Qwen3-32B,Indulgence,576,1,3,25.0,50.0,50.0
Qwen_Qwen3-32B,Indulgence,578,1,1,0.0,0.0,0.0
Qwen_Qwen3-32B,Indulgence,578,1,2,0.0,25.0,0.0
Qwen_Qwen3-32B,Indulgence,578,1,3,0.0,0.0,0.0
Qwen_Qwen3-32B,Indulgence,579,1,1,50.0,50.0,50.0
Qwen_Qwen3-32B,Indulgence,579,1,2,50.0,25.0,25.0
Qwen_Qwen3-32B,Indulgence,579,1,3,50.0,50.0,50.0
Qwen_Qwen3-32B,Indulgence,581,1,1,50.0,50.0,50.0
Qwen_Qwen3-32B,Indulgence,581,1,2,50.0,50.0,50.0
Qwen_Qwen3-32B,Indulgence,581,1,3,50.0,50.0,50.0
Qwen_Qwen3-32B,Indulgence,582,1,1,50.0,25.0,50.0
Qwen_Qwen3-32B,Indulgence,582,1,2,50.0,50.0,25.0
Qwen_Qwen3-32B,Indulgence,582,1,3,50.0,25.0,25.0
Qwen_Qwen3-32B,Indulgence,584,1,1,25.0,25.0,25.0
Qwen_Qwen3-32B,Indulgence,584,1,2,25.0,25.0,25.0
Qwen_Qwen3-32B,Indulgence,584,1,3,25.0,25.0,25.0
Qwen_Qwen3-32B,Indulgence,585,1,1,50.0,50.0,50.0
Qwen_Qwen3-32B,Indulgence,585,1,2,50.0,50.0,25.0
Qwen_Qwen3-32B,Indulgence,585,1,3,50.0,50.0,25.0
Qwen_Qwen3-32B,Indulgence,589,1,1,25.0,25.0,25.0
Qwen_Qwen3-32B,Indulgence,589,1,2,25.0,25.0,25.0
Qwen_Qwen3-32B,Indulgence,589,1,3,25.0,25.0,25.0
Qwen_Qwen3-32B,Indulgence,590,1,1,50.0,50.0,50.0
Qwen_Qwen3-32B,Indulgence,590,1,2,50.0,50.0,50.0
Qwen_Qwen3-32B,Indulgence,590,1,3,50.0,50.0,50.0
Qwen_Qwen3-32B,Indulgence,591,1,1,25.0,50.0,50.0
Qwen_Qwen3-32B,Indulgence,591,1,2,25.0,50.0,50.0
Qwen_Qwen3-32B,Indulgence,591,1,3,25.0,25.0,50.0
Qwen_Qwen3-32B,Indulgence,592,1,1,50.0,50.0,50.0
Qwen_Qwen3-32B,Indulgence,592,1,2,50.0,50.0,50.0
Qwen_Qwen3-32B,Indulgence,592,1,3,50.0,50.0,50.0
Qwen_Qwen3-32B,Indulgence,594,1,1,50.0,50.0,50.0
Qwen_Qwen3-32B,Indulgence,594,1,2,50.0,50.0,50.0
Qwen_Qwen3-32B,Indulgence,594,1,3,50.0,50.0,50.0
Qwen_Qwen3-32B,Indulgence,596,1,1,50.0,50.0,50.0
Qwen_Qwen3-32B,Indulgence,596,1,2,50.0,50.0,50.0
Qwen_Qwen3-32B,Indulgence,596,1,3,50.0,50.0,50.0
Qwen_Qwen3-32B,Indulgence,597,1,1,50.0,50.0,50.0
Qwen_Qwen3-32B,Indulgence,597,1,2,50.0,50.0,50.0
Qwen_Qwen3-32B,Indulgence,597,1,3,50.0,50.0,50.0
Qwen_Qwen3-32B,Indulgence,599,1,1,50.0,50.0,50.0
Qwen_Qwen3-32B,Indulgence,599,1,2,50.0,50.0,50.0
Qwen_Qwen3-32B,Indulgence,599,1,3,50.0,50.0,50.0
Qwen_Qwen3-32B,Indulgence,601,1,1,75.0,50.0,75.0
Qwen_Qwen3-32B,Indulgence,601,1,2,75.0,50.0,50.0
Qwen_Qwen3-32B,Indulgence,601,1,3,75.0,75.0,50.0
Qwen_Qwen3-32B,Indulgence,602,1,1,25.0,25.0,25.0
Qwen_Qwen3-32B,Indulgence,602,1,2,25.0,25.0,25.0
Qwen_Qwen3-32B,Indulgence,602,1,3,25.0,25.0,25.0
Qwen_Qwen3-32B,Indulgence,605,1,1,25.0,25.0,50.0
Qwen_Qwen3-32B,Indulgence,605,1,2,25.0,25.0,25.0
Qwen_Qwen3-32B,Indulgence,605,1,3,25.0,50.0,50.0
Qwen_Qwen3-32B,Indulgence,608,1,1,50.0,50.0,50.0
Qwen_Qwen3-32B,Indulgence,608,1,2,50.0,50.0,50.0
Qwen_Qwen3-32B,Indulgence,608,1,3,50.0,50.0,50.0
Qwen_Qwen3-32B,Indulgence,609,1,1,0.0,0.0,0.0
Qwen_Qwen3-32B,Indulgence,609,1,2,0.0,0.0,0.0
Qwen_Qwen3-32B,Indulgence,609,1,3,0.0,0.0,0.0
Qwen_Qwen3-32B,Indulgence,611,1,1,50.0,50.0,50.0
Qwen_Qwen3-32B,Indulgence,611,1,2,50.0,50.0,50.0
Qwen_Qwen3-32B,Indulgence,611,1,3,50.0,50.0,50.0
Qwen_Qwen3-32B,Indulgence,612,1,1,25.0,25.0,25.0
Qwen_Qwen3-32B,Indulgence,612,1,2,25.0,25.0,25.0
Qwen_Qwen3-32B,Indulgence,612,1,3,25.0,25.0,25.0
Qwen_Qwen3-32B,Indulgence,614,1,1,50.0,50.0,50.0
Qwen_Qwen3-32B,Indulgence,614,1,2,50.0,50.0,50.0
Qwen_Qwen3-32B,Indulgence,614,1,3,50.0,50.0,50.0
Qwen_Qwen3-32B,Indulgence,618,1,1,25.0,50.0,50.0
Qwen_Qwen3-32B,Indulgence,618,1,2,25.0,25.0,25.0
Qwen_Qwen3-32B,Indulgence,618,1,3,25.0,25.0,50.0
Qwen_Qwen3-32B,Indulgence,619,1,1,25.0,50.0,25.0
Qwen_Qwen3-32B,Indulgence,619,1,2,25.0,25.0,25.0
Qwen_Qwen3-32B,Indulgence,619,1,3,25.0,50.0,25.0
Qwen_Qwen3-32B,Indulgence,620,1,1,25.0,50.0,0.0
Qwen_Qwen3-32B,Indulgence,620,1,2,25.0,50.0,50.0
Qwen_Qwen3-32B,Indulgence,620,1,3,25.0,50.0,25.0
Qwen_Qwen3-32B,Indulgence,621,1,1,25.0,25.0,50.0
Qwen_Qwen3-32B,Indulgence,621,1,2,25.0,25.0,25.0
Qwen_Qwen3-32B,Indulgence,621,1,3,25.0,25.0,50.0
Qwen_Qwen3-32B,Indulgence,622,1,1,50.0,50.0,50.0
Qwen_Qwen3-32B,Indulgence,622,1,2,50.0,25.0,25.0
Qwen_Qwen3-32B,Indulgence,622,1,3,50.0,50.0,50.0
Qwen_Qwen3-32B,Indulgence,623,1,1,50.0,50.0,50.0
Qwen_Qwen3-32B,Indulgence,623,1,2,50.0,50.0,50.0
Qwen_Qwen3-32B,Indulgence,623,1,3,50.0,50.0,50.0
Qwen_Qwen3-32B,Indulgence,624,1,1,50.0,50.0,50.0
Qwen_Qwen3-32B,Indulgence,624,1,2,50.0,50.0,50.0
Qwen_Qwen3-32B,Indulgence,624,1,3,50.0,50.0,50.0
Qwen_Qwen3-32B,Indulgence,627,1,1,50.0,25.0,25.0
Qwen_Qwen3-32B,Indulgence,627,1,2,50.0,50.0,25.0
Qwen_Qwen3-32B,Indulgence,627,1,3,50.0,25.0,50.0
Qwen_Qwen3-32B,Indulgence,630,1,1,50.0,50.0,50.0
Qwen_Qwen3-32B,Indulgence,630,1,2,50.0,50.0,50.0
Qwen_Qwen3-32B,Indulgence,630,1,3,50.0,50.0,25.0
Qwen_Qwen3-32B,Indulgence,636,1,1,50.0,50.0,50.0
Qwen_Qwen3-32B,Indulgence,636,1,2,50.0,50.0,50.0
Qwen_Qwen3-32B,Indulgence,636,1,3,50.0,50.0,50.0
Qwen_Qwen3-32B,Indulgence,637,1,1,50.0,50.0,50.0
Qwen_Qwen3-32B,Indulgence,637,1,2,50.0,50.0,50.0
Qwen_Qwen3-32B,Indulgence,637,1,3,50.0,50.0,50.0
Qwen_Qwen3-32B,Indulgence,639,1,1,50.0,50.0,50.0
Qwen_Qwen3-32B,Indulgence,639,1,2,50.0,50.0,50.0
Qwen_Qwen3-32B,Indulgence,639,1,3,50.0,50.0,50.0
Qwen_Qwen3-32B,Indulgence,641,1,1,50.0,50.0,50.0
Qwen_Qwen3-32B,Indulgence,641,1,2,50.0,25.0,50.0
Qwen_Qwen3-32B,Indulgence,641,1,3,50.0,25.0,25.0
Qwen_Qwen3-32B,Indulgence,642,1,1,50.0,25.0,50.0
Qwen_Qwen3-32B,Indulgence,642,1,2,50.0,50.0,25.0
Qwen_Qwen3-32B,Indulgence,642,1,3,50.0,50.0,25.0
Qwen_Qwen3-32B,Indulgence,643,1,1,25.0,25.0,25.0
Qwen_Qwen3-32B,Indulgence,643,1,2,25.0,25.0,25.0
Qwen_Qwen3-32B,Indulgence,643,1,3,25.0,25.0,25.0
Qwen_Qwen3-32B,Indulgence,644,1,1,25.0,50.0,100.0
Qwen_Qwen3-32B,Indulgence,644,1,2,25.0,75.0,50.0
Qwen_Qwen3-32B,Indulgence,644,1,3,25.0,25.0,50.0
Qwen_Qwen3-32B,Indulgence,646,1,1,25.0,25.0,25.0
Qwen_Qwen3-32B,Indulgence,646,1,2,25.0,25.0,25.0
Qwen_Qwen3-32B,Indulgence,646,1,3,25.0,25.0,25.0
Qwen_Qwen3-32B,Indulgence,647,1,1,50.0,50.0,50.0
Qwen_Qwen3-32B,Indulgence,647,1,2,50.0,50.0,50.0
Qwen_Qwen3-32B,Indulgence,647,1,3,50.0,50.0,50.0
Qwen_Qwen3-32B,Indulgence,649,1,1,50.0,50.0,50.0
Qwen_Qwen3-32B,Indulgence,649,1,2,50.0,50.0,50.0
Qwen_Qwen3-32B,Indulgence,649,1,3,50.0,50.0,50.0
Qwen_Qwen3-32B,Indulgence,650,1,1,50.0,50.0,50.0
Qwen_Qwen3-32B,Indulgence,650,1,2,50.0,50.0,50.0
Qwen_Qwen3-32B,Indulgence,650,1,3,50.0,50.0,50.0
Qwen_Qwen3-32B,Indulgence,653,1,1,100.0,100.0,75.0
Qwen_Qwen3-32B,Indulgence,653,1,2,100.0,100.0,100.0
Qwen_Qwen3-32B,Indulgence,653,1,3,100.0,100.0,100.0
Qwen_Qwen3-32B,Indulgence,655,1,1,25.0,25.0,25.0
Qwen_Qwen3-32B,Indulgence,655,1,2,25.0,25.0,25.0
Qwen_Qwen3-32B,Indulgence,655,1,3,25.0,25.0,25.0
Qwen_Qwen3-32B,Indulgence,656,1,1,25.0,25.0,25.0
Qwen_Qwen3-32B,Indulgence,656,1,2,25.0,25.0,25.0
Qwen_Qwen3-32B,Indulgence,656,1,3,25.0,25.0,25.0
Qwen_Qwen3-32B,Indulgence,658,1,1,50.0,0.0,0.0
Qwen_Qwen3-32B,Indulgence,658,1,2,50.0,0.0,0.0
Qwen_Qwen3-32B,Indulgence,658,1,3,50.0,0.0,50.0
Qwen_Qwen3-32B,Indulgence,661,1,1,50.0,75.0,75.0
Qwen_Qwen3-32B,Indulgence,661,1,2,50.0,50.0,50.0
Qwen_Qwen3-32B,Indulgence,661,1,3,50.0,50.0,75.0
Qwen_Qwen3-32B,Indulgence,664,1,1,25.0,25.0,25.0
Qwen_Qwen3-32B,Indulgence,664,1,2,25.0,25.0,25.0
Qwen_Qwen3-32B,Indulgence,664,1,3,25.0,25.0,25.0
Qwen_Qwen3-32B,Indulgence,665,1,1,50.0,50.0,50.0
Qwen_Qwen3-32B,Indulgence,665,1,2,50.0,50.0,50.0
Qwen_Qwen3-32B,Indulgence,665,1,3,50.0,50.0,50.0
Qwen_Qwen3-32B,Indulgence,666,1,1,50.0,50.0,50.0
Qwen_Qwen3-32B,Indulgence,666,1,2,50.0,50.0,50.0
Qwen_Qwen3-32B,Indulgence,666,1,3,50.0,50.0,50.0
Qwen_Qwen3-32B,Indulgence,667,1,1,25.0,25.0,25.0
Qwen_Qwen3-32B,Indulgence,667,1,2,25.0,25.0,25.0
Qwen_Qwen3-32B,Indulgence,667,1,3,25.0,25.0,25.0
Qwen_Qwen3-32B,Indulgence,668,1,1,50.0,50.0,50.0
Qwen_Qwen3-32B,Indulgence,668,1,2,50.0,50.0,50.0
Qwen_Qwen3-32B,Indulgence,668,1,3,50.0,50.0,50.0
Qwen_Qwen3-32B,Indulgence,670,1,1,75.0,25.0,50.0
Qwen_Qwen3-32B,Indulgence,670,1,2,75.0,50.0,25.0
Qwen_Qwen3-32B,Indulgence,670,1,3,75.0,25.0,75.0
Qwen_Qwen3-32B,Indulgence,674,1,1,50.0,50.0,50.0
Qwen_Qwen3-32B,Indulgence,674,1,2,50.0,50.0,25.0
Qwen_Qwen3-32B,Indulgence,674,1,3,50.0,25.0,50.0
Qwen_Qwen3-32B,Indulgence,675,1,1,50.0,50.0,50.0
Qwen_Qwen3-32B,Indulgence,675,1,2,50.0,50.0,50.0
Qwen_Qwen3-32B,Indulgence,675,1,3,50.0,50.0,50.0
Qwen_Qwen3-32B,Indulgence,678,1,1,50.0,50.0,50.0
Qwen_Qwen3-32B,Indulgence,678,1,2,50.0,50.0,50.0
Qwen_Qwen3-32B,Indulgence,678,1,3,50.0,50.0,50.0
Qwen_Qwen3-32B,Indulgence,679,1,1,25.0,25.0,25.0
Qwen_Qwen3-32B,Indulgence,679,1,2,25.0,25.0,25.0
Qwen_Qwen3-32B,Indulgence,679,1,3,25.0,25.0,25.0
Qwen_Qwen3-32B,Indulgence,686,1,1,25.0,25.0,25.0
Qwen_Qwen3-32B,Indulgence,686,1,2,25.0,25.0,25.0
Qwen_Qwen3-32B,Indulgence,686,1,3,25.0,25.0,25.0
Qwen_Qwen3-32B,Indulgence,687,1,1,25.0,50.0,50.0
Qwen_Qwen3-32B,Indulgence,687,1,2,25.0,50.0,50.0
Qwen_Qwen3-32B,Indulgence,687,1,3,25.0,50.0,50.0
Qwen_Qwen3-32B,Indulgence,693,1,1,50.0,25.0,25.0
Qwen_Qwen3-32B,Indulgence,693,1,2,50.0,25.0,25.0
Qwen_Qwen3-32B,Indulgence,693,1,3,50.0,25.0,25.0
Qwen_Qwen3-32B,Indulgence,694,1,1,50.0,25.0,25.0
Qwen_Qwen3-32B,Indulgence,694,1,2,50.0,50.0,25.0
Qwen_Qwen3-32B,Indulgence,694,1,3,50.0,50.0,50.0
Qwen_Qwen3-32B,Indulgence,695,1,1,50.0,25.0,25.0
Qwen_Qwen3-32B,Indulgence,695,1,2,50.0,25.0,50.0
Qwen_Qwen3-32B,Indulgence,695,1,3,50.0,25.0,25.0
Qwen_Qwen3-32B,Indulgence,696,1,1,25.0,25.0,25.0
Qwen_Qwen3-32B,Indulgence,696,1,2,25.0,25.0,25.0
Qwen_Qwen3-32B,Indulgence,696,1,3,25.0,25.0,25.0
Qwen_Qwen3-32B,Indulgence,697,1,1,50.0,50.0,50.0
Qwen_Qwen3-32B,Indulgence,697,1,2,50.0,50.0,50.0
Qwen_Qwen3-32B,Indulgence,697,1,3,50.0,50.0,50.0
Qwen_Qwen3-32B,Indulgence,703,1,1,50.0,50.0,50.0
Qwen_Qwen3-32B,Indulgence,703,1,2,50.0,50.0,50.0
Qwen_Qwen3-32B,Indulgence,703,1,3,50.0,50.0,50.0
Qwen_Qwen3-32B,Indulgence,705,1,1,100.0,100.0,100.0
Qwen_Qwen3-32B,Indulgence,705,1,2,100.0,100.0,100.0
Qwen_Qwen3-32B,Indulgence,705,1,3,100.0,100.0,100.0
Qwen_Qwen3-32B,Indulgence,706,1,1,25.0,25.0,25.0
Qwen_Qwen3-32B,Indulgence,706,1,2,25.0,25.0,25.0
Qwen_Qwen3-32B,Indulgence,706,1,3,25.0,25.0,25.0
Qwen_Qwen3-32B,Long_Term_Orientation,1000,1,1,25.0,25.0,25.0
Qwen_Qwen3-32B,Long_Term_Orientation,1000,1,2,25.0,50.0,25.0
Qwen_Qwen3-32B,Long_Term_Orientation,1000,1,3,25.0,75.0,75.0
Qwen_Qwen3-32B,Long_Term_Orientation,1001,1,1,0.0,25.0,25.0
Qwen_Qwen3-32B,Long_Term_Orientation,1001,1,2,0.0,25.0,25.0
Qwen_Qwen3-32B,Long_Term_Orientation,1001,1,3,0.0,25.0,25.0
Qwen_Qwen3-32B,Long_Term_Orientation,1002,1,1,25.0,25.0,25.0
Qwen_Qwen3-32B,Long_Term_Orientation,1002,1,2,25.0,25.0,25.0
Qwen_Qwen3-32B,Long_Term_Orientation,1002,1,3,25.0,25.0,25.0
Qwen_Qwen3-32B,Long_Term_Orientation,1003,1,1,25.0,25.0,25.0
Qwen_Qwen3-32B,Long_Term_Orientation,1003,1,2,25.0,25.0,25.0
Qwen_Qwen3-32B,Long_Term_Orientation,1003,1,3,25.0,25.0,25.0
Qwen_Qwen3-32B,Long_Term_Orientation,1004,1,1,25.0,25.0,0.0
Qwen_Qwen3-32B,Long_Term_Orientation,1004,1,2,25.0,25.0,25.0
Qwen_Qwen3-32B,Long_Term_Orientation,1004,1,3,25.0,25.0,25.0
Qwen_Qwen3-32B,Long_Term_Orientation,1005,1,1,25.0,25.0,25.0
Qwen_Qwen3-32B,Long_Term_Orientation,1005,1,2,25.0,25.0,25.0
Qwen_Qwen3-32B,Long_Term_Orientation,1005,1,3,25.0,25.0,25.0
Qwen_Qwen3-32B,Long_Term_Orientation,1006,1,1,50.0,25.0,50.0
Qwen_Qwen3-32B,Long_Term_Orientation,1006,1,2,50.0,25.0,50.0
Qwen_Qwen3-32B,Long_Term_Orientation,1006,1,3,50.0,25.0,25.0
Qwen_Qwen3-32B,Long_Term_Orientation,1007,1,1,50.0,25.0,25.0
Qwen_Qwen3-32B,Long_Term_Orientation,1007,1,2,50.0,25.0,25.0
Qwen_Qwen3-32B,Long_Term_Orientation,1007,1,3,50.0,25.0,25.0
Qwen_Qwen3-32B,Long_Term_Orientation,1008,1,1,75.0,100.0,75.0
Qwen_Qwen3-32B,Long_Term_Orientation,1008,1,2,75.0,100.0,50.0
Qwen_Qwen3-32B,Long_Term_Orientation,1008,1,3,75.0,100.0,75.0
Qwen_Qwen3-32B,Long_Term_Orientation,1009,1,1,50.0,50.0,50.0
Qwen_Qwen3-32B,Long_Term_Orientation,1009,1,2,50.0,50.0,50.0
Qwen_Qwen3-32B,Long_Term_Orientation,1009,1,3,50.0,50.0,50.0
Qwen_Qwen3-32B,Long_Term_Orientation,1010,1,1,25.0,25.0,25.0
Qwen_Qwen3-32B,Long_Term_Orientation,1010,1,2,25.0,25.0,25.0
Qwen_Qwen3-32B,Long_Term_Orientation,1010,1,3,25.0,25.0,25.0
Qwen_Qwen3-32B,Long_Term_Orientation,1011,1,1,50.0,50.0,50.0
Qwen_Qwen3-32B,Long_Term_Orientation,1011,1,2,50.0,50.0,50.0
Qwen_Qwen3-32B,Long_Term_Orientation,1011,1,3,50.0,25.0,25.0
Qwen_Qwen3-32B,Long_Term_Orientation,1013,1,1,25.0,50.0,50.0
Qwen_Qwen3-32B,Long_Term_Orientation,1013,1,2,25.0,25.0,50.0
Qwen_Qwen3-32B,Long_Term_Orientation,1013,1,3,25.0,25.0,75.0
Qwen_Qwen3-32B,Long_Term_Orientation,1015,1,1,50.0,50.0,50.0
Qwen_Qwen3-32B,Long_Term_Orientation,1015,1,2,50.0,50.0,50.0
Qwen_Qwen3-32B,Long_Term_Orientation,1015,1,3,50.0,50.0,0.0
Qwen_Qwen3-32B,Long_Term_Orientation,1016,1,1,25.0,25.0,25.0
Qwen_Qwen3-32B,Long_Term_Orientation,1016,1,2,25.0,25.0,25.0
Qwen_Qwen3-32B,Long_Term_Orientation,1016,1,3,25.0,50.0,25.0
Qwen_Qwen3-32B,Long_Term_Orientation,1017,1,1,50.0,50.0,25.0
Qwen_Qwen3-32B,Long_Term_Orientation,1017,1,2,50.0,50.0,50.0
Qwen_Qwen3-32B,Long_Term_Orientation,1017,1,3,50.0,50.0,50.0
Qwen_Qwen3-32B,Long_Term_Orientation,1019,1,1,25.0,25.0,0.0
Qwen_Qwen3-32B,Long_Term_Orientation,1019,1,2,25.0,75.0,75.0
Qwen_Qwen3-32B,Long_Term_Orientation,1019,1,3,25.0,25.0,50.0
Qwen_Qwen3-32B,Long_Term_Orientation,1020,1,1,25.0,50.0,50.0
Qwen_Qwen3-32B,Long_Term_Orientation,1020,1,2,25.0,25.0,50.0
Qwen_Qwen3-32B,Long_Term_Orientation,1020,1,3,25.0,50.0,50.0
Qwen_Qwen3-32B,Long_Term_Orientation,1021,1,1,25.0,25.0,25.0
Qwen_Qwen3-32B,Long_Term_Orientation,1021,1,2,25.0,50.0,0.0
Qwen_Qwen3-32B,Long_Term_Orientation,1021,1,3,25.0,0.0,25.0
Qwen_Qwen3-32B,Long_Term_Orientation,1024,1,1,50.0,50.0,50.0
Qwen_Qwen3-32B,Long_Term_Orientation,1024,1,2,50.0,50.0,50.0
Qwen_Qwen3-32B,Long_Term_Orientation,1024,1,3,50.0,50.0,50.0
Qwen_Qwen3-32B,Long_Term_Orientation,1025,1,1,25.0,0.0,25.0
Qwen_Qwen3-32B,Long_Term_Orientation,1025,1,2,25.0,25.0,25.0
Qwen_Qwen3-32B,Long_Term_Orientation,1025,1,3,25.0,25.0,25.0
Qwen_Qwen3-32B,Long_Term_Orientation,1026,1,1,25.0,25.0,25.0
Qwen_Qwen3-32B,Long_Term_Orientation,1026,1,2,25.0,25.0,25.0
Qwen_Qwen3-32B,Long_Term_Orientation,1026,1,3,25.0,25.0,25.0
Qwen_Qwen3-32B,Long_Term_Orientation,1027,1,1,50.0,50.0,50.0
Qwen_Qwen3-32B,Long_Term_Orientation,1027,1,2,50.0,50.0,50.0
Qwen_Qwen3-32B,Long_Term_Orientation,1027,1,3,50.0,50.0,75.0
Qwen_Qwen3-32B,Long_Term_Orientation,1031,1,1,50.0,50.0,50.0
Qwen_Qwen3-32B,Long_Term_Orientation,1031,1,2,50.0,50.0,50.0
Qwen_Qwen3-32B,Long_Term_Orientation,1031,1,3,50.0,50.0,50.0
Qwen_Qwen3-32B,Long_Term_Orientation,1032,1,1,25.0,25.0,25.0
Qwen_Qwen3-32B,Long_Term_Orientation,1032,1,2,25.0,25.0,25.0
Qwen_Qwen3-32B,Long_Term_Orientation,1032,1,3,25.0,25.0,25.0
Qwen_Qwen3-32B,Long_Term_Orientation,1033,1,1,50.0,50.0,50.0
Qwen_Qwen3-32B,Long_Term_Orientation,1033,1,2,50.0,50.0,50.0
Qwen_Qwen3-32B,Long_Term_Orientation,1033,1,3,50.0,50.0,50.0
Qwen_Qwen3-32B,Long_Term_Orientation,1035,1,1,50.0,50.0,50.0
Qwen_Qwen3-32B,Long_Term_Orientation,1035,1,2,50.0,50.0,50.0
Qwen_Qwen3-32B,Long_Term_Orientation,1035,1,3,50.0,50.0,50.0
Qwen_Qwen3-32B,Long_Term_Orientation,1036,1,1,50.0,50.0,50.0
Qwen_Qwen3-32B,Long_Term_Orientation,1036,1,2,50.0,50.0,50.0
Qwen_Qwen3-32B,Long_Term_Orientation,1036,1,3,50.0,50.0,50.0
Qwen_Qwen3-32B,Long_Term_Orientation,1039,1,1,50.0,75.0,75.0
Qwen_Qwen3-32B,Long_Term_Orientation,1039,1,2,50.0,50.0,75.0
Qwen_Qwen3-32B,Long_Term_Orientation,1039,1,3,50.0,75.0,50.0
Qwen_Qwen3-32B,Long_Term_Orientation,1040,1,1,25.0,50.0,50.0
Qwen_Qwen3-32B,Long_Term_Orientation,1040,1,2,25.0,25.0,25.0
Qwen_Qwen3-32B,Long_Term_Orientation,1040,1,3,25.0,50.0,50.0
Qwen_Qwen3-32B,Long_Term_Orientation,1041,1,1,50.0,50.0,50.0
Qwen_Qwen3-32B,Long_Term_Orientation,1041,1,2,50.0,50.0,50.0
Qwen_Qwen3-32B,Long_Term_Orientation,1041,1,3,50.0,50.0,25.0
Qwen_Qwen3-32B,Long_Term_Orientation,1042,1,1,25.0,25.0,50.0
Qwen_Qwen3-32B,Long_Term_Orientation,1042,1,2,25.0,25.0,50.0
Qwen_Qwen3-32B,Long_Term_Orientation,1042,1,3,25.0,25.0,25.0
Qwen_Qwen3-32B,Long_Term_Orientation,1043,1,1,25.0,25.0,25.0
Qwen_Qwen3-32B,Long_Term_Orientation,1043,1,2,25.0,25.0,25.0
Qwen_Qwen3-32B,Long_Term_Orientation,1043,1,3,25.0,25.0,25.0
Qwen_Qwen3-32B,Long_Term_Orientation,1048,1,1,25.0,25.0,25.0
Qwen_Qwen3-32B,Long_Term_Orientation,1048,1,2,25.0,25.0,25.0
Qwen_Qwen3-32B,Long_Term_Orientation,1048,1,3,25.0,25.0,25.0
Qwen_Qwen3-32B,Long_Term_Orientation,1049,1,1,50.0,25.0,25.0
Qwen_Qwen3-32B,Long_Term_Orientation,1049,1,2,50.0,25.0,50.0
Qwen_Qwen3-32B,Long_Term_Orientation,1049,1,3,50.0,50.0,25.0
Qwen_Qwen3-32B,Long_Term_Orientation,1050,1,1,50.0,50.0,50.0
Qwen_Qwen3-32B,Long_Term_Orientation,1050,1,2,50.0,50.0,50.0
Qwen_Qwen3-32B,Long_Term_Orientation,1050,1,3,50.0,50.0,50.0
Qwen_Qwen3-32B,Long_Term_Orientation,1052,1,1,50.0,50.0,50.0
Qwen_Qwen3-32B,Long_Term_Orientation,1052,1,2,50.0,50.0,50.0
Qwen_Qwen3-32B,Long_Term_Orientation,1052,1,3,50.0,50.0,50.0
Qwen_Qwen3-32B,Long_Term_Orientation,1053,1,1,50.0,50.0,25.0
Qwen_Qwen3-32B,Long_Term_Orientation,1053,1,2,50.0,25.0,50.0
Qwen_Qwen3-32B,Long_Term_Orientation,1053,1,3,50.0,25.0,25.0
Qwen_Qwen3-32B,Long_Term_Orientation,1054,1,1,25.0,0.0,0.0
Qwen_Qwen3-32B,Long_Term_Orientation,1054,1,2,25.0,25.0,0.0
Qwen_Qwen3-32B,Long_Term_Orientation,1054,1,3,25.0,0.0,25.0
Qwen_Qwen3-32B,Long_Term_Orientation,1055,1,1,0.0,50.0,50.0
Qwen_Qwen3-32B,Long_Term_Orientation,1055,1,2,0.0,0.0,50.0
Qwen_Qwen3-32B,Long_Term_Orientation,1055,1,3,0.0,50.0,0.0
Qwen_Qwen3-32B,Long_Term_Orientation,1056,1,1,25.0,25.0,25.0
Qwen_Qwen3-32B,Long_Term_Orientation,1056,1,2,25.0,25.0,25.0
Qwen_Qwen3-32B,Long_Term_Orientation,1056,1,3,25.0,25.0,25.0
Qwen_Qwen3-32B,Long_Term_Orientation,1057,1,1,0.0,0.0,0.0
Qwen_Qwen3-32B,Long_Term_Orientation,1057,1,2,0.0,0.0,25.0
Qwen_Qwen3-32B,Long_Term_Orientation,1057,1,3,0.0,0.0,25.0
Qwen_Qwen3-32B,Long_Term_Orientation,1059,1,1,50.0,25.0,0.0
Qwen_Qwen3-32B,Long_Term_Orientation,1059,1,2,50.0,50.0,25.0
Qwen_Qwen3-32B,Long_Term_Orientation,1059,1,3,50.0,25.0,25.0
Qwen_Qwen3-32B,Long_Term_Orientation,1060,1,1,50.0,50.0,50.0
Qwen_Qwen3-32B,Long_Term_Orientation,1060,1,2,50.0,50.0,50.0
Qwen_Qwen3-32B,Long_Term_Orientation,1060,1,3,50.0,50.0,75.0
Qwen_Qwen3-32B,Long_Term_Orientation,1061,1,1,0.0,0.0,25.0
Qwen_Qwen3-32B,Long_Term_Orientation,1061,1,2,0.0,0.0,0.0
Qwen_Qwen3-32B,Long_Term_Orientation,1061,1,3,0.0,0.0,25.0
Qwen_Qwen3-32B,Long_Term_Orientation,1062,1,1,25.0,25.0,25.0
Qwen_Qwen3-32B,Long_Term_Orientation,1062,1,2,25.0,25.0,25.0
Qwen_Qwen3-32B,Long_Term_Orientation,1062,1,3,25.0,25.0,25.0
Qwen_Qwen3-32B,Long_Term_Orientation,1064,1,1,50.0,50.0,50.0
Qwen_Qwen3-32B,Long_Term_Orientation,1064,1,2,50.0,50.0,50.0
Qwen_Qwen3-32B,Long_Term_Orientation,1064,1,3,50.0,50.0,50.0
Qwen_Qwen3-32B,Long_Term_Orientation,1065,1,1,75.0,50.0,50.0
Qwen_Qwen3-32B,Long_Term_Orientation,1065,1,2,75.0,0.0,0.0
Qwen_Qwen3-32B,Long_Term_Orientation,1065,1,3,75.0,25.0,0.0
Qwen_Qwen3-32B,Long_Term_Orientation,1066,1,1,50.0,50.0,50.0
Qwen_Qwen3-32B,Long_Term_Orientation,1066,1,2,50.0,50.0,50.0
Qwen_Qwen3-32B,Long_Term_Orientation,1066,1,3,50.0,50.0,50.0
Qwen_Qwen3-32B,Long_Term_Orientation,1070,1,1,50.0,50.0,50.0
Qwen_Qwen3-32B,Long_Term_Orientation,1070,1,2,50.0,50.0,25.0
Qwen_Qwen3-32B,Long_Term_Orientation,1070,1,3,50.0,25.0,50.0
Qwen_Qwen3-32B,Long_Term_Orientation,1071,1,1,0.0,25.0,25.0
Qwen_Qwen3-32B,Long_Term_Orientation,1071,1,2,0.0,0.0,0.0
Qwen_Qwen3-32B,Long_Term_Orientation,1071,1,3,0.0,0.0,0.0
Qwen_Qwen3-32B,Long_Term_Orientation,1075,1,1,50.0,50.0,25.0
Qwen_Qwen3-32B,Long_Term_Orientation,1075,1,2,50.0,25.0,0.0
Qwen_Qwen3-32B,Long_Term_Orientation,1075,1,3,50.0,50.0,50.0
Qwen_Qwen3-32B,Long_Term_Orientation,1076,1,1,25.0,25.0,0.0
Qwen_Qwen3-32B,Long_Term_Orientation,1076,1,2,25.0,25.0,25.0
Qwen_Qwen3-32B,Long_Term_Orientation,1076,1,3,25.0,25.0,25.0
Qwen_Qwen3-32B,Long_Term_Orientation,1077,1,1,25.0,25.0,0.0
Qwen_Qwen3-32B,Long_Term_Orientation,1077,1,2,25.0,50.0,25.0
Qwen_Qwen3-32B,Long_Term_Orientation,1077,1,3,25.0,0.0,25.0
Qwen_Qwen3-32B,Long_Term_Orientation,1078,1,1,50.0,50.0,50.0
Qwen_Qwen3-32B,Long_Term_Orientation,1078,1,2,50.0,50.0,50.0
Qwen_Qwen3-32B,Long_Term_Orientation,1078,1,3,50.0,50.0,50.0
Qwen_Qwen3-32B,Long_Term_Orientation,1079,1,1,50.0,50.0,50.0
Qwen_Qwen3-32B,Long_Term_Orientation,1079,1,2,50.0,50.0,50.0
Qwen_Qwen3-32B,Long_Term_Orientation,1079,1,3,50.0,50.0,50.0
Qwen_Qwen3-32B,Long_Term_Orientation,1080,1,1,50.0,25.0,25.0
Qwen_Qwen3-32B,Long_Term_Orientation,1080,1,2,50.0,100.0,50.0
Qwen_Qwen3-32B,Long_Term_Orientation,1080,1,3,50.0,100.0,25.0
Qwen_Qwen3-32B,Long_Term_Orientation,1082,1,1,50.0,50.0,50.0
Qwen_Qwen3-32B,Long_Term_Orientation,1082,1,2,50.0,50.0,50.0
Qwen_Qwen3-32B,Long_Term_Orientation,1082,1,3,50.0,50.0,50.0
Qwen_Qwen3-32B,Long_Term_Orientation,1083,1,1,75.0,75.0,25.0
Qwen_Qwen3-32B,Long_Term_Orientation,1083,1,2,75.0,25.0,50.0
Qwen_Qwen3-32B,Long_Term_Orientation,1083,1,3,75.0,100.0,25.0
Qwen_Qwen3-32B,Long_Term_Orientation,1084,1,1,25.0,25.0,0.0
Qwen_Qwen3-32B,Long_Term_Orientation,1084,1,2,25.0,25.0,0.0
Qwen_Qwen3-32B,Long_Term_Orientation,1084,1,3,25.0,25.0,0.0
Qwen_Qwen3-32B,Long_Term_Orientation,1085,1,1,50.0,50.0,50.0
Qwen_Qwen3-32B,Long_Term_Orientation,1085,1,2,50.0,50.0,50.0
Qwen_Qwen3-32B,Long_Term_Orientation,1085,1,3,50.0,50.0,0.0
Qwen_Qwen3-32B,Long_Term_Orientation,1086,1,1,50.0,25.0,50.0
Qwen_Qwen3-32B,Long_Term_Orientation,1086,1,2,50.0,25.0,25.0
Qwen_Qwen3-32B,Long_Term_Orientation,1086,1,3,50.0,50.0,25.0
Qwen_Qwen3-32B,Long_Term_Orientation,1087,1,1,25.0,100.0,50.0
Qwen_Qwen3-32B,Long_Term_Orientation,1087,1,2,25.0,25.0,50.0
Qwen_Qwen3-32B,Long_Term_Orientation,1087,1,3,25.0,25.0,25.0
Qwen_Qwen3-32B,Long_Term_Orientation,1088,1,1,25.0,25.0,0.0
Qwen_Qwen3-32B,Long_Term_Orientation,1088,1,2,25.0,0.0,25.0
Qwen_Qwen3-32B,Long_Term_Orientation,1088,1,3,25.0,25.0,0.0
Qwen_Qwen3-32B,Long_Term_Orientation,1089,1,1,50.0,50.0,50.0
Qwen_Qwen3-32B,Long_Term_Orientation,1089,1,2,50.0,50.0,50.0
Qwen_Qwen3-32B,Long_Term_Orientation,1089,1,3,50.0,50.0,50.0
Qwen_Qwen3-32B,Long_Term_Orientation,1091,1,1,25.0,0.0,0.0
Qwen_Qwen3-32B,Long_Term_Orientation,1091,1,2,25.0,25.0,25.0
Qwen_Qwen3-32B,Long_Term_Orientation,1091,1,3,25.0,50.0,25.0
Qwen_Qwen3-32B,Long_Term_Orientation,1092,1,1,50.0,50.0,50.0
Qwen_Qwen3-32B,Long_Term_Orientation,1092,1,2,50.0,50.0,50.0
Qwen_Qwen3-32B,Long_Term_Orientation,1092,1,3,50.0,50.0,50.0
Qwen_Qwen3-32B,Long_Term_Orientation,1094,1,1,25.0,25.0,25.0
Qwen_Qwen3-32B,Long_Term_Orientation,1094,1,2,25.0,25.0,25.0
Qwen_Qwen3-32B,Long_Term_Orientation,1094,1,3,25.0,25.0,25.0
Qwen_Qwen3-32B,Long_Term_Orientation,1096,1,1,50.0,50.0,50.0
Qwen_Qwen3-32B,Long_Term_Orientation,1096,1,2,50.0,50.0,50.0
Qwen_Qwen3-32B,Long_Term_Orientation,1096,1,3,50.0,25.0,50.0
Qwen_Qwen3-32B,Long_Term_Orientation,1098,1,1,50.0,50.0,50.0
Qwen_Qwen3-32B,Long_Term_Orientation,1098,1,2,50.0,50.0,50.0
Qwen_Qwen3-32B,Long_Term_Orientation,1098,1,3,50.0,50.0,50.0
Qwen_Qwen3-32B,Long_Term_Orientation,1099,1,1,25.0,25.0,25.0
Qwen_Qwen3-32B,Long_Term_Orientation,1099,1,2,25.0,25.0,25.0
Qwen_Qwen3-32B,Long_Term_Orientation,1099,1,3,25.0,25.0,25.0
Qwen_Qwen3-32B,Long_Term_Orientation,1100,1,1,25.0,25.0,25.0
Qwen_Qwen3-32B,Long_Term_Orientation,1100,1,2,25.0,25.0,25.0
Qwen_Qwen3-32B,Long_Term_Orientation,1100,1,3,25.0,25.0,25.0
Qwen_Qwen3-32B,Long_Term_Orientation,1101,1,1,50.0,50.0,50.0
Qwen_Qwen3-32B,Long_Term_Orientation,1101,1,2,50.0,50.0,50.0
Qwen_Qwen3-32B,Long_Term_Orientation,1101,1,3,50.0,50.0,50.0
Qwen_Qwen3-32B,Long_Term_Orientation,1102,1,1,0.0,0.0,0.0
Qwen_Qwen3-32B,Long_Term_Orientation,1102,1,2,0.0,0.0,0.0
Qwen_Qwen3-32B,Long_Term_Orientation,1102,1,3,0.0,0.0,0.0
Qwen_Qwen3-32B,Long_Term_Orientation,1103,1,1,0.0,25.0,25.0
Qwen_Qwen3-32B,Long_Term_Orientation,1103,1,2,0.0,25.0,0.0
Qwen_Qwen3-32B,Long_Term_Orientation,1103,1,3,0.0,25.0,25.0
Qwen_Qwen3-32B,Long_Term_Orientation,1106,1,1,50.0,50.0,50.0
Qwen_Qwen3-32B,Long_Term_Orientation,1106,1,2,50.0,50.0,50.0
Qwen_Qwen3-32B,Long_Term_Orientation,1106,1,3,50.0,50.0,50.0
Qwen_Qwen3-32B,Long_Term_Orientation,1107,1,1,50.0,50.0,50.0
Qwen_Qwen3-32B,Long_Term_Orientation,1107,1,2,50.0,50.0,50.0
Qwen_Qwen3-32B,Long_Term_Orientation,1107,1,3,50.0,50.0,50.0
Qwen_Qwen3-32B,Long_Term_Orientation,1109,1,1,50.0,75.0,50.0
Qwen_Qwen3-32B,Long_Term_Orientation,1109,1,2,50.0,50.0,75.0
Qwen_Qwen3-32B,Long_Term_Orientation,1109,1,3,50.0,75.0,75.0
Qwen_Qwen3-32B,Long_Term_Orientation,1110,1,1,50.0,50.0,50.0
Qwen_Qwen3-32B,Long_Term_Orientation,1110,1,2,50.0,50.0,50.0
Qwen_Qwen3-32B,Long_Term_Orientation,1110,1,3,50.0,50.0,50.0
Qwen_Qwen3-32B,Long_Term_Orientation,1112,1,1,25.0,25.0,50.0
Qwen_Qwen3-32B,Long_Term_Orientation,1112,1,2,25.0,25.0,50.0
Qwen_Qwen3-32B,Long_Term_Orientation,1112,1,3,25.0,50.0,25.0
Qwen_Qwen3-32B,Long_Term_Orientation,1113,1,1,50.0,50.0,50.0
Qwen_Qwen3-32B,Long_Term_Orientation,1113,1,2,50.0,50.0,50.0
Qwen_Qwen3-32B,Long_Term_Orientation,1113,1,3,50.0,50.0,50.0
Qwen_Qwen3-32B,Long_Term_Orientation,1115,1,1,50.0,50.0,50.0
Qwen_Qwen3-32B,Long_Term_Orientation,1115,1,2,50.0,50.0,50.0
Qwen_Qwen3-32B,Long_Term_Orientation,1115,1,3,50.0,50.0,50.0
Qwen_Qwen3-32B,Long_Term_Orientation,1117,1,1,25.0,25.0,50.0
Qwen_Qwen3-32B,Long_Term_Orientation,1117,1,2,25.0,25.0,25.0
Qwen_Qwen3-32B,Long_Term_Orientation,1117,1,3,25.0,50.0,50.0
Qwen_Qwen3-32B,Long_Term_Orientation,1119,1,1,50.0,50.0,50.0
Qwen_Qwen3-32B,Long_Term_Orientation,1119,1,2,50.0,50.0,50.0
Qwen_Qwen3-32B,Long_Term_Orientation,1119,1,3,50.0,50.0,50.0
Qwen_Qwen3-32B,Long_Term_Orientation,1120,1,1,25.0,25.0,0.0
Qwen_Qwen3-32B,Long_Term_Orientation,1120,1,2,25.0,0.0,0.0
Qwen_Qwen3-32B,Long_Term_Orientation,1120,1,3,25.0,25.0,25.0
Qwen_Qwen3-32B,Long_Term_Orientation,1121,1,1,0.0,0.0,0.0
Qwen_Qwen3-32B,Long_Term_Orientation,1121,1,2,0.0,0.0,0.0
Qwen_Qwen3-32B,Long_Term_Orientation,1121,1,3,0.0,25.0,0.0
Qwen_Qwen3-32B,Long_Term_Orientation,1125,1,1,75.0,50.0,75.0
Qwen_Qwen3-32B,Long_Term_Orientation,1125,1,2,75.0,75.0,75.0
Qwen_Qwen3-32B,Long_Term_Orientation,1125,1,3,75.0,75.0,75.0
Qwen_Qwen3-32B,Long_Term_Orientation,1126,1,1,25.0,25.0,0.0
Qwen_Qwen3-32B,Long_Term_Orientation,1126,1,2,25.0,25.0,25.0
Qwen_Qwen3-32B,Long_Term_Orientation,1126,1,3,25.0,25.0,25.0
Qwen_Qwen3-32B,Long_Term_Orientation,1128,1,1,75.0,50.0,50.0
Qwen_Qwen3-32B,Long_Term_Orientation,1128,1,2,75.0,50.0,50.0
Qwen_Qwen3-32B,Long_Term_Orientation,1128,1,3,75.0,50.0,50.0
Qwen_Qwen3-32B,Long_Term_Orientation,1129,1,1,25.0,25.0,25.0
Qwen_Qwen3-32B,Long_Term_Orientation,1129,1,2,25.0,25.0,75.0
Qwen_Qwen3-32B,Long_Term_Orientation,1129,1,3,25.0,25.0,25.0
Qwen_Qwen3-32B,Long_Term_Orientation,1136,1,1,50.0,50.0,50.0
Qwen_Qwen3-32B,Long_Term_Orientation,1136,1,2,50.0,50.0,50.0
Qwen_Qwen3-32B,Long_Term_Orientation,1136,1,3,50.0,75.0,50.0
Qwen_Qwen3-32B,Long_Term_Orientation,1137,1,1,50.0,50.0,50.0
Qwen_Qwen3-32B,Long_Term_Orientation,1137,1,2,50.0,50.0,50.0
Qwen_Qwen3-32B,Long_Term_Orientation,1137,1,3,50.0,50.0,50.0
Qwen_Qwen3-32B,Long_Term_Orientation,1139,1,1,0.0,25.0,0.0
Qwen_Qwen3-32B,Long_Term_Orientation,1139,1,2,0.0,0.0,0.0
Qwen_Qwen3-32B,Long_Term_Orientation,1139,1,3,0.0,25.0,0.0
Qwen_Qwen3-32B,Long_Term_Orientation,1141,1,1,50.0,50.0,50.0
Qwen_Qwen3-32B,Long_Term_Orientation,1141,1,2,50.0,50.0,50.0
Qwen_Qwen3-32B,Long_Term_Orientation,1141,1,3,50.0,50.0,50.0
Qwen_Qwen3-32B,Long_Term_Orientation,1143,1,1,25.0,25.0,25.0
Qwen_Qwen3-32B,Long_Term_Orientation,1143,1,2,25.0,25.0,25.0
Qwen_Qwen3-32B,Long_Term_Orientation,1143,1,3,25.0,50.0,25.0
Qwen_Qwen3-32B,Long_Term_Orientation,1146,1,1,25.0,50.0,50.0
Qwen_Qwen3-32B,Long_Term_Orientation,1146,1,2,25.0,25.0,50.0
Qwen_Qwen3-32B,Long_Term_Orientation,1146,1,3,25.0,50.0,25.0
Qwen_Qwen3-32B,Long_Term_Orientation,1148,1,1,75.0,25.0,75.0
Qwen_Qwen3-32B,Long_Term_Orientation,1148,1,2,75.0,25.0,25.0
Qwen_Qwen3-32B,Long_Term_Orientation,1148,1,3,75.0,25.0,25.0
Qwen_Qwen3-32B,Long_Term_Orientation,1151,1,1,25.0,25.0,25.0
Qwen_Qwen3-32B,Long_Term_Orientation,1151,1,2,25.0,25.0,25.0
Qwen_Qwen3-32B,Long_Term_Orientation,1151,1,3,25.0,25.0,25.0
Qwen_Qwen3-32B,Long_Term_Orientation,1152,1,1,25.0,25.0,50.0
Qwen_Qwen3-32B,Long_Term_Orientation,1152,1,2,25.0,50.0,50.0
Qwen_Qwen3-32B,Long_Term_Orientation,1152,1,3,25.0,25.0,25.0
Qwen_Qwen3-32B,Long_Term_Orientation,1153,1,1,50.0,50.0,50.0
Qwen_Qwen3-32B,Long_Term_Orientation,1153,1,2,50.0,50.0,50.0
Qwen_Qwen3-32B,Long_Term_Orientation,1153,1,3,50.0,50.0,50.0
Qwen_Qwen3-32B,Long_Term_Orientation,1154,1,1,50.0,50.0,50.0
Qwen_Qwen3-32B,Long_Term_Orientation,1154,1,2,50.0,50.0,50.0
Qwen_Qwen3-32B,Long_Term_Orientation,1154,1,3,50.0,50.0,50.0
Qwen_Qwen3-32B,Long_Term_Orientation,1155,1,1,0.0,75.0,50.0
Qwen_Qwen3-32B,Long_Term_Orientation,1155,1,2,0.0,75.0,50.0
Qwen_Qwen3-32B,Long_Term_Orientation,1155,1,3,0.0,75.0,75.0
Qwen_Qwen3-32B,Long_Term_Orientation,1156,1,1,25.0,25.0,25.0
Qwen_Qwen3-32B,Long_Term_Orientation,1156,1,2,25.0,25.0,25.0
Qwen_Qwen3-32B,Long_Term_Orientation,1156,1,3,25.0,25.0,25.0
Qwen_Qwen3-32B,Long_Term_Orientation,1158,1,1,25.0,25.0,25.0
Qwen_Qwen3-32B,Long_Term_Orientation,1158,1,2,25.0,25.0,25.0
Qwen_Qwen3-32B,Long_Term_Orientation,1158,1,3,25.0,25.0,25.0
Qwen_Qwen3-32B,Long_Term_Orientation,1159,1,1,50.0,50.0,25.0
Qwen_Qwen3-32B,Long_Term_Orientation,1159,1,2,50.0,50.0,25.0
Qwen_Qwen3-32B,Long_Term_Orientation,1159,1,3,50.0,50.0,50.0
Qwen_Qwen3-32B,Long_Term_Orientation,1160,1,1,50.0,50.0,50.0
Qwen_Qwen3-32B,Long_Term_Orientation,1160,1,2,50.0,50.0,50.0
Qwen_Qwen3-32B,Long_Term_Orientation,1160,1,3,50.0,50.0,50.0
Qwen_Qwen3-32B,Long_Term_Orientation,1164,1,1,0.0,0.0,0.0
Qwen_Qwen3-32B,Long_Term_Orientation,1164,1,2,0.0,0.0,25.0
Qwen_Qwen3-32B,Long_Term_Orientation,1164,1,3,0.0,0.0,25.0
Qwen_Qwen3-32B,Long_Term_Orientation,1166,1,1,25.0,0.0,0.0
Qwen_Qwen3-32B,Long_Term_Orientation,1166,1,2,25.0,25.0,0.0
Qwen_Qwen3-32B,Long_Term_Orientation,1166,1,3,25.0,25.0,25.0
Qwen_Qwen3-32B,Long_Term_Orientation,1168,1,1,50.0,100.0,50.0
Qwen_Qwen3-32B,Long_Term_Orientation,1168,1,2,50.0,100.0,25.0
Qwen_Qwen3-32B,Long_Term_Orientation,1168,1,3,50.0,100.0,100.0
Qwen_Qwen3-32B,Long_Term_Orientation,1172,1,1,25.0,25.0,50.0
Qwen_Qwen3-32B,Long_Term_Orientation,1172,1,2,25.0,25.0,25.0
Qwen_Qwen3-32B,Long_Term_Orientation,1172,1,3,25.0,25.0,25.0
Qwen_Qwen3-32B,Long_Term_Orientation,1173,1,1,50.0,50.0,50.0
Qwen_Qwen3-32B,Long_Term_Orientation,1173,1,2,50.0,50.0,25.0
Qwen_Qwen3-32B,Long_Term_Orientation,1173,1,3,50.0,50.0,50.0
Qwen_Qwen3-32B,Long_Term_Orientation,1179,1,1,25.0,25.0,50.0
Qwen_Qwen3-32B,Long_Term_Orientation,1179,1,2,25.0,50.0,50.0
Qwen_Qwen3-32B,Long_Term_Orientation,1179,1,3,25.0,50.0,25.0
Qwen_Qwen3-32B,Long_Term_Orientation,1180,1,1,100.0,50.0,25.0
Qwen_Qwen3-32B,Long_Term_Orientation,1180,1,2,100.0,50.0,50.0
Qwen_Qwen3-32B,Long_Term_Orientation,1180,1,3,100.0,25.0,50.0
Qwen_Qwen3-32B,Long_Term_Orientation,1181,1,1,50.0,50.0,50.0
Qwen_Qwen3-32B,Long_Term_Orientation,1181,1,2,50.0,50.0,50.0
Qwen_Qwen3-32B,Long_Term_Orientation,1181,1,3,50.0,50.0,50.0
Qwen_Qwen3-32B,Long_Term_Orientation,1187,1,1,25.0,25.0,25.0
Qwen_Qwen3-32B,Long_Term_Orientation,1187,1,2,25.0,25.0,75.0
Qwen_Qwen3-32B,Long_Term_Orientation,1187,1,3,25.0,25.0,25.0
Qwen_Qwen3-32B,Long_Term_Orientation,1189,1,1,25.0,50.0,50.0
Qwen_Qwen3-32B,Long_Term_Orientation,1189,1,2,25.0,50.0,50.0
Qwen_Qwen3-32B,Long_Term_Orientation,1189,1,3,25.0,25.0,25.0
Qwen_Qwen3-32B,Long_Term_Orientation,1194,1,1,50.0,50.0,75.0
Qwen_Qwen3-32B,Long_Term_Orientation,1194,1,2,50.0,50.0,50.0
Qwen_Qwen3-32B,Long_Term_Orientation,1194,1,3,50.0,50.0,50.0
Qwen_Qwen3-32B,Long_Term_Orientation,1218,1,1,100.0,25.0,100.0
Qwen_Qwen3-32B,Long_Term_Orientation,1218,1,2,100.0,0.0,75.0
Qwen_Qwen3-32B,Long_Term_Orientation,1218,1,3,100.0,100.0,75.0
Qwen_Qwen3-32B,Long_Term_Orientation,1239,1,1,50.0,50.0,50.0
Qwen_Qwen3-32B,Long_Term_Orientation,1239,1,2,50.0,50.0,50.0
Qwen_Qwen3-32B,Long_Term_Orientation,1239,1,3,50.0,50.0,50.0
Qwen_Qwen3-32B,Long_Term_Orientation,1240,1,1,75.0,50.0,50.0
Qwen_Qwen3-32B,Long_Term_Orientation,1240,1,2,75.0,50.0,50.0
Qwen_Qwen3-32B,Long_Term_Orientation,1240,1,3,75.0,50.0,50.0
Qwen_Qwen3-32B,Long_Term_Orientation,975,1,1,0.0,0.0,50.0
Qwen_Qwen3-32B,Long_Term_Orientation,975,1,2,0.0,25.0,50.0
Qwen_Qwen3-32B,Long_Term_Orientation,975,1,3,0.0,0.0,0.0
Qwen_Qwen3-32B,Long_Term_Orientation,976,1,1,50.0,0.0,25.0
Qwen_Qwen3-32B,Long_Term_Orientation,976,1,2,50.0,25.0,25.0
Qwen_Qwen3-32B,Long_Term_Orientation,976,1,3,50.0,25.0,0.0
Qwen_Qwen3-32B,Long_Term_Orientation,977,1,1,25.0,25.0,75.0
Qwen_Qwen3-32B,Long_Term_Orientation,977,1,2,25.0,25.0,0.0
Qwen_Qwen3-32B,Long_Term_Orientation,977,1,3,25.0,25.0,25.0
Qwen_Qwen3-32B,Long_Term_Orientation,978,1,1,0.0,0.0,0.0
Qwen_Qwen3-32B,Long_Term_Orientation,978,1,2,0.0,0.0,0.0
Qwen_Qwen3-32B,Long_Term_Orientation,978,1,3,0.0,0.0,0.0
Qwen_Qwen3-32B,Long_Term_Orientation,979,1,1,0.0,0.0,0.0
Qwen_Qwen3-32B,Long_Term_Orientation,979,1,2,0.0,0.0,0.0
Qwen_Qwen3-32B,Long_Term_Orientation,979,1,3,0.0,0.0,0.0
Qwen_Qwen3-32B,Long_Term_Orientation,980,1,1,50.0,50.0,50.0
Qwen_Qwen3-32B,Long_Term_Orientation,980,1,2,50.0,50.0,50.0
Qwen_Qwen3-32B,Long_Term_Orientation,980,1,3,50.0,50.0,50.0
Qwen_Qwen3-32B,Long_Term_Orientation,981,1,1,25.0,0.0,0.0
Qwen_Qwen3-32B,Long_Term_Orientation,981,1,2,25.0,0.0,0.0
Qwen_Qwen3-32B,Long_Term_Orientation,981,1,3,25.0,50.0,0.0
Qwen_Qwen3-32B,Long_Term_Orientation,982,1,1,50.0,50.0,50.0
Qwen_Qwen3-32B,Long_Term_Orientation,982,1,2,50.0,50.0,50.0
Qwen_Qwen3-32B,Long_Term_Orientation,982,1,3,50.0,50.0,50.0
Qwen_Qwen3-32B,Long_Term_Orientation,983,1,1,0.0,50.0,50.0
Qwen_Qwen3-32B,Long_Term_Orientation,983,1,2,0.0,50.0,50.0
Qwen_Qwen3-32B,Long_Term_Orientation,983,1,3,0.0,50.0,50.0
Qwen_Qwen3-32B,Long_Term_Orientation,984,1,1,25.0,25.0,25.0
Qwen_Qwen3-32B,Long_Term_Orientation,984,1,2,25.0,25.0,25.0
Qwen_Qwen3-32B,Long_Term_Orientation,984,1,3,25.0,25.0,25.0
Qwen_Qwen3-32B,Long_Term_Orientation,985,1,1,25.0,25.0,25.0
Qwen_Qwen3-32B,Long_Term_Orientation,985,1,2,25.0,25.0,25.0
Qwen_Qwen3-32B,Long_Term_Orientation,985,1,3,25.0,25.0,25.0
Qwen_Qwen3-32B,Long_Term_Orientation,987,1,1,25.0,50.0,0.0
Qwen_Qwen3-32B,Long_Term_Orientation,987,1,2,25.0,25.0,100.0
Qwen_Qwen3-32B,Long_Term_Orientation,987,1,3,25.0,0.0,25.0
Qwen_Qwen3-32B,Long_Term_Orientation,989,1,1,25.0,25.0,50.0
Qwen_Qwen3-32B,Long_Term_Orientation,989,1,2,25.0,50.0,25.0
Qwen_Qwen3-32B,Long_Term_Orientation,989,1,3,25.0,50.0,50.0
Qwen_Qwen3-32B,Long_Term_Orientation,990,1,1,25.0,25.0,25.0
Qwen_Qwen3-32B,Long_Term_Orientation,990,1,2,25.0,25.0,25.0
Qwen_Qwen3-32B,Long_Term_Orientation,990,1,3,25.0,50.0,25.0
Qwen_Qwen3-32B,Long_Term_Orientation,991,1,1,50.0,50.0,50.0
Qwen_Qwen3-32B,Long_Term_Orientation,991,1,2,50.0,50.0,50.0
Qwen_Qwen3-32B,Long_Term_Orientation,991,1,3,50.0,50.0,50.0
Qwen_Qwen3-32B,Long_Term_Orientation,992,1,1,50.0,50.0,50.0
Qwen_Qwen3-32B,Long_Term_Orientation,992,1,2,50.0,50.0,50.0
Qwen_Qwen3-32B,Long_Term_Orientation,992,1,3,50.0,50.0,50.0
Qwen_Qwen3-32B,Long_Term_Orientation,994,1,1,25.0,50.0,25.0
Qwen_Qwen3-32B,Long_Term_Orientation,994,1,2,25.0,50.0,0.0
Qwen_Qwen3-32B,Long_Term_Orientation,994,1,3,25.0,25.0,50.0
Qwen_Qwen3-32B,Long_Term_Orientation,995,1,1,25.0,25.0,50.0
Qwen_Qwen3-32B,Long_Term_Orientation,995,1,2,25.0,50.0,50.0
Qwen_Qwen3-32B,Long_Term_Orientation,995,1,3,25.0,25.0,50.0
Qwen_Qwen3-32B,Long_Term_Orientation,996,1,1,50.0,50.0,50.0
Qwen_Qwen3-32B,Long_Term_Orientation,996,1,2,50.0,50.0,50.0
Qwen_Qwen3-32B,Long_Term_Orientation,996,1,3,50.0,50.0,25.0
Qwen_Qwen3-32B,Long_Term_Orientation,997,1,1,25.0,0.0,25.0
Qwen_Qwen3-32B,Long_Term_Orientation,997,1,2,25.0,0.0,25.0
Qwen_Qwen3-32B,Long_Term_Orientation,997,1,3,25.0,0.0,0.0
Qwen_Qwen3-32B,Long_Term_Orientation,998,1,1,50.0,50.0,50.0
Qwen_Qwen3-32B,Long_Term_Orientation,998,1,2,50.0,50.0,50.0
Qwen_Qwen3-32B,Long_Term_Orientation,998,1,3,50.0,25.0,50.0
Qwen_Qwen3-32B,Masculinity,1459,1,1,50.0,50.0,75.0
Qwen_Qwen3-32B,Masculinity,1459,1,2,50.0,50.0,75.0
Qwen_Qwen3-32B,Masculinity,1459,1,3,50.0,50.0,50.0
Qwen_Qwen3-32B,Masculinity,1461,1,1,75.0,100.0,75.0
Qwen_Qwen3-32B,Masculinity,1461,1,2,75.0,100.0,75.0
Qwen_Qwen3-32B,Masculinity,1461,1,3,75.0,100.0,100.0
Qwen_Qwen3-32B,Masculinity,1463,1,1,50.0,50.0,50.0
Qwen_Qwen3-32B,Masculinity,1463,1,2,50.0,50.0,50.0
Qwen_Qwen3-32B,Masculinity,1463,1,3,50.0,50.0,50.0
Qwen_Qwen3-32B,Masculinity,1464,1,1,50.0,50.0,50.0
Qwen_Qwen3-32B,Masculinity,1464,1,2,50.0,50.0,50.0
Qwen_Qwen3-32B,Masculinity,1464,1,3,50.0,50.0,50.0
Qwen_Qwen3-32B,Masculinity,1465,1,1,50.0,50.0,50.0
Qwen_Qwen3-32B,Masculinity,1465,1,2,50.0,50.0,50.0
Qwen_Qwen3-32B,Masculinity,1465,1,3,50.0,50.0,50.0
Qwen_Qwen3-32B,Masculinity,1466,1,1,50.0,100.0,100.0
Qwen_Qwen3-32B,Masculinity,1466,1,2,50.0,100.0,100.0
Qwen_Qwen3-32B,Masculinity,1466,1,3,50.0,100.0,100.0
Qwen_Qwen3-32B,Masculinity,1467,1,1,25.0,50.0,50.0
Qwen_Qwen3-32B,Masculinity,1467,1,2,25.0,50.0,50.0
Qwen_Qwen3-32B,Masculinity,1467,1,3,25.0,25.0,50.0
Qwen_Qwen3-32B,Masculinity,1468,1,1,75.0,50.0,50.0
Qwen_Qwen3-32B,Masculinity,1468,1,2,75.0,75.0,75.0
Qwen_Qwen3-32B,Masculinity,1468,1,3,75.0,50.0,50.0
Qwen_Qwen3-32B,Masculinity,1470,1,1,50.0,50.0,75.0
Qwen_Qwen3-32B,Masculinity,1470,1,2,50.0,50.0,50.0
Qwen_Qwen3-32B,Masculinity,1470,1,3,50.0,50.0,50.0
Qwen_Qwen3-32B,Masculinity,1471,1,1,0.0,0.0,50.0
Qwen_Qwen3-32B,Masculinity,1471,1,2,0.0,0.0,50.0
Qwen_Qwen3-32B,Masculinity,1471,1,3,0.0,0.0,50.0
Qwen_Qwen3-32B,Masculinity,1472,1,1,25.0,25.0,50.0
Qwen_Qwen3-32B,Masculinity,1472,1,2,25.0,25.0,25.0
Qwen_Qwen3-32B,Masculinity,1472,1,3,25.0,25.0,25.0
Qwen_Qwen3-32B,Masculinity,1473,1,1,75.0,50.0,50.0
Qwen_Qwen3-32B,Masculinity,1473,1,2,75.0,50.0,50.0
Qwen_Qwen3-32B,Masculinity,1473,1,3,75.0,75.0,50.0
Qwen_Qwen3-32B,Masculinity,1474,1,1,75.0,100.0,100.0
Qwen_Qwen3-32B,Masculinity,1474,1,2,75.0,75.0,100.0
Qwen_Qwen3-32B,Masculinity,1474,1,3,75.0,50.0,75.0
Qwen_Qwen3-32B,Masculinity,1475,1,1,75.0,75.0,75.0
Qwen_Qwen3-32B,Masculinity,1475,1,2,75.0,75.0,25.0
Qwen_Qwen3-32B,Masculinity,1475,1,3,75.0,75.0,75.0
Qwen_Qwen3-32B,Masculinity,1476,1,1,25.0,25.0,25.0
Qwen_Qwen3-32B,Masculinity,1476,1,2,25.0,25.0,25.0
Qwen_Qwen3-32B,Masculinity,1476,1,3,25.0,25.0,25.0
Qwen_Qwen3-32B,Masculinity,1477,1,1,25.0,25.0,25.0
Qwen_Qwen3-32B,Masculinity,1477,1,2,25.0,25.0,25.0
Qwen_Qwen3-32B,Masculinity,1477,1,3,25.0,25.0,25.0
Qwen_Qwen3-32B,Masculinity,1478,1,1,25.0,25.0,25.0
Qwen_Qwen3-32B,Masculinity,1478,1,2,25.0,25.0,25.0
Qwen_Qwen3-32B,Masculinity,1478,1,3,25.0,25.0,25.0
Qwen_Qwen3-32B,Masculinity,1480,1,1,50.0,25.0,50.0
Qwen_Qwen3-32B,Masculinity,1480,1,2,50.0,50.0,50.0
Qwen_Qwen3-32B,Masculinity,1480,1,3,50.0,50.0,50.0
Qwen_Qwen3-32B,Masculinity,1481,1,1,50.0,50.0,50.0
Qwen_Qwen3-32B,Masculinity,1481,1,2,50.0,50.0,50.0
Qwen_Qwen3-32B,Masculinity,1481,1,3,50.0,75.0,50.0
Qwen_Qwen3-32B,Masculinity,1482,1,1,50.0,50.0,50.0
Qwen_Qwen3-32B,Masculinity,1482,1,2,50.0,50.0,50.0
Qwen_Qwen3-32B,Masculinity,1482,1,3,50.0,50.0,50.0
Qwen_Qwen3-32B,Masculinity,1486,1,1,75.0,75.0,75.0
Qwen_Qwen3-32B,Masculinity,1486,1,2,75.0,75.0,75.0
Qwen_Qwen3-32B,Masculinity,1486,1,3,75.0,75.0,75.0
Qwen_Qwen3-32B,Masculinity,1487,1,1,50.0,50.0,50.0
Qwen_Qwen3-32B,Masculinity,1487,1,2,50.0,50.0,50.0
Qwen_Qwen3-32B,Masculinity,1487,1,3,50.0,50.0,50.0
Qwen_Qwen3-32B,Masculinity,1490,1,1,75.0,75.0,75.0
Qwen_Qwen3-32B,Masculinity,1490,1,2,75.0,100.0,100.0
Qwen_Qwen3-32B,Masculinity,1490,1,3,75.0,50.0,75.0
Qwen_Qwen3-32B,Masculinity,1492,1,1,25.0,25.0,50.0
Qwen_Qwen3-32B,Masculinity,1492,1,2,25.0,25.0,75.0
Qwen_Qwen3-32B,Masculinity,1492,1,3,25.0,50.0,25.0
Qwen_Qwen3-32B,Masculinity,1493,1,1,50.0,50.0,50.0
Qwen_Qwen3-32B,Masculinity,1493,1,2,50.0,50.0,75.0
Qwen_Qwen3-32B,Masculinity,1493,1,3,50.0,75.0,75.0
Qwen_Qwen3-32B,Masculinity,1495,1,1,50.0,75.0,75.0
Qwen_Qwen3-32B,Masculinity,1495,1,2,50.0,75.0,75.0
Qwen_Qwen3-32B,Masculinity,1495,1,3,50.0,75.0,75.0
Qwen_Qwen3-32B,Masculinity,1497,1,1,50.0,50.0,50.0
Qwen_Qwen3-32B,Masculinity,1497,1,2,50.0,50.0,50.0
Qwen_Qwen3-32B,Masculinity,1497,1,3,50.0,50.0,50.0
Qwen_Qwen3-32B,Masculinity,1498,1,1,50.0,75.0,75.0
Qwen_Qwen3-32B,Masculinity,1498,1,2,50.0,75.0,75.0
Qwen_Qwen3-32B,Masculinity,1498,1,3,50.0,100.0,75.0
Qwen_Qwen3-32B,Masculinity,1499,1,1,50.0,50.0,50.0
Qwen_Qwen3-32B,Masculinity,1499,1,2,50.0,50.0,50.0
Qwen_Qwen3-32B,Masculinity,1499,1,3,50.0,50.0,50.0
Qwen_Qwen3-32B,Masculinity,1500,1,1,50.0,50.0,50.0
Qwen_Qwen3-32B,Masculinity,1500,1,2,50.0,50.0,50.0
Qwen_Qwen3-32B,Masculinity,1500,1,3,50.0,50.0,75.0
Qwen_Qwen3-32B,Masculinity,1501,1,1,25.0,25.0,25.0
Qwen_Qwen3-32B,Masculinity,1501,1,2,25.0,25.0,25.0
Qwen_Qwen3-32B,Masculinity,1501,1,3,25.0,25.0,25.0
Qwen_Qwen3-32B,Masculinity,1502,1,1,50.0,50.0,50.0
Qwen_Qwen3-32B,Masculinity,1502,1,2,50.0,50.0,50.0
Qwen_Qwen3-32B,Masculinity,1502,1,3,50.0,50.0,50.0
Qwen_Qwen3-32B,Masculinity,1504,1,1,75.0,75.0,75.0
Qwen_Qwen3-32B,Masculinity,1504,1,2,75.0,75.0,75.0
Qwen_Qwen3-32B,Masculinity,1504,1,3,75.0,75.0,75.0
Qwen_Qwen3-32B,Masculinity,1505,1,1,50.0,50.0,50.0
Qwen_Qwen3-32B,Masculinity,1505,1,2,50.0,50.0,50.0
Qwen_Qwen3-32B,Masculinity,1505,1,3,50.0,50.0,50.0
Qwen_Qwen3-32B,Masculinity,1506,1,1,50.0,50.0,75.0
Qwen_Qwen3-32B,Masculinity,1506,1,2,50.0,50.0,50.0
Qwen_Qwen3-32B,Masculinity,1506,1,3,50.0,50.0,75.0
Qwen_Qwen3-32B,Masculinity,1508,1,1,75.0,50.0,50.0
Qwen_Qwen3-32B,Masculinity,1508,1,2,75.0,75.0,50.0
Qwen_Qwen3-32B,Masculinity,1508,1,3,75.0,75.0,75.0
Qwen_Qwen3-32B,Masculinity,1509,1,1,50.0,50.0,50.0
Qwen_Qwen3-32B,Masculinity,1509,1,2,50.0,50.0,100.0
Qwen_Qwen3-32B,Masculinity,1509,1,3,50.0,50.0,100.0
Qwen_Qwen3-32B,Masculinity,1511,1,1,75.0,75.0,50.0
Qwen_Qwen3-32B,Masculinity,1511,1,2,75.0,75.0,75.0
Qwen_Qwen3-32B,Masculinity,1511,1,3,75.0,75.0,75.0
Qwen_Qwen3-32B,Masculinity,1512,1,1,50.0,50.0,50.0
Qwen_Qwen3-32B,Masculinity,1512,1,2,50.0,75.0,75.0
Qwen_Qwen3-32B,Masculinity,1512,1,3,50.0,50.0,75.0
Qwen_Qwen3-32B,Masculinity,1515,1,1,50.0,50.0,50.0
Qwen_Qwen3-32B,Masculinity,1515,1,2,50.0,50.0,50.0
Qwen_Qwen3-32B,Masculinity,1515,1,3,50.0,75.0,50.0
Qwen_Qwen3-32B,Masculinity,1519,1,1,75.0,75.0,75.0
Qwen_Qwen3-32B,Masculinity,1519,1,2,75.0,75.0,75.0
Qwen_Qwen3-32B,Masculinity,1519,1,3,75.0,75.0,75.0
Qwen_Qwen3-32B,Masculinity,1520,1,1,50.0,50.0,50.0
Qwen_Qwen3-32B,Masculinity,1520,1,2,50.0,50.0,50.0
Qwen_Qwen3-32B,Masculinity,1520,1,3,50.0,50.0,50.0
Qwen_Qwen3-32B,Masculinity,1522,1,1,50.0,50.0,75.0
Qwen_Qwen3-32B,Masculinity,1522,1,2,50.0,50.0,75.0
Qwen_Qwen3-32B,Masculinity,1522,1,3,50.0,50.0,50.0
Qwen_Qwen3-32B,Masculinity,1523,1,1,75.0,75.0,75.0
Qwen_Qwen3-32B,Masculinity,1523,1,2,75.0,75.0,100.0
Qwen_Qwen3-32B,Masculinity,1523,1,3,75.0,100.0,75.0
Qwen_Qwen3-32B,Masculinity,1524,1,1,50.0,50.0,50.0
Qwen_Qwen3-32B,Masculinity,1524,1,2,50.0,50.0,50.0
Qwen_Qwen3-32B,Masculinity,1524,1,3,50.0,50.0,50.0
Qwen_Qwen3-32B,Masculinity,1525,1,1,50.0,50.0,50.0
Qwen_Qwen3-32B,Masculinity,1525,1,2,50.0,50.0,50.0
Qwen_Qwen3-32B,Masculinity,1525,1,3,50.0,50.0,50.0
Qwen_Qwen3-32B,Masculinity,1526,1,1,50.0,50.0,50.0
Qwen_Qwen3-32B,Masculinity,1526,1,2,50.0,75.0,75.0
Qwen_Qwen3-32B,Masculinity,1526,1,3,50.0,75.0,75.0
Qwen_Qwen3-32B,Masculinity,1528,1,1,75.0,50.0,75.0
Qwen_Qwen3-32B,Masculinity,1528,1,2,75.0,50.0,50.0
Qwen_Qwen3-32B,Masculinity,1528,1,3,75.0,75.0,50.0
Qwen_Qwen3-32B,Masculinity,1529,1,1,50.0,50.0,50.0
Qwen_Qwen3-32B,Masculinity,1529,1,2,50.0,50.0,75.0
Qwen_Qwen3-32B,Masculinity,1529,1,3,50.0,75.0,75.0
Qwen_Qwen3-32B,Masculinity,1532,1,1,75.0,75.0,75.0
Qwen_Qwen3-32B,Masculinity,1532,1,2,75.0,75.0,50.0
Qwen_Qwen3-32B,Masculinity,1532,1,3,75.0,75.0,75.0
Qwen_Qwen3-32B,Masculinity,1533,1,1,75.0,75.0,75.0
Qwen_Qwen3-32B,Masculinity,1533,1,2,75.0,75.0,75.0
Qwen_Qwen3-32B,Masculinity,1533,1,3,75.0,50.0,100.0
Qwen_Qwen3-32B,Masculinity,1534,1,1,50.0,100.0,100.0
Qwen_Qwen3-32B,Masculinity,1534,1,2,50.0,100.0,100.0
Qwen_Qwen3-32B,Masculinity,1534,1,3,50.0,75.0,75.0
Qwen_Qwen3-32B,Masculinity,1538,1,1,50.0,50.0,50.0
Qwen_Qwen3-32B,Masculinity,1538,1,2,50.0,50.0,50.0
Qwen_Qwen3-32B,Masculinity,1538,1,3,50.0,50.0,50.0
Qwen_Qwen3-32B,Masculinity,1539,1,1,75.0,50.0,50.0
Qwen_Qwen3-32B,Masculinity,1539,1,2,75.0,75.0,50.0
Qwen_Qwen3-32B,Masculinity,1539,1,3,75.0,75.0,75.0
Qwen_Qwen3-32B,Masculinity,1541,1,1,75.0,75.0,75.0
Qwen_Qwen3-32B,Masculinity,1541,1,2,75.0,75.0,75.0
Qwen_Qwen3-32B,Masculinity,1541,1,3,75.0,75.0,75.0
Qwen_Qwen3-32B,Masculinity,1542,1,1,75.0,75.0,75.0
Qwen_Qwen3-32B,Masculinity,1542,1,2,75.0,75.0,75.0
Qwen_Qwen3-32B,Masculinity,1542,1,3,75.0,75.0,100.0
Qwen_Qwen3-32B,Masculinity,1543,1,1,50.0,50.0,75.0
Qwen_Qwen3-32B,Masculinity,1543,1,2,50.0,100.0,100.0
Qwen_Qwen3-32B,Masculinity,1543,1,3,50.0,100.0,75.0
Qwen_Qwen3-32B,Masculinity,1544,1,1,50.0,50.0,50.0
Qwen_Qwen3-32B,Masculinity,1544,1,2,50.0,50.0,50.0
Qwen_Qwen3-32B,Masculinity,1544,1,3,50.0,50.0,50.0
Qwen_Qwen3-32B,Masculinity,1546,1,1,75.0,75.0,75.0
Qwen_Qwen3-32B,Masculinity,1546,1,2,75.0,50.0,25.0
Qwen_Qwen3-32B,Masculinity,1546,1,3,75.0,25.0,75.0
Qwen_Qwen3-32B,Masculinity,1548,1,1,50.0,50.0,50.0
Qwen_Qwen3-32B,Masculinity,1548,1,2,50.0,50.0,50.0
Qwen_Qwen3-32B,Masculinity,1548,1,3,50.0,50.0,50.0
Qwen_Qwen3-32B,Masculinity,1549,1,1,50.0,50.0,50.0
Qwen_Qwen3-32B,Masculinity,1549,1,2,50.0,50.0,50.0
Qwen_Qwen3-32B,Masculinity,1549,1,3,50.0,50.0,50.0
Qwen_Qwen3-32B,Masculinity,1551,1,1,50.0,50.0,50.0
Qwen_Qwen3-32B,Masculinity,1551,1,2,50.0,50.0,50.0
Qwen_Qwen3-32B,Masculinity,1551,1,3,50.0,50.0,50.0
Qwen_Qwen3-32B,Masculinity,1552,1,1,75.0,75.0,50.0
Qwen_Qwen3-32B,Masculinity,1552,1,2,75.0,75.0,75.0
Qwen_Qwen3-32B,Masculinity,1552,1,3,75.0,75.0,75.0
Qwen_Qwen3-32B,Masculinity,1553,1,1,50.0,75.0,50.0
Qwen_Qwen3-32B,Masculinity,1553,1,2,50.0,75.0,75.0
Qwen_Qwen3-32B,Masculinity,1553,1,3,50.0,50.0,50.0
Qwen_Qwen3-32B,Masculinity,1554,1,1,75.0,50.0,50.0
Qwen_Qwen3-32B,Masculinity,1554,1,2,75.0,75.0,75.0
Qwen_Qwen3-32B,Masculinity,1554,1,3,75.0,50.0,50.0
Qwen_Qwen3-32B,Masculinity,1555,1,1,50.0,25.0,50.0
Qwen_Qwen3-32B,Masculinity,1555,1,2,50.0,50.0,25.0
Qwen_Qwen3-32B,Masculinity,1555,1,3,50.0,50.0,50.0
Qwen_Qwen3-32B,Masculinity,1556,1,1,50.0,50.0,50.0
Qwen_Qwen3-32B,Masculinity,1556,1,2,50.0,100.0,100.0
Qwen_Qwen3-32B,Masculinity,1556,1,3,50.0,50.0,50.0
Qwen_Qwen3-32B,Masculinity,1557,1,1,50.0,50.0,50.0
Qwen_Qwen3-32B,Masculinity,1557,1,2,50.0,50.0,50.0
Qwen_Qwen3-32B,Masculinity,1557,1,3,50.0,50.0,50.0
Qwen_Qwen3-32B,Masculinity,1560,1,1,50.0,50.0,50.0
Qwen_Qwen3-32B,Masculinity,1560,1,2,50.0,50.0,50.0
Qwen_Qwen3-32B,Masculinity,1560,1,3,50.0,50.0,75.0
Qwen_Qwen3-32B,Masculinity,1561,1,1,50.0,50.0,50.0
Qwen_Qwen3-32B,Masculinity,1561,1,2,50.0,50.0,50.0
Qwen_Qwen3-32B,Masculinity,1561,1,3,50.0,50.0,50.0
Qwen_Qwen3-32B,Masculinity,1562,1,1,50.0,50.0,75.0
Qwen_Qwen3-32B,Masculinity,1562,1,2,50.0,50.0,50.0
Qwen_Qwen3-32B,Masculinity,1562,1,3,50.0,50.0,50.0
Qwen_Qwen3-32B,Masculinity,1563,1,1,50.0,50.0,50.0
Qwen_Qwen3-32B,Masculinity,1563,1,2,50.0,50.0,50.0
Qwen_Qwen3-32B,Masculinity,1563,1,3,50.0,50.0,50.0
Qwen_Qwen3-32B,Masculinity,1564,1,1,50.0,50.0,50.0
Qwen_Qwen3-32B,Masculinity,1564,1,2,50.0,50.0,50.0
Qwen_Qwen3-32B,Masculinity,1564,1,3,50.0,50.0,50.0
Qwen_Qwen3-32B,Masculinity,1565,1,1,100.0,100.0,100.0
Qwen_Qwen3-32B,Masculinity,1565,1,2,100.0,100.0,100.0
Qwen_Qwen3-32B,Masculinity,1565,1,3,100.0,100.0,100.0
Qwen_Qwen3-32B,Masculinity,1566,1,1,50.0,50.0,50.0
Qwen_Qwen3-32B,Masculinity,1566,1,2,50.0,50.0,50.0
Qwen_Qwen3-32B,Masculinity,1566,1,3,50.0,50.0,50.0
Qwen_Qwen3-32B,Masculinity,1568,1,1,75.0,75.0,50.0
Qwen_Qwen3-32B,Masculinity,1568,1,2,75.0,50.0,50.0
Qwen_Qwen3-32B,Masculinity,1568,1,3,75.0,75.0,50.0
Qwen_Qwen3-32B,Masculinity,1569,1,1,0.0,0.0,0.0
Qwen_Qwen3-32B,Masculinity,1569,1,2,0.0,0.0,0.0
Qwen_Qwen3-32B,Masculinity,1569,1,3,0.0,0.0,0.0
Qwen_Qwen3-32B,Masculinity,1570,1,1,50.0,25.0,50.0
Qwen_Qwen3-32B,Masculinity,1570,1,2,50.0,75.0,50.0
Qwen_Qwen3-32B,Masculinity,1570,1,3,50.0,75.0,50.0
Qwen_Qwen3-32B,Masculinity,1571,1,1,75.0,50.0,50.0
Qwen_Qwen3-32B,Masculinity,1571,1,2,75.0,50.0,75.0
Qwen_Qwen3-32B,Masculinity,1571,1,3,75.0,50.0,75.0
Qwen_Qwen3-32B,Masculinity,1572,1,1,75.0,75.0,100.0
Qwen_Qwen3-32B,Masculinity,1572,1,2,75.0,0.0,75.0
Qwen_Qwen3-32B,Masculinity,1572,1,3,75.0,50.0,75.0
Qwen_Qwen3-32B,Masculinity,1573,1,1,100.0,100.0,100.0
Qwen_Qwen3-32B,Masculinity,1573,1,2,100.0,100.0,100.0
Qwen_Qwen3-32B,Masculinity,1573,1,3,100.0,100.0,100.0
Qwen_Qwen3-32B,Masculinity,1574,1,1,75.0,75.0,75.0
Qwen_Qwen3-32B,Masculinity,1574,1,2,75.0,75.0,75.0
Qwen_Qwen3-32B,Masculinity,1574,1,3,75.0,75.0,75.0
Qwen_Qwen3-32B,Masculinity,1575,1,1,50.0,50.0,50.0
Qwen_Qwen3-32B,Masculinity,1575,1,2,50.0,50.0,50.0
Qwen_Qwen3-32B,Masculinity,1575,1,3,50.0,50.0,50.0
Qwen_Qwen3-32B,Masculinity,1576,1,1,75.0,75.0,75.0
Qwen_Qwen3-32B,Masculinity,1576,1,2,75.0,75.0,75.0
Qwen_Qwen3-32B,Masculinity,1576,1,3,75.0,75.0,75.0
Qwen_Qwen3-32B,Masculinity,1577,1,1,25.0,25.0,50.0
Qwen_Qwen3-32B,Masculinity,1577,1,2,25.0,25.0,25.0
Qwen_Qwen3-32B,Masculinity,1577,1,3,25.0,25.0,50.0
Qwen_Qwen3-32B,Masculinity,1579,1,1,100.0,50.0,100.0
Qwen_Qwen3-32B,Masculinity,1579,1,2,100.0,100.0,75.0
Qwen_Qwen3-32B,Masculinity,1579,1,3,100.0,100.0,100.0
Qwen_Qwen3-32B,Masculinity,1580,1,1,25.0,50.0,25.0
Qwen_Qwen3-32B,Masculinity,1580,1,2,25.0,25.0,25.0
Qwen_Qwen3-32B,Masculinity,1580,1,3,25.0,25.0,25.0
Qwen_Qwen3-32B,Masculinity,1581,1,1,50.0,50.0,50.0
Qwen_Qwen3-32B,Masculinity,1581,1,2,50.0,50.0,75.0
Qwen_Qwen3-32B,Masculinity,1581,1,3,50.0,50.0,75.0
Qwen_Qwen3-32B,Masculinity,1582,1,1,50.0,50.0,50.0
Qwen_Qwen3-32B,Masculinity,1582,1,2,50.0,50.0,50.0
Qwen_Qwen3-32B,Masculinity,1582,1,3,50.0,50.0,50.0
Qwen_Qwen3-32B,Masculinity,1586,1,1,50.0,50.0,50.0
Qwen_Qwen3-32B,Masculinity,1586,1,2,50.0,50.0,50.0
Qwen_Qwen3-32B,Masculinity,1586,1,3,50.0,50.0,50.0
Qwen_Qwen3-32B,Masculinity,1587,1,1,100.0,50.0,50.0
Qwen_Qwen3-32B,Masculinity,1587,1,2,100.0,50.0,100.0
Qwen_Qwen3-32B,Masculinity,1587,1,3,100.0,50.0,50.0
Qwen_Qwen3-32B,Masculinity,1588,1,1,50.0,75.0,75.0
Qwen_Qwen3-32B,Masculinity,1588,1,2,50.0,75.0,75.0
Qwen_Qwen3-32B,Masculinity,1588,1,3,50.0,75.0,100.0
Qwen_Qwen3-32B,Masculinity,1589,1,1,50.0,50.0,50.0
Qwen_Qwen3-32B,Masculinity,1589,1,2,50.0,50.0,50.0
Qwen_Qwen3-32B,Masculinity,1589,1,3,50.0,75.0,50.0
Qwen_Qwen3-32B,Masculinity,1591,1,1,50.0,50.0,50.0
Qwen_Qwen3-32B,Masculinity,1591,1,2,50.0,50.0,50.0
Qwen_Qwen3-32B,Masculinity,1591,1,3,50.0,50.0,50.0
Qwen_Qwen3-32B,Masculinity,1592,1,1,50.0,50.0,75.0
Qwen_Qwen3-32B,Masculinity,1592,1,2,50.0,75.0,50.0
Qwen_Qwen3-32B,Masculinity,1592,1,3,50.0,75.0,50.0
Qwen_Qwen3-32B,Masculinity,1593,1,1,75.0,50.0,75.0
Qwen_Qwen3-32B,Masculinity,1593,1,2,75.0,75.0,75.0
Qwen_Qwen3-32B,Masculinity,1593,1,3,75.0,75.0,50.0
Qwen_Qwen3-32B,Masculinity,1594,1,1,75.0,50.0,50.0
Qwen_Qwen3-32B,Masculinity,1594,1,2,75.0,75.0,75.0
Qwen_Qwen3-32B,Masculinity,1594,1,3,75.0,50.0,75.0
Qwen_Qwen3-32B,Masculinity,1595,1,1,50.0,75.0,50.0
Qwen_Qwen3-32B,Masculinity,1595,1,2,50.0,75.0,50.0
Qwen_Qwen3-32B,Masculinity,1595,1,3,50.0,50.0,50.0
Qwen_Qwen3-32B,Masculinity,1597,1,1,50.0,50.0,50.0
Qwen_Qwen3-32B,Masculinity,1597,1,2,50.0,50.0,50.0
Qwen_Qwen3-32B,Masculinity,1597,1,3,50.0,50.0,50.0
Qwen_Qwen3-32B,Masculinity,1598,1,1,50.0,50.0,50.0
Qwen_Qwen3-32B,Masculinity,1598,1,2,50.0,50.0,50.0
Qwen_Qwen3-32B,Masculinity,1598,1,3,50.0,50.0,50.0
Qwen_Qwen3-32B,Masculinity,1600,1,1,50.0,50.0,50.0
Qwen_Qwen3-32B,Masculinity,1600,1,2,50.0,25.0,50.0
Qwen_Qwen3-32B,Masculinity,1600,1,3,50.0,50.0,75.0
Qwen_Qwen3-32B,Masculinity,1601,1,1,75.0,75.0,75.0
Qwen_Qwen3-32B,Masculinity,1601,1,2,75.0,100.0,75.0
Qwen_Qwen3-32B,Masculinity,1601,1,3,75.0,100.0,100.0
Qwen_Qwen3-32B,Masculinity,1603,1,1,75.0,50.0,50.0
Qwen_Qwen3-32B,Masculinity,1603,1,2,75.0,75.0,75.0
Qwen_Qwen3-32B,Masculinity,1603,1,3,75.0,50.0,75.0
Qwen_Qwen3-32B,Masculinity,1606,1,1,50.0,50.0,50.0
Qwen_Qwen3-32B,Masculinity,1606,1,2,50.0,50.0,50.0
Qwen_Qwen3-32B,Masculinity,1606,1,3,50.0,50.0,50.0
Qwen_Qwen3-32B,Masculinity,1607,1,1,100.0,75.0,75.0
Qwen_Qwen3-32B,Masculinity,1607,1,2,100.0,100.0,75.0
Qwen_Qwen3-32B,Masculinity,1607,1,3,100.0,75.0,100.0
Qwen_Qwen3-32B,Masculinity,1608,1,1,75.0,50.0,75.0
Qwen_Qwen3-32B,Masculinity,1608,1,2,75.0,50.0,50.0
Qwen_Qwen3-32B,Masculinity,1608,1,3,75.0,100.0,75.0
Qwen_Qwen3-32B,Masculinity,1609,1,1,50.0,50.0,50.0
Qwen_Qwen3-32B,Masculinity,1609,1,2,50.0,50.0,50.0
Qwen_Qwen3-32B,Masculinity,1609,1,3,50.0,50.0,50.0
Qwen_Qwen3-32B,Masculinity,1610,1,1,50.0,50.0,50.0
Qwen_Qwen3-32B,Masculinity,1610,1,2,50.0,75.0,50.0
Qwen_Qwen3-32B,Masculinity,1610,1,3,50.0,75.0,75.0
Qwen_Qwen3-32B,Masculinity,1611,1,1,50.0,75.0,75.0
Qwen_Qwen3-32B,Masculinity,1611,1,2,50.0,50.0,50.0
Qwen_Qwen3-32B,Masculinity,1611,1,3,50.0,75.0,50.0
Qwen_Qwen3-32B,Masculinity,1613,1,1,50.0,0.0,50.0
Qwen_Qwen3-32B,Masculinity,1613,1,2,50.0,50.0,50.0
Qwen_Qwen3-32B,Masculinity,1613,1,3,50.0,50.0,50.0
Qwen_Qwen3-32B,Masculinity,1614,1,1,50.0,50.0,50.0
Qwen_Qwen3-32B,Masculinity,1614,1,2,50.0,50.0,75.0
Qwen_Qwen3-32B,Masculinity,1614,1,3,50.0,50.0,50.0
Qwen_Qwen3-32B,Masculinity,1615,1,1,75.0,50.0,50.0
Qwen_Qwen3-32B,Masculinity,1615,1,2,75.0,50.0,50.0
Qwen_Qwen3-32B,Masculinity,1615,1,3,75.0,50.0,50.0
Qwen_Qwen3-32B,Masculinity,1616,1,1,50.0,50.0,50.0
Qwen_Qwen3-32B,Masculinity,1616,1,2,50.0,50.0,50.0
Qwen_Qwen3-32B,Masculinity,1616,1,3,50.0,50.0,50.0
Qwen_Qwen3-32B,Masculinity,1617,1,1,50.0,50.0,50.0
Qwen_Qwen3-32B,Masculinity,1617,1,2,50.0,50.0,50.0
Qwen_Qwen3-32B,Masculinity,1617,1,3,50.0,75.0,50.0
Qwen_Qwen3-32B,Masculinity,1618,1,1,75.0,50.0,100.0
Qwen_Qwen3-32B,Masculinity,1618,1,2,75.0,75.0,75.0
Qwen_Qwen3-32B,Masculinity,1618,1,3,75.0,75.0,50.0
Qwen_Qwen3-32B,Masculinity,1622,1,1,50.0,50.0,25.0
Qwen_Qwen3-32B,Masculinity,1622,1,2,50.0,100.0,100.0
Qwen_Qwen3-32B,Masculinity,1622,1,3,50.0,25.0,50.0
Qwen_Qwen3-32B,Masculinity,1628,1,1,75.0,50.0,50.0
Qwen_Qwen3-32B,Masculinity,1628,1,2,75.0,50.0,75.0
Qwen_Qwen3-32B,Masculinity,1628,1,3,75.0,50.0,75.0
Qwen_Qwen3-32B,Masculinity,1629,1,1,50.0,75.0,50.0
Qwen_Qwen3-32B,Masculinity,1629,1,2,50.0,50.0,50.0
Qwen_Qwen3-32B,Masculinity,1629,1,3,50.0,50.0,75.0
Qwen_Qwen3-32B,Masculinity,1632,1,1,25.0,25.0,25.0
Qwen_Qwen3-32B,Masculinity,1632,1,2,25.0,25.0,25.0
Qwen_Qwen3-32B,Masculinity,1632,1,3,25.0,25.0,25.0
Qwen_Qwen3-32B,Masculinity,1633,1,1,50.0,50.0,75.0
Qwen_Qwen3-32B,Masculinity,1633,1,2,50.0,50.0,50.0
Qwen_Qwen3-32B,Masculinity,1633,1,3,50.0,75.0,75.0
Qwen_Qwen3-32B,Masculinity,1634,1,1,100.0,25.0,100.0
Qwen_Qwen3-32B,Masculinity,1634,1,2,100.0,100.0,50.0
Qwen_Qwen3-32B,Masculinity,1634,1,3,100.0,25.0,50.0
Qwen_Qwen3-32B,Masculinity,1641,1,1,75.0,0.0,0.0
Qwen_Qwen3-32B,Masculinity,1641,1,2,75.0,0.0,75.0
Qwen_Qwen3-32B,Masculinity,1641,1,3,75.0,75.0,75.0
Qwen_Qwen3-32B,Masculinity,1644,1,1,50.0,50.0,50.0
Qwen_Qwen3-32B,Masculinity,1644,1,2,50.0,50.0,50.0
Qwen_Qwen3-32B,Masculinity,1644,1,3,50.0,50.0,50.0
Qwen_Qwen3-32B,Masculinity,1646,1,1,100.0,75.0,25.0
Qwen_Qwen3-32B,Masculinity,1646,1,2,100.0,75.0,75.0
Qwen_Qwen3-32B,Masculinity,1646,1,3,100.0,75.0,25.0
Qwen_Qwen3-32B,Masculinity,1654,1,1,75.0,75.0,75.0
Qwen_Qwen3-32B,Masculinity,1654,1,2,75.0,75.0,75.0
Qwen_Qwen3-32B,Masculinity,1654,1,3,75.0,75.0,75.0
Qwen_Qwen3-32B,Masculinity,1656,1,1,50.0,50.0,50.0
Qwen_Qwen3-32B,Masculinity,1656,1,2,50.0,50.0,50.0
Qwen_Qwen3-32B,Masculinity,1656,1,3,50.0,50.0,75.0
Qwen_Qwen3-32B,Masculinity,1657,1,1,50.0,50.0,50.0
Qwen_Qwen3-32B,Masculinity,1657,1,2,50.0,50.0,50.0
Qwen_Qwen3-32B,Masculinity,1657,1,3,50.0,50.0,50.0
Qwen_Qwen3-32B,Masculinity,1659,1,1,50.0,75.0,75.0
Qwen_Qwen3-32B,Masculinity,1659,1,2,50.0,75.0,50.0
Qwen_Qwen3-32B,Masculinity,1659,1,3,50.0,50.0,75.0
Qwen_Qwen3-32B,Masculinity,1660,1,1,75.0,50.0,75.0
Qwen_Qwen3-32B,Masculinity,1660,1,2,75.0,50.0,50.0
Qwen_Qwen3-32B,Masculinity,1660,1,3,75.0,50.0,50.0
Qwen_Qwen3-32B,Masculinity,1661,1,1,100.0,100.0,100.0
Qwen_Qwen3-32B,Masculinity,1661,1,2,100.0,100.0,100.0
Qwen_Qwen3-32B,Masculinity,1661,1,3,100.0,100.0,100.0
Qwen_Qwen3-32B,Masculinity,1663,1,1,50.0,50.0,50.0
Qwen_Qwen3-32B,Masculinity,1663,1,2,50.0,50.0,100.0
Qwen_Qwen3-32B,Masculinity,1663,1,3,50.0,50.0,75.0
Qwen_Qwen3-32B,Masculinity,1664,1,1,50.0,50.0,50.0
Qwen_Qwen3-32B,Masculinity,1664,1,2,50.0,50.0,0.0
Qwen_Qwen3-32B,Masculinity,1664,1,3,50.0,50.0,50.0
Qwen_Qwen3-32B,Masculinity,1668,1,1,50.0,50.0,100.0
Qwen_Qwen3-32B,Masculinity,1668,1,2,50.0,50.0,100.0
Qwen_Qwen3-32B,Masculinity,1668,1,3,50.0,50.0,100.0
Qwen_Qwen3-32B,Masculinity,1670,1,1,50.0,50.0,25.0
Qwen_Qwen3-32B,Masculinity,1670,1,2,50.0,50.0,50.0
Qwen_Qwen3-32B,Masculinity,1670,1,3,50.0,50.0,25.0
Qwen_Qwen3-32B,Masculinity,1671,1,1,75.0,75.0,75.0
Qwen_Qwen3-32B,Masculinity,1671,1,2,75.0,75.0,75.0
Qwen_Qwen3-32B,Masculinity,1671,1,3,75.0,75.0,75.0
Qwen_Qwen3-32B,Masculinity,1672,1,1,25.0,50.0,75.0
Qwen_Qwen3-32B,Masculinity,1672,1,2,25.0,75.0,75.0
Qwen_Qwen3-32B,Masculinity,1672,1,3,25.0,75.0,50.0
Qwen_Qwen3-32B,Masculinity,1673,1,1,100.0,75.0,50.0
Qwen_Qwen3-32B,Masculinity,1673,1,2,100.0,100.0,100.0
Qwen_Qwen3-32B,Masculinity,1673,1,3,100.0,100.0,75.0
Qwen_Qwen3-32B,Masculinity,1677,1,1,50.0,75.0,25.0
Qwen_Qwen3-32B,Masculinity,1677,1,2,50.0,50.0,50.0
Qwen_Qwen3-32B,Masculinity,1677,1,3,50.0,25.0,100.0
Qwen_Qwen3-32B,Masculinity,1678,1,1,75.0,50.0,50.0
Qwen_Qwen3-32B,Masculinity,1678,1,2,75.0,50.0,25.0
Qwen_Qwen3-32B,Masculinity,1678,1,3,75.0,50.0,50.0
Qwen_Qwen3-32B,Masculinity,1679,1,1,50.0,100.0,25.0
Qwen_Qwen3-32B,Masculinity,1679,1,2,50.0,100.0,50.0
Qwen_Qwen3-32B,Masculinity,1679,1,3,50.0,50.0,0.0
Qwen_Qwen3-32B,Masculinity,1681,1,1,75.0,75.0,50.0
Qwen_Qwen3-32B,Masculinity,1681,1,2,75.0,50.0,50.0
Qwen_Qwen3-32B,Masculinity,1681,1,3,75.0,50.0,50.0
Qwen_Qwen3-32B,Masculinity,1682,1,1,50.0,50.0,50.0
Qwen_Qwen3-32B,Masculinity,1682,1,2,50.0,50.0,50.0
Qwen_Qwen3-32B,Masculinity,1682,1,3,50.0,50.0,50.0
Qwen_Qwen3-32B,Masculinity,1683,1,1,25.0,25.0,50.0
Qwen_Qwen3-32B,Masculinity,1683,1,2,25.0,50.0,50.0
Qwen_Qwen3-32B,Masculinity,1683,1,3,25.0,50.0,75.0
Qwen_Qwen3-32B,Masculinity,1685,1,1,75.0,75.0,75.0
Qwen_Qwen3-32B,Masculinity,1685,1,2,75.0,75.0,75.0
Qwen_Qwen3-32B,Masculinity,1685,1,3,75.0,75.0,75.0
Qwen_Qwen3-32B,Masculinity,1692,1,1,75.0,50.0,50.0
Qwen_Qwen3-32B,Masculinity,1692,1,2,75.0,50.0,75.0
Qwen_Qwen3-32B,Masculinity,1692,1,3,75.0,50.0,75.0
Qwen_Qwen3-32B,Power_Distance,1911,1,1,50.0,50.0,50.0
Qwen_Qwen3-32B,Power_Distance,1911,1,2,50.0,50.0,50.0
Qwen_Qwen3-32B,Power_Distance,1911,1,3,50.0,50.0,50.0
Qwen_Qwen3-32B,Power_Distance,1912,1,1,50.0,50.0,50.0
Qwen_Qwen3-32B,Power_Distance,1912,1,2,50.0,25.0,50.0
Qwen_Qwen3-32B,Power_Distance,1912,1,3,50.0,50.0,50.0
Qwen_Qwen3-32B,Power_Distance,1913,1,1,50.0,50.0,50.0
Qwen_Qwen3-32B,Power_Distance,1913,1,2,50.0,50.0,25.0
Qwen_Qwen3-32B,Power_Distance,1913,1,3,50.0,50.0,25.0
Qwen_Qwen3-32B,Power_Distance,1914,1,1,25.0,25.0,0.0
Qwen_Qwen3-32B,Power_Distance,1914,1,2,25.0,50.0,25.0
Qwen_Qwen3-32B,Power_Distance,1914,1,3,25.0,25.0,50.0
Qwen_Qwen3-32B,Power_Distance,1915,1,1,50.0,50.0,50.0
Qwen_Qwen3-32B,Power_Distance,1915,1,2,50.0,50.0,50.0
Qwen_Qwen3-32B,Power_Distance,1915,1,3,50.0,50.0,50.0
Qwen_Qwen3-32B,Power_Distance,1916,1,1,0.0,0.0,25.0
Qwen_Qwen3-32B,Power_Distance,1916,1,2,0.0,0.0,0.0
Qwen_Qwen3-32B,Power_Distance,1916,1,3,0.0,0.0,0.0
Qwen_Qwen3-32B,Power_Distance,1917,1,1,25.0,25.0,25.0
Qwen_Qwen3-32B,Power_Distance,1917,1,2,25.0,25.0,50.0
Qwen_Qwen3-32B,Power_Distance,1917,1,3,25.0,25.0,25.0
Qwen_Qwen3-32B,Power_Distance,1919,1,1,25.0,25.0,25.0
Qwen_Qwen3-32B,Power_Distance,1919,1,2,25.0,25.0,25.0
Qwen_Qwen3-32B,Power_Distance,1919,1,3,25.0,25.0,25.0
Qwen_Qwen3-32B,Power_Distance,1920,1,1,25.0,50.0,25.0
Qwen_Qwen3-32B,Power_Distance,1920,1,2,25.0,25.0,25.0
Qwen_Qwen3-32B,Power_Distance,1920,1,3,25.0,25.0,25.0
Qwen_Qwen3-32B,Power_Distance,1921,1,1,25.0,25.0,25.0
Qwen_Qwen3-32B,Power_Distance,1921,1,2,25.0,25.0,25.0
Qwen_Qwen3-32B,Power_Distance,1921,1,3,25.0,25.0,25.0
Qwen_Qwen3-32B,Power_Distance,1922,1,1,25.0,25.0,25.0
Qwen_Qwen3-32B,Power_Distance,1922,1,2,25.0,25.0,25.0
Qwen_Qwen3-32B,Power_Distance,1922,1,3,25.0,25.0,25.0
Qwen_Qwen3-32B,Power_Distance,1923,1,1,25.0,25.0,50.0
Qwen_Qwen3-32B,Power_Distance,1923,1,2,25.0,25.0,25.0
Qwen_Qwen3-32B,Power_Distance,1923,1,3,25.0,25.0,25.0
Qwen_Qwen3-32B,Power_Distance,1924,1,1,50.0,50.0,50.0
Qwen_Qwen3-32B,Power_Distance,1924,1,2,50.0,50.0,50.0
Qwen_Qwen3-32B,Power_Distance,1924,1,3,50.0,0.0,0.0
Qwen_Qwen3-32B,Power_Distance,1926,1,1,75.0,75.0,75.0
Qwen_Qwen3-32B,Power_Distance,1926,1,2,75.0,75.0,75.0
Qwen_Qwen3-32B,Power_Distance,1926,1,3,75.0,75.0,50.0
Qwen_Qwen3-32B,Power_Distance,1928,1,1,50.0,25.0,50.0
Qwen_Qwen3-32B,Power_Distance,1928,1,2,50.0,50.0,50.0
Qwen_Qwen3-32B,Power_Distance,1928,1,3,50.0,50.0,50.0
Qwen_Qwen3-32B,Power_Distance,1930,1,1,25.0,25.0,25.0
Qwen_Qwen3-32B,Power_Distance,1930,1,2,25.0,25.0,50.0
Qwen_Qwen3-32B,Power_Distance,1930,1,3,25.0,25.0,25.0
Qwen_Qwen3-32B,Power_Distance,1931,1,1,25.0,25.0,25.0
Qwen_Qwen3-32B,Power_Distance,1931,1,2,25.0,25.0,25.0
Qwen_Qwen3-32B,Power_Distance,1931,1,3,25.0,25.0,25.0
Qwen_Qwen3-32B,Power_Distance,1932,1,1,50.0,75.0,50.0
Qwen_Qwen3-32B,Power_Distance,1932,1,2,50.0,75.0,75.0
Qwen_Qwen3-32B,Power_Distance,1932,1,3,50.0,75.0,50.0
Qwen_Qwen3-32B,Power_Distance,1934,1,1,50.0,50.0,75.0
Qwen_Qwen3-32B,Power_Distance,1934,1,2,50.0,50.0,75.0
Qwen_Qwen3-32B,Power_Distance,1934,1,3,50.0,50.0,50.0
Qwen_Qwen3-32B,Power_Distance,1935,1,1,25.0,25.0,0.0
Qwen_Qwen3-32B,Power_Distance,1935,1,2,25.0,25.0,0.0
Qwen_Qwen3-32B,Power_Distance,1935,1,3,25.0,25.0,0.0
Qwen_Qwen3-32B,Power_Distance,1936,1,1,25.0,25.0,25.0
Qwen_Qwen3-32B,Power_Distance,1936,1,2,25.0,25.0,75.0
Qwen_Qwen3-32B,Power_Distance,1936,1,3,25.0,25.0,25.0
Qwen_Qwen3-32B,Power_Distance,1940,1,1,50.0,25.0,25.0
Qwen_Qwen3-32B,Power_Distance,1940,1,2,50.0,25.0,25.0
Qwen_Qwen3-32B,Power_Distance,1940,1,3,50.0,25.0,25.0
Qwen_Qwen3-32B,Power_Distance,1941,1,1,50.0,50.0,50.0
Qwen_Qwen3-32B,Power_Distance,1941,1,2,50.0,50.0,50.0
Qwen_Qwen3-32B,Power_Distance,1941,1,3,50.0,50.0,50.0
Qwen_Qwen3-32B,Power_Distance,1942,1,1,25.0,25.0,50.0
Qwen_Qwen3-32B,Power_Distance,1942,1,2,25.0,25.0,25.0
Qwen_Qwen3-32B,Power_Distance,1942,1,3,25.0,25.0,25.0
Qwen_Qwen3-32B,Power_Distance,1943,1,1,25.0,25.0,25.0
Qwen_Qwen3-32B,Power_Distance,1943,1,2,25.0,25.0,25.0
Qwen_Qwen3-32B,Power_Distance,1943,1,3,25.0,25.0,25.0
Qwen_Qwen3-32B,Power_Distance,1944,1,1,50.0,50.0,25.0
Qwen_Qwen3-32B,Power_Distance,1944,1,2,50.0,50.0,25.0
Qwen_Qwen3-32B,Power_Distance,1944,1,3,50.0,50.0,50.0
Qwen_Qwen3-32B,Power_Distance,1946,1,1,50.0,50.0,50.0
Qwen_Qwen3-32B,Power_Distance,1946,1,2,50.0,50.0,50.0
Qwen_Qwen3-32B,Power_Distance,1946,1,3,50.0,25.0,25.0
Qwen_Qwen3-32B,Power_Distance,1947,1,1,25.0,25.0,25.0
Qwen_Qwen3-32B,Power_Distance,1947,1,2,25.0,50.0,50.0
Qwen_Qwen3-32B,Power_Distance,1947,1,3,25.0,50.0,25.0
Qwen_Qwen3-32B,Power_Distance,1948,1,1,100.0,50.0,50.0
Qwen_Qwen3-32B,Power_Distance,1948,1,2,100.0,50.0,50.0
Qwen_Qwen3-32B,Power_Distance,1948,1,3,100.0,50.0,50.0
Qwen_Qwen3-32B,Power_Distance,1949,1,1,50.0,50.0,50.0
Qwen_Qwen3-32B,Power_Distance,1949,1,2,50.0,50.0,50.0
Qwen_Qwen3-32B,Power_Distance,1949,1,3,50.0,50.0,50.0
Qwen_Qwen3-32B,Power_Distance,1950,1,1,25.0,50.0,25.0
Qwen_Qwen3-32B,Power_Distance,1950,1,2,25.0,50.0,50.0
Qwen_Qwen3-32B,Power_Distance,1950,1,3,25.0,25.0,50.0
Qwen_Qwen3-32B,Power_Distance,1952,1,1,25.0,25.0,25.0
Qwen_Qwen3-32B,Power_Distance,1952,1,2,25.0,25.0,25.0
Qwen_Qwen3-32B,Power_Distance,1952,1,3,25.0,25.0,25.0
Qwen_Qwen3-32B,Power_Distance,1953,1,1,25.0,25.0,25.0
Qwen_Qwen3-32B,Power_Distance,1953,1,2,25.0,25.0,25.0
Qwen_Qwen3-32B,Power_Distance,1953,1,3,25.0,0.0,25.0
Qwen_Qwen3-32B,Power_Distance,1954,1,1,25.0,25.0,25.0
Qwen_Qwen3-32B,Power_Distance,1954,1,2,25.0,25.0,25.0
Qwen_Qwen3-32B,Power_Distance,1954,1,3,25.0,25.0,25.0
Qwen_Qwen3-32B,Power_Distance,1957,1,1,25.0,25.0,25.0
Qwen_Qwen3-32B,Power_Distance,1957,1,2,25.0,25.0,25.0
Qwen_Qwen3-32B,Power_Distance,1957,1,3,25.0,25.0,25.0
Qwen_Qwen3-32B,Power_Distance,1959,1,1,100.0,100.0,100.0
Qwen_Qwen3-32B,Power_Distance,1959,1,2,100.0,50.0,50.0
Qwen_Qwen3-32B,Power_Distance,1959,1,3,100.0,50.0,100.0
Qwen_Qwen3-32B,Power_Distance,1960,1,1,50.0,25.0,25.0
Qwen_Qwen3-32B,Power_Distance,1960,1,2,50.0,25.0,25.0
Qwen_Qwen3-32B,Power_Distance,1960,1,3,50.0,25.0,25.0
Qwen_Qwen3-32B,Power_Distance,1961,1,1,50.0,25.0,50.0
Qwen_Qwen3-32B,Power_Distance,1961,1,2,50.0,50.0,25.0
Qwen_Qwen3-32B,Power_Distance,1961,1,3,50.0,50.0,50.0
Qwen_Qwen3-32B,Power_Distance,1964,1,1,25.0,25.0,25.0
Qwen_Qwen3-32B,Power_Distance,1964,1,2,25.0,25.0,25.0
Qwen_Qwen3-32B,Power_Distance,1964,1,3,25.0,25.0,25.0
Qwen_Qwen3-32B,Power_Distance,1965,1,1,25.0,25.0,25.0
Qwen_Qwen3-32B,Power_Distance,1965,1,2,25.0,25.0,25.0
Qwen_Qwen3-32B,Power_Distance,1965,1,3,25.0,25.0,25.0
Qwen_Qwen3-32B,Power_Distance,1966,1,1,50.0,50.0,50.0
Qwen_Qwen3-32B,Power_Distance,1966,1,2,50.0,50.0,50.0
Qwen_Qwen3-32B,Power_Distance,1966,1,3,50.0,50.0,50.0
Qwen_Qwen3-32B,Power_Distance,1967,1,1,50.0,50.0,50.0
Qwen_Qwen3-32B,Power_Distance,1967,1,2,50.0,50.0,50.0
Qwen_Qwen3-32B,Power_Distance,1967,1,3,50.0,50.0,50.0
Qwen_Qwen3-32B,Power_Distance,1968,1,1,50.0,25.0,50.0
Qwen_Qwen3-32B,Power_Distance,1968,1,2,50.0,50.0,25.0
Qwen_Qwen3-32B,Power_Distance,1968,1,3,50.0,50.0,25.0
Qwen_Qwen3-32B,Power_Distance,1969,1,1,25.0,25.0,25.0
Qwen_Qwen3-32B,Power_Distance,1969,1,2,25.0,25.0,25.0
Qwen_Qwen3-32B,Power_Distance,1969,1,3,25.0,25.0,25.0
Qwen_Qwen3-32B,Power_Distance,1970,1,1,25.0,25.0,25.0
Qwen_Qwen3-32B,Power_Distance,1970,1,2,25.0,25.0,0.0
Qwen_Qwen3-32B,Power_Distance,1970,1,3,25.0,25.0,25.0
Qwen_Qwen3-32B,Power_Distance,1971,1,1,50.0,50.0,25.0
Qwen_Qwen3-32B,Power_Distance,1971,1,2,50.0,50.0,50.0
Qwen_Qwen3-32B,Power_Distance,1971,1,3,50.0,25.0,50.0
Qwen_Qwen3-32B,Power_Distance,1974,1,1,50.0,50.0,25.0
Qwen_Qwen3-32B,Power_Distance,1974,1,2,50.0,50.0,50.0
Qwen_Qwen3-32B,Power_Distance,1974,1,3,50.0,50.0,50.0
Qwen_Qwen3-32B,Power_Distance,1975,1,1,25.0,25.0,25.0
Qwen_Qwen3-32B,Power_Distance,1975,1,2,25.0,25.0,25.0
Qwen_Qwen3-32B,Power_Distance,1975,1,3,25.0,25.0,50.0
Qwen_Qwen3-32B,Power_Distance,1976,1,1,25.0,25.0,25.0
Qwen_Qwen3-32B,Power_Distance,1976,1,2,25.0,25.0,25.0
Qwen_Qwen3-32B,Power_Distance,1976,1,3,25.0,25.0,25.0
Qwen_Qwen3-32B,Power_Distance,1977,1,1,25.0,50.0,25.0
Qwen_Qwen3-32B,Power_Distance,1977,1,2,25.0,50.0,50.0
Qwen_Qwen3-32B,Power_Distance,1977,1,3,25.0,50.0,50.0
Qwen_Qwen3-32B,Power_Distance,1978,1,1,25.0,25.0,25.0
Qwen_Qwen3-32B,Power_Distance,1978,1,2,25.0,25.0,25.0
Qwen_Qwen3-32B,Power_Distance,1978,1,3,25.0,25.0,25.0
Qwen_Qwen3-32B,Power_Distance,1979,1,1,50.0,50.0,50.0
Qwen_Qwen3-32B,Power_Distance,1979,1,2,50.0,50.0,50.0
Qwen_Qwen3-32B,Power_Distance,1979,1,3,50.0,50.0,50.0
Qwen_Qwen3-32B,Power_Distance,1981,1,1,25.0,25.0,25.0
Qwen_Qwen3-32B,Power_Distance,1981,1,2,25.0,25.0,0.0
Qwen_Qwen3-32B,Power_Distance,1981,1,3,25.0,25.0,25.0
Qwen_Qwen3-32B,Power_Distance,1983,1,1,50.0,50.0,50.0
Qwen_Qwen3-32B,Power_Distance,1983,1,2,50.0,50.0,50.0
Qwen_Qwen3-32B,Power_Distance,1983,1,3,50.0,75.0,50.0
Qwen_Qwen3-32B,Power_Distance,1984,1,1,50.0,50.0,50.0
Qwen_Qwen3-32B,Power_Distance,1984,1,2,50.0,50.0,50.0
Qwen_Qwen3-32B,Power_Distance,1984,1,3,50.0,50.0,50.0
Qwen_Qwen3-32B,Power_Distance,1985,1,1,25.0,25.0,25.0
Qwen_Qwen3-32B,Power_Distance,1985,1,2,25.0,25.0,25.0
Qwen_Qwen3-32B,Power_Distance,1985,1,3,25.0,25.0,25.0
Qwen_Qwen3-32B,Power_Distance,1987,1,1,50.0,50.0,50.0
Qwen_Qwen3-32B,Power_Distance,1987,1,2,50.0,50.0,50.0
Qwen_Qwen3-32B,Power_Distance,1987,1,3,50.0,50.0,50.0
Qwen_Qwen3-32B,Power_Distance,1988,1,1,50.0,50.0,50.0
Qwen_Qwen3-32B,Power_Distance,1988,1,2,50.0,50.0,50.0
Qwen_Qwen3-32B,Power_Distance,1988,1,3,50.0,50.0,50.0
Qwen_Qwen3-32B,Power_Distance,1989,1,1,25.0,25.0,25.0
Qwen_Qwen3-32B,Power_Distance,1989,1,2,25.0,25.0,25.0
Qwen_Qwen3-32B,Power_Distance,1989,1,3,25.0,25.0,25.0
Qwen_Qwen3-32B,Power_Distance,1990,1,1,50.0,50.0,50.0
Qwen_Qwen3-32B,Power_Distance,1990,1,2,50.0,50.0,50.0
Qwen_Qwen3-32B,Power_Distance,1990,1,3,50.0,25.0,50.0
Qwen_Qwen3-32B,Power_Distance,1991,1,1,25.0,25.0,25.0
Qwen_Qwen3-32B,Power_Distance,1991,1,2,25.0,50.0,25.0
Qwen_Qwen3-32B,Power_Distance,1991,1,3,25.0,25.0,25.0
Qwen_Qwen3-32B,Power_Distance,1993,1,1,25.0,25.0,25.0
Qwen_Qwen3-32B,Power_Distance,1993,1,2,25.0,25.0,25.0
Qwen_Qwen3-32B,Power_Distance,1993,1,3,25.0,25.0,25.0
Qwen_Qwen3-32B,Power_Distance,1994,1,1,0.0,25.0,0.0
Qwen_Qwen3-32B,Power_Distance,1994,1,2,0.0,25.0,0.0
Qwen_Qwen3-32B,Power_Distance,1994,1,3,0.0,0.0,25.0
Qwen_Qwen3-32B,Power_Distance,1995,1,1,25.0,50.0,25.0
Qwen_Qwen3-32B,Power_Distance,1995,1,2,25.0,25.0,75.0
Qwen_Qwen3-32B,Power_Distance,1995,1,3,25.0,25.0,25.0
Qwen_Qwen3-32B,Power_Distance,1999,1,1,0.0,0.0,25.0
Qwen_Qwen3-32B,Power_Distance,1999,1,2,0.0,0.0,0.0
Qwen_Qwen3-32B,Power_Distance,1999,1,3,0.0,0.0,0.0
Qwen_Qwen3-32B,Power_Distance,2000,1,1,0.0,0.0,0.0
Qwen_Qwen3-32B,Power_Distance,2000,1,2,0.0,0.0,0.0
Qwen_Qwen3-32B,Power_Distance,2000,1,3,0.0,0.0,25.0
Qwen_Qwen3-32B,Power_Distance,2001,1,1,75.0,75.0,75.0
Qwen_Qwen3-32B,Power_Distance,2001,1,2,75.0,75.0,75.0
Qwen_Qwen3-32B,Power_Distance,2001,1,3,75.0,75.0,75.0
Qwen_Qwen3-32B,Power_Distance,2002,1,1,25.0,50.0,25.0
Qwen_Qwen3-32B,Power_Distance,2002,1,2,25.0,25.0,25.0
Qwen_Qwen3-32B,Power_Distance,2002,1,3,25.0,50.0,50.0
Qwen_Qwen3-32B,Power_Distance,2003,1,1,0.0,0.0,50.0
Qwen_Qwen3-32B,Power_Distance,2003,1,2,0.0,50.0,0.0
Qwen_Qwen3-32B,Power_Distance,2003,1,3,0.0,0.0,0.0
Qwen_Qwen3-32B,Power_Distance,2004,1,1,50.0,50.0,50.0
Qwen_Qwen3-32B,Power_Distance,2004,1,2,50.0,50.0,50.0
Qwen_Qwen3-32B,Power_Distance,2004,1,3,50.0,50.0,25.0
Qwen_Qwen3-32B,Power_Distance,2005,1,1,50.0,50.0,25.0
Qwen_Qwen3-32B,Power_Distance,2005,1,2,50.0,25.0,25.0
Qwen_Qwen3-32B,Power_Distance,2005,1,3,50.0,25.0,25.0
Qwen_Qwen3-32B,Power_Distance,2006,1,1,50.0,50.0,50.0
Qwen_Qwen3-32B,Power_Distance,2006,1,2,50.0,50.0,50.0
Qwen_Qwen3-32B,Power_Distance,2006,1,3,50.0,25.0,50.0
Qwen_Qwen3-32B,Power_Distance,2007,1,1,25.0,0.0,25.0
Qwen_Qwen3-32B,Power_Distance,2007,1,2,25.0,25.0,25.0
Qwen_Qwen3-32B,Power_Distance,2007,1,3,25.0,0.0,25.0
Qwen_Qwen3-32B,Power_Distance,2008,1,1,25.0,25.0,50.0
Qwen_Qwen3-32B,Power_Distance,2008,1,2,25.0,25.0,25.0
Qwen_Qwen3-32B,Power_Distance,2008,1,3,25.0,50.0,25.0
Qwen_Qwen3-32B,Power_Distance,2010,1,1,25.0,25.0,25.0
Qwen_Qwen3-32B,Power_Distance,2010,1,2,25.0,25.0,25.0
Qwen_Qwen3-32B,Power_Distance,2010,1,3,25.0,25.0,25.0
Qwen_Qwen3-32B,Power_Distance,2011,1,1,50.0,50.0,50.0
Qwen_Qwen3-32B,Power_Distance,2011,1,2,50.0,50.0,50.0
Qwen_Qwen3-32B,Power_Distance,2011,1,3,50.0,50.0,50.0
Qwen_Qwen3-32B,Power_Distance,2012,1,1,50.0,25.0,50.0
Qwen_Qwen3-32B,Power_Distance,2012,1,2,50.0,50.0,50.0
Qwen_Qwen3-32B,Power_Distance,2012,1,3,50.0,50.0,50.0
Qwen_Qwen3-32B,Power_Distance,2013,1,1,0.0,50.0,50.0
Qwen_Qwen3-32B,Power_Distance,2013,1,2,0.0,25.0,0.0
Qwen_Qwen3-32B,Power_Distance,2013,1,3,0.0,75.0,0.0
Qwen_Qwen3-32B,Power_Distance,2014,1,1,25.0,25.0,25.0
Qwen_Qwen3-32B,Power_Distance,2014,1,2,25.0,25.0,25.0
Qwen_Qwen3-32B,Power_Distance,2014,1,3,25.0,25.0,25.0
Qwen_Qwen3-32B,Power_Distance,2015,1,1,50.0,50.0,50.0
Qwen_Qwen3-32B,Power_Distance,2015,1,2,50.0,50.0,50.0
Qwen_Qwen3-32B,Power_Distance,2015,1,3,50.0,25.0,25.0
Qwen_Qwen3-32B,Power_Distance,2016,1,1,50.0,0.0,25.0
Qwen_Qwen3-32B,Power_Distance,2016,1,2,50.0,0.0,50.0
Qwen_Qwen3-32B,Power_Distance,2016,1,3,50.0,25.0,50.0
Qwen_Qwen3-32B,Power_Distance,2017,1,1,25.0,25.0,50.0
Qwen_Qwen3-32B,Power_Distance,2017,1,2,25.0,25.0,25.0
Qwen_Qwen3-32B,Power_Distance,2017,1,3,25.0,25.0,25.0
Qwen_Qwen3-32B,Power_Distance,2018,1,1,25.0,25.0,25.0
Qwen_Qwen3-32B,Power_Distance,2018,1,2,25.0,25.0,25.0
Qwen_Qwen3-32B,Power_Distance,2018,1,3,25.0,25.0,25.0
Qwen_Qwen3-32B,Power_Distance,2024,1,1,50.0,25.0,50.0
Qwen_Qwen3-32B,Power_Distance,2024,1,2,50.0,25.0,50.0
Qwen_Qwen3-32B,Power_Distance,2024,1,3,50.0,50.0,50.0
Qwen_Qwen3-32B,Power_Distance,2025,1,1,50.0,50.0,50.0
Qwen_Qwen3-32B,Power_Distance,2025,1,2,50.0,50.0,50.0
Qwen_Qwen3-32B,Power_Distance,2025,1,3,50.0,25.0,50.0
Qwen_Qwen3-32B,Power_Distance,2026,1,1,50.0,50.0,50.0
Qwen_Qwen3-32B,Power_Distance,2026,1,2,50.0,50.0,25.0
Qwen_Qwen3-32B,Power_Distance,2026,1,3,50.0,25.0,50.0
Qwen_Qwen3-32B,Power_Distance,2027,1,1,0.0,25.0,25.0
Qwen_Qwen3-32B,Power_Distance,2027,1,2,0.0,0.0,0.0
Qwen_Qwen3-32B,Power_Distance,2027,1,3,0.0,25.0,25.0
Qwen_Qwen3-32B,Power_Distance,2030,1,1,25.0,25.0,25.0
Qwen_Qwen3-32B,Power_Distance,2030,1,2,25.0,25.0,75.0
Qwen_Qwen3-32B,Power_Distance,2030,1,3,25.0,25.0,0.0
Qwen_Qwen3-32B,Power_Distance,2031,1,1,50.0,50.0,25.0
Qwen_Qwen3-32B,Power_Distance,2031,1,2,50.0,25.0,25.0
Qwen_Qwen3-32B,Power_Distance,2031,1,3,50.0,25.0,25.0
Qwen_Qwen3-32B,Power_Distance,2033,1,1,25.0,25.0,50.0
Qwen_Qwen3-32B,Power_Distance,2033,1,2,25.0,25.0,50.0
Qwen_Qwen3-32B,Power_Distance,2033,1,3,25.0,25.0,50.0
Qwen_Qwen3-32B,Power_Distance,2034,1,1,25.0,25.0,25.0
Qwen_Qwen3-32B,Power_Distance,2034,1,2,25.0,25.0,25.0
Qwen_Qwen3-32B,Power_Distance,2034,1,3,25.0,25.0,25.0
Qwen_Qwen3-32B,Power_Distance,2035,1,1,75.0,75.0,75.0
Qwen_Qwen3-32B,Power_Distance,2035,1,2,75.0,75.0,75.0
Qwen_Qwen3-32B,Power_Distance,2035,1,3,75.0,75.0,100.0
Qwen_Qwen3-32B,Power_Distance,2036,1,1,0.0,0.0,50.0
Qwen_Qwen3-32B,Power_Distance,2036,1,2,0.0,0.0,50.0
Qwen_Qwen3-32B,Power_Distance,2036,1,3,0.0,50.0,25.0
Qwen_Qwen3-32B,Power_Distance,2039,1,1,25.0,0.0,50.0
Qwen_Qwen3-32B,Power_Distance,2039,1,2,25.0,0.0,50.0
Qwen_Qwen3-32B,Power_Distance,2039,1,3,25.0,0.0,50.0
Qwen_Qwen3-32B,Power_Distance,2040,1,1,50.0,25.0,50.0
Qwen_Qwen3-32B,Power_Distance,2040,1,2,50.0,50.0,50.0
Qwen_Qwen3-32B,Power_Distance,2040,1,3,50.0,50.0,50.0
Qwen_Qwen3-32B,Power_Distance,2043,1,1,50.0,50.0,50.0
Qwen_Qwen3-32B,Power_Distance,2043,1,2,50.0,50.0,50.0
Qwen_Qwen3-32B,Power_Distance,2043,1,3,50.0,50.0,50.0
Qwen_Qwen3-32B,Power_Distance,2045,1,1,25.0,25.0,25.0
Qwen_Qwen3-32B,Power_Distance,2045,1,2,25.0,25.0,25.0
Qwen_Qwen3-32B,Power_Distance,2045,1,3,25.0,25.0,25.0
Qwen_Qwen3-32B,Power_Distance,2046,1,1,50.0,25.0,25.0
Qwen_Qwen3-32B,Power_Distance,2046,1,2,50.0,25.0,25.0
Qwen_Qwen3-32B,Power_Distance,2046,1,3,50.0,25.0,25.0
Qwen_Qwen3-32B,Power_Distance,2050,1,1,25.0,25.0,25.0
Qwen_Qwen3-32B,Power_Distance,2050,1,2,25.0,25.0,25.0
Qwen_Qwen3-32B,Power_Distance,2050,1,3,25.0,25.0,25.0
Qwen_Qwen3-32B,Power_Distance,2051,1,1,25.0,50.0,50.0
Qwen_Qwen3-32B,Power_Distance,2051,1,2,25.0,25.0,50.0
Qwen_Qwen3-32B,Power_Distance,2051,1,3,25.0,50.0,25.0
Qwen_Qwen3-32B,Power_Distance,2053,1,1,25.0,50.0,25.0
Qwen_Qwen3-32B,Power_Distance,2053,1,2,25.0,50.0,50.0
Qwen_Qwen3-32B,Power_Distance,2053,1,3,25.0,25.0,50.0
Qwen_Qwen3-32B,Power_Distance,2054,1,1,75.0,75.0,25.0
Qwen_Qwen3-32B,Power_Distance,2054,1,2,75.0,75.0,75.0
Qwen_Qwen3-32B,Power_Distance,2054,1,3,75.0,75.0,25.0
Qwen_Qwen3-32B,Power_Distance,2055,1,1,25.0,0.0,25.0
Qwen_Qwen3-32B,Power_Distance,2055,1,2,25.0,0.0,0.0
Qwen_Qwen3-32B,Power_Distance,2055,1,3,25.0,25.0,0.0
Qwen_Qwen3-32B,Power_Distance,2056,1,1,25.0,25.0,25.0
Qwen_Qwen3-32B,Power_Distance,2056,1,2,25.0,25.0,25.0
Qwen_Qwen3-32B,Power_Distance,2056,1,3,25.0,25.0,25.0
Qwen_Qwen3-32B,Power_Distance,2057,1,1,25.0,25.0,50.0
Qwen_Qwen3-32B,Power_Distance,2057,1,2,25.0,25.0,25.0
Qwen_Qwen3-32B,Power_Distance,2057,1,3,25.0,50.0,50.0
Qwen_Qwen3-32B,Power_Distance,2058,1,1,75.0,50.0,100.0
Qwen_Qwen3-32B,Power_Distance,2058,1,2,75.0,50.0,100.0
Qwen_Qwen3-32B,Power_Distance,2058,1,3,75.0,100.0,50.0
Qwen_Qwen3-32B,Power_Distance,2059,1,1,50.0,25.0,50.0
Qwen_Qwen3-32B,Power_Distance,2059,1,2,50.0,50.0,50.0
Qwen_Qwen3-32B,Power_Distance,2059,1,3,50.0,50.0,50.0
Qwen_Qwen3-32B,Power_Distance,2060,1,1,50.0,50.0,50.0
Qwen_Qwen3-32B,Power_Distance,2060,1,2,50.0,50.0,50.0
Qwen_Qwen3-32B,Power_Distance,2060,1,3,50.0,50.0,0.0
Qwen_Qwen3-32B,Power_Distance,2061,1,1,75.0,75.0,75.0
Qwen_Qwen3-32B,Power_Distance,2061,1,2,75.0,75.0,75.0
Qwen_Qwen3-32B,Power_Distance,2061,1,3,75.0,75.0,75.0
Qwen_Qwen3-32B,Power_Distance,2062,1,1,50.0,50.0,50.0
Qwen_Qwen3-32B,Power_Distance,2062,1,2,50.0,50.0,25.0
Qwen_Qwen3-32B,Power_Distance,2062,1,3,50.0,25.0,50.0
Qwen_Qwen3-32B,Power_Distance,2063,1,1,50.0,25.0,50.0
Qwen_Qwen3-32B,Power_Distance,2063,1,2,50.0,25.0,25.0
Qwen_Qwen3-32B,Power_Distance,2063,1,3,50.0,25.0,25.0
Qwen_Qwen3-32B,Power_Distance,2064,1,1,0.0,0.0,25.0
Qwen_Qwen3-32B,Power_Distance,2064,1,2,0.0,0.0,50.0
Qwen_Qwen3-32B,Power_Distance,2064,1,3,0.0,50.0,50.0
Qwen_Qwen3-32B,Power_Distance,2065,1,1,25.0,25.0,25.0
Qwen_Qwen3-32B,Power_Distance,2065,1,2,25.0,25.0,25.0
Qwen_Qwen3-32B,Power_Distance,2065,1,3,25.0,25.0,25.0
Qwen_Qwen3-32B,Power_Distance,2066,1,1,50.0,50.0,50.0
Qwen_Qwen3-32B,Power_Distance,2066,1,2,50.0,25.0,50.0
Qwen_Qwen3-32B,Power_Distance,2066,1,3,50.0,25.0,50.0
Qwen_Qwen3-32B,Power_Distance,2067,1,1,50.0,50.0,50.0
Qwen_Qwen3-32B,Power_Distance,2067,1,2,50.0,50.0,50.0
Qwen_Qwen3-32B,Power_Distance,2067,1,3,50.0,50.0,75.0
Qwen_Qwen3-32B,Power_Distance,2069,1,1,25.0,50.0,25.0
Qwen_Qwen3-32B,Power_Distance,2069,1,2,25.0,25.0,25.0
Qwen_Qwen3-32B,Power_Distance,2069,1,3,25.0,25.0,25.0
Qwen_Qwen3-32B,Power_Distance,2073,1,1,25.0,25.0,25.0
Qwen_Qwen3-32B,Power_Distance,2073,1,2,25.0,25.0,25.0
Qwen_Qwen3-32B,Power_Distance,2073,1,3,25.0,50.0,50.0
Qwen_Qwen3-32B,Power_Distance,2074,1,1,75.0,25.0,75.0
Qwen_Qwen3-32B,Power_Distance,2074,1,2,75.0,50.0,25.0
Qwen_Qwen3-32B,Power_Distance,2074,1,3,75.0,25.0,25.0
Qwen_Qwen3-32B,Power_Distance,2075,1,1,25.0,50.0,25.0
Qwen_Qwen3-32B,Power_Distance,2075,1,2,25.0,25.0,25.0
Qwen_Qwen3-32B,Power_Distance,2075,1,3,25.0,25.0,25.0
Qwen_Qwen3-32B,Power_Distance,2076,1,1,25.0,25.0,25.0
Qwen_Qwen3-32B,Power_Distance,2076,1,2,25.0,25.0,25.0
Qwen_Qwen3-32B,Power_Distance,2076,1,3,25.0,25.0,25.0
Qwen_Qwen3-32B,Power_Distance,2079,1,1,50.0,50.0,75.0
Qwen_Qwen3-32B,Power_Distance,2079,1,2,50.0,50.0,75.0
Qwen_Qwen3-32B,Power_Distance,2079,1,3,50.0,75.0,75.0
Qwen_Qwen3-32B,Power_Distance,2080,1,1,25.0,25.0,50.0
Qwen_Qwen3-32B,Power_Distance,2080,1,2,25.0,75.0,0.0
Qwen_Qwen3-32B,Power_Distance,2080,1,3,25.0,75.0,100.0
Qwen_Qwen3-32B,Power_Distance,2081,1,1,25.0,25.0,25.0
Qwen_Qwen3-32B,Power_Distance,2081,1,2,25.0,0.0,25.0
Qwen_Qwen3-32B,Power_Distance,2081,1,3,25.0,0.0,25.0
Qwen_Qwen3-32B,Power_Distance,2083,1,1,75.0,50.0,25.0
Qwen_Qwen3-32B,Power_Distance,2083,1,2,75.0,50.0,75.0
Qwen_Qwen3-32B,Power_Distance,2083,1,3,75.0,25.0,50.0
Qwen_Qwen3-32B,Power_Distance,2084,1,1,50.0,50.0,50.0
Qwen_Qwen3-32B,Power_Distance,2084,1,2,50.0,50.0,50.0
Qwen_Qwen3-32B,Power_Distance,2084,1,3,50.0,50.0,50.0
Qwen_Qwen3-32B,Power_Distance,2085,1,1,50.0,50.0,50.0
Qwen_Qwen3-32B,Power_Distance,2085,1,2,50.0,50.0,50.0
Qwen_Qwen3-32B,Power_Distance,2085,1,3,50.0,50.0,50.0
Qwen_Qwen3-32B,Power_Distance,2087,1,1,50.0,25.0,50.0
Qwen_Qwen3-32B,Power_Distance,2087,1,2,50.0,25.0,25.0
Qwen_Qwen3-32B,Power_Distance,2087,1,3,50.0,50.0,50.0
Qwen_Qwen3-32B,Power_Distance,2088,1,1,25.0,25.0,25.0
Qwen_Qwen3-32B,Power_Distance,2088,1,2,25.0,25.0,25.0
Qwen_Qwen3-32B,Power_Distance,2088,1,3,25.0,25.0,25.0
Qwen_Qwen3-32B,Power_Distance,2089,1,1,25.0,25.0,25.0
Qwen_Qwen3-32B,Power_Distance,2089,1,2,25.0,25.0,25.0
Qwen_Qwen3-32B,Power_Distance,2089,1,3,25.0,25.0,25.0
Qwen_Qwen3-32B,Power_Distance,2090,1,1,0.0,25.0,50.0
Qwen_Qwen3-32B,Power_Distance,2090,1,2,0.0,25.0,25.0
Qwen_Qwen3-32B,Power_Distance,2090,1,3,0.0,0.0,0.0
Qwen_Qwen3-32B,Power_Distance,2091,1,1,25.0,50.0,50.0
Qwen_Qwen3-32B,Power_Distance,2091,1,2,25.0,50.0,50.0
Qwen_Qwen3-32B,Power_Distance,2091,1,3,25.0,50.0,50.0
Qwen_Qwen3-32B,Power_Distance,2093,1,1,50.0,25.0,50.0
Qwen_Qwen3-32B,Power_Distance,2093,1,2,50.0,50.0,50.0
Qwen_Qwen3-32B,Power_Distance,2093,1,3,50.0,50.0,50.0
Qwen_Qwen3-32B,Power_Distance,2095,1,1,25.0,25.0,25.0
Qwen_Qwen3-32B,Power_Distance,2095,1,2,25.0,25.0,25.0
Qwen_Qwen3-32B,Power_Distance,2095,1,3,25.0,25.0,25.0
Qwen_Qwen3-32B,Power_Distance,2096,1,1,50.0,50.0,25.0
Qwen_Qwen3-32B,Power_Distance,2096,1,2,50.0,50.0,25.0
Qwen_Qwen3-32B,Power_Distance,2096,1,3,50.0,25.0,25.0
Qwen_Qwen3-32B,Power_Distance,2099,1,1,25.0,50.0,50.0
Qwen_Qwen3-32B,Power_Distance,2099,1,2,25.0,50.0,25.0
Qwen_Qwen3-32B,Power_Distance,2099,1,3,25.0,25.0,50.0
Qwen_Qwen3-32B,Power_Distance,2100,1,1,0.0,0.0,0.0
Qwen_Qwen3-32B,Power_Distance,2100,1,2,0.0,0.0,0.0
Qwen_Qwen3-32B,Power_Distance,2100,1,3,0.0,0.0,0.0
Qwen_Qwen3-32B,Power_Distance,2102,1,1,50.0,50.0,50.0
Qwen_Qwen3-32B,Power_Distance,2102,1,2,50.0,50.0,50.0
Qwen_Qwen3-32B,Power_Distance,2102,1,3,50.0,50.0,50.0
Qwen_Qwen3-32B,Power_Distance,2103,1,1,50.0,50.0,50.0
Qwen_Qwen3-32B,Power_Distance,2103,1,2,50.0,25.0,50.0
Qwen_Qwen3-32B,Power_Distance,2103,1,3,50.0,50.0,50.0
Qwen_Qwen3-32B,Power_Distance,2105,1,1,25.0,50.0,25.0
Qwen_Qwen3-32B,Power_Distance,2105,1,2,25.0,50.0,50.0
Qwen_Qwen3-32B,Power_Distance,2105,1,3,25.0,25.0,25.0
Qwen_Qwen3-32B,Power_Distance,2107,1,1,0.0,0.0,25.0
Qwen_Qwen3-32B,Power_Distance,2107,1,2,0.0,0.0,0.0
Qwen_Qwen3-32B,Power_Distance,2107,1,3,0.0,0.0,0.0
Qwen_Qwen3-32B,Power_Distance,2108,1,1,0.0,25.0,25.0
Qwen_Qwen3-32B,Power_Distance,2108,1,2,0.0,0.0,0.0
Qwen_Qwen3-32B,Power_Distance,2108,1,3,0.0,25.0,50.0
Qwen_Qwen3-32B,Power_Distance,2109,1,1,50.0,0.0,50.0
Qwen_Qwen3-32B,Power_Distance,2109,1,2,50.0,50.0,50.0
Qwen_Qwen3-32B,Power_Distance,2109,1,3,50.0,50.0,25.0
Qwen_Qwen3-32B,Power_Distance,2112,1,1,50.0,50.0,50.0
Qwen_Qwen3-32B,Power_Distance,2112,1,2,50.0,50.0,50.0
Qwen_Qwen3-32B,Power_Distance,2112,1,3,50.0,50.0,50.0
Qwen_Qwen3-32B,Power_Distance,2113,1,1,50.0,50.0,50.0
Qwen_Qwen3-32B,Power_Distance,2113,1,2,50.0,50.0,50.0
Qwen_Qwen3-32B,Power_Distance,2113,1,3,50.0,50.0,50.0
Qwen_Qwen3-32B,Power_Distance,2116,1,1,50.0,50.0,50.0
Qwen_Qwen3-32B,Power_Distance,2116,1,2,50.0,50.0,50.0
Qwen_Qwen3-32B,Power_Distance,2116,1,3,50.0,50.0,50.0
Qwen_Qwen3-32B,Power_Distance,2123,1,1,25.0,75.0,25.0
Qwen_Qwen3-32B,Power_Distance,2123,1,2,25.0,25.0,25.0
Qwen_Qwen3-32B,Power_Distance,2123,1,3,25.0,25.0,25.0
Qwen_Qwen3-32B,Power_Distance,2125,1,1,50.0,50.0,75.0
Qwen_Qwen3-32B,Power_Distance,2125,1,2,50.0,75.0,75.0
Qwen_Qwen3-32B,Power_Distance,2125,1,3,50.0,75.0,100.0
Qwen_Qwen3-32B,Power_Distance,2130,1,1,25.0,50.0,50.0
Qwen_Qwen3-32B,Power_Distance,2130,1,2,25.0,75.0,50.0
Qwen_Qwen3-32B,Power_Distance,2130,1,3,25.0,50.0,50.0
Qwen_Qwen3-32B,Power_Distance,2132,1,1,25.0,25.0,25.0
Qwen_Qwen3-32B,Power_Distance,2132,1,2,25.0,50.0,0.0
Qwen_Qwen3-32B,Power_Distance,2132,1,3,25.0,25.0,50.0
Qwen_Qwen3-32B,Power_Distance,2134,1,1,50.0,50.0,50.0
Qwen_Qwen3-32B,Power_Distance,2134,1,2,50.0,50.0,50.0
Qwen_Qwen3-32B,Power_Distance,2134,1,3,50.0,50.0,50.0
Qwen_Qwen3-32B,Uncertainty_Avoidance,2423,1,1,25.0,50.0,25.0
Qwen_Qwen3-32B,Uncertainty_Avoidance,2423,1,2,25.0,25.0,75.0
Qwen_Qwen3-32B,Uncertainty_Avoidance,2423,1,3,25.0,25.0,75.0
Qwen_Qwen3-32B,Uncertainty_Avoidance,2424,1,1,50.0,50.0,50.0
Qwen_Qwen3-32B,Uncertainty_Avoidance,2424,1,2,50.0,25.0,50.0
Qwen_Qwen3-32B,Uncertainty_Avoidance,2424,1,3,50.0,75.0,50.0
Qwen_Qwen3-32B,Uncertainty_Avoidance,2425,1,1,25.0,25.0,25.0
Qwen_Qwen3-32B,Uncertainty_Avoidance,2425,1,2,25.0,0.0,0.0
Qwen_Qwen3-32B,Uncertainty_Avoidance,2425,1,3,25.0,25.0,0.0
Qwen_Qwen3-32B,Uncertainty_Avoidance,2426,1,1,25.0,25.0,25.0
Qwen_Qwen3-32B,Uncertainty_Avoidance,2426,1,2,25.0,25.0,50.0
Qwen_Qwen3-32B,Uncertainty_Avoidance,2426,1,3,25.0,50.0,25.0
Qwen_Qwen3-32B,Uncertainty_Avoidance,2427,1,1,50.0,50.0,25.0
Qwen_Qwen3-32B,Uncertainty_Avoidance,2427,1,2,50.0,50.0,50.0
Qwen_Qwen3-32B,Uncertainty_Avoidance,2427,1,3,50.0,50.0,50.0
Qwen_Qwen3-32B,Uncertainty_Avoidance,2428,1,1,50.0,50.0,50.0
Qwen_Qwen3-32B,Uncertainty_Avoidance,2428,1,2,50.0,50.0,50.0
Qwen_Qwen3-32B,Uncertainty_Avoidance,2428,1,3,50.0,50.0,50.0
Qwen_Qwen3-32B,Uncertainty_Avoidance,2429,1,1,50.0,50.0,50.0
Qwen_Qwen3-32B,Uncertainty_Avoidance,2429,1,2,50.0,50.0,50.0
Qwen_Qwen3-32B,Uncertainty_Avoidance,2429,1,3,50.0,50.0,50.0
Qwen_Qwen3-32B,Uncertainty_Avoidance,2430,1,1,25.0,25.0,25.0
Qwen_Qwen3-32B,Uncertainty_Avoidance,2430,1,2,25.0,25.0,25.0
Qwen_Qwen3-32B,Uncertainty_Avoidance,2430,1,3,25.0,25.0,25.0
Qwen_Qwen3-32B,Uncertainty_Avoidance,2431,1,1,25.0,25.0,25.0
Qwen_Qwen3-32B,Uncertainty_Avoidance,2431,1,2,25.0,25.0,50.0
Qwen_Qwen3-32B,Uncertainty_Avoidance,2431,1,3,25.0,25.0,25.0
Qwen_Qwen3-32B,Uncertainty_Avoidance,2432,1,1,25.0,25.0,25.0
Qwen_Qwen3-32B,Uncertainty_Avoidance,2432,1,2,25.0,25.0,25.0
Qwen_Qwen3-32B,Uncertainty_Avoidance,2432,1,3,25.0,25.0,25.0
Qwen_Qwen3-32B,Uncertainty_Avoidance,2433,1,1,50.0,50.0,25.0
Qwen_Qwen3-32B,Uncertainty_Avoidance,2433,1,2,50.0,50.0,50.0
Qwen_Qwen3-32B,Uncertainty_Avoidance,2433,1,3,50.0,50.0,50.0
Qwen_Qwen3-32B,Uncertainty_Avoidance,2434,1,1,25.0,50.0,50.0
Qwen_Qwen3-32B,Uncertainty_Avoidance,2434,1,2,25.0,50.0,50.0
Qwen_Qwen3-32B,Uncertainty_Avoidance,2434,1,3,25.0,50.0,50.0
Qwen_Qwen3-32B,Uncertainty_Avoidance,2435,1,1,50.0,50.0,50.0
Qwen_Qwen3-32B,Uncertainty_Avoidance,2435,1,2,50.0,50.0,50.0
Qwen_Qwen3-32B,Uncertainty_Avoidance,2435,1,3,50.0,50.0,50.0
Qwen_Qwen3-32B,Uncertainty_Avoidance,2436,1,1,50.0,50.0,50.0
Qwen_Qwen3-32B,Uncertainty_Avoidance,2436,1,2,50.0,50.0,50.0
Qwen_Qwen3-32B,Uncertainty_Avoidance,2436,1,3,50.0,50.0,50.0
Qwen_Qwen3-32B,Uncertainty_Avoidance,2437,1,1,25.0,75.0,25.0
Qwen_Qwen3-32B,Uncertainty_Avoidance,2437,1,2,25.0,25.0,25.0
Qwen_Qwen3-32B,Uncertainty_Avoidance,2437,1,3,25.0,25.0,25.0
Qwen_Qwen3-32B,Uncertainty_Avoidance,2438,1,1,25.0,25.0,25.0
Qwen_Qwen3-32B,Uncertainty_Avoidance,2438,1,2,25.0,25.0,25.0
Qwen_Qwen3-32B,Uncertainty_Avoidance,2438,1,3,25.0,25.0,25.0
Qwen_Qwen3-32B,Uncertainty_Avoidance,2439,1,1,25.0,25.0,25.0
Qwen_Qwen3-32B,Uncertainty_Avoidance,2439,1,2,25.0,0.0,0.0
Qwen_Qwen3-32B,Uncertainty_Avoidance,2439,1,3,25.0,25.0,25.0
Qwen_Qwen3-32B,Uncertainty_Avoidance,2440,1,1,50.0,50.0,50.0
Qwen_Qwen3-32B,Uncertainty_Avoidance,2440,1,2,50.0,50.0,25.0
Qwen_Qwen3-32B,Uncertainty_Avoidance,2440,1,3,50.0,50.0,25.0
Qwen_Qwen3-32B,Uncertainty_Avoidance,2445,1,1,50.0,50.0,50.0
Qwen_Qwen3-32B,Uncertainty_Avoidance,2445,1,2,50.0,50.0,50.0
Qwen_Qwen3-32B,Uncertainty_Avoidance,2445,1,3,50.0,50.0,50.0
Qwen_Qwen3-32B,Uncertainty_Avoidance,2446,1,1,50.0,50.0,50.0
Qwen_Qwen3-32B,Uncertainty_Avoidance,2446,1,2,50.0,50.0,50.0
Qwen_Qwen3-32B,Uncertainty_Avoidance,2446,1,3,50.0,50.0,50.0
Qwen_Qwen3-32B,Uncertainty_Avoidance,2447,1,1,25.0,25.0,25.0
Qwen_Qwen3-32B,Uncertainty_Avoidance,2447,1,2,25.0,25.0,25.0
Qwen_Qwen3-32B,Uncertainty_Avoidance,2447,1,3,25.0,25.0,25.0
Qwen_Qwen3-32B,Uncertainty_Avoidance,2449,1,1,50.0,50.0,25.0
Qwen_Qwen3-32B,Uncertainty_Avoidance,2449,1,2,50.0,50.0,50.0
Qwen_Qwen3-32B,Uncertainty_Avoidance,2449,1,3,50.0,50.0,25.0
Qwen_Qwen3-32B,Uncertainty_Avoidance,2450,1,1,50.0,25.0,25.0
Qwen_Qwen3-32B,Uncertainty_Avoidance,2450,1,2,50.0,50.0,25.0
Qwen_Qwen3-32B,Uncertainty_Avoidance,2450,1,3,50.0,25.0,50.0
Qwen_Qwen3-32B,Uncertainty_Avoidance,2452,1,1,0.0,50.0,50.0
Qwen_Qwen3-32B,Uncertainty_Avoidance,2452,1,2,0.0,50.0,50.0
Qwen_Qwen3-32B,Uncertainty_Avoidance,2452,1,3,0.0,50.0,50.0
Qwen_Qwen3-32B,Uncertainty_Avoidance,2453,1,1,0.0,25.0,0.0
Qwen_Qwen3-32B,Uncertainty_Avoidance,2453,1,2,0.0,25.0,0.0
Qwen_Qwen3-32B,Uncertainty_Avoidance,2453,1,3,0.0,25.0,0.0
Qwen_Qwen3-32B,Uncertainty_Avoidance,2454,1,1,50.0,50.0,50.0
Qwen_Qwen3-32B,Uncertainty_Avoidance,2454,1,2,50.0,50.0,50.0
Qwen_Qwen3-32B,Uncertainty_Avoidance,2454,1,3,50.0,50.0,50.0
Qwen_Qwen3-32B,Uncertainty_Avoidance,2456,1,1,25.0,50.0,25.0
Qwen_Qwen3-32B,Uncertainty_Avoidance,2456,1,2,25.0,25.0,25.0
Qwen_Qwen3-32B,Uncertainty_Avoidance,2456,1,3,25.0,25.0,25.0
Qwen_Qwen3-32B,Uncertainty_Avoidance,2457,1,1,50.0,50.0,50.0
Qwen_Qwen3-32B,Uncertainty_Avoidance,2457,1,2,50.0,50.0,50.0
Qwen_Qwen3-32B,Uncertainty_Avoidance,2457,1,3,50.0,50.0,50.0
Qwen_Qwen3-32B,Uncertainty_Avoidance,2459,1,1,50.0,50.0,50.0
Qwen_Qwen3-32B,Uncertainty_Avoidance,2459,1,2,50.0,50.0,50.0
Qwen_Qwen3-32B,Uncertainty_Avoidance,2459,1,3,50.0,50.0,50.0
Qwen_Qwen3-32B,Uncertainty_Avoidance,2460,1,1,25.0,50.0,50.0
Qwen_Qwen3-32B,Uncertainty_Avoidance,2460,1,2,25.0,25.0,50.0
Qwen_Qwen3-32B,Uncertainty_Avoidance,2460,1,3,25.0,50.0,50.0
Qwen_Qwen3-32B,Uncertainty_Avoidance,2461,1,1,0.0,25.0,50.0
Qwen_Qwen3-32B,Uncertainty_Avoidance,2461,1,2,0.0,0.0,0.0
Qwen_Qwen3-32B,Uncertainty_Avoidance,2461,1,3,0.0,0.0,0.0
Qwen_Qwen3-32B,Uncertainty_Avoidance,2463,1,1,50.0,25.0,25.0
Qwen_Qwen3-32B,Uncertainty_Avoidance,2463,1,2,50.0,25.0,25.0
Qwen_Qwen3-32B,Uncertainty_Avoidance,2463,1,3,50.0,25.0,25.0
Qwen_Qwen3-32B,Uncertainty_Avoidance,2464,1,1,75.0,75.0,75.0
Qwen_Qwen3-32B,Uncertainty_Avoidance,2464,1,2,75.0,75.0,75.0
Qwen_Qwen3-32B,Uncertainty_Avoidance,2464,1,3,75.0,75.0,75.0
Qwen_Qwen3-32B,Uncertainty_Avoidance,2466,1,1,25.0,25.0,25.0
Qwen_Qwen3-32B,Uncertainty_Avoidance,2466,1,2,25.0,75.0,25.0
Qwen_Qwen3-32B,Uncertainty_Avoidance,2466,1,3,25.0,25.0,25.0
Qwen_Qwen3-32B,Uncertainty_Avoidance,2467,1,1,25.0,25.0,25.0
Qwen_Qwen3-32B,Uncertainty_Avoidance,2467,1,2,25.0,25.0,25.0
Qwen_Qwen3-32B,Uncertainty_Avoidance,2467,1,3,25.0,25.0,50.0
Qwen_Qwen3-32B,Uncertainty_Avoidance,2468,1,1,50.0,50.0,50.0
Qwen_Qwen3-32B,Uncertainty_Avoidance,2468,1,2,50.0,50.0,50.0
Qwen_Qwen3-32B,Uncertainty_Avoidance,2468,1,3,50.0,50.0,50.0
Qwen_Qwen3-32B,Uncertainty_Avoidance,2469,1,1,25.0,25.0,25.0
Qwen_Qwen3-32B,Uncertainty_Avoidance,2469,1,2,25.0,25.0,25.0
Qwen_Qwen3-32B,Uncertainty_Avoidance,2469,1,3,25.0,25.0,25.0
Qwen_Qwen3-32B,Uncertainty_Avoidance,2471,1,1,25.0,25.0,50.0
Qwen_Qwen3-32B,Uncertainty_Avoidance,2471,1,2,25.0,25.0,50.0
Qwen_Qwen3-32B,Uncertainty_Avoidance,2471,1,3,25.0,25.0,50.0
Qwen_Qwen3-32B,Uncertainty_Avoidance,2473,1,1,25.0,25.0,25.0
Qwen_Qwen3-32B,Uncertainty_Avoidance,2473,1,2,25.0,25.0,25.0
Qwen_Qwen3-32B,Uncertainty_Avoidance,2473,1,3,25.0,25.0,25.0
Qwen_Qwen3-32B,Uncertainty_Avoidance,2474,1,1,50.0,50.0,50.0
Qwen_Qwen3-32B,Uncertainty_Avoidance,2474,1,2,50.0,50.0,50.0
Qwen_Qwen3-32B,Uncertainty_Avoidance,2474,1,3,50.0,50.0,50.0
Qwen_Qwen3-32B,Uncertainty_Avoidance,2475,1,1,0.0,50.0,75.0
Qwen_Qwen3-32B,Uncertainty_Avoidance,2475,1,2,0.0,50.0,0.0
Qwen_Qwen3-32B,Uncertainty_Avoidance,2475,1,3,0.0,50.0,0.0
Qwen_Qwen3-32B,Uncertainty_Avoidance,2476,1,1,25.0,0.0,0.0
Qwen_Qwen3-32B,Uncertainty_Avoidance,2476,1,2,25.0,25.0,0.0
Qwen_Qwen3-32B,Uncertainty_Avoidance,2476,1,3,25.0,0.0,0.0
Qwen_Qwen3-32B,Uncertainty_Avoidance,2477,1,1,50.0,75.0,75.0
Qwen_Qwen3-32B,Uncertainty_Avoidance,2477,1,2,50.0,50.0,0.0
Qwen_Qwen3-32B,Uncertainty_Avoidance,2477,1,3,50.0,50.0,50.0
Qwen_Qwen3-32B,Uncertainty_Avoidance,2478,1,1,50.0,75.0,25.0
Qwen_Qwen3-32B,Uncertainty_Avoidance,2478,1,2,50.0,50.0,50.0
Qwen_Qwen3-32B,Uncertainty_Avoidance,2478,1,3,50.0,25.0,50.0
Qwen_Qwen3-32B,Uncertainty_Avoidance,2479,1,1,0.0,50.0,50.0
Qwen_Qwen3-32B,Uncertainty_Avoidance,2479,1,2,0.0,50.0,0.0
Qwen_Qwen3-32B,Uncertainty_Avoidance,2479,1,3,0.0,25.0,0.0
Qwen_Qwen3-32B,Uncertainty_Avoidance,2482,1,1,50.0,50.0,25.0
Qwen_Qwen3-32B,Uncertainty_Avoidance,2482,1,2,50.0,50.0,50.0
Qwen_Qwen3-32B,Uncertainty_Avoidance,2482,1,3,50.0,50.0,25.0
Qwen_Qwen3-32B,Uncertainty_Avoidance,2483,1,1,50.0,25.0,25.0
Qwen_Qwen3-32B,Uncertainty_Avoidance,2483,1,2,50.0,25.0,25.0
Qwen_Qwen3-32B,Uncertainty_Avoidance,2483,1,3,50.0,25.0,25.0
Qwen_Qwen3-32B,Uncertainty_Avoidance,2484,1,1,25.0,25.0,25.0
Qwen_Qwen3-32B,Uncertainty_Avoidance,2484,1,2,25.0,25.0,25.0
Qwen_Qwen3-32B,Uncertainty_Avoidance,2484,1,3,25.0,25.0,25.0
Qwen_Qwen3-32B,Uncertainty_Avoidance,2485,1,1,25.0,50.0,50.0
Qwen_Qwen3-32B,Uncertainty_Avoidance,2485,1,2,25.0,50.0,50.0
Qwen_Qwen3-32B,Uncertainty_Avoidance,2485,1,3,25.0,50.0,50.0
Qwen_Qwen3-32B,Uncertainty_Avoidance,2487,1,1,0.0,0.0,0.0
Qwen_Qwen3-32B,Uncertainty_Avoidance,2487,1,2,0.0,0.0,0.0
Qwen_Qwen3-32B,Uncertainty_Avoidance,2487,1,3,0.0,25.0,0.0
Qwen_Qwen3-32B,Uncertainty_Avoidance,2488,1,1,25.0,25.0,25.0
Qwen_Qwen3-32B,Uncertainty_Avoidance,2488,1,2,25.0,25.0,25.0
Qwen_Qwen3-32B,Uncertainty_Avoidance,2488,1,3,25.0,25.0,25.0
Qwen_Qwen3-32B,Uncertainty_Avoidance,2489,1,1,25.0,25.0,25.0
Qwen_Qwen3-32B,Uncertainty_Avoidance,2489,1,2,25.0,25.0,25.0
Qwen_Qwen3-32B,Uncertainty_Avoidance,2489,1,3,25.0,25.0,25.0
Qwen_Qwen3-32B,Uncertainty_Avoidance,2490,1,1,75.0,75.0,50.0
Qwen_Qwen3-32B,Uncertainty_Avoidance,2490,1,2,75.0,75.0,50.0
Qwen_Qwen3-32B,Uncertainty_Avoidance,2490,1,3,75.0,50.0,75.0
Qwen_Qwen3-32B,Uncertainty_Avoidance,2492,1,1,50.0,25.0,25.0
Qwen_Qwen3-32B,Uncertainty_Avoidance,2492,1,2,50.0,50.0,50.0
Qwen_Qwen3-32B,Uncertainty_Avoidance,2492,1,3,50.0,25.0,50.0
Qwen_Qwen3-32B,Uncertainty_Avoidance,2493,1,1,50.0,50.0,50.0
Qwen_Qwen3-32B,Uncertainty_Avoidance,2493,1,2,50.0,75.0,50.0
Qwen_Qwen3-32B,Uncertainty_Avoidance,2493,1,3,50.0,50.0,50.0
Qwen_Qwen3-32B,Uncertainty_Avoidance,2494,1,1,25.0,25.0,50.0
Qwen_Qwen3-32B,Uncertainty_Avoidance,2494,1,2,25.0,25.0,25.0
Qwen_Qwen3-32B,Uncertainty_Avoidance,2494,1,3,25.0,25.0,25.0
Qwen_Qwen3-32B,Uncertainty_Avoidance,2495,1,1,0.0,0.0,25.0
Qwen_Qwen3-32B,Uncertainty_Avoidance,2495,1,2,0.0,50.0,0.0
Qwen_Qwen3-32B,Uncertainty_Avoidance,2495,1,3,0.0,0.0,25.0
Qwen_Qwen3-32B,Uncertainty_Avoidance,2497,1,1,25.0,25.0,75.0
Qwen_Qwen3-32B,Uncertainty_Avoidance,2497,1,2,25.0,25.0,75.0
Qwen_Qwen3-32B,Uncertainty_Avoidance,2497,1,3,25.0,25.0,25.0
Qwen_Qwen3-32B,Uncertainty_Avoidance,2501,1,1,50.0,50.0,50.0
Qwen_Qwen3-32B,Uncertainty_Avoidance,2501,1,2,50.0,50.0,50.0
Qwen_Qwen3-32B,Uncertainty_Avoidance,2501,1,3,50.0,50.0,50.0
Qwen_Qwen3-32B,Uncertainty_Avoidance,2503,1,1,75.0,25.0,75.0
Qwen_Qwen3-32B,Uncertainty_Avoidance,2503,1,2,75.0,50.0,50.0
Qwen_Qwen3-32B,Uncertainty_Avoidance,2503,1,3,75.0,25.0,75.0
Qwen_Qwen3-32B,Uncertainty_Avoidance,2505,1,1,50.0,25.0,25.0
Qwen_Qwen3-32B,Uncertainty_Avoidance,2505,1,2,50.0,25.0,25.0
Qwen_Qwen3-32B,Uncertainty_Avoidance,2505,1,3,50.0,25.0,25.0
Qwen_Qwen3-32B,Uncertainty_Avoidance,2506,1,1,50.0,50.0,50.0
Qwen_Qwen3-32B,Uncertainty_Avoidance,2506,1,2,50.0,50.0,50.0
Qwen_Qwen3-32B,Uncertainty_Avoidance,2506,1,3,50.0,50.0,50.0
Qwen_Qwen3-32B,Uncertainty_Avoidance,2508,1,1,25.0,25.0,25.0
Qwen_Qwen3-32B,Uncertainty_Avoidance,2508,1,2,25.0,25.0,25.0
Qwen_Qwen3-32B,Uncertainty_Avoidance,2508,1,3,25.0,25.0,0.0
Qwen_Qwen3-32B,Uncertainty_Avoidance,2511,1,1,75.0,75.0,75.0
Qwen_Qwen3-32B,Uncertainty_Avoidance,2511,1,2,75.0,75.0,75.0
Qwen_Qwen3-32B,Uncertainty_Avoidance,2511,1,3,75.0,75.0,75.0
Qwen_Qwen3-32B,Uncertainty_Avoidance,2513,1,1,25.0,25.0,25.0
Qwen_Qwen3-32B,Uncertainty_Avoidance,2513,1,2,25.0,25.0,25.0
Qwen_Qwen3-32B,Uncertainty_Avoidance,2513,1,3,25.0,25.0,25.0
Qwen_Qwen3-32B,Uncertainty_Avoidance,2514,1,1,25.0,25.0,25.0
Qwen_Qwen3-32B,Uncertainty_Avoidance,2514,1,2,25.0,25.0,25.0
Qwen_Qwen3-32B,Uncertainty_Avoidance,2514,1,3,25.0,25.0,25.0
Qwen_Qwen3-32B,Uncertainty_Avoidance,2516,1,1,25.0,25.0,25.0
Qwen_Qwen3-32B,Uncertainty_Avoidance,2516,1,2,25.0,25.0,50.0
Qwen_Qwen3-32B,Uncertainty_Avoidance,2516,1,3,25.0,25.0,50.0
Qwen_Qwen3-32B,Uncertainty_Avoidance,2518,1,1,50.0,75.0,50.0
Qwen_Qwen3-32B,Uncertainty_Avoidance,2518,1,2,50.0,50.0,75.0
Qwen_Qwen3-32B,Uncertainty_Avoidance,2518,1,3,50.0,25.0,75.0
Qwen_Qwen3-32B,Uncertainty_Avoidance,2520,1,1,50.0,50.0,50.0
Qwen_Qwen3-32B,Uncertainty_Avoidance,2520,1,2,50.0,50.0,50.0
Qwen_Qwen3-32B,Uncertainty_Avoidance,2520,1,3,50.0,50.0,50.0
Qwen_Qwen3-32B,Uncertainty_Avoidance,2521,1,1,50.0,25.0,25.0
Qwen_Qwen3-32B,Uncertainty_Avoidance,2521,1,2,50.0,25.0,50.0
Qwen_Qwen3-32B,Uncertainty_Avoidance,2521,1,3,50.0,25.0,25.0
Qwen_Qwen3-32B,Uncertainty_Avoidance,2523,1,1,25.0,75.0,50.0
Qwen_Qwen3-32B,Uncertainty_Avoidance,2523,1,2,25.0,25.0,25.0
Qwen_Qwen3-32B,Uncertainty_Avoidance,2523,1,3,25.0,25.0,0.0
Qwen_Qwen3-32B,Uncertainty_Avoidance,2524,1,1,50.0,50.0,50.0
Qwen_Qwen3-32B,Uncertainty_Avoidance,2524,1,2,50.0,50.0,50.0
Qwen_Qwen3-32B,Uncertainty_Avoidance,2524,1,3,50.0,50.0,50.0
Qwen_Qwen3-32B,Uncertainty_Avoidance,2525,1,1,0.0,50.0,0.0
Qwen_Qwen3-32B,Uncertainty_Avoidance,2525,1,2,0.0,50.0,50.0
Qwen_Qwen3-32B,Uncertainty_Avoidance,2525,1,3,0.0,50.0,50.0
Qwen_Qwen3-32B,Uncertainty_Avoidance,2526,1,1,25.0,50.0,25.0
Qwen_Qwen3-32B,Uncertainty_Avoidance,2526,1,2,25.0,25.0,25.0
Qwen_Qwen3-32B,Uncertainty_Avoidance,2526,1,3,25.0,25.0,25.0
Qwen_Qwen3-32B,Uncertainty_Avoidance,2528,1,1,50.0,50.0,50.0
Qwen_Qwen3-32B,Uncertainty_Avoidance,2528,1,2,50.0,50.0,50.0
Qwen_Qwen3-32B,Uncertainty_Avoidance,2528,1,3,50.0,50.0,50.0
Qwen_Qwen3-32B,Uncertainty_Avoidance,2529,1,1,25.0,25.0,25.0
Qwen_Qwen3-32B,Uncertainty_Avoidance,2529,1,2,25.0,25.0,25.0
Qwen_Qwen3-32B,Uncertainty_Avoidance,2529,1,3,25.0,25.0,25.0
Qwen_Qwen3-32B,Uncertainty_Avoidance,2530,1,1,50.0,50.0,50.0
Qwen_Qwen3-32B,Uncertainty_Avoidance,2530,1,2,50.0,50.0,50.0
Qwen_Qwen3-32B,Uncertainty_Avoidance,2530,1,3,50.0,50.0,50.0
Qwen_Qwen3-32B,Uncertainty_Avoidance,2532,1,1,50.0,25.0,50.0
Qwen_Qwen3-32B,Uncertainty_Avoidance,2532,1,2,50.0,25.0,50.0
Qwen_Qwen3-32B,Uncertainty_Avoidance,2532,1,3,50.0,25.0,25.0
Qwen_Qwen3-32B,Uncertainty_Avoidance,2533,1,1,25.0,50.0,0.0
Qwen_Qwen3-32B,Uncertainty_Avoidance,2533,1,2,25.0,50.0,50.0
Qwen_Qwen3-32B,Uncertainty_Avoidance,2533,1,3,25.0,50.0,50.0
Qwen_Qwen3-32B,Uncertainty_Avoidance,2534,1,1,25.0,50.0,50.0
Qwen_Qwen3-32B,Uncertainty_Avoidance,2534,1,2,25.0,50.0,50.0
Qwen_Qwen3-32B,Uncertainty_Avoidance,2534,1,3,25.0,50.0,50.0
Qwen_Qwen3-32B,Uncertainty_Avoidance,2535,1,1,50.0,50.0,50.0
Qwen_Qwen3-32B,Uncertainty_Avoidance,2535,1,2,50.0,50.0,25.0
Qwen_Qwen3-32B,Uncertainty_Avoidance,2535,1,3,50.0,50.0,50.0
Qwen_Qwen3-32B,Uncertainty_Avoidance,2536,1,1,50.0,50.0,50.0
Qwen_Qwen3-32B,Uncertainty_Avoidance,2536,1,2,50.0,50.0,50.0
Qwen_Qwen3-32B,Uncertainty_Avoidance,2536,1,3,50.0,50.0,50.0
Qwen_Qwen3-32B,Uncertainty_Avoidance,2537,1,1,25.0,50.0,75.0
Qwen_Qwen3-32B,Uncertainty_Avoidance,2537,1,2,25.0,50.0,25.0
Qwen_Qwen3-32B,Uncertainty_Avoidance,2537,1,3,25.0,25.0,25.0
Qwen_Qwen3-32B,Uncertainty_Avoidance,2538,1,1,50.0,0.0,50.0
Qwen_Qwen3-32B,Uncertainty_Avoidance,2538,1,2,50.0,50.0,50.0
Qwen_Qwen3-32B,Uncertainty_Avoidance,2538,1,3,50.0,50.0,50.0
Qwen_Qwen3-32B,Uncertainty_Avoidance,2539,1,1,25.0,25.0,25.0
Qwen_Qwen3-32B,Uncertainty_Avoidance,2539,1,2,25.0,25.0,25.0
Qwen_Qwen3-32B,Uncertainty_Avoidance,2539,1,3,25.0,75.0,25.0
Qwen_Qwen3-32B,Uncertainty_Avoidance,2542,1,1,50.0,50.0,50.0
Qwen_Qwen3-32B,Uncertainty_Avoidance,2542,1,2,50.0,50.0,25.0
Qwen_Qwen3-32B,Uncertainty_Avoidance,2542,1,3,50.0,50.0,50.0
Qwen_Qwen3-32B,Uncertainty_Avoidance,2543,1,1,25.0,50.0,50.0
Qwen_Qwen3-32B,Uncertainty_Avoidance,2543,1,2,25.0,0.0,25.0
Qwen_Qwen3-32B,Uncertainty_Avoidance,2543,1,3,25.0,50.0,50.0
Qwen_Qwen3-32B,Uncertainty_Avoidance,2544,1,1,50.0,50.0,25.0
Qwen_Qwen3-32B,Uncertainty_Avoidance,2544,1,2,50.0,25.0,50.0
Qwen_Qwen3-32B,Uncertainty_Avoidance,2544,1,3,50.0,50.0,25.0
Qwen_Qwen3-32B,Uncertainty_Avoidance,2545,1,1,75.0,75.0,75.0
Qwen_Qwen3-32B,Uncertainty_Avoidance,2545,1,2,75.0,50.0,50.0
Qwen_Qwen3-32B,Uncertainty_Avoidance,2545,1,3,75.0,75.0,50.0
Qwen_Qwen3-32B,Uncertainty_Avoidance,2546,1,1,25.0,50.0,25.0
Qwen_Qwen3-32B,Uncertainty_Avoidance,2546,1,2,25.0,25.0,25.0
Qwen_Qwen3-32B,Uncertainty_Avoidance,2546,1,3,25.0,25.0,25.0
Qwen_Qwen3-32B,Uncertainty_Avoidance,2548,1,1,50.0,25.0,50.0
Qwen_Qwen3-32B,Uncertainty_Avoidance,2548,1,2,50.0,25.0,50.0
Qwen_Qwen3-32B,Uncertainty_Avoidance,2548,1,3,50.0,50.0,50.0
Qwen_Qwen3-32B,Uncertainty_Avoidance,2549,1,1,75.0,75.0,75.0
Qwen_Qwen3-32B,Uncertainty_Avoidance,2549,1,2,75.0,75.0,75.0
Qwen_Qwen3-32B,Uncertainty_Avoidance,2549,1,3,75.0,75.0,50.0
Qwen_Qwen3-32B,Uncertainty_Avoidance,2550,1,1,50.0,50.0,75.0
Qwen_Qwen3-32B,Uncertainty_Avoidance,2550,1,2,50.0,50.0,50.0
Qwen_Qwen3-32B,Uncertainty_Avoidance,2550,1,3,50.0,50.0,50.0
Qwen_Qwen3-32B,Uncertainty_Avoidance,2553,1,1,50.0,50.0,50.0
Qwen_Qwen3-32B,Uncertainty_Avoidance,2553,1,2,50.0,50.0,50.0
Qwen_Qwen3-32B,Uncertainty_Avoidance,2553,1,3,50.0,25.0,50.0
Qwen_Qwen3-32B,Uncertainty_Avoidance,2554,1,1,25.0,50.0,50.0
Qwen_Qwen3-32B,Uncertainty_Avoidance,2554,1,2,25.0,50.0,25.0
Qwen_Qwen3-32B,Uncertainty_Avoidance,2554,1,3,25.0,50.0,25.0
Qwen_Qwen3-32B,Uncertainty_Avoidance,2556,1,1,25.0,25.0,25.0
Qwen_Qwen3-32B,Uncertainty_Avoidance,2556,1,2,25.0,25.0,25.0
Qwen_Qwen3-32B,Uncertainty_Avoidance,2556,1,3,25.0,25.0,25.0
Qwen_Qwen3-32B,Uncertainty_Avoidance,2557,1,1,0.0,0.0,0.0
Qwen_Qwen3-32B,Uncertainty_Avoidance,2557,1,2,0.0,0.0,0.0
Qwen_Qwen3-32B,Uncertainty_Avoidance,2557,1,3,0.0,0.0,0.0
Qwen_Qwen3-32B,Uncertainty_Avoidance,2558,1,1,25.0,50.0,0.0
Qwen_Qwen3-32B,Uncertainty_Avoidance,2558,1,2,25.0,25.0,25.0
Qwen_Qwen3-32B,Uncertainty_Avoidance,2558,1,3,25.0,25.0,25.0
Qwen_Qwen3-32B,Uncertainty_Avoidance,2559,1,1,50.0,50.0,50.0
Qwen_Qwen3-32B,Uncertainty_Avoidance,2559,1,2,50.0,50.0,50.0
Qwen_Qwen3-32B,Uncertainty_Avoidance,2559,1,3,50.0,50.0,50.0
Qwen_Qwen3-32B,Uncertainty_Avoidance,2562,1,1,25.0,25.0,25.0
Qwen_Qwen3-32B,Uncertainty_Avoidance,2562,1,2,25.0,25.0,50.0
Qwen_Qwen3-32B,Uncertainty_Avoidance,2562,1,3,25.0,25.0,25.0
Qwen_Qwen3-32B,Uncertainty_Avoidance,2563,1,1,100.0,100.0,100.0
Qwen_Qwen3-32B,Uncertainty_Avoidance,2563,1,2,100.0,100.0,100.0
Qwen_Qwen3-32B,Uncertainty_Avoidance,2563,1,3,100.0,100.0,100.0
Qwen_Qwen3-32B,Uncertainty_Avoidance,2564,1,1,25.0,25.0,25.0
Qwen_Qwen3-32B,Uncertainty_Avoidance,2564,1,2,25.0,25.0,25.0
Qwen_Qwen3-32B,Uncertainty_Avoidance,2564,1,3,25.0,25.0,25.0
Qwen_Qwen3-32B,Uncertainty_Avoidance,2565,1,1,50.0,50.0,25.0
Qwen_Qwen3-32B,Uncertainty_Avoidance,2565,1,2,50.0,25.0,25.0
Qwen_Qwen3-32B,Uncertainty_Avoidance,2565,1,3,50.0,25.0,25.0
Qwen_Qwen3-32B,Uncertainty_Avoidance,2566,1,1,0.0,0.0,0.0
Qwen_Qwen3-32B,Uncertainty_Avoidance,2566,1,2,0.0,0.0,25.0
Qwen_Qwen3-32B,Uncertainty_Avoidance,2566,1,3,0.0,0.0,0.0
Qwen_Qwen3-32B,Uncertainty_Avoidance,2567,1,1,25.0,25.0,25.0
Qwen_Qwen3-32B,Uncertainty_Avoidance,2567,1,2,25.0,25.0,25.0
Qwen_Qwen3-32B,Uncertainty_Avoidance,2567,1,3,25.0,25.0,25.0
Qwen_Qwen3-32B,Uncertainty_Avoidance,2568,1,1,50.0,50.0,50.0
Qwen_Qwen3-32B,Uncertainty_Avoidance,2568,1,2,50.0,25.0,50.0
Qwen_Qwen3-32B,Uncertainty_Avoidance,2568,1,3,50.0,50.0,50.0
Qwen_Qwen3-32B,Uncertainty_Avoidance,2569,1,1,25.0,50.0,25.0
Qwen_Qwen3-32B,Uncertainty_Avoidance,2569,1,2,25.0,25.0,0.0
Qwen_Qwen3-32B,Uncertainty_Avoidance,2569,1,3,25.0,50.0,25.0
Qwen_Qwen3-32B,Uncertainty_Avoidance,2570,1,1,50.0,50.0,25.0
Qwen_Qwen3-32B,Uncertainty_Avoidance,2570,1,2,50.0,50.0,25.0
Qwen_Qwen3-32B,Uncertainty_Avoidance,2570,1,3,50.0,50.0,50.0
Qwen_Qwen3-32B,Uncertainty_Avoidance,2571,1,1,25.0,25.0,25.0
Qwen_Qwen3-32B,Uncertainty_Avoidance,2571,1,2,25.0,25.0,25.0
Qwen_Qwen3-32B,Uncertainty_Avoidance,2571,1,3,25.0,75.0,25.0
Qwen_Qwen3-32B,Uncertainty_Avoidance,2573,1,1,25.0,25.0,25.0
Qwen_Qwen3-32B,Uncertainty_Avoidance,2573,1,2,25.0,25.0,25.0
Qwen_Qwen3-32B,Uncertainty_Avoidance,2573,1,3,25.0,25.0,25.0
Qwen_Qwen3-32B,Uncertainty_Avoidance,2575,1,1,25.0,25.0,25.0
Qwen_Qwen3-32B,Uncertainty_Avoidance,2575,1,2,25.0,25.0,25.0
Qwen_Qwen3-32B,Uncertainty_Avoidance,2575,1,3,25.0,25.0,25.0
Qwen_Qwen3-32B,Uncertainty_Avoidance,2577,1,1,50.0,25.0,25.0
Qwen_Qwen3-32B,Uncertainty_Avoidance,2577,1,2,50.0,25.0,50.0
Qwen_Qwen3-32B,Uncertainty_Avoidance,2577,1,3,50.0,25.0,25.0
Qwen_Qwen3-32B,Uncertainty_Avoidance,2578,1,1,0.0,0.0,0.0
Qwen_Qwen3-32B,Uncertainty_Avoidance,2578,1,2,0.0,25.0,0.0
Qwen_Qwen3-32B,Uncertainty_Avoidance,2578,1,3,0.0,0.0,0.0
Qwen_Qwen3-32B,Uncertainty_Avoidance,2579,1,1,25.0,50.0,50.0
Qwen_Qwen3-32B,Uncertainty_Avoidance,2579,1,2,25.0,75.0,25.0
Qwen_Qwen3-32B,Uncertainty_Avoidance,2579,1,3,25.0,75.0,25.0
Qwen_Qwen3-32B,Uncertainty_Avoidance,2580,1,1,50.0,50.0,25.0
Qwen_Qwen3-32B,Uncertainty_Avoidance,2580,1,2,50.0,50.0,0.0
Qwen_Qwen3-32B,Uncertainty_Avoidance,2580,1,3,50.0,25.0,50.0
Qwen_Qwen3-32B,Uncertainty_Avoidance,2581,1,1,25.0,25.0,25.0
Qwen_Qwen3-32B,Uncertainty_Avoidance,2581,1,2,25.0,50.0,25.0
Qwen_Qwen3-32B,Uncertainty_Avoidance,2581,1,3,25.0,25.0,50.0
Qwen_Qwen3-32B,Uncertainty_Avoidance,2583,1,1,50.0,50.0,25.0
Qwen_Qwen3-32B,Uncertainty_Avoidance,2583,1,2,50.0,50.0,50.0
Qwen_Qwen3-32B,Uncertainty_Avoidance,2583,1,3,50.0,50.0,50.0
Qwen_Qwen3-32B,Uncertainty_Avoidance,2584,1,1,50.0,50.0,50.0
Qwen_Qwen3-32B,Uncertainty_Avoidance,2584,1,2,50.0,50.0,50.0
Qwen_Qwen3-32B,Uncertainty_Avoidance,2584,1,3,50.0,50.0,50.0
Qwen_Qwen3-32B,Uncertainty_Avoidance,2585,1,1,50.0,50.0,0.0
Qwen_Qwen3-32B,Uncertainty_Avoidance,2585,1,2,50.0,50.0,50.0
Qwen_Qwen3-32B,Uncertainty_Avoidance,2585,1,3,50.0,50.0,50.0
Qwen_Qwen3-32B,Uncertainty_Avoidance,2587,1,1,25.0,25.0,25.0
Qwen_Qwen3-32B,Uncertainty_Avoidance,2587,1,2,25.0,25.0,25.0
Qwen_Qwen3-32B,Uncertainty_Avoidance,2587,1,3,25.0,25.0,50.0
Qwen_Qwen3-32B,Uncertainty_Avoidance,2588,1,1,25.0,25.0,25.0
Qwen_Qwen3-32B,Uncertainty_Avoidance,2588,1,2,25.0,0.0,0.0
Qwen_Qwen3-32B,Uncertainty_Avoidance,2588,1,3,25.0,0.0,0.0
Qwen_Qwen3-32B,Uncertainty_Avoidance,2589,1,1,50.0,50.0,50.0
Qwen_Qwen3-32B,Uncertainty_Avoidance,2589,1,2,50.0,50.0,50.0
Qwen_Qwen3-32B,Uncertainty_Avoidance,2589,1,3,50.0,25.0,50.0
Qwen_Qwen3-32B,Uncertainty_Avoidance,2591,1,1,50.0,50.0,75.0
Qwen_Qwen3-32B,Uncertainty_Avoidance,2591,1,2,50.0,50.0,75.0
Qwen_Qwen3-32B,Uncertainty_Avoidance,2591,1,3,50.0,75.0,50.0
Qwen_Qwen3-32B,Uncertainty_Avoidance,2592,1,1,50.0,50.0,50.0
Qwen_Qwen3-32B,Uncertainty_Avoidance,2592,1,2,50.0,50.0,50.0
Qwen_Qwen3-32B,Uncertainty_Avoidance,2592,1,3,50.0,50.0,50.0
Qwen_Qwen3-32B,Uncertainty_Avoidance,2594,1,1,50.0,50.0,50.0
Qwen_Qwen3-32B,Uncertainty_Avoidance,2594,1,2,50.0,50.0,50.0
Qwen_Qwen3-32B,Uncertainty_Avoidance,2594,1,3,50.0,50.0,50.0
Qwen_Qwen3-32B,Uncertainty_Avoidance,2595,1,1,25.0,25.0,50.0
Qwen_Qwen3-32B,Uncertainty_Avoidance,2595,1,2,25.0,25.0,25.0
Qwen_Qwen3-32B,Uncertainty_Avoidance,2595,1,3,25.0,25.0,25.0
Qwen_Qwen3-32B,Uncertainty_Avoidance,2596,1,1,50.0,50.0,50.0
Qwen_Qwen3-32B,Uncertainty_Avoidance,2596,1,2,50.0,50.0,50.0
Qwen_Qwen3-32B,Uncertainty_Avoidance,2596,1,3,50.0,50.0,50.0
Qwen_Qwen3-32B,Uncertainty_Avoidance,2598,1,1,50.0,50.0,50.0
Qwen_Qwen3-32B,Uncertainty_Avoidance,2598,1,2,50.0,50.0,50.0
Qwen_Qwen3-32B,Uncertainty_Avoidance,2598,1,3,50.0,50.0,50.0
Qwen_Qwen3-32B,Uncertainty_Avoidance,2599,1,1,50.0,50.0,50.0
Qwen_Qwen3-32B,Uncertainty_Avoidance,2599,1,2,50.0,50.0,50.0
Qwen_Qwen3-32B,Uncertainty_Avoidance,2599,1,3,50.0,50.0,50.0
Qwen_Qwen3-32B,Uncertainty_Avoidance,2601,1,1,25.0,50.0,50.0
Qwen_Qwen3-32B,Uncertainty_Avoidance,2601,1,2,25.0,25.0,25.0
Qwen_Qwen3-32B,Uncertainty_Avoidance,2601,1,3,25.0,25.0,0.0
Qwen_Qwen3-32B,Uncertainty_Avoidance,2604,1,1,50.0,25.0,50.0
Qwen_Qwen3-32B,Uncertainty_Avoidance,2604,1,2,50.0,25.0,50.0
Qwen_Qwen3-32B,Uncertainty_Avoidance,2604,1,3,50.0,50.0,25.0
Qwen_Qwen3-32B,Uncertainty_Avoidance,2605,1,1,75.0,75.0,75.0
Qwen_Qwen3-32B,Uncertainty_Avoidance,2605,1,2,75.0,50.0,50.0
Qwen_Qwen3-32B,Uncertainty_Avoidance,2605,1,3,75.0,75.0,75.0
Qwen_Qwen3-32B,Uncertainty_Avoidance,2608,1,1,25.0,25.0,25.0
Qwen_Qwen3-32B,Uncertainty_Avoidance,2608,1,2,25.0,25.0,25.0
Qwen_Qwen3-32B,Uncertainty_Avoidance,2608,1,3,25.0,50.0,25.0
Qwen_Qwen3-32B,Uncertainty_Avoidance,2610,1,1,50.0,50.0,75.0
Qwen_Qwen3-32B,Uncertainty_Avoidance,2610,1,2,50.0,50.0,50.0
Qwen_Qwen3-32B,Uncertainty_Avoidance,2610,1,3,50.0,50.0,50.0
Qwen_Qwen3-32B,Uncertainty_Avoidance,2612,1,1,50.0,50.0,25.0
Qwen_Qwen3-32B,Uncertainty_Avoidance,2612,1,2,50.0,50.0,50.0
Qwen_Qwen3-32B,Uncertainty_Avoidance,2612,1,3,50.0,50.0,50.0
Qwen_Qwen3-32B,Uncertainty_Avoidance,2619,1,1,50.0,50.0,50.0
Qwen_Qwen3-32B,Uncertainty_Avoidance,2619,1,2,50.0,50.0,50.0
Qwen_Qwen3-32B,Uncertainty_Avoidance,2619,1,3,50.0,50.0,50.0
Qwen_Qwen3-32B,Uncertainty_Avoidance,2620,1,1,50.0,25.0,50.0
Qwen_Qwen3-32B,Uncertainty_Avoidance,2620,1,2,50.0,25.0,25.0
Qwen_Qwen3-32B,Uncertainty_Avoidance,2620,1,3,50.0,25.0,25.0
Qwen_Qwen3-32B,Uncertainty_Avoidance,2622,1,1,50.0,50.0,50.0
Qwen_Qwen3-32B,Uncertainty_Avoidance,2622,1,2,50.0,50.0,50.0
Qwen_Qwen3-32B,Uncertainty_Avoidance,2622,1,3,50.0,50.0,50.0
Qwen_Qwen3-32B,Uncertainty_Avoidance,2623,1,1,75.0,75.0,25.0
Qwen_Qwen3-32B,Uncertainty_Avoidance,2623,1,2,75.0,75.0,75.0
Qwen_Qwen3-32B,Uncertainty_Avoidance,2623,1,3,75.0,75.0,75.0
Qwen_Qwen3-32B,Uncertainty_Avoidance,2630,1,1,50.0,25.0,25.0
Qwen_Qwen3-32B,Uncertainty_Avoidance,2630,1,2,50.0,25.0,25.0
Qwen_Qwen3-32B,Uncertainty_Avoidance,2630,1,3,50.0,25.0,50.0
Qwen_Qwen3-32B,Uncertainty_Avoidance,2634,1,1,25.0,25.0,25.0
Qwen_Qwen3-32B,Uncertainty_Avoidance,2634,1,2,25.0,25.0,25.0
Qwen_Qwen3-32B,Uncertainty_Avoidance,2634,1,3,25.0,25.0,25.0
Qwen_Qwen3-32B,Uncertainty_Avoidance,2639,1,1,50.0,50.0,50.0
Qwen_Qwen3-32B,Uncertainty_Avoidance,2639,1,2,50.0,50.0,50.0
Qwen_Qwen3-32B,Uncertainty_Avoidance,2639,1,3,50.0,50.0,50.0
Qwen_Qwen3-32B,Uncertainty_Avoidance,2640,1,1,50.0,25.0,25.0
Qwen_Qwen3-32B,Uncertainty_Avoidance,2640,1,2,50.0,25.0,25.0
Qwen_Qwen3-32B,Uncertainty_Avoidance,2640,1,3,50.0,25.0,50.0
Qwen_Qwen3-32B,Uncertainty_Avoidance,2641,1,1,50.0,50.0,50.0
Qwen_Qwen3-32B,Uncertainty_Avoidance,2641,1,2,50.0,50.0,50.0
Qwen_Qwen3-32B,Uncertainty_Avoidance,2641,1,3,50.0,50.0,50.0
Qwen_Qwen3-32B,Uncertainty_Avoidance,2644,1,1,50.0,50.0,50.0
Qwen_Qwen3-32B,Uncertainty_Avoidance,2644,1,2,50.0,50.0,50.0
Qwen_Qwen3-32B,Uncertainty_Avoidance,2644,1,3,50.0,25.0,50.0
Qwen_Qwen3-32B,Uncertainty_Avoidance,2646,1,1,25.0,25.0,50.0
Qwen_Qwen3-32B,Uncertainty_Avoidance,2646,1,2,25.0,25.0,25.0
Qwen_Qwen3-32B,Uncertainty_Avoidance,2646,1,3,25.0,25.0,25.0
Qwen_Qwen3-32B,Uncertainty_Avoidance,2651,1,1,75.0,50.0,100.0
Qwen_Qwen3-32B,Uncertainty_Avoidance,2651,1,2,75.0,100.0,100.0
Qwen_Qwen3-32B,Uncertainty_Avoidance,2651,1,3,75.0,100.0,100.0
Qwen_Qwen3-32B,Uncertainty_Avoidance,2658,1,1,50.0,50.0,50.0
Qwen_Qwen3-32B,Uncertainty_Avoidance,2658,1,2,50.0,50.0,50.0
Qwen_Qwen3-32B,Uncertainty_Avoidance,2658,1,3,50.0,50.0,50.0
deepseek-ai_DeepSeek-R1-Distill-Qwen-32B,Individualism,0,1,1,0.0,0.0,75.0
deepseek-ai_DeepSeek-R1-Distill-Qwen-32B,Individualism,0,1,2,0.0,0.0,0.0
deepseek-ai_DeepSeek-R1-Distill-Qwen-32B,Individualism,0,1,3,0.0,0.0,0.0
deepseek-ai_DeepSeek-R1-Distill-Qwen-32B,Individualism,1,1,1,75.0,100.0,75.0
deepseek-ai_DeepSeek-R1-Distill-Qwen-32B,Individualism,1,1,2,75.0,75.0,75.0
deepseek-ai_DeepSeek-R1-Distill-Qwen-32B,Individualism,1,1,3,75.0,75.0,100.0
deepseek-ai_DeepSeek-R1-Distill-Qwen-32B,Individualism,10,1,1,75.0,50.0,100.0
deepseek-ai_DeepSeek-R1-Distill-Qwen-32B,Individualism,10,1,2,75.0,50.0,50.0
deepseek-ai_DeepSeek-R1-Distill-Qwen-32B,Individualism,10,1,3,75.0,75.0,50.0
deepseek-ai_DeepSeek-R1-Distill-Qwen-32B,Individualism,100,1,1,50.0,50.0,50.0
deepseek-ai_DeepSeek-R1-Distill-Qwen-32B,Individualism,100,1,2,50.0,50.0,50.0
deepseek-ai_DeepSeek-R1-Distill-Qwen-32B,Individualism,100,1,3,50.0,50.0,50.0
deepseek-ai_DeepSeek-R1-Distill-Qwen-32B,Individualism,102,1,1,50.0,50.0,50.0
deepseek-ai_DeepSeek-R1-Distill-Qwen-32B,Individualism,102,1,2,50.0,25.0,25.0
deepseek-ai_DeepSeek-R1-Distill-Qwen-32B,Individualism,102,1,3,50.0,50.0,50.0
deepseek-ai_DeepSeek-R1-Distill-Qwen-32B,Individualism,103,1,1,25.0,25.0,25.0
deepseek-ai_DeepSeek-R1-Distill-Qwen-32B,Individualism,103,1,2,25.0,50.0,25.0
deepseek-ai_DeepSeek-R1-Distill-Qwen-32B,Individualism,103,1,3,25.0,25.0,25.0
deepseek-ai_DeepSeek-R1-Distill-Qwen-32B,Individualism,104,1,1,0.0,0.0,25.0
deepseek-ai_DeepSeek-R1-Distill-Qwen-32B,Individualism,104,1,2,0.0,25.0,75.0
deepseek-ai_DeepSeek-R1-Distill-Qwen-32B,Individualism,104,1,3,0.0,0.0,25.0
deepseek-ai_DeepSeek-R1-Distill-Qwen-32B,Individualism,105,1,1,100.0,50.0,100.0
deepseek-ai_DeepSeek-R1-Distill-Qwen-32B,Individualism,105,1,2,100.0,50.0,100.0
deepseek-ai_DeepSeek-R1-Distill-Qwen-32B,Individualism,105,1,3,100.0,100.0,100.0
deepseek-ai_DeepSeek-R1-Distill-Qwen-32B,Individualism,106,1,1,50.0,50.0,50.0
deepseek-ai_DeepSeek-R1-Distill-Qwen-32B,Individualism,106,1,2,50.0,50.0,100.0
deepseek-ai_DeepSeek-R1-Distill-Qwen-32B,Individualism,106,1,3,50.0,50.0,50.0
deepseek-ai_DeepSeek-R1-Distill-Qwen-32B,Individualism,107,1,1,75.0,50.0,75.0
deepseek-ai_DeepSeek-R1-Distill-Qwen-32B,Individualism,107,1,2,75.0,75.0,75.0
deepseek-ai_DeepSeek-R1-Distill-Qwen-32B,Individualism,107,1,3,75.0,75.0,75.0
deepseek-ai_DeepSeek-R1-Distill-Qwen-32B,Individualism,109,1,1,100.0,100.0,50.0
deepseek-ai_DeepSeek-R1-Distill-Qwen-32B,Individualism,109,1,2,100.0,100.0,100.0
deepseek-ai_DeepSeek-R1-Distill-Qwen-32B,Individualism,109,1,3,100.0,100.0,50.0
deepseek-ai_DeepSeek-R1-Distill-Qwen-32B,Individualism,11,1,1,50.0,50.0,50.0
deepseek-ai_DeepSeek-R1-Distill-Qwen-32B,Individualism,11,1,2,50.0,50.0,50.0
deepseek-ai_DeepSeek-R1-Distill-Qwen-32B,Individualism,11,1,3,50.0,50.0,50.0
deepseek-ai_DeepSeek-R1-Distill-Qwen-32B,Individualism,110,1,1,50.0,50.0,50.0
deepseek-ai_DeepSeek-R1-Distill-Qwen-32B,Individualism,110,1,2,50.0,50.0,50.0
deepseek-ai_DeepSeek-R1-Distill-Qwen-32B,Individualism,110,1,3,50.0,50.0,50.0
deepseek-ai_DeepSeek-R1-Distill-Qwen-32B,Individualism,113,1,1,50.0,50.0,75.0
deepseek-ai_DeepSeek-R1-Distill-Qwen-32B,Individualism,113,1,2,50.0,50.0,75.0
deepseek-ai_DeepSeek-R1-Distill-Qwen-32B,Individualism,113,1,3,50.0,50.0,75.0
deepseek-ai_DeepSeek-R1-Distill-Qwen-32B,Individualism,114,1,1,50.0,50.0,50.0
deepseek-ai_DeepSeek-R1-Distill-Qwen-32B,Individualism,114,1,2,50.0,50.0,50.0
deepseek-ai_DeepSeek-R1-Distill-Qwen-32B,Individualism,114,1,3,50.0,50.0,50.0
deepseek-ai_DeepSeek-R1-Distill-Qwen-32B,Individualism,118,1,1,50.0,50.0,75.0
deepseek-ai_DeepSeek-R1-Distill-Qwen-32B,Individualism,118,1,2,50.0,50.0,75.0
deepseek-ai_DeepSeek-R1-Distill-Qwen-32B,Individualism,118,1,3,50.0,75.0,50.0
deepseek-ai_DeepSeek-R1-Distill-Qwen-32B,Individualism,119,1,1,25.0,25.0,25.0
deepseek-ai_DeepSeek-R1-Distill-Qwen-32B,Individualism,119,1,2,25.0,25.0,75.0
deepseek-ai_DeepSeek-R1-Distill-Qwen-32B,Individualism,119,1,3,25.0,25.0,25.0
deepseek-ai_DeepSeek-R1-Distill-Qwen-32B,Individualism,12,1,1,50.0,50.0,100.0
deepseek-ai_DeepSeek-R1-Distill-Qwen-32B,Individualism,12,1,2,50.0,100.0,50.0
deepseek-ai_DeepSeek-R1-Distill-Qwen-32B,Individualism,12,1,3,50.0,50.0,100.0
deepseek-ai_DeepSeek-R1-Distill-Qwen-32B,Individualism,121,1,1,,25.0,0.0
deepseek-ai_DeepSeek-R1-Distill-Qwen-32B,Individualism,121,1,2,,25.0,50.0
deepseek-ai_DeepSeek-R1-Distill-Qwen-32B,Individualism,121,1,3,,0.0,50.0
deepseek-ai_DeepSeek-R1-Distill-Qwen-32B,Individualism,122,1,1,50.0,50.0,50.0
deepseek-ai_DeepSeek-R1-Distill-Qwen-32B,Individualism,122,1,2,50.0,50.0,50.0
deepseek-ai_DeepSeek-R1-Distill-Qwen-32B,Individualism,122,1,3,50.0,50.0,50.0
deepseek-ai_DeepSeek-R1-Distill-Qwen-32B,Individualism,123,1,1,50.0,50.0,50.0
deepseek-ai_DeepSeek-R1-Distill-Qwen-32B,Individualism,123,1,2,50.0,50.0,0.0
deepseek-ai_DeepSeek-R1-Distill-Qwen-32B,Individualism,123,1,3,50.0,50.0,50.0
deepseek-ai_DeepSeek-R1-Distill-Qwen-32B,Individualism,126,1,1,50.0,50.0,25.0
deepseek-ai_DeepSeek-R1-Distill-Qwen-32B,Individualism,126,1,2,50.0,50.0,50.0
deepseek-ai_DeepSeek-R1-Distill-Qwen-32B,Individualism,126,1,3,50.0,50.0,50.0
deepseek-ai_DeepSeek-R1-Distill-Qwen-32B,Individualism,127,1,1,50.0,75.0,50.0
deepseek-ai_DeepSeek-R1-Distill-Qwen-32B,Individualism,127,1,2,50.0,50.0,75.0
deepseek-ai_DeepSeek-R1-Distill-Qwen-32B,Individualism,127,1,3,50.0,75.0,75.0
deepseek-ai_DeepSeek-R1-Distill-Qwen-32B,Individualism,128,1,1,50.0,50.0,50.0
deepseek-ai_DeepSeek-R1-Distill-Qwen-32B,Individualism,128,1,2,50.0,75.0,50.0
deepseek-ai_DeepSeek-R1-Distill-Qwen-32B,Individualism,128,1,3,50.0,50.0,50.0
deepseek-ai_DeepSeek-R1-Distill-Qwen-32B,Individualism,129,1,1,75.0,100.0,100.0
deepseek-ai_DeepSeek-R1-Distill-Qwen-32B,Individualism,129,1,2,75.0,75.0,50.0
deepseek-ai_DeepSeek-R1-Distill-Qwen-32B,Individualism,129,1,3,75.0,50.0,100.0
deepseek-ai_DeepSeek-R1-Distill-Qwen-32B,Individualism,130,1,1,50.0,50.0,50.0
deepseek-ai_DeepSeek-R1-Distill-Qwen-32B,Individualism,130,1,2,50.0,50.0,50.0
deepseek-ai_DeepSeek-R1-Distill-Qwen-32B,Individualism,130,1,3,50.0,50.0,50.0
deepseek-ai_DeepSeek-R1-Distill-Qwen-32B,Individualism,131,1,1,25.0,25.0,50.0
deepseek-ai_DeepSeek-R1-Distill-Qwen-32B,Individualism,131,1,2,25.0,25.0,25.0
deepseek-ai_DeepSeek-R1-Distill-Qwen-32B,Individualism,131,1,3,25.0,25.0,25.0
deepseek-ai_DeepSeek-R1-Distill-Qwen-32B,Individualism,134,1,1,75.0,100.0,100.0
deepseek-ai_DeepSeek-R1-Distill-Qwen-32B,Individualism,134,1,2,75.0,75.0,100.0
deepseek-ai_DeepSeek-R1-Distill-Qwen-32B,Individualism,134,1,3,75.0,50.0,50.0
deepseek-ai_DeepSeek-R1-Distill-Qwen-32B,Individualism,135,1,1,75.0,25.0,25.0
deepseek-ai_DeepSeek-R1-Distill-Qwen-32B,Individualism,135,1,2,75.0,25.0,25.0
deepseek-ai_DeepSeek-R1-Distill-Qwen-32B,Individualism,135,1,3,75.0,50.0,50.0
deepseek-ai_DeepSeek-R1-Distill-Qwen-32B,Individualism,136,1,1,50.0,50.0,50.0
deepseek-ai_DeepSeek-R1-Distill-Qwen-32B,Individualism,136,1,2,50.0,50.0,50.0
deepseek-ai_DeepSeek-R1-Distill-Qwen-32B,Individualism,136,1,3,50.0,50.0,50.0
deepseek-ai_DeepSeek-R1-Distill-Qwen-32B,Individualism,138,1,1,0.0,50.0,50.0
deepseek-ai_DeepSeek-R1-Distill-Qwen-32B,Individualism,138,1,2,0.0,100.0,75.0
deepseek-ai_DeepSeek-R1-Distill-Qwen-32B,Individualism,138,1,3,0.0,100.0,50.0
deepseek-ai_DeepSeek-R1-Distill-Qwen-32B,Individualism,139,1,1,25.0,25.0,25.0
deepseek-ai_DeepSeek-R1-Distill-Qwen-32B,Individualism,139,1,2,25.0,25.0,50.0
deepseek-ai_DeepSeek-R1-Distill-Qwen-32B,Individualism,139,1,3,25.0,25.0,25.0
deepseek-ai_DeepSeek-R1-Distill-Qwen-32B,Individualism,140,1,1,50.0,50.0,50.0
deepseek-ai_DeepSeek-R1-Distill-Qwen-32B,Individualism,140,1,2,50.0,50.0,50.0
deepseek-ai_DeepSeek-R1-Distill-Qwen-32B,Individualism,140,1,3,50.0,50.0,50.0
deepseek-ai_DeepSeek-R1-Distill-Qwen-32B,Individualism,145,1,1,0.0,0.0,0.0
deepseek-ai_DeepSeek-R1-Distill-Qwen-32B,Individualism,145,1,2,0.0,25.0,75.0
deepseek-ai_DeepSeek-R1-Distill-Qwen-32B,Individualism,145,1,3,0.0,0.0,25.0
deepseek-ai_DeepSeek-R1-Distill-Qwen-32B,Individualism,147,1,1,50.0,100.0,100.0
deepseek-ai_DeepSeek-R1-Distill-Qwen-32B,Individualism,147,1,2,50.0,25.0,100.0
deepseek-ai_DeepSeek-R1-Distill-Qwen-32B,Individualism,147,1,3,50.0,25.0,25.0
deepseek-ai_DeepSeek-R1-Distill-Qwen-32B,Individualism,149,1,1,50.0,50.0,50.0
deepseek-ai_DeepSeek-R1-Distill-Qwen-32B,Individualism,149,1,2,50.0,25.0,25.0
deepseek-ai_DeepSeek-R1-Distill-Qwen-32B,Individualism,149,1,3,50.0,25.0,75.0
deepseek-ai_DeepSeek-R1-Distill-Qwen-32B,Individualism,15,1,1,25.0,0.0,0.0
deepseek-ai_DeepSeek-R1-Distill-Qwen-32B,Individualism,15,1,2,25.0,25.0,25.0
deepseek-ai_DeepSeek-R1-Distill-Qwen-32B,Individualism,15,1,3,25.0,25.0,0.0
deepseek-ai_DeepSeek-R1-Distill-Qwen-32B,Individualism,151,1,1,100.0,100.0,100.0
deepseek-ai_DeepSeek-R1-Distill-Qwen-32B,Individualism,151,1,2,100.0,75.0,100.0
deepseek-ai_DeepSeek-R1-Distill-Qwen-32B,Individualism,151,1,3,100.0,75.0,100.0
deepseek-ai_DeepSeek-R1-Distill-Qwen-32B,Individualism,152,1,1,50.0,50.0,50.0
deepseek-ai_DeepSeek-R1-Distill-Qwen-32B,Individualism,152,1,2,50.0,50.0,50.0
deepseek-ai_DeepSeek-R1-Distill-Qwen-32B,Individualism,152,1,3,50.0,50.0,50.0
deepseek-ai_DeepSeek-R1-Distill-Qwen-32B,Individualism,158,1,1,25.0,50.0,50.0
deepseek-ai_DeepSeek-R1-Distill-Qwen-32B,Individualism,158,1,2,25.0,50.0,50.0
deepseek-ai_DeepSeek-R1-Distill-Qwen-32B,Individualism,158,1,3,25.0,50.0,50.0
deepseek-ai_DeepSeek-R1-Distill-Qwen-32B,Individualism,159,1,1,25.0,75.0,50.0
deepseek-ai_DeepSeek-R1-Distill-Qwen-32B,Individualism,159,1,2,25.0,50.0,75.0
deepseek-ai_DeepSeek-R1-Distill-Qwen-32B,Individualism,159,1,3,25.0,75.0,50.0
deepseek-ai_DeepSeek-R1-Distill-Qwen-32B,Individualism,16,1,1,25.0,0.0,75.0
deepseek-ai_DeepSeek-R1-Distill-Qwen-32B,Individualism,16,1,2,25.0,75.0,25.0
deepseek-ai_DeepSeek-R1-Distill-Qwen-32B,Individualism,16,1,3,25.0,25.0,25.0
deepseek-ai_DeepSeek-R1-Distill-Qwen-32B,Individualism,163,1,1,75.0,75.0,100.0
deepseek-ai_DeepSeek-R1-Distill-Qwen-32B,Individualism,163,1,2,75.0,75.0,100.0
deepseek-ai_DeepSeek-R1-Distill-Qwen-32B,Individualism,163,1,3,75.0,75.0,100.0
deepseek-ai_DeepSeek-R1-Distill-Qwen-32B,Individualism,165,1,1,50.0,50.0,50.0
deepseek-ai_DeepSeek-R1-Distill-Qwen-32B,Individualism,165,1,2,50.0,50.0,50.0
deepseek-ai_DeepSeek-R1-Distill-Qwen-32B,Individualism,165,1,3,50.0,50.0,50.0
deepseek-ai_DeepSeek-R1-Distill-Qwen-32B,Individualism,166,1,1,50.0,75.0,75.0
deepseek-ai_DeepSeek-R1-Distill-Qwen-32B,Individualism,166,1,2,50.0,50.0,50.0
deepseek-ai_DeepSeek-R1-Distill-Qwen-32B,Individualism,166,1,3,50.0,100.0,0.0
deepseek-ai_DeepSeek-R1-Distill-Qwen-32B,Individualism,167,1,1,50.0,50.0,75.0
deepseek-ai_DeepSeek-R1-Distill-Qwen-32B,Individualism,167,1,2,50.0,50.0,50.0
deepseek-ai_DeepSeek-R1-Distill-Qwen-32B,Individualism,167,1,3,50.0,75.0,50.0
deepseek-ai_DeepSeek-R1-Distill-Qwen-32B,Individualism,169,1,1,50.0,50.0,50.0
deepseek-ai_DeepSeek-R1-Distill-Qwen-32B,Individualism,169,1,2,50.0,50.0,50.0
deepseek-ai_DeepSeek-R1-Distill-Qwen-32B,Individualism,169,1,3,50.0,50.0,75.0
deepseek-ai_DeepSeek-R1-Distill-Qwen-32B,Individualism,17,1,1,50.0,100.0,25.0
deepseek-ai_DeepSeek-R1-Distill-Qwen-32B,Individualism,17,1,2,50.0,100.0,100.0
deepseek-ai_DeepSeek-R1-Distill-Qwen-32B,Individualism,17,1,3,50.0,50.0,100.0
deepseek-ai_DeepSeek-R1-Distill-Qwen-32B,Individualism,171,1,1,50.0,50.0,50.0
deepseek-ai_DeepSeek-R1-Distill-Qwen-32B,Individualism,171,1,2,50.0,50.0,50.0
deepseek-ai_DeepSeek-R1-Distill-Qwen-32B,Individualism,171,1,3,50.0,50.0,50.0
deepseek-ai_DeepSeek-R1-Distill-Qwen-32B,Individualism,173,1,1,50.0,50.0,50.0
deepseek-ai_DeepSeek-R1-Distill-Qwen-32B,Individualism,173,1,2,50.0,50.0,50.0
deepseek-ai_DeepSeek-R1-Distill-Qwen-32B,Individualism,173,1,3,50.0,50.0,50.0
deepseek-ai_DeepSeek-R1-Distill-Qwen-32B,Individualism,176,1,1,100.0,100.0,100.0
deepseek-ai_DeepSeek-R1-Distill-Qwen-32B,Individualism,176,1,2,100.0,100.0,100.0
deepseek-ai_DeepSeek-R1-Distill-Qwen-32B,Individualism,176,1,3,100.0,100.0,100.0
deepseek-ai_DeepSeek-R1-Distill-Qwen-32B,Individualism,178,1,1,50.0,50.0,50.0
deepseek-ai_DeepSeek-R1-Distill-Qwen-32B,Individualism,178,1,2,50.0,50.0,50.0
deepseek-ai_DeepSeek-R1-Distill-Qwen-32B,Individualism,178,1,3,50.0,50.0,50.0
deepseek-ai_DeepSeek-R1-Distill-Qwen-32B,Individualism,179,1,1,50.0,100.0,25.0
deepseek-ai_DeepSeek-R1-Distill-Qwen-32B,Individualism,179,1,2,50.0,50.0,100.0
deepseek-ai_DeepSeek-R1-Distill-Qwen-32B,Individualism,179,1,3,50.0,100.0,25.0
deepseek-ai_DeepSeek-R1-Distill-Qwen-32B,Individualism,18,1,1,50.0,50.0,50.0
deepseek-ai_DeepSeek-R1-Distill-Qwen-32B,Individualism,18,1,2,50.0,50.0,50.0
deepseek-ai_DeepSeek-R1-Distill-Qwen-32B,Individualism,18,1,3,50.0,50.0,50.0
deepseek-ai_DeepSeek-R1-Distill-Qwen-32B,Individualism,180,1,1,100.0,75.0,75.0
deepseek-ai_DeepSeek-R1-Distill-Qwen-32B,Individualism,180,1,2,100.0,75.0,75.0
deepseek-ai_DeepSeek-R1-Distill-Qwen-32B,Individualism,180,1,3,100.0,100.0,75.0
deepseek-ai_DeepSeek-R1-Distill-Qwen-32B,Individualism,182,1,1,50.0,50.0,50.0
deepseek-ai_DeepSeek-R1-Distill-Qwen-32B,Individualism,182,1,2,50.0,50.0,75.0
deepseek-ai_DeepSeek-R1-Distill-Qwen-32B,Individualism,182,1,3,50.0,50.0,50.0
deepseek-ai_DeepSeek-R1-Distill-Qwen-32B,Individualism,184,1,1,50.0,50.0,50.0
deepseek-ai_DeepSeek-R1-Distill-Qwen-32B,Individualism,184,1,2,50.0,50.0,100.0
deepseek-ai_DeepSeek-R1-Distill-Qwen-32B,Individualism,184,1,3,50.0,50.0,100.0
deepseek-ai_DeepSeek-R1-Distill-Qwen-32B,Individualism,187,1,1,100.0,100.0,50.0
deepseek-ai_DeepSeek-R1-Distill-Qwen-32B,Individualism,187,1,2,100.0,100.0,100.0
deepseek-ai_DeepSeek-R1-Distill-Qwen-32B,Individualism,187,1,3,100.0,100.0,100.0
deepseek-ai_DeepSeek-R1-Distill-Qwen-32B,Individualism,189,1,1,50.0,75.0,50.0
deepseek-ai_DeepSeek-R1-Distill-Qwen-32B,Individualism,189,1,2,50.0,50.0,50.0
deepseek-ai_DeepSeek-R1-Distill-Qwen-32B,Individualism,189,1,3,50.0,75.0,75.0
deepseek-ai_DeepSeek-R1-Distill-Qwen-32B,Individualism,19,1,1,75.0,75.0,75.0
deepseek-ai_DeepSeek-R1-Distill-Qwen-32B,Individualism,19,1,2,75.0,50.0,50.0
deepseek-ai_DeepSeek-R1-Distill-Qwen-32B,Individualism,19,1,3,75.0,50.0,50.0
deepseek-ai_DeepSeek-R1-Distill-Qwen-32B,Individualism,190,1,1,75.0,50.0,75.0
deepseek-ai_DeepSeek-R1-Distill-Qwen-32B,Individualism,190,1,2,75.0,50.0,50.0
deepseek-ai_DeepSeek-R1-Distill-Qwen-32B,Individualism,190,1,3,75.0,100.0,100.0
deepseek-ai_DeepSeek-R1-Distill-Qwen-32B,Individualism,192,1,1,25.0,50.0,25.0
deepseek-ai_DeepSeek-R1-Distill-Qwen-32B,Individualism,192,1,2,25.0,50.0,50.0
deepseek-ai_DeepSeek-R1-Distill-Qwen-32B,Individualism,192,1,3,25.0,25.0,50.0
deepseek-ai_DeepSeek-R1-Distill-Qwen-32B,Individualism,195,1,1,100.0,50.0,50.0
deepseek-ai_DeepSeek-R1-Distill-Qwen-32B,Individualism,195,1,2,100.0,50.0,100.0
deepseek-ai_DeepSeek-R1-Distill-Qwen-32B,Individualism,195,1,3,100.0,50.0,50.0
deepseek-ai_DeepSeek-R1-Distill-Qwen-32B,Individualism,197,1,1,50.0,75.0,50.0
deepseek-ai_DeepSeek-R1-Distill-Qwen-32B,Individualism,197,1,2,50.0,75.0,50.0
deepseek-ai_DeepSeek-R1-Distill-Qwen-32B,Individualism,197,1,3,50.0,25.0,50.0
deepseek-ai_DeepSeek-R1-Distill-Qwen-32B,Individualism,198,1,1,50.0,50.0,50.0
deepseek-ai_DeepSeek-R1-Distill-Qwen-32B,Individualism,198,1,2,50.0,50.0,50.0
deepseek-ai_DeepSeek-R1-Distill-Qwen-32B,Individualism,198,1,3,50.0,50.0,50.0
deepseek-ai_DeepSeek-R1-Distill-Qwen-32B,Individualism,2,1,1,50.0,25.0,25.0
deepseek-ai_DeepSeek-R1-Distill-Qwen-32B,Individualism,2,1,2,50.0,50.0,25.0
deepseek-ai_DeepSeek-R1-Distill-Qwen-32B,Individualism,2,1,3,50.0,50.0,50.0
deepseek-ai_DeepSeek-R1-Distill-Qwen-32B,Individualism,20,1,1,50.0,50.0,50.0
deepseek-ai_DeepSeek-R1-Distill-Qwen-32B,Individualism,20,1,2,50.0,50.0,50.0
deepseek-ai_DeepSeek-R1-Distill-Qwen-32B,Individualism,20,1,3,50.0,50.0,50.0
deepseek-ai_DeepSeek-R1-Distill-Qwen-32B,Individualism,202,1,1,50.0,50.0,50.0
deepseek-ai_DeepSeek-R1-Distill-Qwen-32B,Individualism,202,1,2,50.0,50.0,50.0
deepseek-ai_DeepSeek-R1-Distill-Qwen-32B,Individualism,202,1,3,50.0,50.0,50.0
deepseek-ai_DeepSeek-R1-Distill-Qwen-32B,Individualism,203,1,1,50.0,50.0,50.0
deepseek-ai_DeepSeek-R1-Distill-Qwen-32B,Individualism,203,1,2,50.0,100.0,100.0
deepseek-ai_DeepSeek-R1-Distill-Qwen-32B,Individualism,203,1,3,50.0,50.0,50.0
deepseek-ai_DeepSeek-R1-Distill-Qwen-32B,Individualism,204,1,1,100.0,100.0,75.0
deepseek-ai_DeepSeek-R1-Distill-Qwen-32B,Individualism,204,1,2,100.0,100.0,100.0
deepseek-ai_DeepSeek-R1-Distill-Qwen-32B,Individualism,204,1,3,100.0,75.0,50.0
deepseek-ai_DeepSeek-R1-Distill-Qwen-32B,Individualism,207,1,1,100.0,100.0,100.0
deepseek-ai_DeepSeek-R1-Distill-Qwen-32B,Individualism,207,1,2,100.0,100.0,75.0
deepseek-ai_DeepSeek-R1-Distill-Qwen-32B,Individualism,207,1,3,100.0,75.0,100.0
deepseek-ai_DeepSeek-R1-Distill-Qwen-32B,Individualism,208,1,1,0.0,50.0,50.0
deepseek-ai_DeepSeek-R1-Distill-Qwen-32B,Individualism,208,1,2,0.0,50.0,50.0
deepseek-ai_DeepSeek-R1-Distill-Qwen-32B,Individualism,208,1,3,0.0,50.0,50.0
deepseek-ai_DeepSeek-R1-Distill-Qwen-32B,Individualism,21,1,1,25.0,100.0,25.0
deepseek-ai_DeepSeek-R1-Distill-Qwen-32B,Individualism,21,1,2,25.0,100.0,25.0
deepseek-ai_DeepSeek-R1-Distill-Qwen-32B,Individualism,21,1,3,25.0,100.0,25.0
deepseek-ai_DeepSeek-R1-Distill-Qwen-32B,Individualism,216,1,1,75.0,25.0,75.0
deepseek-ai_DeepSeek-R1-Distill-Qwen-32B,Individualism,216,1,2,75.0,75.0,75.0
deepseek-ai_DeepSeek-R1-Distill-Qwen-32B,Individualism,216,1,3,75.0,75.0,75.0
deepseek-ai_DeepSeek-R1-Distill-Qwen-32B,Individualism,217,1,1,100.0,100.0,25.0
deepseek-ai_DeepSeek-R1-Distill-Qwen-32B,Individualism,217,1,2,100.0,100.0,50.0
deepseek-ai_DeepSeek-R1-Distill-Qwen-32B,Individualism,217,1,3,100.0,50.0,50.0
deepseek-ai_DeepSeek-R1-Distill-Qwen-32B,Individualism,223,1,1,50.0,50.0,50.0
deepseek-ai_DeepSeek-R1-Distill-Qwen-32B,Individualism,223,1,2,50.0,50.0,50.0
deepseek-ai_DeepSeek-R1-Distill-Qwen-32B,Individualism,223,1,3,50.0,50.0,50.0
deepseek-ai_DeepSeek-R1-Distill-Qwen-32B,Individualism,226,1,1,100.0,100.0,75.0
deepseek-ai_DeepSeek-R1-Distill-Qwen-32B,Individualism,226,1,2,100.0,100.0,75.0
deepseek-ai_DeepSeek-R1-Distill-Qwen-32B,Individualism,226,1,3,100.0,100.0,75.0
deepseek-ai_DeepSeek-R1-Distill-Qwen-32B,Individualism,228,1,1,50.0,50.0,50.0
deepseek-ai_DeepSeek-R1-Distill-Qwen-32B,Individualism,228,1,2,50.0,50.0,50.0
deepseek-ai_DeepSeek-R1-Distill-Qwen-32B,Individualism,228,1,3,50.0,50.0,25.0
deepseek-ai_DeepSeek-R1-Distill-Qwen-32B,Individualism,232,1,1,25.0,25.0,0.0
deepseek-ai_DeepSeek-R1-Distill-Qwen-32B,Individualism,232,1,2,25.0,75.0,25.0
deepseek-ai_DeepSeek-R1-Distill-Qwen-32B,Individualism,232,1,3,25.0,25.0,25.0
deepseek-ai_DeepSeek-R1-Distill-Qwen-32B,Individualism,235,1,1,75.0,75.0,75.0
deepseek-ai_DeepSeek-R1-Distill-Qwen-32B,Individualism,235,1,2,75.0,75.0,50.0
deepseek-ai_DeepSeek-R1-Distill-Qwen-32B,Individualism,235,1,3,75.0,75.0,75.0
deepseek-ai_DeepSeek-R1-Distill-Qwen-32B,Individualism,24,1,1,75.0,75.0,50.0
deepseek-ai_DeepSeek-R1-Distill-Qwen-32B,Individualism,24,1,2,75.0,75.0,75.0
deepseek-ai_DeepSeek-R1-Distill-Qwen-32B,Individualism,24,1,3,75.0,50.0,75.0
deepseek-ai_DeepSeek-R1-Distill-Qwen-32B,Individualism,242,1,1,50.0,25.0,50.0
deepseek-ai_DeepSeek-R1-Distill-Qwen-32B,Individualism,242,1,2,50.0,50.0,50.0
deepseek-ai_DeepSeek-R1-Distill-Qwen-32B,Individualism,242,1,3,50.0,100.0,50.0
deepseek-ai_DeepSeek-R1-Distill-Qwen-32B,Individualism,27,1,1,50.0,50.0,75.0
deepseek-ai_DeepSeek-R1-Distill-Qwen-32B,Individualism,27,1,2,50.0,50.0,75.0
deepseek-ai_DeepSeek-R1-Distill-Qwen-32B,Individualism,27,1,3,50.0,50.0,50.0
deepseek-ai_DeepSeek-R1-Distill-Qwen-32B,Individualism,29,1,1,50.0,50.0,50.0
deepseek-ai_DeepSeek-R1-Distill-Qwen-32B,Individualism,29,1,2,50.0,50.0,50.0
deepseek-ai_DeepSeek-R1-Distill-Qwen-32B,Individualism,29,1,3,50.0,50.0,50.0
deepseek-ai_DeepSeek-R1-Distill-Qwen-32B,Individualism,3,1,1,75.0,100.0,100.0
deepseek-ai_DeepSeek-R1-Distill-Qwen-32B,Individualism,3,1,2,75.0,50.0,100.0
deepseek-ai_DeepSeek-R1-Distill-Qwen-32B,Individualism,3,1,3,75.0,75.0,50.0
deepseek-ai_DeepSeek-R1-Distill-Qwen-32B,Individualism,31,1,1,25.0,25.0,25.0
deepseek-ai_DeepSeek-R1-Distill-Qwen-32B,Individualism,31,1,2,25.0,25.0,25.0
deepseek-ai_DeepSeek-R1-Distill-Qwen-32B,Individualism,31,1,3,25.0,25.0,25.0
deepseek-ai_DeepSeek-R1-Distill-Qwen-32B,Individualism,34,1,1,100.0,100.0,50.0
deepseek-ai_DeepSeek-R1-Distill-Qwen-32B,Individualism,34,1,2,100.0,50.0,50.0
deepseek-ai_DeepSeek-R1-Distill-Qwen-32B,Individualism,34,1,3,100.0,50.0,50.0
deepseek-ai_DeepSeek-R1-Distill-Qwen-32B,Individualism,36,1,1,50.0,50.0,75.0
deepseek-ai_DeepSeek-R1-Distill-Qwen-32B,Individualism,36,1,2,50.0,50.0,50.0
deepseek-ai_DeepSeek-R1-Distill-Qwen-32B,Individualism,36,1,3,50.0,75.0,50.0
deepseek-ai_DeepSeek-R1-Distill-Qwen-32B,Individualism,37,1,1,50.0,100.0,50.0
deepseek-ai_DeepSeek-R1-Distill-Qwen-32B,Individualism,37,1,2,50.0,50.0,100.0
deepseek-ai_DeepSeek-R1-Distill-Qwen-32B,Individualism,37,1,3,50.0,50.0,100.0
deepseek-ai_DeepSeek-R1-Distill-Qwen-32B,Individualism,38,1,1,50.0,50.0,0.0
deepseek-ai_DeepSeek-R1-Distill-Qwen-32B,Individualism,38,1,2,50.0,50.0,75.0
deepseek-ai_DeepSeek-R1-Distill-Qwen-32B,Individualism,38,1,3,50.0,50.0,0.0
deepseek-ai_DeepSeek-R1-Distill-Qwen-32B,Individualism,39,1,1,50.0,50.0,50.0
deepseek-ai_DeepSeek-R1-Distill-Qwen-32B,Individualism,39,1,2,50.0,50.0,50.0
deepseek-ai_DeepSeek-R1-Distill-Qwen-32B,Individualism,39,1,3,50.0,50.0,50.0
deepseek-ai_DeepSeek-R1-Distill-Qwen-32B,Individualism,4,1,1,50.0,50.0,50.0
deepseek-ai_DeepSeek-R1-Distill-Qwen-32B,Individualism,4,1,2,50.0,50.0,50.0
deepseek-ai_DeepSeek-R1-Distill-Qwen-32B,Individualism,4,1,3,50.0,75.0,100.0
deepseek-ai_DeepSeek-R1-Distill-Qwen-32B,Individualism,40,1,1,50.0,50.0,50.0
deepseek-ai_DeepSeek-R1-Distill-Qwen-32B,Individualism,40,1,2,50.0,50.0,50.0
deepseek-ai_DeepSeek-R1-Distill-Qwen-32B,Individualism,40,1,3,50.0,50.0,50.0
deepseek-ai_DeepSeek-R1-Distill-Qwen-32B,Individualism,42,1,1,50.0,50.0,50.0
deepseek-ai_DeepSeek-R1-Distill-Qwen-32B,Individualism,42,1,2,50.0,50.0,50.0
deepseek-ai_DeepSeek-R1-Distill-Qwen-32B,Individualism,42,1,3,50.0,50.0,50.0
deepseek-ai_DeepSeek-R1-Distill-Qwen-32B,Individualism,43,1,1,50.0,50.0,50.0
deepseek-ai_DeepSeek-R1-Distill-Qwen-32B,Individualism,43,1,2,50.0,50.0,50.0
deepseek-ai_DeepSeek-R1-Distill-Qwen-32B,Individualism,43,1,3,50.0,50.0,50.0
deepseek-ai_DeepSeek-R1-Distill-Qwen-32B,Individualism,44,1,1,50.0,50.0,50.0
deepseek-ai_DeepSeek-R1-Distill-Qwen-32B,Individualism,44,1,2,50.0,50.0,50.0
deepseek-ai_DeepSeek-R1-Distill-Qwen-32B,Individualism,44,1,3,50.0,50.0,50.0
deepseek-ai_DeepSeek-R1-Distill-Qwen-32B,Individualism,47,1,1,25.0,25.0,25.0
deepseek-ai_DeepSeek-R1-Distill-Qwen-32B,Individualism,47,1,2,25.0,25.0,25.0
deepseek-ai_DeepSeek-R1-Distill-Qwen-32B,Individualism,47,1,3,25.0,25.0,50.0
deepseek-ai_DeepSeek-R1-Distill-Qwen-32B,Individualism,48,1,1,75.0,100.0,75.0
deepseek-ai_DeepSeek-R1-Distill-Qwen-32B,Individualism,48,1,2,75.0,75.0,75.0
deepseek-ai_DeepSeek-R1-Distill-Qwen-32B,Individualism,48,1,3,75.0,75.0,75.0
deepseek-ai_DeepSeek-R1-Distill-Qwen-32B,Individualism,49,1,1,50.0,50.0,50.0
deepseek-ai_DeepSeek-R1-Distill-Qwen-32B,Individualism,49,1,2,50.0,50.0,50.0
deepseek-ai_DeepSeek-R1-Distill-Qwen-32B,Individualism,49,1,3,50.0,50.0,50.0
deepseek-ai_DeepSeek-R1-Distill-Qwen-32B,Individualism,5,1,1,50.0,50.0,50.0
deepseek-ai_DeepSeek-R1-Distill-Qwen-32B,Individualism,5,1,2,50.0,50.0,50.0
deepseek-ai_DeepSeek-R1-Distill-Qwen-32B,Individualism,5,1,3,50.0,75.0,50.0
deepseek-ai_DeepSeek-R1-Distill-Qwen-32B,Individualism,50,1,1,25.0,25.0,25.0
deepseek-ai_DeepSeek-R1-Distill-Qwen-32B,Individualism,50,1,2,25.0,25.0,25.0
deepseek-ai_DeepSeek-R1-Distill-Qwen-32B,Individualism,50,1,3,25.0,25.0,25.0
deepseek-ai_DeepSeek-R1-Distill-Qwen-32B,Individualism,51,1,1,50.0,50.0,50.0
deepseek-ai_DeepSeek-R1-Distill-Qwen-32B,Individualism,51,1,2,50.0,25.0,50.0
deepseek-ai_DeepSeek-R1-Distill-Qwen-32B,Individualism,51,1,3,50.0,50.0,50.0
deepseek-ai_DeepSeek-R1-Distill-Qwen-32B,Individualism,53,1,1,50.0,75.0,75.0
deepseek-ai_DeepSeek-R1-Distill-Qwen-32B,Individualism,53,1,2,50.0,50.0,50.0
deepseek-ai_DeepSeek-R1-Distill-Qwen-32B,Individualism,53,1,3,50.0,50.0,75.0
deepseek-ai_DeepSeek-R1-Distill-Qwen-32B,Individualism,54,1,1,75.0,75.0,50.0
deepseek-ai_DeepSeek-R1-Distill-Qwen-32B,Individualism,54,1,2,75.0,75.0,100.0
deepseek-ai_DeepSeek-R1-Distill-Qwen-32B,Individualism,54,1,3,75.0,75.0,75.0
deepseek-ai_DeepSeek-R1-Distill-Qwen-32B,Individualism,55,1,1,50.0,50.0,50.0
deepseek-ai_DeepSeek-R1-Distill-Qwen-32B,Individualism,55,1,2,50.0,50.0,50.0
deepseek-ai_DeepSeek-R1-Distill-Qwen-32B,Individualism,55,1,3,50.0,50.0,50.0
deepseek-ai_DeepSeek-R1-Distill-Qwen-32B,Individualism,56,1,1,100.0,75.0,50.0
deepseek-ai_DeepSeek-R1-Distill-Qwen-32B,Individualism,56,1,2,100.0,75.0,100.0
deepseek-ai_DeepSeek-R1-Distill-Qwen-32B,Individualism,56,1,3,100.0,75.0,75.0
deepseek-ai_DeepSeek-R1-Distill-Qwen-32B,Individualism,57,1,1,100.0,100.0,100.0
deepseek-ai_DeepSeek-R1-Distill-Qwen-32B,Individualism,57,1,2,100.0,100.0,100.0
deepseek-ai_DeepSeek-R1-Distill-Qwen-32B,Individualism,57,1,3,100.0,75.0,75.0
deepseek-ai_DeepSeek-R1-Distill-Qwen-32B,Individualism,58,1,1,50.0,25.0,50.0
deepseek-ai_DeepSeek-R1-Distill-Qwen-32B,Individualism,58,1,2,50.0,50.0,50.0
deepseek-ai_DeepSeek-R1-Distill-Qwen-32B,Individualism,58,1,3,50.0,50.0,75.0
deepseek-ai_DeepSeek-R1-Distill-Qwen-32B,Individualism,59,1,1,0.0,75.0,0.0
deepseek-ai_DeepSeek-R1-Distill-Qwen-32B,Individualism,59,1,2,0.0,75.0,75.0
deepseek-ai_DeepSeek-R1-Distill-Qwen-32B,Individualism,59,1,3,0.0,75.0,75.0
deepseek-ai_DeepSeek-R1-Distill-Qwen-32B,Individualism,60,1,1,0.0,0.0,0.0
deepseek-ai_DeepSeek-R1-Distill-Qwen-32B,Individualism,60,1,2,0.0,0.0,0.0
deepseek-ai_DeepSeek-R1-Distill-Qwen-32B,Individualism,60,1,3,0.0,0.0,25.0
deepseek-ai_DeepSeek-R1-Distill-Qwen-32B,Individualism,61,1,1,75.0,75.0,75.0
deepseek-ai_DeepSeek-R1-Distill-Qwen-32B,Individualism,61,1,2,75.0,75.0,75.0
deepseek-ai_DeepSeek-R1-Distill-Qwen-32B,Individualism,61,1,3,75.0,75.0,100.0
deepseek-ai_DeepSeek-R1-Distill-Qwen-32B,Individualism,62,1,1,50.0,50.0,50.0
deepseek-ai_DeepSeek-R1-Distill-Qwen-32B,Individualism,62,1,2,50.0,50.0,50.0
deepseek-ai_DeepSeek-R1-Distill-Qwen-32B,Individualism,62,1,3,50.0,50.0,50.0
deepseek-ai_DeepSeek-R1-Distill-Qwen-32B,Individualism,63,1,1,25.0,25.0,25.0
deepseek-ai_DeepSeek-R1-Distill-Qwen-32B,Individualism,63,1,2,25.0,50.0,25.0
deepseek-ai_DeepSeek-R1-Distill-Qwen-32B,Individualism,63,1,3,25.0,50.0,50.0
deepseek-ai_DeepSeek-R1-Distill-Qwen-32B,Individualism,64,1,1,75.0,75.0,100.0
deepseek-ai_DeepSeek-R1-Distill-Qwen-32B,Individualism,64,1,2,75.0,75.0,50.0
deepseek-ai_DeepSeek-R1-Distill-Qwen-32B,Individualism,64,1,3,75.0,75.0,75.0
deepseek-ai_DeepSeek-R1-Distill-Qwen-32B,Individualism,66,1,1,50.0,50.0,50.0
deepseek-ai_DeepSeek-R1-Distill-Qwen-32B,Individualism,66,1,2,50.0,50.0,50.0
deepseek-ai_DeepSeek-R1-Distill-Qwen-32B,Individualism,66,1,3,50.0,50.0,50.0
deepseek-ai_DeepSeek-R1-Distill-Qwen-32B,Individualism,67,1,1,0.0,50.0,50.0
deepseek-ai_DeepSeek-R1-Distill-Qwen-32B,Individualism,67,1,2,0.0,50.0,25.0
deepseek-ai_DeepSeek-R1-Distill-Qwen-32B,Individualism,67,1,3,0.0,100.0,50.0
deepseek-ai_DeepSeek-R1-Distill-Qwen-32B,Individualism,70,1,1,50.0,50.0,50.0
deepseek-ai_DeepSeek-R1-Distill-Qwen-32B,Individualism,70,1,2,50.0,50.0,50.0
deepseek-ai_DeepSeek-R1-Distill-Qwen-32B,Individualism,70,1,3,50.0,50.0,50.0
deepseek-ai_DeepSeek-R1-Distill-Qwen-32B,Individualism,72,1,1,25.0,25.0,25.0
deepseek-ai_DeepSeek-R1-Distill-Qwen-32B,Individualism,72,1,2,25.0,50.0,75.0
deepseek-ai_DeepSeek-R1-Distill-Qwen-32B,Individualism,72,1,3,25.0,25.0,50.0
deepseek-ai_DeepSeek-R1-Distill-Qwen-32B,Individualism,73,1,1,50.0,50.0,50.0
deepseek-ai_DeepSeek-R1-Distill-Qwen-32B,Individualism,73,1,2,50.0,50.0,50.0
deepseek-ai_DeepSeek-R1-Distill-Qwen-32B,Individualism,73,1,3,50.0,50.0,50.0
deepseek-ai_DeepSeek-R1-Distill-Qwen-32B,Individualism,78,1,1,50.0,50.0,50.0
deepseek-ai_DeepSeek-R1-Distill-Qwen-32B,Individualism,78,1,2,50.0,50.0,50.0
deepseek-ai_DeepSeek-R1-Distill-Qwen-32B,Individualism,78,1,3,50.0,50.0,25.0
deepseek-ai_DeepSeek-R1-Distill-Qwen-32B,Individualism,79,1,1,25.0,25.0,25.0
deepseek-ai_DeepSeek-R1-Distill-Qwen-32B,Individualism,79,1,2,25.0,25.0,25.0
deepseek-ai_DeepSeek-R1-Distill-Qwen-32B,Individualism,79,1,3,25.0,50.0,25.0
deepseek-ai_DeepSeek-R1-Distill-Qwen-32B,Individualism,8,1,1,25.0,50.0,25.0
deepseek-ai_DeepSeek-R1-Distill-Qwen-32B,Individualism,8,1,2,25.0,50.0,25.0
deepseek-ai_DeepSeek-R1-Distill-Qwen-32B,Individualism,8,1,3,25.0,25.0,25.0
deepseek-ai_DeepSeek-R1-Distill-Qwen-32B,Individualism,80,1,1,50.0,50.0,50.0
deepseek-ai_DeepSeek-R1-Distill-Qwen-32B,Individualism,80,1,2,50.0,50.0,50.0
deepseek-ai_DeepSeek-R1-Distill-Qwen-32B,Individualism,80,1,3,50.0,50.0,50.0
deepseek-ai_DeepSeek-R1-Distill-Qwen-32B,Individualism,81,1,1,75.0,50.0,50.0
deepseek-ai_DeepSeek-R1-Distill-Qwen-32B,Individualism,81,1,2,75.0,50.0,50.0
deepseek-ai_DeepSeek-R1-Distill-Qwen-32B,Individualism,81,1,3,75.0,50.0,100.0
deepseek-ai_DeepSeek-R1-Distill-Qwen-32B,Individualism,84,1,1,50.0,50.0,50.0
deepseek-ai_DeepSeek-R1-Distill-Qwen-32B,Individualism,84,1,2,50.0,50.0,50.0
deepseek-ai_DeepSeek-R1-Distill-Qwen-32B,Individualism,84,1,3,50.0,50.0,50.0
deepseek-ai_DeepSeek-R1-Distill-Qwen-32B,Individualism,85,1,1,75.0,50.0,50.0
deepseek-ai_DeepSeek-R1-Distill-Qwen-32B,Individualism,85,1,2,75.0,50.0,50.0
deepseek-ai_DeepSeek-R1-Distill-Qwen-32B,Individualism,85,1,3,75.0,100.0,100.0
deepseek-ai_DeepSeek-R1-Distill-Qwen-32B,Individualism,88,1,1,50.0,75.0,50.0
deepseek-ai_DeepSeek-R1-Distill-Qwen-32B,Individualism,88,1,2,50.0,50.0,50.0
deepseek-ai_DeepSeek-R1-Distill-Qwen-32B,Individualism,88,1,3,50.0,50.0,50.0
deepseek-ai_DeepSeek-R1-Distill-Qwen-32B,Individualism,9,1,1,25.0,25.0,50.0
deepseek-ai_DeepSeek-R1-Distill-Qwen-32B,Individualism,9,1,2,25.0,25.0,25.0
deepseek-ai_DeepSeek-R1-Distill-Qwen-32B,Individualism,9,1,3,25.0,25.0,0.0
deepseek-ai_DeepSeek-R1-Distill-Qwen-32B,Individualism,90,1,1,50.0,50.0,25.0
deepseek-ai_DeepSeek-R1-Distill-Qwen-32B,Individualism,90,1,2,50.0,50.0,25.0
deepseek-ai_DeepSeek-R1-Distill-Qwen-32B,Individualism,90,1,3,50.0,50.0,75.0
deepseek-ai_DeepSeek-R1-Distill-Qwen-32B,Individualism,97,1,1,100.0,75.0,75.0
deepseek-ai_DeepSeek-R1-Distill-Qwen-32B,Individualism,97,1,2,100.0,100.0,100.0
deepseek-ai_DeepSeek-R1-Distill-Qwen-32B,Individualism,97,1,3,100.0,100.0,75.0
deepseek-ai_DeepSeek-R1-Distill-Qwen-32B,Individualism,98,1,1,25.0,25.0,25.0
deepseek-ai_DeepSeek-R1-Distill-Qwen-32B,Individualism,98,1,2,25.0,25.0,25.0
deepseek-ai_DeepSeek-R1-Distill-Qwen-32B,Individualism,98,1,3,25.0,25.0,25.0
deepseek-ai_DeepSeek-R1-Distill-Qwen-32B,Individualism,99,1,1,50.0,50.0,50.0
deepseek-ai_DeepSeek-R1-Distill-Qwen-32B,Individualism,99,1,2,50.0,50.0,100.0
deepseek-ai_DeepSeek-R1-Distill-Qwen-32B,Individualism,99,1,3,50.0,50.0,50.0
deepseek-ai_DeepSeek-R1-Distill-Qwen-32B,Indulgence,474,1,1,25.0,25.0,25.0
deepseek-ai_DeepSeek-R1-Distill-Qwen-32B,Indulgence,474,1,2,25.0,25.0,25.0
deepseek-ai_DeepSeek-R1-Distill-Qwen-32B,Indulgence,474,1,3,25.0,25.0,50.0
deepseek-ai_DeepSeek-R1-Distill-Qwen-32B,Indulgence,476,1,1,75.0,25.0,50.0
deepseek-ai_DeepSeek-R1-Distill-Qwen-32B,Indulgence,476,1,2,75.0,25.0,75.0
deepseek-ai_DeepSeek-R1-Distill-Qwen-32B,Indulgence,476,1,3,75.0,25.0,25.0
deepseek-ai_DeepSeek-R1-Distill-Qwen-32B,Indulgence,477,1,1,25.0,50.0,50.0
deepseek-ai_DeepSeek-R1-Distill-Qwen-32B,Indulgence,477,1,2,25.0,50.0,50.0
deepseek-ai_DeepSeek-R1-Distill-Qwen-32B,Indulgence,477,1,3,25.0,50.0,50.0
deepseek-ai_DeepSeek-R1-Distill-Qwen-32B,Indulgence,478,1,1,0.0,0.0,0.0
deepseek-ai_DeepSeek-R1-Distill-Qwen-32B,Indulgence,478,1,2,0.0,0.0,0.0
deepseek-ai_DeepSeek-R1-Distill-Qwen-32B,Indulgence,478,1,3,0.0,0.0,0.0
deepseek-ai_DeepSeek-R1-Distill-Qwen-32B,Indulgence,479,1,1,50.0,50.0,50.0
deepseek-ai_DeepSeek-R1-Distill-Qwen-32B,Indulgence,479,1,2,50.0,50.0,25.0
deepseek-ai_DeepSeek-R1-Distill-Qwen-32B,Indulgence,479,1,3,50.0,25.0,50.0
deepseek-ai_DeepSeek-R1-Distill-Qwen-32B,Indulgence,481,1,1,50.0,50.0,50.0
deepseek-ai_DeepSeek-R1-Distill-Qwen-32B,Indulgence,481,1,2,50.0,50.0,50.0
deepseek-ai_DeepSeek-R1-Distill-Qwen-32B,Indulgence,481,1,3,50.0,50.0,25.0
deepseek-ai_DeepSeek-R1-Distill-Qwen-32B,Indulgence,482,1,1,50.0,25.0,50.0
deepseek-ai_DeepSeek-R1-Distill-Qwen-32B,Indulgence,482,1,2,50.0,50.0,50.0
deepseek-ai_DeepSeek-R1-Distill-Qwen-32B,Indulgence,482,1,3,50.0,50.0,50.0
deepseek-ai_DeepSeek-R1-Distill-Qwen-32B,Indulgence,483,1,1,50.0,25.0,50.0
deepseek-ai_DeepSeek-R1-Distill-Qwen-32B,Indulgence,483,1,2,50.0,50.0,50.0
deepseek-ai_DeepSeek-R1-Distill-Qwen-32B,Indulgence,483,1,3,50.0,50.0,50.0
deepseek-ai_DeepSeek-R1-Distill-Qwen-32B,Indulgence,484,1,1,50.0,50.0,50.0
deepseek-ai_DeepSeek-R1-Distill-Qwen-32B,Indulgence,484,1,2,50.0,50.0,50.0
deepseek-ai_DeepSeek-R1-Distill-Qwen-32B,Indulgence,484,1,3,50.0,50.0,50.0
deepseek-ai_DeepSeek-R1-Distill-Qwen-32B,Indulgence,485,1,1,25.0,25.0,25.0
deepseek-ai_DeepSeek-R1-Distill-Qwen-32B,Indulgence,485,1,2,25.0,25.0,0.0
deepseek-ai_DeepSeek-R1-Distill-Qwen-32B,Indulgence,485,1,3,25.0,25.0,25.0
deepseek-ai_DeepSeek-R1-Distill-Qwen-32B,Indulgence,486,1,1,25.0,25.0,25.0
deepseek-ai_DeepSeek-R1-Distill-Qwen-32B,Indulgence,486,1,2,25.0,25.0,25.0
deepseek-ai_DeepSeek-R1-Distill-Qwen-32B,Indulgence,486,1,3,25.0,25.0,25.0
deepseek-ai_DeepSeek-R1-Distill-Qwen-32B,Indulgence,487,1,1,25.0,25.0,25.0
deepseek-ai_DeepSeek-R1-Distill-Qwen-32B,Indulgence,487,1,2,25.0,25.0,50.0
deepseek-ai_DeepSeek-R1-Distill-Qwen-32B,Indulgence,487,1,3,25.0,25.0,50.0
deepseek-ai_DeepSeek-R1-Distill-Qwen-32B,Indulgence,490,1,1,50.0,75.0,75.0
deepseek-ai_DeepSeek-R1-Distill-Qwen-32B,Indulgence,490,1,2,50.0,75.0,75.0
deepseek-ai_DeepSeek-R1-Distill-Qwen-32B,Indulgence,490,1,3,50.0,50.0,75.0
deepseek-ai_DeepSeek-R1-Distill-Qwen-32B,Indulgence,492,1,1,25.0,50.0,50.0
deepseek-ai_DeepSeek-R1-Distill-Qwen-32B,Indulgence,492,1,2,25.0,50.0,50.0
deepseek-ai_DeepSeek-R1-Distill-Qwen-32B,Indulgence,492,1,3,25.0,50.0,50.0
deepseek-ai_DeepSeek-R1-Distill-Qwen-32B,Indulgence,493,1,1,25.0,25.0,50.0
deepseek-ai_DeepSeek-R1-Distill-Qwen-32B,Indulgence,493,1,2,25.0,50.0,50.0
deepseek-ai_DeepSeek-R1-Distill-Qwen-32B,Indulgence,493,1,3,25.0,25.0,25.0
deepseek-ai_DeepSeek-R1-Distill-Qwen-32B,Indulgence,494,1,1,75.0,25.0,75.0
deepseek-ai_DeepSeek-R1-Distill-Qwen-32B,Indulgence,494,1,2,75.0,75.0,50.0
deepseek-ai_DeepSeek-R1-Distill-Qwen-32B,Indulgence,494,1,3,75.0,25.0,50.0
deepseek-ai_DeepSeek-R1-Distill-Qwen-32B,Indulgence,495,1,1,50.0,25.0,25.0
deepseek-ai_DeepSeek-R1-Distill-Qwen-32B,Indulgence,495,1,2,50.0,25.0,25.0
deepseek-ai_DeepSeek-R1-Distill-Qwen-32B,Indulgence,495,1,3,50.0,25.0,25.0
deepseek-ai_DeepSeek-R1-Distill-Qwen-32B,Indulgence,496,1,1,50.0,50.0,50.0
deepseek-ai_DeepSeek-R1-Distill-Qwen-32B,Indulgence,496,1,2,50.0,50.0,50.0
deepseek-ai_DeepSeek-R1-Distill-Qwen-32B,Indulgence,496,1,3,50.0,50.0,50.0
deepseek-ai_DeepSeek-R1-Distill-Qwen-32B,Indulgence,497,1,1,50.0,50.0,50.0
deepseek-ai_DeepSeek-R1-Distill-Qwen-32B,Indulgence,497,1,2,50.0,50.0,50.0
deepseek-ai_DeepSeek-R1-Distill-Qwen-32B,Indulgence,497,1,3,50.0,50.0,50.0
deepseek-ai_DeepSeek-R1-Distill-Qwen-32B,Indulgence,498,1,1,50.0,50.0,25.0
deepseek-ai_DeepSeek-R1-Distill-Qwen-32B,Indulgence,498,1,2,50.0,50.0,25.0
deepseek-ai_DeepSeek-R1-Distill-Qwen-32B,Indulgence,498,1,3,50.0,50.0,50.0
deepseek-ai_DeepSeek-R1-Distill-Qwen-32B,Indulgence,499,1,1,25.0,25.0,50.0
deepseek-ai_DeepSeek-R1-Distill-Qwen-32B,Indulgence,499,1,2,25.0,25.0,50.0
deepseek-ai_DeepSeek-R1-Distill-Qwen-32B,Indulgence,499,1,3,25.0,25.0,50.0
deepseek-ai_DeepSeek-R1-Distill-Qwen-32B,Indulgence,500,1,1,25.0,25.0,25.0
deepseek-ai_DeepSeek-R1-Distill-Qwen-32B,Indulgence,500,1,2,25.0,25.0,25.0
deepseek-ai_DeepSeek-R1-Distill-Qwen-32B,Indulgence,500,1,3,25.0,25.0,25.0
deepseek-ai_DeepSeek-R1-Distill-Qwen-32B,Indulgence,503,1,1,50.0,50.0,25.0
deepseek-ai_DeepSeek-R1-Distill-Qwen-32B,Indulgence,503,1,2,50.0,50.0,50.0
deepseek-ai_DeepSeek-R1-Distill-Qwen-32B,Indulgence,503,1,3,50.0,50.0,50.0
deepseek-ai_DeepSeek-R1-Distill-Qwen-32B,Indulgence,505,1,1,0.0,0.0,50.0
deepseek-ai_DeepSeek-R1-Distill-Qwen-32B,Indulgence,505,1,2,0.0,50.0,25.0
deepseek-ai_DeepSeek-R1-Distill-Qwen-32B,Indulgence,505,1,3,0.0,50.0,0.0
deepseek-ai_DeepSeek-R1-Distill-Qwen-32B,Indulgence,508,1,1,50.0,50.0,25.0
deepseek-ai_DeepSeek-R1-Distill-Qwen-32B,Indulgence,508,1,2,50.0,25.0,50.0
deepseek-ai_DeepSeek-R1-Distill-Qwen-32B,Indulgence,508,1,3,50.0,50.0,25.0
deepseek-ai_DeepSeek-R1-Distill-Qwen-32B,Indulgence,509,1,1,25.0,25.0,25.0
deepseek-ai_DeepSeek-R1-Distill-Qwen-32B,Indulgence,509,1,2,25.0,25.0,25.0
deepseek-ai_DeepSeek-R1-Distill-Qwen-32B,Indulgence,509,1,3,25.0,25.0,25.0
deepseek-ai_DeepSeek-R1-Distill-Qwen-32B,Indulgence,510,1,1,0.0,50.0,50.0
deepseek-ai_DeepSeek-R1-Distill-Qwen-32B,Indulgence,510,1,2,0.0,50.0,50.0
deepseek-ai_DeepSeek-R1-Distill-Qwen-32B,Indulgence,510,1,3,0.0,50.0,50.0
deepseek-ai_DeepSeek-R1-Distill-Qwen-32B,Indulgence,511,1,1,50.0,50.0,50.0
deepseek-ai_DeepSeek-R1-Distill-Qwen-32B,Indulgence,511,1,2,50.0,50.0,50.0
deepseek-ai_DeepSeek-R1-Distill-Qwen-32B,Indulgence,511,1,3,50.0,50.0,50.0
deepseek-ai_DeepSeek-R1-Distill-Qwen-32B,Indulgence,512,1,1,50.0,50.0,50.0
deepseek-ai_DeepSeek-R1-Distill-Qwen-32B,Indulgence,512,1,2,50.0,50.0,50.0
deepseek-ai_DeepSeek-R1-Distill-Qwen-32B,Indulgence,512,1,3,50.0,50.0,50.0
deepseek-ai_DeepSeek-R1-Distill-Qwen-32B,Indulgence,514,1,1,50.0,50.0,50.0
deepseek-ai_DeepSeek-R1-Distill-Qwen-32B,Indulgence,514,1,2,50.0,50.0,50.0
deepseek-ai_DeepSeek-R1-Distill-Qwen-32B,Indulgence,514,1,3,50.0,50.0,50.0
deepseek-ai_DeepSeek-R1-Distill-Qwen-32B,Indulgence,517,1,1,50.0,50.0,25.0
deepseek-ai_DeepSeek-R1-Distill-Qwen-32B,Indulgence,517,1,2,50.0,50.0,50.0
deepseek-ai_DeepSeek-R1-Distill-Qwen-32B,Indulgence,517,1,3,50.0,50.0,50.0
deepseek-ai_DeepSeek-R1-Distill-Qwen-32B,Indulgence,518,1,1,25.0,25.0,25.0
deepseek-ai_DeepSeek-R1-Distill-Qwen-32B,Indulgence,518,1,2,25.0,25.0,25.0
deepseek-ai_DeepSeek-R1-Distill-Qwen-32B,Indulgence,518,1,3,25.0,25.0,25.0
deepseek-ai_DeepSeek-R1-Distill-Qwen-32B,Indulgence,521,1,1,50.0,50.0,50.0
deepseek-ai_DeepSeek-R1-Distill-Qwen-32B,Indulgence,521,1,2,50.0,25.0,0.0
deepseek-ai_DeepSeek-R1-Distill-Qwen-32B,Indulgence,521,1,3,50.0,0.0,50.0
deepseek-ai_DeepSeek-R1-Distill-Qwen-32B,Indulgence,522,1,1,25.0,25.0,25.0
deepseek-ai_DeepSeek-R1-Distill-Qwen-32B,Indulgence,522,1,2,25.0,25.0,25.0
deepseek-ai_DeepSeek-R1-Distill-Qwen-32B,Indulgence,522,1,3,25.0,25.0,25.0
deepseek-ai_DeepSeek-R1-Distill-Qwen-32B,Indulgence,523,1,1,50.0,50.0,50.0
deepseek-ai_DeepSeek-R1-Distill-Qwen-32B,Indulgence,523,1,2,50.0,25.0,50.0
deepseek-ai_DeepSeek-R1-Distill-Qwen-32B,Indulgence,523,1,3,50.0,50.0,50.0
deepseek-ai_DeepSeek-R1-Distill-Qwen-32B,Indulgence,524,1,1,25.0,0.0,0.0
deepseek-ai_DeepSeek-R1-Distill-Qwen-32B,Indulgence,524,1,2,25.0,0.0,0.0
deepseek-ai_DeepSeek-R1-Distill-Qwen-32B,Indulgence,524,1,3,25.0,0.0,0.0
deepseek-ai_DeepSeek-R1-Distill-Qwen-32B,Indulgence,526,1,1,25.0,50.0,50.0
deepseek-ai_DeepSeek-R1-Distill-Qwen-32B,Indulgence,526,1,2,25.0,25.0,25.0
deepseek-ai_DeepSeek-R1-Distill-Qwen-32B,Indulgence,526,1,3,25.0,50.0,75.0
deepseek-ai_DeepSeek-R1-Distill-Qwen-32B,Indulgence,527,1,1,0.0,50.0,0.0
deepseek-ai_DeepSeek-R1-Distill-Qwen-32B,Indulgence,527,1,2,0.0,25.0,0.0
deepseek-ai_DeepSeek-R1-Distill-Qwen-32B,Indulgence,527,1,3,0.0,0.0,25.0
deepseek-ai_DeepSeek-R1-Distill-Qwen-32B,Indulgence,530,1,1,25.0,0.0,0.0
deepseek-ai_DeepSeek-R1-Distill-Qwen-32B,Indulgence,530,1,2,25.0,25.0,0.0
deepseek-ai_DeepSeek-R1-Distill-Qwen-32B,Indulgence,530,1,3,25.0,0.0,25.0
deepseek-ai_DeepSeek-R1-Distill-Qwen-32B,Indulgence,531,1,1,50.0,50.0,50.0
deepseek-ai_DeepSeek-R1-Distill-Qwen-32B,Indulgence,531,1,2,50.0,50.0,75.0
deepseek-ai_DeepSeek-R1-Distill-Qwen-32B,Indulgence,531,1,3,50.0,50.0,50.0
deepseek-ai_DeepSeek-R1-Distill-Qwen-32B,Indulgence,532,1,1,50.0,50.0,50.0
deepseek-ai_DeepSeek-R1-Distill-Qwen-32B,Indulgence,532,1,2,50.0,50.0,50.0
deepseek-ai_DeepSeek-R1-Distill-Qwen-32B,Indulgence,532,1,3,50.0,50.0,50.0
deepseek-ai_DeepSeek-R1-Distill-Qwen-32B,Indulgence,534,1,1,25.0,50.0,50.0
deepseek-ai_DeepSeek-R1-Distill-Qwen-32B,Indulgence,534,1,2,25.0,50.0,50.0
deepseek-ai_DeepSeek-R1-Distill-Qwen-32B,Indulgence,534,1,3,25.0,50.0,50.0
deepseek-ai_DeepSeek-R1-Distill-Qwen-32B,Indulgence,539,1,1,50.0,0.0,0.0
deepseek-ai_DeepSeek-R1-Distill-Qwen-32B,Indulgence,539,1,2,50.0,0.0,0.0
deepseek-ai_DeepSeek-R1-Distill-Qwen-32B,Indulgence,539,1,3,50.0,0.0,25.0
deepseek-ai_DeepSeek-R1-Distill-Qwen-32B,Indulgence,540,1,1,50.0,50.0,50.0
deepseek-ai_DeepSeek-R1-Distill-Qwen-32B,Indulgence,540,1,2,50.0,50.0,50.0
deepseek-ai_DeepSeek-R1-Distill-Qwen-32B,Indulgence,540,1,3,50.0,25.0,50.0
deepseek-ai_DeepSeek-R1-Distill-Qwen-32B,Indulgence,541,1,1,50.0,50.0,50.0
deepseek-ai_DeepSeek-R1-Distill-Qwen-32B,Indulgence,541,1,2,50.0,50.0,50.0
deepseek-ai_DeepSeek-R1-Distill-Qwen-32B,Indulgence,541,1,3,50.0,50.0,50.0
deepseek-ai_DeepSeek-R1-Distill-Qwen-32B,Indulgence,543,1,1,25.0,25.0,50.0
deepseek-ai_DeepSeek-R1-Distill-Qwen-32B,Indulgence,543,1,2,25.0,25.0,25.0
deepseek-ai_DeepSeek-R1-Distill-Qwen-32B,Indulgence,543,1,3,25.0,50.0,25.0
deepseek-ai_DeepSeek-R1-Distill-Qwen-32B,Indulgence,545,1,1,50.0,25.0,50.0
deepseek-ai_DeepSeek-R1-Distill-Qwen-32B,Indulgence,545,1,2,50.0,25.0,25.0
deepseek-ai_DeepSeek-R1-Distill-Qwen-32B,Indulgence,545,1,3,50.0,25.0,25.0
deepseek-ai_DeepSeek-R1-Distill-Qwen-32B,Indulgence,546,1,1,0.0,25.0,25.0
deepseek-ai_DeepSeek-R1-Distill-Qwen-32B,Indulgence,546,1,2,0.0,0.0,50.0
deepseek-ai_DeepSeek-R1-Distill-Qwen-32B,Indulgence,546,1,3,0.0,0.0,0.0
deepseek-ai_DeepSeek-R1-Distill-Qwen-32B,Indulgence,550,1,1,50.0,25.0,25.0
deepseek-ai_DeepSeek-R1-Distill-Qwen-32B,Indulgence,550,1,2,50.0,50.0,50.0
deepseek-ai_DeepSeek-R1-Distill-Qwen-32B,Indulgence,550,1,3,50.0,25.0,75.0
deepseek-ai_DeepSeek-R1-Distill-Qwen-32B,Indulgence,551,1,1,50.0,50.0,50.0
deepseek-ai_DeepSeek-R1-Distill-Qwen-32B,Indulgence,551,1,2,50.0,50.0,50.0
deepseek-ai_DeepSeek-R1-Distill-Qwen-32B,Indulgence,551,1,3,50.0,25.0,50.0
deepseek-ai_DeepSeek-R1-Distill-Qwen-32B,Indulgence,552,1,1,75.0,75.0,75.0
deepseek-ai_DeepSeek-R1-Distill-Qwen-32B,Indulgence,552,1,2,75.0,75.0,75.0
deepseek-ai_DeepSeek-R1-Distill-Qwen-32B,Indulgence,552,1,3,75.0,75.0,75.0
deepseek-ai_DeepSeek-R1-Distill-Qwen-32B,Indulgence,553,1,1,50.0,50.0,50.0
deepseek-ai_DeepSeek-R1-Distill-Qwen-32B,Indulgence,553,1,2,50.0,50.0,50.0
deepseek-ai_DeepSeek-R1-Distill-Qwen-32B,Indulgence,553,1,3,50.0,50.0,50.0
deepseek-ai_DeepSeek-R1-Distill-Qwen-32B,Indulgence,554,1,1,25.0,50.0,25.0
deepseek-ai_DeepSeek-R1-Distill-Qwen-32B,Indulgence,554,1,2,25.0,25.0,25.0
deepseek-ai_DeepSeek-R1-Distill-Qwen-32B,Indulgence,554,1,3,25.0,25.0,25.0
deepseek-ai_DeepSeek-R1-Distill-Qwen-32B,Indulgence,555,1,1,25.0,25.0,25.0
deepseek-ai_DeepSeek-R1-Distill-Qwen-32B,Indulgence,555,1,2,25.0,25.0,25.0
deepseek-ai_DeepSeek-R1-Distill-Qwen-32B,Indulgence,555,1,3,25.0,25.0,25.0
deepseek-ai_DeepSeek-R1-Distill-Qwen-32B,Indulgence,557,1,1,0.0,0.0,0.0
deepseek-ai_DeepSeek-R1-Distill-Qwen-32B,Indulgence,557,1,2,0.0,0.0,0.0
deepseek-ai_DeepSeek-R1-Distill-Qwen-32B,Indulgence,557,1,3,0.0,0.0,0.0
deepseek-ai_DeepSeek-R1-Distill-Qwen-32B,Indulgence,558,1,1,50.0,50.0,50.0
deepseek-ai_DeepSeek-R1-Distill-Qwen-32B,Indulgence,558,1,2,50.0,50.0,50.0
deepseek-ai_DeepSeek-R1-Distill-Qwen-32B,Indulgence,558,1,3,50.0,50.0,50.0
deepseek-ai_DeepSeek-R1-Distill-Qwen-32B,Indulgence,560,1,1,25.0,25.0,25.0
deepseek-ai_DeepSeek-R1-Distill-Qwen-32B,Indulgence,560,1,2,25.0,25.0,50.0
deepseek-ai_DeepSeek-R1-Distill-Qwen-32B,Indulgence,560,1,3,25.0,25.0,50.0
deepseek-ai_DeepSeek-R1-Distill-Qwen-32B,Indulgence,561,1,1,50.0,50.0,50.0
deepseek-ai_DeepSeek-R1-Distill-Qwen-32B,Indulgence,561,1,2,50.0,50.0,25.0
deepseek-ai_DeepSeek-R1-Distill-Qwen-32B,Indulgence,561,1,3,50.0,50.0,50.0
deepseek-ai_DeepSeek-R1-Distill-Qwen-32B,Indulgence,563,1,1,0.0,0.0,75.0
deepseek-ai_DeepSeek-R1-Distill-Qwen-32B,Indulgence,563,1,2,0.0,0.0,0.0
deepseek-ai_DeepSeek-R1-Distill-Qwen-32B,Indulgence,563,1,3,0.0,0.0,0.0
deepseek-ai_DeepSeek-R1-Distill-Qwen-32B,Indulgence,564,1,1,0.0,0.0,0.0
deepseek-ai_DeepSeek-R1-Distill-Qwen-32B,Indulgence,564,1,2,0.0,0.0,25.0
deepseek-ai_DeepSeek-R1-Distill-Qwen-32B,Indulgence,564,1,3,0.0,0.0,25.0
deepseek-ai_DeepSeek-R1-Distill-Qwen-32B,Indulgence,565,1,1,75.0,25.0,75.0
deepseek-ai_DeepSeek-R1-Distill-Qwen-32B,Indulgence,565,1,2,75.0,75.0,50.0
deepseek-ai_DeepSeek-R1-Distill-Qwen-32B,Indulgence,565,1,3,75.0,50.0,25.0
deepseek-ai_DeepSeek-R1-Distill-Qwen-32B,Indulgence,566,1,1,50.0,50.0,50.0
deepseek-ai_DeepSeek-R1-Distill-Qwen-32B,Indulgence,566,1,2,50.0,50.0,50.0
deepseek-ai_DeepSeek-R1-Distill-Qwen-32B,Indulgence,566,1,3,50.0,50.0,50.0
deepseek-ai_DeepSeek-R1-Distill-Qwen-32B,Indulgence,567,1,1,25.0,25.0,25.0
deepseek-ai_DeepSeek-R1-Distill-Qwen-32B,Indulgence,567,1,2,25.0,25.0,25.0
deepseek-ai_DeepSeek-R1-Distill-Qwen-32B,Indulgence,567,1,3,25.0,25.0,50.0
deepseek-ai_DeepSeek-R1-Distill-Qwen-32B,Indulgence,568,1,1,25.0,0.0,25.0
deepseek-ai_DeepSeek-R1-Distill-Qwen-32B,Indulgence,568,1,2,25.0,50.0,0.0
deepseek-ai_DeepSeek-R1-Distill-Qwen-32B,Indulgence,568,1,3,25.0,50.0,75.0
deepseek-ai_DeepSeek-R1-Distill-Qwen-32B,Indulgence,569,1,1,25.0,25.0,25.0
deepseek-ai_DeepSeek-R1-Distill-Qwen-32B,Indulgence,569,1,2,25.0,25.0,25.0
deepseek-ai_DeepSeek-R1-Distill-Qwen-32B,Indulgence,569,1,3,25.0,25.0,25.0
deepseek-ai_DeepSeek-R1-Distill-Qwen-32B,Indulgence,570,1,1,50.0,75.0,50.0
deepseek-ai_DeepSeek-R1-Distill-Qwen-32B,Indulgence,570,1,2,50.0,50.0,50.0
deepseek-ai_DeepSeek-R1-Distill-Qwen-32B,Indulgence,570,1,3,50.0,50.0,50.0
deepseek-ai_DeepSeek-R1-Distill-Qwen-32B,Indulgence,571,1,1,50.0,25.0,25.0
deepseek-ai_DeepSeek-R1-Distill-Qwen-32B,Indulgence,571,1,2,50.0,25.0,25.0
deepseek-ai_DeepSeek-R1-Distill-Qwen-32B,Indulgence,571,1,3,50.0,25.0,25.0
deepseek-ai_DeepSeek-R1-Distill-Qwen-32B,Indulgence,572,1,1,50.0,50.0,0.0
deepseek-ai_DeepSeek-R1-Distill-Qwen-32B,Indulgence,572,1,2,50.0,50.0,0.0
deepseek-ai_DeepSeek-R1-Distill-Qwen-32B,Indulgence,572,1,3,50.0,25.0,25.0
deepseek-ai_DeepSeek-R1-Distill-Qwen-32B,Indulgence,573,1,1,0.0,25.0,50.0
deepseek-ai_DeepSeek-R1-Distill-Qwen-32B,Indulgence,573,1,2,0.0,50.0,50.0
deepseek-ai_DeepSeek-R1-Distill-Qwen-32B,Indulgence,573,1,3,0.0,100.0,50.0
deepseek-ai_DeepSeek-R1-Distill-Qwen-32B,Indulgence,574,1,1,50.0,50.0,50.0
deepseek-ai_DeepSeek-R1-Distill-Qwen-32B,Indulgence,574,1,2,50.0,50.0,50.0
deepseek-ai_DeepSeek-R1-Distill-Qwen-32B,Indulgence,574,1,3,50.0,50.0,50.0
deepseek-ai_DeepSeek-R1-Distill-Qwen-32B,Indulgence,575,1,1,25.0,25.0,75.0
deepseek-ai_DeepSeek-R1-Distill-Qwen-32B,Indulgence,575,1,2,25.0,25.0,50.0
deepseek-ai_DeepSeek-R1-Distill-Qwen-32B,Indulgence,575,1,3,25.0,50.0,50.0
deepseek-ai_DeepSeek-R1-Distill-Qwen-32B,Indulgence,576,1,1,50.0,25.0,50.0
deepseek-ai_DeepSeek-R1-Distill-Qwen-32B,Indulgence,576,1,2,50.0,50.0,50.0
deepseek-ai_DeepSeek-R1-Distill-Qwen-32B,Indulgence,576,1,3,50.0,50.0,25.0
deepseek-ai_DeepSeek-R1-Distill-Qwen-32B,Indulgence,578,1,1,0.0,0.0,0.0
deepseek-ai_DeepSeek-R1-Distill-Qwen-32B,Indulgence,578,1,2,0.0,0.0,25.0
deepseek-ai_DeepSeek-R1-Distill-Qwen-32B,Indulgence,578,1,3,0.0,0.0,0.0
deepseek-ai_DeepSeek-R1-Distill-Qwen-32B,Indulgence,579,1,1,50.0,100.0,50.0
deepseek-ai_DeepSeek-R1-Distill-Qwen-32B,Indulgence,579,1,2,50.0,75.0,100.0
deepseek-ai_DeepSeek-R1-Distill-Qwen-32B,Indulgence,579,1,3,50.0,50.0,50.0
deepseek-ai_DeepSeek-R1-Distill-Qwen-32B,Indulgence,581,1,1,50.0,50.0,50.0
deepseek-ai_DeepSeek-R1-Distill-Qwen-32B,Indulgence,581,1,2,50.0,50.0,50.0
deepseek-ai_DeepSeek-R1-Distill-Qwen-32B,Indulgence,581,1,3,50.0,50.0,50.0
deepseek-ai_DeepSeek-R1-Distill-Qwen-32B,Indulgence,582,1,1,25.0,75.0,75.0
deepseek-ai_DeepSeek-R1-Distill-Qwen-32B,Indulgence,582,1,2,25.0,25.0,25.0
deepseek-ai_DeepSeek-R1-Distill-Qwen-32B,Indulgence,582,1,3,25.0,25.0,0.0
deepseek-ai_DeepSeek-R1-Distill-Qwen-32B,Indulgence,584,1,1,0.0,25.0,25.0
deepseek-ai_DeepSeek-R1-Distill-Qwen-32B,Indulgence,584,1,2,0.0,25.0,25.0
deepseek-ai_DeepSeek-R1-Distill-Qwen-32B,Indulgence,584,1,3,0.0,25.0,25.0
deepseek-ai_DeepSeek-R1-Distill-Qwen-32B,Indulgence,585,1,1,50.0,50.0,50.0
deepseek-ai_DeepSeek-R1-Distill-Qwen-32B,Indulgence,585,1,2,50.0,50.0,50.0
deepseek-ai_DeepSeek-R1-Distill-Qwen-32B,Indulgence,585,1,3,50.0,50.0,50.0
deepseek-ai_DeepSeek-R1-Distill-Qwen-32B,Indulgence,589,1,1,25.0,25.0,25.0
deepseek-ai_DeepSeek-R1-Distill-Qwen-32B,Indulgence,589,1,2,25.0,25.0,25.0
deepseek-ai_DeepSeek-R1-Distill-Qwen-32B,Indulgence,589,1,3,25.0,25.0,25.0
deepseek-ai_DeepSeek-R1-Distill-Qwen-32B,Indulgence,590,1,1,50.0,50.0,50.0
deepseek-ai_DeepSeek-R1-Distill-Qwen-32B,Indulgence,590,1,2,50.0,50.0,25.0
deepseek-ai_DeepSeek-R1-Distill-Qwen-32B,Indulgence,590,1,3,50.0,50.0,50.0
deepseek-ai_DeepSeek-R1-Distill-Qwen-32B,Indulgence,591,1,1,75.0,50.0,50.0
deepseek-ai_DeepSeek-R1-Distill-Qwen-32B,Indulgence,591,1,2,75.0,50.0,50.0
deepseek-ai_DeepSeek-R1-Distill-Qwen-32B,Indulgence,591,1,3,75.0,25.0,50.0
deepseek-ai_DeepSeek-R1-Distill-Qwen-32B,Indulgence,592,1,1,25.0,50.0,50.0
deepseek-ai_DeepSeek-R1-Distill-Qwen-32B,Indulgence,592,1,2,25.0,50.0,50.0
deepseek-ai_DeepSeek-R1-Distill-Qwen-32B,Indulgence,592,1,3,25.0,50.0,25.0
deepseek-ai_DeepSeek-R1-Distill-Qwen-32B,Indulgence,594,1,1,50.0,50.0,50.0
deepseek-ai_DeepSeek-R1-Distill-Qwen-32B,Indulgence,594,1,2,50.0,50.0,50.0
deepseek-ai_DeepSeek-R1-Distill-Qwen-32B,Indulgence,594,1,3,50.0,50.0,50.0
deepseek-ai_DeepSeek-R1-Distill-Qwen-32B,Indulgence,596,1,1,50.0,50.0,50.0
deepseek-ai_DeepSeek-R1-Distill-Qwen-32B,Indulgence,596,1,2,50.0,50.0,50.0
deepseek-ai_DeepSeek-R1-Distill-Qwen-32B,Indulgence,596,1,3,50.0,50.0,50.0
deepseek-ai_DeepSeek-R1-Distill-Qwen-32B,Indulgence,597,1,1,50.0,50.0,50.0
deepseek-ai_DeepSeek-R1-Distill-Qwen-32B,Indulgence,597,1,2,50.0,50.0,50.0
deepseek-ai_DeepSeek-R1-Distill-Qwen-32B,Indulgence,597,1,3,50.0,50.0,50.0
deepseek-ai_DeepSeek-R1-Distill-Qwen-32B,Indulgence,599,1,1,50.0,50.0,50.0
deepseek-ai_DeepSeek-R1-Distill-Qwen-32B,Indulgence,599,1,2,50.0,50.0,50.0
deepseek-ai_DeepSeek-R1-Distill-Qwen-32B,Indulgence,599,1,3,50.0,50.0,50.0
deepseek-ai_DeepSeek-R1-Distill-Qwen-32B,Indulgence,601,1,1,25.0,50.0,100.0
deepseek-ai_DeepSeek-R1-Distill-Qwen-32B,Indulgence,601,1,2,25.0,50.0,100.0
deepseek-ai_DeepSeek-R1-Distill-Qwen-32B,Indulgence,601,1,3,25.0,50.0,100.0
deepseek-ai_DeepSeek-R1-Distill-Qwen-32B,Indulgence,602,1,1,25.0,25.0,25.0
deepseek-ai_DeepSeek-R1-Distill-Qwen-32B,Indulgence,602,1,2,25.0,25.0,25.0
deepseek-ai_DeepSeek-R1-Distill-Qwen-32B,Indulgence,602,1,3,25.0,25.0,25.0
deepseek-ai_DeepSeek-R1-Distill-Qwen-32B,Indulgence,605,1,1,25.0,25.0,25.0
deepseek-ai_DeepSeek-R1-Distill-Qwen-32B,Indulgence,605,1,2,25.0,25.0,25.0
deepseek-ai_DeepSeek-R1-Distill-Qwen-32B,Indulgence,605,1,3,25.0,25.0,25.0
deepseek-ai_DeepSeek-R1-Distill-Qwen-32B,Indulgence,608,1,1,50.0,50.0,75.0
deepseek-ai_DeepSeek-R1-Distill-Qwen-32B,Indulgence,608,1,2,50.0,50.0,75.0
deepseek-ai_DeepSeek-R1-Distill-Qwen-32B,Indulgence,608,1,3,50.0,50.0,50.0
deepseek-ai_DeepSeek-R1-Distill-Qwen-32B,Indulgence,609,1,1,0.0,0.0,25.0
deepseek-ai_DeepSeek-R1-Distill-Qwen-32B,Indulgence,609,1,2,0.0,0.0,0.0
deepseek-ai_DeepSeek-R1-Distill-Qwen-32B,Indulgence,609,1,3,0.0,25.0,25.0
deepseek-ai_DeepSeek-R1-Distill-Qwen-32B,Indulgence,611,1,1,50.0,50.0,50.0
deepseek-ai_DeepSeek-R1-Distill-Qwen-32B,Indulgence,611,1,2,50.0,50.0,50.0
deepseek-ai_DeepSeek-R1-Distill-Qwen-32B,Indulgence,611,1,3,50.0,50.0,50.0
deepseek-ai_DeepSeek-R1-Distill-Qwen-32B,Indulgence,612,1,1,25.0,25.0,50.0
deepseek-ai_DeepSeek-R1-Distill-Qwen-32B,Indulgence,612,1,2,25.0,25.0,25.0
deepseek-ai_DeepSeek-R1-Distill-Qwen-32B,Indulgence,612,1,3,25.0,25.0,25.0
deepseek-ai_DeepSeek-R1-Distill-Qwen-32B,Indulgence,614,1,1,50.0,50.0,50.0
deepseek-ai_DeepSeek-R1-Distill-Qwen-32B,Indulgence,614,1,2,50.0,50.0,75.0
deepseek-ai_DeepSeek-R1-Distill-Qwen-32B,Indulgence,614,1,3,50.0,50.0,50.0
deepseek-ai_DeepSeek-R1-Distill-Qwen-32B,Indulgence,618,1,1,50.0,50.0,25.0
deepseek-ai_DeepSeek-R1-Distill-Qwen-32B,Indulgence,618,1,2,50.0,25.0,25.0
deepseek-ai_DeepSeek-R1-Distill-Qwen-32B,Indulgence,618,1,3,50.0,25.0,25.0
deepseek-ai_DeepSeek-R1-Distill-Qwen-32B,Indulgence,619,1,1,25.0,50.0,25.0
deepseek-ai_DeepSeek-R1-Distill-Qwen-32B,Indulgence,619,1,2,25.0,25.0,50.0
deepseek-ai_DeepSeek-R1-Distill-Qwen-32B,Indulgence,619,1,3,25.0,25.0,25.0
deepseek-ai_DeepSeek-R1-Distill-Qwen-32B,Indulgence,620,1,1,25.0,25.0,0.0
deepseek-ai_DeepSeek-R1-Distill-Qwen-32B,Indulgence,620,1,2,25.0,25.0,25.0
deepseek-ai_DeepSeek-R1-Distill-Qwen-32B,Indulgence,620,1,3,25.0,50.0,25.0
deepseek-ai_DeepSeek-R1-Distill-Qwen-32B,Indulgence,621,1,1,50.0,25.0,100.0
deepseek-ai_DeepSeek-R1-Distill-Qwen-32B,Indulgence,621,1,2,50.0,25.0,25.0
deepseek-ai_DeepSeek-R1-Distill-Qwen-32B,Indulgence,621,1,3,50.0,25.0,50.0
deepseek-ai_DeepSeek-R1-Distill-Qwen-32B,Indulgence,622,1,1,25.0,50.0,50.0
deepseek-ai_DeepSeek-R1-Distill-Qwen-32B,Indulgence,622,1,2,25.0,25.0,25.0
deepseek-ai_DeepSeek-R1-Distill-Qwen-32B,Indulgence,622,1,3,25.0,50.0,50.0
deepseek-ai_DeepSeek-R1-Distill-Qwen-32B,Indulgence,623,1,1,50.0,50.0,50.0
deepseek-ai_DeepSeek-R1-Distill-Qwen-32B,Indulgence,623,1,2,50.0,50.0,50.0
deepseek-ai_DeepSeek-R1-Distill-Qwen-32B,Indulgence,623,1,3,50.0,50.0,50.0
deepseek-ai_DeepSeek-R1-Distill-Qwen-32B,Indulgence,624,1,1,25.0,50.0,50.0
deepseek-ai_DeepSeek-R1-Distill-Qwen-32B,Indulgence,624,1,2,25.0,50.0,50.0
deepseek-ai_DeepSeek-R1-Distill-Qwen-32B,Indulgence,624,1,3,25.0,75.0,50.0
deepseek-ai_DeepSeek-R1-Distill-Qwen-32B,Indulgence,627,1,1,25.0,25.0,75.0
deepseek-ai_DeepSeek-R1-Distill-Qwen-32B,Indulgence,627,1,2,25.0,25.0,25.0
deepseek-ai_DeepSeek-R1-Distill-Qwen-32B,Indulgence,627,1,3,25.0,50.0,25.0
deepseek-ai_DeepSeek-R1-Distill-Qwen-32B,Indulgence,630,1,1,25.0,50.0,50.0
deepseek-ai_DeepSeek-R1-Distill-Qwen-32B,Indulgence,630,1,2,25.0,50.0,25.0
deepseek-ai_DeepSeek-R1-Distill-Qwen-32B,Indulgence,630,1,3,25.0,50.0,50.0
deepseek-ai_DeepSeek-R1-Distill-Qwen-32B,Indulgence,636,1,1,50.0,50.0,50.0
deepseek-ai_DeepSeek-R1-Distill-Qwen-32B,Indulgence,636,1,2,50.0,50.0,50.0
deepseek-ai_DeepSeek-R1-Distill-Qwen-32B,Indulgence,636,1,3,50.0,50.0,50.0
deepseek-ai_DeepSeek-R1-Distill-Qwen-32B,Indulgence,637,1,1,50.0,50.0,50.0
deepseek-ai_DeepSeek-R1-Distill-Qwen-32B,Indulgence,637,1,2,50.0,50.0,50.0
deepseek-ai_DeepSeek-R1-Distill-Qwen-32B,Indulgence,637,1,3,50.0,50.0,50.0
deepseek-ai_DeepSeek-R1-Distill-Qwen-32B,Indulgence,639,1,1,50.0,50.0,50.0
deepseek-ai_DeepSeek-R1-Distill-Qwen-32B,Indulgence,639,1,2,50.0,50.0,50.0
deepseek-ai_DeepSeek-R1-Distill-Qwen-32B,Indulgence,639,1,3,50.0,25.0,50.0
deepseek-ai_DeepSeek-R1-Distill-Qwen-32B,Indulgence,641,1,1,50.0,0.0,75.0
deepseek-ai_DeepSeek-R1-Distill-Qwen-32B,Indulgence,641,1,2,50.0,0.0,50.0
deepseek-ai_DeepSeek-R1-Distill-Qwen-32B,Indulgence,641,1,3,50.0,25.0,0.0
deepseek-ai_DeepSeek-R1-Distill-Qwen-32B,Indulgence,642,1,1,25.0,25.0,25.0
deepseek-ai_DeepSeek-R1-Distill-Qwen-32B,Indulgence,642,1,2,25.0,25.0,25.0
deepseek-ai_DeepSeek-R1-Distill-Qwen-32B,Indulgence,642,1,3,25.0,25.0,50.0
deepseek-ai_DeepSeek-R1-Distill-Qwen-32B,Indulgence,643,1,1,50.0,50.0,25.0
deepseek-ai_DeepSeek-R1-Distill-Qwen-32B,Indulgence,643,1,2,50.0,50.0,50.0
deepseek-ai_DeepSeek-R1-Distill-Qwen-32B,Indulgence,643,1,3,50.0,50.0,25.0
deepseek-ai_DeepSeek-R1-Distill-Qwen-32B,Indulgence,644,1,1,100.0,50.0,100.0
deepseek-ai_DeepSeek-R1-Distill-Qwen-32B,Indulgence,644,1,2,100.0,75.0,100.0
deepseek-ai_DeepSeek-R1-Distill-Qwen-32B,Indulgence,644,1,3,100.0,75.0,100.0
deepseek-ai_DeepSeek-R1-Distill-Qwen-32B,Indulgence,646,1,1,25.0,25.0,25.0
deepseek-ai_DeepSeek-R1-Distill-Qwen-32B,Indulgence,646,1,2,25.0,50.0,25.0
deepseek-ai_DeepSeek-R1-Distill-Qwen-32B,Indulgence,646,1,3,25.0,25.0,50.0
deepseek-ai_DeepSeek-R1-Distill-Qwen-32B,Indulgence,647,1,1,50.0,50.0,50.0
deepseek-ai_DeepSeek-R1-Distill-Qwen-32B,Indulgence,647,1,2,50.0,50.0,50.0
deepseek-ai_DeepSeek-R1-Distill-Qwen-32B,Indulgence,647,1,3,50.0,50.0,50.0
deepseek-ai_DeepSeek-R1-Distill-Qwen-32B,Indulgence,649,1,1,50.0,50.0,50.0
deepseek-ai_DeepSeek-R1-Distill-Qwen-32B,Indulgence,649,1,2,50.0,50.0,50.0
deepseek-ai_DeepSeek-R1-Distill-Qwen-32B,Indulgence,649,1,3,50.0,50.0,50.0
deepseek-ai_DeepSeek-R1-Distill-Qwen-32B,Indulgence,650,1,1,50.0,50.0,50.0
deepseek-ai_DeepSeek-R1-Distill-Qwen-32B,Indulgence,650,1,2,50.0,50.0,50.0
deepseek-ai_DeepSeek-R1-Distill-Qwen-32B,Indulgence,650,1,3,50.0,50.0,50.0
deepseek-ai_DeepSeek-R1-Distill-Qwen-32B,Indulgence,653,1,1,100.0,100.0,75.0
deepseek-ai_DeepSeek-R1-Distill-Qwen-32B,Indulgence,653,1,2,100.0,100.0,100.0
deepseek-ai_DeepSeek-R1-Distill-Qwen-32B,Indulgence,653,1,3,100.0,100.0,75.0
deepseek-ai_DeepSeek-R1-Distill-Qwen-32B,Indulgence,655,1,1,25.0,25.0,25.0
deepseek-ai_DeepSeek-R1-Distill-Qwen-32B,Indulgence,655,1,2,25.0,25.0,25.0
deepseek-ai_DeepSeek-R1-Distill-Qwen-32B,Indulgence,655,1,3,25.0,25.0,25.0
deepseek-ai_DeepSeek-R1-Distill-Qwen-32B,Indulgence,656,1,1,25.0,25.0,50.0
deepseek-ai_DeepSeek-R1-Distill-Qwen-32B,Indulgence,656,1,2,25.0,25.0,25.0
deepseek-ai_DeepSeek-R1-Distill-Qwen-32B,Indulgence,656,1,3,25.0,25.0,25.0
deepseek-ai_DeepSeek-R1-Distill-Qwen-32B,Indulgence,658,1,1,50.0,50.0,50.0
deepseek-ai_DeepSeek-R1-Distill-Qwen-32B,Indulgence,658,1,2,50.0,50.0,0.0
deepseek-ai_DeepSeek-R1-Distill-Qwen-32B,Indulgence,658,1,3,50.0,50.0,50.0
deepseek-ai_DeepSeek-R1-Distill-Qwen-32B,Indulgence,661,1,1,50.0,50.0,50.0
deepseek-ai_DeepSeek-R1-Distill-Qwen-32B,Indulgence,661,1,2,50.0,50.0,50.0
deepseek-ai_DeepSeek-R1-Distill-Qwen-32B,Indulgence,661,1,3,50.0,50.0,75.0
deepseek-ai_DeepSeek-R1-Distill-Qwen-32B,Indulgence,664,1,1,50.0,100.0,25.0
deepseek-ai_DeepSeek-R1-Distill-Qwen-32B,Indulgence,664,1,2,50.0,25.0,25.0
deepseek-ai_DeepSeek-R1-Distill-Qwen-32B,Indulgence,664,1,3,50.0,25.0,50.0
deepseek-ai_DeepSeek-R1-Distill-Qwen-32B,Indulgence,665,1,1,50.0,50.0,50.0
deepseek-ai_DeepSeek-R1-Distill-Qwen-32B,Indulgence,665,1,2,50.0,50.0,50.0
deepseek-ai_DeepSeek-R1-Distill-Qwen-32B,Indulgence,665,1,3,50.0,25.0,50.0
deepseek-ai_DeepSeek-R1-Distill-Qwen-32B,Indulgence,666,1,1,25.0,50.0,0.0
deepseek-ai_DeepSeek-R1-Distill-Qwen-32B,Indulgence,666,1,2,25.0,50.0,50.0
deepseek-ai_DeepSeek-R1-Distill-Qwen-32B,Indulgence,666,1,3,25.0,50.0,50.0
deepseek-ai_DeepSeek-R1-Distill-Qwen-32B,Indulgence,667,1,1,25.0,50.0,25.0
deepseek-ai_DeepSeek-R1-Distill-Qwen-32B,Indulgence,667,1,2,25.0,25.0,25.0
deepseek-ai_DeepSeek-R1-Distill-Qwen-32B,Indulgence,667,1,3,25.0,25.0,25.0
deepseek-ai_DeepSeek-R1-Distill-Qwen-32B,Indulgence,668,1,1,50.0,50.0,0.0
deepseek-ai_DeepSeek-R1-Distill-Qwen-32B,Indulgence,668,1,2,50.0,25.0,50.0
deepseek-ai_DeepSeek-R1-Distill-Qwen-32B,Indulgence,668,1,3,50.0,50.0,50.0
deepseek-ai_DeepSeek-R1-Distill-Qwen-32B,Indulgence,670,1,1,50.0,50.0,25.0
deepseek-ai_DeepSeek-R1-Distill-Qwen-32B,Indulgence,670,1,2,50.0,50.0,25.0
deepseek-ai_DeepSeek-R1-Distill-Qwen-32B,Indulgence,670,1,3,50.0,50.0,25.0
deepseek-ai_DeepSeek-R1-Distill-Qwen-32B,Indulgence,674,1,1,25.0,50.0,50.0
deepseek-ai_DeepSeek-R1-Distill-Qwen-32B,Indulgence,674,1,2,25.0,100.0,100.0
deepseek-ai_DeepSeek-R1-Distill-Qwen-32B,Indulgence,674,1,3,25.0,25.0,75.0
deepseek-ai_DeepSeek-R1-Distill-Qwen-32B,Indulgence,675,1,1,25.0,50.0,50.0
deepseek-ai_DeepSeek-R1-Distill-Qwen-32B,Indulgence,675,1,2,25.0,50.0,50.0
deepseek-ai_DeepSeek-R1-Distill-Qwen-32B,Indulgence,675,1,3,25.0,50.0,50.0
deepseek-ai_DeepSeek-R1-Distill-Qwen-32B,Indulgence,678,1,1,50.0,50.0,50.0
deepseek-ai_DeepSeek-R1-Distill-Qwen-32B,Indulgence,678,1,2,50.0,50.0,50.0
deepseek-ai_DeepSeek-R1-Distill-Qwen-32B,Indulgence,678,1,3,50.0,50.0,50.0
deepseek-ai_DeepSeek-R1-Distill-Qwen-32B,Indulgence,679,1,1,25.0,25.0,25.0
deepseek-ai_DeepSeek-R1-Distill-Qwen-32B,Indulgence,679,1,2,25.0,25.0,25.0
deepseek-ai_DeepSeek-R1-Distill-Qwen-32B,Indulgence,679,1,3,25.0,25.0,25.0
deepseek-ai_DeepSeek-R1-Distill-Qwen-32B,Indulgence,686,1,1,25.0,25.0,25.0
deepseek-ai_DeepSeek-R1-Distill-Qwen-32B,Indulgence,686,1,2,25.0,25.0,25.0
deepseek-ai_DeepSeek-R1-Distill-Qwen-32B,Indulgence,686,1,3,25.0,25.0,50.0
deepseek-ai_DeepSeek-R1-Distill-Qwen-32B,Indulgence,687,1,1,50.0,50.0,50.0
deepseek-ai_DeepSeek-R1-Distill-Qwen-32B,Indulgence,687,1,2,50.0,50.0,25.0
deepseek-ai_DeepSeek-R1-Distill-Qwen-32B,Indulgence,687,1,3,50.0,50.0,50.0
deepseek-ai_DeepSeek-R1-Distill-Qwen-32B,Indulgence,693,1,1,25.0,25.0,50.0
deepseek-ai_DeepSeek-R1-Distill-Qwen-32B,Indulgence,693,1,2,25.0,25.0,25.0
deepseek-ai_DeepSeek-R1-Distill-Qwen-32B,Indulgence,693,1,3,25.0,50.0,50.0
deepseek-ai_DeepSeek-R1-Distill-Qwen-32B,Indulgence,694,1,1,50.0,50.0,50.0
deepseek-ai_DeepSeek-R1-Distill-Qwen-32B,Indulgence,694,1,2,50.0,50.0,25.0
deepseek-ai_DeepSeek-R1-Distill-Qwen-32B,Indulgence,694,1,3,50.0,50.0,50.0
deepseek-ai_DeepSeek-R1-Distill-Qwen-32B,Indulgence,695,1,1,50.0,50.0,50.0
deepseek-ai_DeepSeek-R1-Distill-Qwen-32B,Indulgence,695,1,2,50.0,50.0,25.0
deepseek-ai_DeepSeek-R1-Distill-Qwen-32B,Indulgence,695,1,3,50.0,25.0,50.0
deepseek-ai_DeepSeek-R1-Distill-Qwen-32B,Indulgence,696,1,1,0.0,25.0,50.0
deepseek-ai_DeepSeek-R1-Distill-Qwen-32B,Indulgence,696,1,2,0.0,25.0,25.0
deepseek-ai_DeepSeek-R1-Distill-Qwen-32B,Indulgence,696,1,3,0.0,0.0,0.0
deepseek-ai_DeepSeek-R1-Distill-Qwen-32B,Indulgence,697,1,1,25.0,50.0,50.0
deepseek-ai_DeepSeek-R1-Distill-Qwen-32B,Indulgence,697,1,2,25.0,50.0,50.0
deepseek-ai_DeepSeek-R1-Distill-Qwen-32B,Indulgence,697,1,3,25.0,50.0,25.0
deepseek-ai_DeepSeek-R1-Distill-Qwen-32B,Indulgence,703,1,1,50.0,50.0,50.0
deepseek-ai_DeepSeek-R1-Distill-Qwen-32B,Indulgence,703,1,2,50.0,50.0,50.0
deepseek-ai_DeepSeek-R1-Distill-Qwen-32B,Indulgence,703,1,3,50.0,50.0,50.0
deepseek-ai_DeepSeek-R1-Distill-Qwen-32B,Indulgence,705,1,1,100.0,75.0,100.0
deepseek-ai_DeepSeek-R1-Distill-Qwen-32B,Indulgence,705,1,2,100.0,25.0,100.0
deepseek-ai_DeepSeek-R1-Distill-Qwen-32B,Indulgence,705,1,3,100.0,100.0,100.0
deepseek-ai_DeepSeek-R1-Distill-Qwen-32B,Indulgence,706,1,1,25.0,25.0,25.0
deepseek-ai_DeepSeek-R1-Distill-Qwen-32B,Indulgence,706,1,2,25.0,25.0,25.0
deepseek-ai_DeepSeek-R1-Distill-Qwen-32B,Indulgence,706,1,3,25.0,25.0,25.0
deepseek-ai_DeepSeek-R1-Distill-Qwen-32B,Long_Term_Orientation,1000,1,1,0.0,25.0,0.0
deepseek-ai_DeepSeek-R1-Distill-Qwen-32B,Long_Term_Orientation,1000,1,2,0.0,100.0,25.0
deepseek-ai_DeepSeek-R1-Distill-Qwen-32B,Long_Term_Orientation,1000,1,3,0.0,0.0,0.0
deepseek-ai_DeepSeek-R1-Distill-Qwen-32B,Long_Term_Orientation,1001,1,1,25.0,25.0,25.0
deepseek-ai_DeepSeek-R1-Distill-Qwen-32B,Long_Term_Orientation,1001,1,2,25.0,25.0,25.0
deepseek-ai_DeepSeek-R1-Distill-Qwen-32B,Long_Term_Orientation,1001,1,3,25.0,25.0,75.0
deepseek-ai_DeepSeek-R1-Distill-Qwen-32B,Long_Term_Orientation,1002,1,1,25.0,25.0,25.0
deepseek-ai_DeepSeek-R1-Distill-Qwen-32B,Long_Term_Orientation,1002,1,2,25.0,25.0,25.0
deepseek-ai_DeepSeek-R1-Distill-Qwen-32B,Long_Term_Orientation,1002,1,3,25.0,25.0,25.0
deepseek-ai_DeepSeek-R1-Distill-Qwen-32B,Long_Term_Orientation,1003,1,1,25.0,25.0,25.0
deepseek-ai_DeepSeek-R1-Distill-Qwen-32B,Long_Term_Orientation,1003,1,2,25.0,25.0,25.0
deepseek-ai_DeepSeek-R1-Distill-Qwen-32B,Long_Term_Orientation,1003,1,3,25.0,25.0,25.0
deepseek-ai_DeepSeek-R1-Distill-Qwen-32B,Long_Term_Orientation,1004,1,1,25.0,25.0,25.0
deepseek-ai_DeepSeek-R1-Distill-Qwen-32B,Long_Term_Orientation,1004,1,2,25.0,0.0,25.0
deepseek-ai_DeepSeek-R1-Distill-Qwen-32B,Long_Term_Orientation,1004,1,3,25.0,25.0,0.0
deepseek-ai_DeepSeek-R1-Distill-Qwen-32B,Long_Term_Orientation,1005,1,1,25.0,0.0,25.0
deepseek-ai_DeepSeek-R1-Distill-Qwen-32B,Long_Term_Orientation,1005,1,2,25.0,25.0,25.0
deepseek-ai_DeepSeek-R1-Distill-Qwen-32B,Long_Term_Orientation,1005,1,3,25.0,25.0,25.0
deepseek-ai_DeepSeek-R1-Distill-Qwen-32B,Long_Term_Orientation,1006,1,1,50.0,25.0,50.0
deepseek-ai_DeepSeek-R1-Distill-Qwen-32B,Long_Term_Orientation,1006,1,2,50.0,25.0,50.0
deepseek-ai_DeepSeek-R1-Distill-Qwen-32B,Long_Term_Orientation,1006,1,3,50.0,50.0,50.0
deepseek-ai_DeepSeek-R1-Distill-Qwen-32B,Long_Term_Orientation,1007,1,1,25.0,50.0,50.0
deepseek-ai_DeepSeek-R1-Distill-Qwen-32B,Long_Term_Orientation,1007,1,2,25.0,25.0,50.0
deepseek-ai_DeepSeek-R1-Distill-Qwen-32B,Long_Term_Orientation,1007,1,3,25.0,25.0,50.0
deepseek-ai_DeepSeek-R1-Distill-Qwen-32B,Long_Term_Orientation,1008,1,1,75.0,50.0,0.0
deepseek-ai_DeepSeek-R1-Distill-Qwen-32B,Long_Term_Orientation,1008,1,2,75.0,50.0,75.0
deepseek-ai_DeepSeek-R1-Distill-Qwen-32B,Long_Term_Orientation,1008,1,3,75.0,50.0,75.0
deepseek-ai_DeepSeek-R1-Distill-Qwen-32B,Long_Term_Orientation,1009,1,1,75.0,50.0,50.0
deepseek-ai_DeepSeek-R1-Distill-Qwen-32B,Long_Term_Orientation,1009,1,2,75.0,50.0,50.0
deepseek-ai_DeepSeek-R1-Distill-Qwen-32B,Long_Term_Orientation,1009,1,3,75.0,50.0,50.0
deepseek-ai_DeepSeek-R1-Distill-Qwen-32B,Long_Term_Orientation,1010,1,1,0.0,25.0,25.0
deepseek-ai_DeepSeek-R1-Distill-Qwen-32B,Long_Term_Orientation,1010,1,2,0.0,50.0,0.0
deepseek-ai_DeepSeek-R1-Distill-Qwen-32B,Long_Term_Orientation,1010,1,3,0.0,0.0,25.0
deepseek-ai_DeepSeek-R1-Distill-Qwen-32B,Long_Term_Orientation,1011,1,1,25.0,50.0,50.0
deepseek-ai_DeepSeek-R1-Distill-Qwen-32B,Long_Term_Orientation,1011,1,2,25.0,25.0,25.0
deepseek-ai_DeepSeek-R1-Distill-Qwen-32B,Long_Term_Orientation,1011,1,3,25.0,50.0,25.0
deepseek-ai_DeepSeek-R1-Distill-Qwen-32B,Long_Term_Orientation,1013,1,1,25.0,25.0,25.0
deepseek-ai_DeepSeek-R1-Distill-Qwen-32B,Long_Term_Orientation,1013,1,2,25.0,50.0,50.0
deepseek-ai_DeepSeek-R1-Distill-Qwen-32B,Long_Term_Orientation,1013,1,3,25.0,50.0,75.0
deepseek-ai_DeepSeek-R1-Distill-Qwen-32B,Long_Term_Orientation,1015,1,1,50.0,50.0,50.0
deepseek-ai_DeepSeek-R1-Distill-Qwen-32B,Long_Term_Orientation,1015,1,2,50.0,50.0,50.0
deepseek-ai_DeepSeek-R1-Distill-Qwen-32B,Long_Term_Orientation,1015,1,3,50.0,50.0,50.0
deepseek-ai_DeepSeek-R1-Distill-Qwen-32B,Long_Term_Orientation,1016,1,1,25.0,0.0,25.0
deepseek-ai_DeepSeek-R1-Distill-Qwen-32B,Long_Term_Orientation,1016,1,2,25.0,0.0,25.0
deepseek-ai_DeepSeek-R1-Distill-Qwen-32B,Long_Term_Orientation,1016,1,3,25.0,0.0,0.0
deepseek-ai_DeepSeek-R1-Distill-Qwen-32B,Long_Term_Orientation,1017,1,1,25.0,25.0,100.0
deepseek-ai_DeepSeek-R1-Distill-Qwen-32B,Long_Term_Orientation,1017,1,2,25.0,25.0,50.0
deepseek-ai_DeepSeek-R1-Distill-Qwen-32B,Long_Term_Orientation,1017,1,3,25.0,25.0,25.0
deepseek-ai_DeepSeek-R1-Distill-Qwen-32B,Long_Term_Orientation,1019,1,1,0.0,0.0,0.0
deepseek-ai_DeepSeek-R1-Distill-Qwen-32B,Long_Term_Orientation,1019,1,2,0.0,0.0,50.0
deepseek-ai_DeepSeek-R1-Distill-Qwen-32B,Long_Term_Orientation,1019,1,3,0.0,50.0,25.0
deepseek-ai_DeepSeek-R1-Distill-Qwen-32B,Long_Term_Orientation,1020,1,1,50.0,50.0,50.0
deepseek-ai_DeepSeek-R1-Distill-Qwen-32B,Long_Term_Orientation,1020,1,2,50.0,50.0,50.0
deepseek-ai_DeepSeek-R1-Distill-Qwen-32B,Long_Term_Orientation,1020,1,3,50.0,50.0,50.0
deepseek-ai_DeepSeek-R1-Distill-Qwen-32B,Long_Term_Orientation,1021,1,1,0.0,25.0,0.0
deepseek-ai_DeepSeek-R1-Distill-Qwen-32B,Long_Term_Orientation,1021,1,2,0.0,0.0,0.0
deepseek-ai_DeepSeek-R1-Distill-Qwen-32B,Long_Term_Orientation,1021,1,3,0.0,25.0,0.0
deepseek-ai_DeepSeek-R1-Distill-Qwen-32B,Long_Term_Orientation,1024,1,1,50.0,25.0,50.0
deepseek-ai_DeepSeek-R1-Distill-Qwen-32B,Long_Term_Orientation,1024,1,2,50.0,0.0,0.0
deepseek-ai_DeepSeek-R1-Distill-Qwen-32B,Long_Term_Orientation,1024,1,3,50.0,50.0,50.0
deepseek-ai_DeepSeek-R1-Distill-Qwen-32B,Long_Term_Orientation,1025,1,1,25.0,25.0,25.0
deepseek-ai_DeepSeek-R1-Distill-Qwen-32B,Long_Term_Orientation,1025,1,2,25.0,25.0,25.0
deepseek-ai_DeepSeek-R1-Distill-Qwen-32B,Long_Term_Orientation,1025,1,3,25.0,25.0,25.0
deepseek-ai_DeepSeek-R1-Distill-Qwen-32B,Long_Term_Orientation,1026,1,1,25.0,50.0,25.0
deepseek-ai_DeepSeek-R1-Distill-Qwen-32B,Long_Term_Orientation,1026,1,2,25.0,50.0,25.0
deepseek-ai_DeepSeek-R1-Distill-Qwen-32B,Long_Term_Orientation,1026,1,3,25.0,50.0,25.0
deepseek-ai_DeepSeek-R1-Distill-Qwen-32B,Long_Term_Orientation,1027,1,1,50.0,50.0,50.0
deepseek-ai_DeepSeek-R1-Distill-Qwen-32B,Long_Term_Orientation,1027,1,2,50.0,25.0,50.0
deepseek-ai_DeepSeek-R1-Distill-Qwen-32B,Long_Term_Orientation,1027,1,3,50.0,50.0,50.0
deepseek-ai_DeepSeek-R1-Distill-Qwen-32B,Long_Term_Orientation,1031,1,1,50.0,25.0,50.0
deepseek-ai_DeepSeek-R1-Distill-Qwen-32B,Long_Term_Orientation,1031,1,2,50.0,25.0,50.0
deepseek-ai_DeepSeek-R1-Distill-Qwen-32B,Long_Term_Orientation,1031,1,3,50.0,100.0,50.0
deepseek-ai_DeepSeek-R1-Distill-Qwen-32B,Long_Term_Orientation,1032,1,1,25.0,25.0,25.0
deepseek-ai_DeepSeek-R1-Distill-Qwen-32B,Long_Term_Orientation,1032,1,2,25.0,50.0,25.0
deepseek-ai_DeepSeek-R1-Distill-Qwen-32B,Long_Term_Orientation,1032,1,3,25.0,25.0,0.0
deepseek-ai_DeepSeek-R1-Distill-Qwen-32B,Long_Term_Orientation,1033,1,1,0.0,0.0,50.0
deepseek-ai_DeepSeek-R1-Distill-Qwen-32B,Long_Term_Orientation,1033,1,2,0.0,75.0,25.0
deepseek-ai_DeepSeek-R1-Distill-Qwen-32B,Long_Term_Orientation,1033,1,3,0.0,50.0,25.0
deepseek-ai_DeepSeek-R1-Distill-Qwen-32B,Long_Term_Orientation,1035,1,1,50.0,50.0,50.0
deepseek-ai_DeepSeek-R1-Distill-Qwen-32B,Long_Term_Orientation,1035,1,2,50.0,50.0,50.0
deepseek-ai_DeepSeek-R1-Distill-Qwen-32B,Long_Term_Orientation,1035,1,3,50.0,50.0,50.0
deepseek-ai_DeepSeek-R1-Distill-Qwen-32B,Long_Term_Orientation,1036,1,1,25.0,50.0,50.0
deepseek-ai_DeepSeek-R1-Distill-Qwen-32B,Long_Term_Orientation,1036,1,2,25.0,25.0,25.0
deepseek-ai_DeepSeek-R1-Distill-Qwen-32B,Long_Term_Orientation,1036,1,3,25.0,50.0,50.0
deepseek-ai_DeepSeek-R1-Distill-Qwen-32B,Long_Term_Orientation,1039,1,1,50.0,50.0,50.0
deepseek-ai_DeepSeek-R1-Distill-Qwen-32B,Long_Term_Orientation,1039,1,2,50.0,75.0,50.0
deepseek-ai_DeepSeek-R1-Distill-Qwen-32B,Long_Term_Orientation,1039,1,3,50.0,50.0,50.0
deepseek-ai_DeepSeek-R1-Distill-Qwen-32B,Long_Term_Orientation,1040,1,1,50.0,0.0,50.0
deepseek-ai_DeepSeek-R1-Distill-Qwen-32B,Long_Term_Orientation,1040,1,2,50.0,50.0,25.0
deepseek-ai_DeepSeek-R1-Distill-Qwen-32B,Long_Term_Orientation,1040,1,3,50.0,0.0,50.0
deepseek-ai_DeepSeek-R1-Distill-Qwen-32B,Long_Term_Orientation,1041,1,1,50.0,50.0,50.0
deepseek-ai_DeepSeek-R1-Distill-Qwen-32B,Long_Term_Orientation,1041,1,2,50.0,50.0,50.0
deepseek-ai_DeepSeek-R1-Distill-Qwen-32B,Long_Term_Orientation,1041,1,3,50.0,0.0,50.0
deepseek-ai_DeepSeek-R1-Distill-Qwen-32B,Long_Term_Orientation,1042,1,1,25.0,0.0,25.0
deepseek-ai_DeepSeek-R1-Distill-Qwen-32B,Long_Term_Orientation,1042,1,2,25.0,25.0,75.0
deepseek-ai_DeepSeek-R1-Distill-Qwen-32B,Long_Term_Orientation,1042,1,3,25.0,0.0,100.0
deepseek-ai_DeepSeek-R1-Distill-Qwen-32B,Long_Term_Orientation,1043,1,1,25.0,25.0,25.0
deepseek-ai_DeepSeek-R1-Distill-Qwen-32B,Long_Term_Orientation,1043,1,2,25.0,50.0,0.0
deepseek-ai_DeepSeek-R1-Distill-Qwen-32B,Long_Term_Orientation,1043,1,3,25.0,50.0,25.0
deepseek-ai_DeepSeek-R1-Distill-Qwen-32B,Long_Term_Orientation,1048,1,1,25.0,25.0,25.0
deepseek-ai_DeepSeek-R1-Distill-Qwen-32B,Long_Term_Orientation,1048,1,2,25.0,25.0,25.0
deepseek-ai_DeepSeek-R1-Distill-Qwen-32B,Long_Term_Orientation,1048,1,3,25.0,0.0,25.0
deepseek-ai_DeepSeek-R1-Distill-Qwen-32B,Long_Term_Orientation,1049,1,1,25.0,25.0,25.0
deepseek-ai_DeepSeek-R1-Distill-Qwen-32B,Long_Term_Orientation,1049,1,2,25.0,25.0,50.0
deepseek-ai_DeepSeek-R1-Distill-Qwen-32B,Long_Term_Orientation,1049,1,3,25.0,25.0,25.0
deepseek-ai_DeepSeek-R1-Distill-Qwen-32B,Long_Term_Orientation,1050,1,1,50.0,50.0,50.0
deepseek-ai_DeepSeek-R1-Distill-Qwen-32B,Long_Term_Orientation,1050,1,2,50.0,50.0,50.0
deepseek-ai_DeepSeek-R1-Distill-Qwen-32B,Long_Term_Orientation,1050,1,3,50.0,50.0,25.0
deepseek-ai_DeepSeek-R1-Distill-Qwen-32B,Long_Term_Orientation,1052,1,1,50.0,50.0,50.0
deepseek-ai_DeepSeek-R1-Distill-Qwen-32B,Long_Term_Orientation,1052,1,2,50.0,0.0,50.0
deepseek-ai_DeepSeek-R1-Distill-Qwen-32B,Long_Term_Orientation,1052,1,3,50.0,50.0,50.0
deepseek-ai_DeepSeek-R1-Distill-Qwen-32B,Long_Term_Orientation,1053,1,1,50.0,25.0,25.0
deepseek-ai_DeepSeek-R1-Distill-Qwen-32B,Long_Term_Orientation,1053,1,2,50.0,25.0,50.0
deepseek-ai_DeepSeek-R1-Distill-Qwen-32B,Long_Term_Orientation,1053,1,3,50.0,0.0,0.0
deepseek-ai_DeepSeek-R1-Distill-Qwen-32B,Long_Term_Orientation,1054,1,1,0.0,25.0,0.0
deepseek-ai_DeepSeek-R1-Distill-Qwen-32B,Long_Term_Orientation,1054,1,2,0.0,25.0,0.0
deepseek-ai_DeepSeek-R1-Distill-Qwen-32B,Long_Term_Orientation,1054,1,3,0.0,0.0,0.0
deepseek-ai_DeepSeek-R1-Distill-Qwen-32B,Long_Term_Orientation,1055,1,1,50.0,0.0,50.0
deepseek-ai_DeepSeek-R1-Distill-Qwen-32B,Long_Term_Orientation,1055,1,2,50.0,50.0,50.0
deepseek-ai_DeepSeek-R1-Distill-Qwen-32B,Long_Term_Orientation,1055,1,3,50.0,25.0,50.0
deepseek-ai_DeepSeek-R1-Distill-Qwen-32B,Long_Term_Orientation,1056,1,1,25.0,25.0,25.0
deepseek-ai_DeepSeek-R1-Distill-Qwen-32B,Long_Term_Orientation,1056,1,2,25.0,25.0,25.0
deepseek-ai_DeepSeek-R1-Distill-Qwen-32B,Long_Term_Orientation,1056,1,3,25.0,25.0,25.0
deepseek-ai_DeepSeek-R1-Distill-Qwen-32B,Long_Term_Orientation,1057,1,1,25.0,0.0,0.0
deepseek-ai_DeepSeek-R1-Distill-Qwen-32B,Long_Term_Orientation,1057,1,2,25.0,25.0,25.0
deepseek-ai_DeepSeek-R1-Distill-Qwen-32B,Long_Term_Orientation,1057,1,3,25.0,50.0,0.0
deepseek-ai_DeepSeek-R1-Distill-Qwen-32B,Long_Term_Orientation,1059,1,1,25.0,25.0,50.0
deepseek-ai_DeepSeek-R1-Distill-Qwen-32B,Long_Term_Orientation,1059,1,2,25.0,50.0,25.0
deepseek-ai_DeepSeek-R1-Distill-Qwen-32B,Long_Term_Orientation,1059,1,3,25.0,25.0,25.0
deepseek-ai_DeepSeek-R1-Distill-Qwen-32B,Long_Term_Orientation,1060,1,1,50.0,50.0,0.0
deepseek-ai_DeepSeek-R1-Distill-Qwen-32B,Long_Term_Orientation,1060,1,2,50.0,50.0,50.0
deepseek-ai_DeepSeek-R1-Distill-Qwen-32B,Long_Term_Orientation,1060,1,3,50.0,50.0,50.0
deepseek-ai_DeepSeek-R1-Distill-Qwen-32B,Long_Term_Orientation,1061,1,1,50.0,25.0,0.0
deepseek-ai_DeepSeek-R1-Distill-Qwen-32B,Long_Term_Orientation,1061,1,2,50.0,50.0,50.0
deepseek-ai_DeepSeek-R1-Distill-Qwen-32B,Long_Term_Orientation,1061,1,3,50.0,25.0,50.0
deepseek-ai_DeepSeek-R1-Distill-Qwen-32B,Long_Term_Orientation,1062,1,1,25.0,0.0,25.0
deepseek-ai_DeepSeek-R1-Distill-Qwen-32B,Long_Term_Orientation,1062,1,2,25.0,25.0,50.0
deepseek-ai_DeepSeek-R1-Distill-Qwen-32B,Long_Term_Orientation,1062,1,3,25.0,25.0,25.0
deepseek-ai_DeepSeek-R1-Distill-Qwen-32B,Long_Term_Orientation,1064,1,1,50.0,50.0,50.0
deepseek-ai_DeepSeek-R1-Distill-Qwen-32B,Long_Term_Orientation,1064,1,2,50.0,50.0,50.0
deepseek-ai_DeepSeek-R1-Distill-Qwen-32B,Long_Term_Orientation,1064,1,3,50.0,50.0,50.0
deepseek-ai_DeepSeek-R1-Distill-Qwen-32B,Long_Term_Orientation,1065,1,1,0.0,50.0,25.0
deepseek-ai_DeepSeek-R1-Distill-Qwen-32B,Long_Term_Orientation,1065,1,2,0.0,0.0,50.0
deepseek-ai_DeepSeek-R1-Distill-Qwen-32B,Long_Term_Orientation,1065,1,3,0.0,0.0,50.0
deepseek-ai_DeepSeek-R1-Distill-Qwen-32B,Long_Term_Orientation,1066,1,1,50.0,50.0,50.0
deepseek-ai_DeepSeek-R1-Distill-Qwen-32B,Long_Term_Orientation,1066,1,2,50.0,50.0,50.0
deepseek-ai_DeepSeek-R1-Distill-Qwen-32B,Long_Term_Orientation,1066,1,3,50.0,50.0,50.0
deepseek-ai_DeepSeek-R1-Distill-Qwen-32B,Long_Term_Orientation,1070,1,1,50.0,50.0,50.0
deepseek-ai_DeepSeek-R1-Distill-Qwen-32B,Long_Term_Orientation,1070,1,2,50.0,50.0,50.0
deepseek-ai_DeepSeek-R1-Distill-Qwen-32B,Long_Term_Orientation,1070,1,3,50.0,50.0,25.0
deepseek-ai_DeepSeek-R1-Distill-Qwen-32B,Long_Term_Orientation,1071,1,1,0.0,0.0,0.0
deepseek-ai_DeepSeek-R1-Distill-Qwen-32B,Long_Term_Orientation,1071,1,2,0.0,0.0,25.0
deepseek-ai_DeepSeek-R1-Distill-Qwen-32B,Long_Term_Orientation,1071,1,3,0.0,0.0,0.0
deepseek-ai_DeepSeek-R1-Distill-Qwen-32B,Long_Term_Orientation,1075,1,1,75.0,0.0,0.0
deepseek-ai_DeepSeek-R1-Distill-Qwen-32B,Long_Term_Orientation,1075,1,2,75.0,75.0,25.0
deepseek-ai_DeepSeek-R1-Distill-Qwen-32B,Long_Term_Orientation,1075,1,3,75.0,0.0,25.0
deepseek-ai_DeepSeek-R1-Distill-Qwen-32B,Long_Term_Orientation,1076,1,1,50.0,25.0,25.0
deepseek-ai_DeepSeek-R1-Distill-Qwen-32B,Long_Term_Orientation,1076,1,2,50.0,25.0,25.0
deepseek-ai_DeepSeek-R1-Distill-Qwen-32B,Long_Term_Orientation,1076,1,3,50.0,50.0,25.0
deepseek-ai_DeepSeek-R1-Distill-Qwen-32B,Long_Term_Orientation,1077,1,1,0.0,0.0,0.0
deepseek-ai_DeepSeek-R1-Distill-Qwen-32B,Long_Term_Orientation,1077,1,2,0.0,50.0,25.0
deepseek-ai_DeepSeek-R1-Distill-Qwen-32B,Long_Term_Orientation,1077,1,3,0.0,0.0,25.0
deepseek-ai_DeepSeek-R1-Distill-Qwen-32B,Long_Term_Orientation,1078,1,1,50.0,50.0,50.0
deepseek-ai_DeepSeek-R1-Distill-Qwen-32B,Long_Term_Orientation,1078,1,2,50.0,50.0,50.0
deepseek-ai_DeepSeek-R1-Distill-Qwen-32B,Long_Term_Orientation,1078,1,3,50.0,50.0,50.0
deepseek-ai_DeepSeek-R1-Distill-Qwen-32B,Long_Term_Orientation,1079,1,1,0.0,50.0,0.0
deepseek-ai_DeepSeek-R1-Distill-Qwen-32B,Long_Term_Orientation,1079,1,2,0.0,0.0,50.0
deepseek-ai_DeepSeek-R1-Distill-Qwen-32B,Long_Term_Orientation,1079,1,3,0.0,50.0,50.0
deepseek-ai_DeepSeek-R1-Distill-Qwen-32B,Long_Term_Orientation,1080,1,1,25.0,25.0,25.0
deepseek-ai_DeepSeek-R1-Distill-Qwen-32B,Long_Term_Orientation,1080,1,2,25.0,25.0,25.0
deepseek-ai_DeepSeek-R1-Distill-Qwen-32B,Long_Term_Orientation,1080,1,3,25.0,25.0,25.0
deepseek-ai_DeepSeek-R1-Distill-Qwen-32B,Long_Term_Orientation,1082,1,1,50.0,50.0,50.0
deepseek-ai_DeepSeek-R1-Distill-Qwen-32B,Long_Term_Orientation,1082,1,2,50.0,50.0,50.0
deepseek-ai_DeepSeek-R1-Distill-Qwen-32B,Long_Term_Orientation,1082,1,3,50.0,50.0,50.0
deepseek-ai_DeepSeek-R1-Distill-Qwen-32B,Long_Term_Orientation,1083,1,1,25.0,25.0,75.0
deepseek-ai_DeepSeek-R1-Distill-Qwen-32B,Long_Term_Orientation,1083,1,2,25.0,50.0,75.0
deepseek-ai_DeepSeek-R1-Distill-Qwen-32B,Long_Term_Orientation,1083,1,3,25.0,75.0,25.0
deepseek-ai_DeepSeek-R1-Distill-Qwen-32B,Long_Term_Orientation,1084,1,1,0.0,0.0,0.0
deepseek-ai_DeepSeek-R1-Distill-Qwen-32B,Long_Term_Orientation,1084,1,2,0.0,25.0,25.0
deepseek-ai_DeepSeek-R1-Distill-Qwen-32B,Long_Term_Orientation,1084,1,3,0.0,0.0,25.0
deepseek-ai_DeepSeek-R1-Distill-Qwen-32B,Long_Term_Orientation,1085,1,1,0.0,0.0,50.0
deepseek-ai_DeepSeek-R1-Distill-Qwen-32B,Long_Term_Orientation,1085,1,2,0.0,0.0,50.0
deepseek-ai_DeepSeek-R1-Distill-Qwen-32B,Long_Term_Orientation,1085,1,3,0.0,50.0,0.0
deepseek-ai_DeepSeek-R1-Distill-Qwen-32B,Long_Term_Orientation,1086,1,1,50.0,25.0,50.0
deepseek-ai_DeepSeek-R1-Distill-Qwen-32B,Long_Term_Orientation,1086,1,2,50.0,0.0,0.0
deepseek-ai_DeepSeek-R1-Distill-Qwen-32B,Long_Term_Orientation,1086,1,3,50.0,50.0,50.0
deepseek-ai_DeepSeek-R1-Distill-Qwen-32B,Long_Term_Orientation,1087,1,1,50.0,50.0,25.0
deepseek-ai_DeepSeek-R1-Distill-Qwen-32B,Long_Term_Orientation,1087,1,2,50.0,75.0,25.0
deepseek-ai_DeepSeek-R1-Distill-Qwen-32B,Long_Term_Orientation,1087,1,3,50.0,0.0,25.0
deepseek-ai_DeepSeek-R1-Distill-Qwen-32B,Long_Term_Orientation,1088,1,1,0.0,0.0,25.0
deepseek-ai_DeepSeek-R1-Distill-Qwen-32B,Long_Term_Orientation,1088,1,2,0.0,25.0,0.0
deepseek-ai_DeepSeek-R1-Distill-Qwen-32B,Long_Term_Orientation,1088,1,3,0.0,25.0,25.0
deepseek-ai_DeepSeek-R1-Distill-Qwen-32B,Long_Term_Orientation,1089,1,1,50.0,50.0,50.0
deepseek-ai_DeepSeek-R1-Distill-Qwen-32B,Long_Term_Orientation,1089,1,2,50.0,50.0,50.0
deepseek-ai_DeepSeek-R1-Distill-Qwen-32B,Long_Term_Orientation,1089,1,3,50.0,50.0,50.0
deepseek-ai_DeepSeek-R1-Distill-Qwen-32B,Long_Term_Orientation,1091,1,1,25.0,25.0,25.0
deepseek-ai_DeepSeek-R1-Distill-Qwen-32B,Long_Term_Orientation,1091,1,2,25.0,0.0,0.0
deepseek-ai_DeepSeek-R1-Distill-Qwen-32B,Long_Term_Orientation,1091,1,3,25.0,25.0,25.0
deepseek-ai_DeepSeek-R1-Distill-Qwen-32B,Long_Term_Orientation,1092,1,1,50.0,50.0,50.0
deepseek-ai_DeepSeek-R1-Distill-Qwen-32B,Long_Term_Orientation,1092,1,2,50.0,0.0,25.0
deepseek-ai_DeepSeek-R1-Distill-Qwen-32B,Long_Term_Orientation,1092,1,3,50.0,50.0,50.0
deepseek-ai_DeepSeek-R1-Distill-Qwen-32B,Long_Term_Orientation,1094,1,1,25.0,0.0,25.0
deepseek-ai_DeepSeek-R1-Distill-Qwen-32B,Long_Term_Orientation,1094,1,2,25.0,50.0,0.0
deepseek-ai_DeepSeek-R1-Distill-Qwen-32B,Long_Term_Orientation,1094,1,3,25.0,25.0,25.0
deepseek-ai_DeepSeek-R1-Distill-Qwen-32B,Long_Term_Orientation,1096,1,1,50.0,50.0,50.0
deepseek-ai_DeepSeek-R1-Distill-Qwen-32B,Long_Term_Orientation,1096,1,2,50.0,25.0,50.0
deepseek-ai_DeepSeek-R1-Distill-Qwen-32B,Long_Term_Orientation,1096,1,3,50.0,50.0,50.0
deepseek-ai_DeepSeek-R1-Distill-Qwen-32B,Long_Term_Orientation,1098,1,1,0.0,50.0,50.0
deepseek-ai_DeepSeek-R1-Distill-Qwen-32B,Long_Term_Orientation,1098,1,2,0.0,50.0,0.0
deepseek-ai_DeepSeek-R1-Distill-Qwen-32B,Long_Term_Orientation,1098,1,3,0.0,50.0,50.0
deepseek-ai_DeepSeek-R1-Distill-Qwen-32B,Long_Term_Orientation,1099,1,1,25.0,50.0,25.0
deepseek-ai_DeepSeek-R1-Distill-Qwen-32B,Long_Term_Orientation,1099,1,2,25.0,25.0,25.0
deepseek-ai_DeepSeek-R1-Distill-Qwen-32B,Long_Term_Orientation,1099,1,3,25.0,25.0,25.0
deepseek-ai_DeepSeek-R1-Distill-Qwen-32B,Long_Term_Orientation,1100,1,1,25.0,25.0,25.0
deepseek-ai_DeepSeek-R1-Distill-Qwen-32B,Long_Term_Orientation,1100,1,2,25.0,25.0,25.0
deepseek-ai_DeepSeek-R1-Distill-Qwen-32B,Long_Term_Orientation,1100,1,3,25.0,25.0,25.0
deepseek-ai_DeepSeek-R1-Distill-Qwen-32B,Long_Term_Orientation,1101,1,1,50.0,50.0,50.0
deepseek-ai_DeepSeek-R1-Distill-Qwen-32B,Long_Term_Orientation,1101,1,2,50.0,50.0,50.0
deepseek-ai_DeepSeek-R1-Distill-Qwen-32B,Long_Term_Orientation,1101,1,3,50.0,50.0,50.0
deepseek-ai_DeepSeek-R1-Distill-Qwen-32B,Long_Term_Orientation,1102,1,1,0.0,0.0,0.0
deepseek-ai_DeepSeek-R1-Distill-Qwen-32B,Long_Term_Orientation,1102,1,2,0.0,0.0,0.0
deepseek-ai_DeepSeek-R1-Distill-Qwen-32B,Long_Term_Orientation,1102,1,3,0.0,0.0,0.0
deepseek-ai_DeepSeek-R1-Distill-Qwen-32B,Long_Term_Orientation,1103,1,1,0.0,25.0,25.0
deepseek-ai_DeepSeek-R1-Distill-Qwen-32B,Long_Term_Orientation,1103,1,2,0.0,25.0,25.0
deepseek-ai_DeepSeek-R1-Distill-Qwen-32B,Long_Term_Orientation,1103,1,3,0.0,50.0,25.0
deepseek-ai_DeepSeek-R1-Distill-Qwen-32B,Long_Term_Orientation,1106,1,1,25.0,50.0,50.0
deepseek-ai_DeepSeek-R1-Distill-Qwen-32B,Long_Term_Orientation,1106,1,2,25.0,0.0,50.0
deepseek-ai_DeepSeek-R1-Distill-Qwen-32B,Long_Term_Orientation,1106,1,3,25.0,50.0,50.0
deepseek-ai_DeepSeek-R1-Distill-Qwen-32B,Long_Term_Orientation,1107,1,1,50.0,25.0,50.0
deepseek-ai_DeepSeek-R1-Distill-Qwen-32B,Long_Term_Orientation,1107,1,2,50.0,50.0,50.0
deepseek-ai_DeepSeek-R1-Distill-Qwen-32B,Long_Term_Orientation,1107,1,3,50.0,50.0,100.0
deepseek-ai_DeepSeek-R1-Distill-Qwen-32B,Long_Term_Orientation,1109,1,1,50.0,50.0,50.0
deepseek-ai_DeepSeek-R1-Distill-Qwen-32B,Long_Term_Orientation,1109,1,2,50.0,50.0,50.0
deepseek-ai_DeepSeek-R1-Distill-Qwen-32B,Long_Term_Orientation,1109,1,3,50.0,50.0,50.0
deepseek-ai_DeepSeek-R1-Distill-Qwen-32B,Long_Term_Orientation,1110,1,1,50.0,50.0,50.0
deepseek-ai_DeepSeek-R1-Distill-Qwen-32B,Long_Term_Orientation,1110,1,2,50.0,50.0,50.0
deepseek-ai_DeepSeek-R1-Distill-Qwen-32B,Long_Term_Orientation,1110,1,3,50.0,50.0,50.0
deepseek-ai_DeepSeek-R1-Distill-Qwen-32B,Long_Term_Orientation,1112,1,1,50.0,50.0,50.0
deepseek-ai_DeepSeek-R1-Distill-Qwen-32B,Long_Term_Orientation,1112,1,2,50.0,50.0,50.0
deepseek-ai_DeepSeek-R1-Distill-Qwen-32B,Long_Term_Orientation,1112,1,3,50.0,25.0,25.0
deepseek-ai_DeepSeek-R1-Distill-Qwen-32B,Long_Term_Orientation,1113,1,1,50.0,50.0,50.0
deepseek-ai_DeepSeek-R1-Distill-Qwen-32B,Long_Term_Orientation,1113,1,2,50.0,50.0,50.0
deepseek-ai_DeepSeek-R1-Distill-Qwen-32B,Long_Term_Orientation,1113,1,3,50.0,50.0,50.0
deepseek-ai_DeepSeek-R1-Distill-Qwen-32B,Long_Term_Orientation,1115,1,1,25.0,50.0,50.0
deepseek-ai_DeepSeek-R1-Distill-Qwen-32B,Long_Term_Orientation,1115,1,2,25.0,50.0,50.0
deepseek-ai_DeepSeek-R1-Distill-Qwen-32B,Long_Term_Orientation,1115,1,3,25.0,50.0,50.0
deepseek-ai_DeepSeek-R1-Distill-Qwen-32B,Long_Term_Orientation,1117,1,1,50.0,50.0,50.0
deepseek-ai_DeepSeek-R1-Distill-Qwen-32B,Long_Term_Orientation,1117,1,2,50.0,50.0,50.0
deepseek-ai_DeepSeek-R1-Distill-Qwen-32B,Long_Term_Orientation,1117,1,3,50.0,50.0,50.0
deepseek-ai_DeepSeek-R1-Distill-Qwen-32B,Long_Term_Orientation,1119,1,1,0.0,0.0,0.0
deepseek-ai_DeepSeek-R1-Distill-Qwen-32B,Long_Term_Orientation,1119,1,2,0.0,0.0,50.0
deepseek-ai_DeepSeek-R1-Distill-Qwen-32B,Long_Term_Orientation,1119,1,3,0.0,0.0,25.0
deepseek-ai_DeepSeek-R1-Distill-Qwen-32B,Long_Term_Orientation,1120,1,1,25.0,0.0,25.0
deepseek-ai_DeepSeek-R1-Distill-Qwen-32B,Long_Term_Orientation,1120,1,2,25.0,25.0,25.0
deepseek-ai_DeepSeek-R1-Distill-Qwen-32B,Long_Term_Orientation,1120,1,3,25.0,0.0,25.0
deepseek-ai_DeepSeek-R1-Distill-Qwen-32B,Long_Term_Orientation,1121,1,1,25.0,50.0,0.0
deepseek-ai_DeepSeek-R1-Distill-Qwen-32B,Long_Term_Orientation,1121,1,2,25.0,25.0,25.0
deepseek-ai_DeepSeek-R1-Distill-Qwen-32B,Long_Term_Orientation,1121,1,3,25.0,25.0,0.0
deepseek-ai_DeepSeek-R1-Distill-Qwen-32B,Long_Term_Orientation,1125,1,1,50.0,50.0,50.0
deepseek-ai_DeepSeek-R1-Distill-Qwen-32B,Long_Term_Orientation,1125,1,2,50.0,50.0,50.0
deepseek-ai_DeepSeek-R1-Distill-Qwen-32B,Long_Term_Orientation,1125,1,3,50.0,50.0,50.0
deepseek-ai_DeepSeek-R1-Distill-Qwen-32B,Long_Term_Orientation,1126,1,1,0.0,25.0,25.0
deepseek-ai_DeepSeek-R1-Distill-Qwen-32B,Long_Term_Orientation,1126,1,2,0.0,25.0,25.0
deepseek-ai_DeepSeek-R1-Distill-Qwen-32B,Long_Term_Orientation,1126,1,3,0.0,25.0,25.0
deepseek-ai_DeepSeek-R1-Distill-Qwen-32B,Long_Term_Orientation,1128,1,1,50.0,50.0,50.0
deepseek-ai_DeepSeek-R1-Distill-Qwen-32B,Long_Term_Orientation,1128,1,2,50.0,50.0,50.0
deepseek-ai_DeepSeek-R1-Distill-Qwen-32B,Long_Term_Orientation,1128,1,3,50.0,50.0,50.0
deepseek-ai_DeepSeek-R1-Distill-Qwen-32B,Long_Term_Orientation,1129,1,1,25.0,75.0,25.0
deepseek-ai_DeepSeek-R1-Distill-Qwen-32B,Long_Term_Orientation,1129,1,2,25.0,75.0,100.0
deepseek-ai_DeepSeek-R1-Distill-Qwen-32B,Long_Term_Orientation,1129,1,3,25.0,25.0,25.0
deepseek-ai_DeepSeek-R1-Distill-Qwen-32B,Long_Term_Orientation,1136,1,1,75.0,50.0,50.0
deepseek-ai_DeepSeek-R1-Distill-Qwen-32B,Long_Term_Orientation,1136,1,2,75.0,50.0,50.0
deepseek-ai_DeepSeek-R1-Distill-Qwen-32B,Long_Term_Orientation,1136,1,3,75.0,50.0,50.0
deepseek-ai_DeepSeek-R1-Distill-Qwen-32B,Long_Term_Orientation,1137,1,1,50.0,50.0,50.0
deepseek-ai_DeepSeek-R1-Distill-Qwen-32B,Long_Term_Orientation,1137,1,2,50.0,50.0,50.0
deepseek-ai_DeepSeek-R1-Distill-Qwen-32B,Long_Term_Orientation,1137,1,3,50.0,0.0,100.0
deepseek-ai_DeepSeek-R1-Distill-Qwen-32B,Long_Term_Orientation,1139,1,1,0.0,25.0,0.0
deepseek-ai_DeepSeek-R1-Distill-Qwen-32B,Long_Term_Orientation,1139,1,2,0.0,25.0,25.0
deepseek-ai_DeepSeek-R1-Distill-Qwen-32B,Long_Term_Orientation,1139,1,3,0.0,0.0,0.0
deepseek-ai_DeepSeek-R1-Distill-Qwen-32B,Long_Term_Orientation,1141,1,1,50.0,50.0,50.0
deepseek-ai_DeepSeek-R1-Distill-Qwen-32B,Long_Term_Orientation,1141,1,2,50.0,50.0,50.0
deepseek-ai_DeepSeek-R1-Distill-Qwen-32B,Long_Term_Orientation,1141,1,3,50.0,0.0,50.0
deepseek-ai_DeepSeek-R1-Distill-Qwen-32B,Long_Term_Orientation,1143,1,1,0.0,50.0,50.0
deepseek-ai_DeepSeek-R1-Distill-Qwen-32B,Long_Term_Orientation,1143,1,2,0.0,50.0,25.0
deepseek-ai_DeepSeek-R1-Distill-Qwen-32B,Long_Term_Orientation,1143,1,3,0.0,25.0,50.0
deepseek-ai_DeepSeek-R1-Distill-Qwen-32B,Long_Term_Orientation,1146,1,1,25.0,50.0,50.0
deepseek-ai_DeepSeek-R1-Distill-Qwen-32B,Long_Term_Orientation,1146,1,2,25.0,25.0,50.0
deepseek-ai_DeepSeek-R1-Distill-Qwen-32B,Long_Term_Orientation,1146,1,3,25.0,25.0,25.0
deepseek-ai_DeepSeek-R1-Distill-Qwen-32B,Long_Term_Orientation,1148,1,1,0.0,0.0,25.0
deepseek-ai_DeepSeek-R1-Distill-Qwen-32B,Long_Term_Orientation,1148,1,2,0.0,25.0,0.0
deepseek-ai_DeepSeek-R1-Distill-Qwen-32B,Long_Term_Orientation,1148,1,3,0.0,0.0,25.0
deepseek-ai_DeepSeek-R1-Distill-Qwen-32B,Long_Term_Orientation,1151,1,1,25.0,25.0,25.0
deepseek-ai_DeepSeek-R1-Distill-Qwen-32B,Long_Term_Orientation,1151,1,2,25.0,25.0,25.0
deepseek-ai_DeepSeek-R1-Distill-Qwen-32B,Long_Term_Orientation,1151,1,3,25.0,25.0,25.0
deepseek-ai_DeepSeek-R1-Distill-Qwen-32B,Long_Term_Orientation,1152,1,1,25.0,0.0,0.0
deepseek-ai_DeepSeek-R1-Distill-Qwen-32B,Long_Term_Orientation,1152,1,2,25.0,25.0,25.0
deepseek-ai_DeepSeek-R1-Distill-Qwen-32B,Long_Term_Orientation,1152,1,3,25.0,25.0,0.0
deepseek-ai_DeepSeek-R1-Distill-Qwen-32B,Long_Term_Orientation,1153,1,1,50.0,50.0,0.0
deepseek-ai_DeepSeek-R1-Distill-Qwen-32B,Long_Term_Orientation,1153,1,2,50.0,50.0,50.0
deepseek-ai_DeepSeek-R1-Distill-Qwen-32B,Long_Term_Orientation,1153,1,3,50.0,50.0,50.0
deepseek-ai_DeepSeek-R1-Distill-Qwen-32B,Long_Term_Orientation,1154,1,1,50.0,50.0,50.0
deepseek-ai_DeepSeek-R1-Distill-Qwen-32B,Long_Term_Orientation,1154,1,2,50.0,50.0,50.0
deepseek-ai_DeepSeek-R1-Distill-Qwen-32B,Long_Term_Orientation,1154,1,3,50.0,25.0,50.0
deepseek-ai_DeepSeek-R1-Distill-Qwen-32B,Long_Term_Orientation,1155,1,1,50.0,75.0,75.0
deepseek-ai_DeepSeek-R1-Distill-Qwen-32B,Long_Term_Orientation,1155,1,2,50.0,75.0,75.0
deepseek-ai_DeepSeek-R1-Distill-Qwen-32B,Long_Term_Orientation,1155,1,3,50.0,50.0,50.0
deepseek-ai_DeepSeek-R1-Distill-Qwen-32B,Long_Term_Orientation,1156,1,1,0.0,50.0,25.0
deepseek-ai_DeepSeek-R1-Distill-Qwen-32B,Long_Term_Orientation,1156,1,2,0.0,25.0,25.0
deepseek-ai_DeepSeek-R1-Distill-Qwen-32B,Long_Term_Orientation,1156,1,3,0.0,0.0,25.0
deepseek-ai_DeepSeek-R1-Distill-Qwen-32B,Long_Term_Orientation,1158,1,1,25.0,25.0,25.0
deepseek-ai_DeepSeek-R1-Distill-Qwen-32B,Long_Term_Orientation,1158,1,2,25.0,25.0,25.0
deepseek-ai_DeepSeek-R1-Distill-Qwen-32B,Long_Term_Orientation,1158,1,3,25.0,25.0,25.0
deepseek-ai_DeepSeek-R1-Distill-Qwen-32B,Long_Term_Orientation,1159,1,1,0.0,0.0,0.0
deepseek-ai_DeepSeek-R1-Distill-Qwen-32B,Long_Term_Orientation,1159,1,2,0.0,25.0,25.0
deepseek-ai_DeepSeek-R1-Distill-Qwen-32B,Long_Term_Orientation,1159,1,3,0.0,25.0,0.0
deepseek-ai_DeepSeek-R1-Distill-Qwen-32B,Long_Term_Orientation,1160,1,1,50.0,50.0,50.0
deepseek-ai_DeepSeek-R1-Distill-Qwen-32B,Long_Term_Orientation,1160,1,2,50.0,50.0,50.0
deepseek-ai_DeepSeek-R1-Distill-Qwen-32B,Long_Term_Orientation,1160,1,3,50.0,50.0,50.0
deepseek-ai_DeepSeek-R1-Distill-Qwen-32B,Long_Term_Orientation,1164,1,1,0.0,0.0,0.0
deepseek-ai_DeepSeek-R1-Distill-Qwen-32B,Long_Term_Orientation,1164,1,2,0.0,75.0,0.0
deepseek-ai_DeepSeek-R1-Distill-Qwen-32B,Long_Term_Orientation,1164,1,3,0.0,0.0,0.0
deepseek-ai_DeepSeek-R1-Distill-Qwen-32B,Long_Term_Orientation,1166,1,1,0.0,0.0,25.0
deepseek-ai_DeepSeek-R1-Distill-Qwen-32B,Long_Term_Orientation,1166,1,2,0.0,25.0,25.0
deepseek-ai_DeepSeek-R1-Distill-Qwen-32B,Long_Term_Orientation,1166,1,3,0.0,25.0,0.0
deepseek-ai_DeepSeek-R1-Distill-Qwen-32B,Long_Term_Orientation,1168,1,1,50.0,75.0,75.0
deepseek-ai_DeepSeek-R1-Distill-Qwen-32B,Long_Term_Orientation,1168,1,2,50.0,50.0,75.0
deepseek-ai_DeepSeek-R1-Distill-Qwen-32B,Long_Term_Orientation,1168,1,3,50.0,100.0,50.0
deepseek-ai_DeepSeek-R1-Distill-Qwen-32B,Long_Term_Orientation,1172,1,1,25.0,25.0,25.0
deepseek-ai_DeepSeek-R1-Distill-Qwen-32B,Long_Term_Orientation,1172,1,2,25.0,25.0,25.0
deepseek-ai_DeepSeek-R1-Distill-Qwen-32B,Long_Term_Orientation,1172,1,3,25.0,25.0,25.0
deepseek-ai_DeepSeek-R1-Distill-Qwen-32B,Long_Term_Orientation,1173,1,1,50.0,50.0,50.0
deepseek-ai_DeepSeek-R1-Distill-Qwen-32B,Long_Term_Orientation,1173,1,2,50.0,50.0,50.0
deepseek-ai_DeepSeek-R1-Distill-Qwen-32B,Long_Term_Orientation,1173,1,3,50.0,75.0,50.0
deepseek-ai_DeepSeek-R1-Distill-Qwen-32B,Long_Term_Orientation,1179,1,1,50.0,50.0,50.0
deepseek-ai_DeepSeek-R1-Distill-Qwen-32B,Long_Term_Orientation,1179,1,2,50.0,50.0,50.0
deepseek-ai_DeepSeek-R1-Distill-Qwen-32B,Long_Term_Orientation,1179,1,3,50.0,50.0,50.0
deepseek-ai_DeepSeek-R1-Distill-Qwen-32B,Long_Term_Orientation,1180,1,1,50.0,50.0,25.0
deepseek-ai_DeepSeek-R1-Distill-Qwen-32B,Long_Term_Orientation,1180,1,2,50.0,25.0,50.0
deepseek-ai_DeepSeek-R1-Distill-Qwen-32B,Long_Term_Orientation,1180,1,3,50.0,50.0,25.0
deepseek-ai_DeepSeek-R1-Distill-Qwen-32B,Long_Term_Orientation,1181,1,1,50.0,50.0,50.0
deepseek-ai_DeepSeek-R1-Distill-Qwen-32B,Long_Term_Orientation,1181,1,2,50.0,75.0,50.0
deepseek-ai_DeepSeek-R1-Distill-Qwen-32B,Long_Term_Orientation,1181,1,3,50.0,50.0,50.0
deepseek-ai_DeepSeek-R1-Distill-Qwen-32B,Long_Term_Orientation,1187,1,1,0.0,50.0,0.0
deepseek-ai_DeepSeek-R1-Distill-Qwen-32B,Long_Term_Orientation,1187,1,2,0.0,25.0,25.0
deepseek-ai_DeepSeek-R1-Distill-Qwen-32B,Long_Term_Orientation,1187,1,3,0.0,25.0,25.0
deepseek-ai_DeepSeek-R1-Distill-Qwen-32B,Long_Term_Orientation,1189,1,1,50.0,50.0,50.0
deepseek-ai_DeepSeek-R1-Distill-Qwen-32B,Long_Term_Orientation,1189,1,2,50.0,50.0,50.0
deepseek-ai_DeepSeek-R1-Distill-Qwen-32B,Long_Term_Orientation,1189,1,3,50.0,50.0,50.0
deepseek-ai_DeepSeek-R1-Distill-Qwen-32B,Long_Term_Orientation,1194,1,1,50.0,50.0,50.0
deepseek-ai_DeepSeek-R1-Distill-Qwen-32B,Long_Term_Orientation,1194,1,2,50.0,25.0,0.0
deepseek-ai_DeepSeek-R1-Distill-Qwen-32B,Long_Term_Orientation,1194,1,3,50.0,25.0,50.0
deepseek-ai_DeepSeek-R1-Distill-Qwen-32B,Long_Term_Orientation,1218,1,1,100.0,100.0,100.0
deepseek-ai_DeepSeek-R1-Distill-Qwen-32B,Long_Term_Orientation,1218,1,2,100.0,100.0,100.0
deepseek-ai_DeepSeek-R1-Distill-Qwen-32B,Long_Term_Orientation,1218,1,3,100.0,100.0,100.0
deepseek-ai_DeepSeek-R1-Distill-Qwen-32B,Long_Term_Orientation,1239,1,1,50.0,50.0,50.0
deepseek-ai_DeepSeek-R1-Distill-Qwen-32B,Long_Term_Orientation,1239,1,2,50.0,50.0,50.0
deepseek-ai_DeepSeek-R1-Distill-Qwen-32B,Long_Term_Orientation,1239,1,3,50.0,50.0,50.0
deepseek-ai_DeepSeek-R1-Distill-Qwen-32B,Long_Term_Orientation,1240,1,1,50.0,50.0,50.0
deepseek-ai_DeepSeek-R1-Distill-Qwen-32B,Long_Term_Orientation,1240,1,2,50.0,50.0,50.0
deepseek-ai_DeepSeek-R1-Distill-Qwen-32B,Long_Term_Orientation,1240,1,3,50.0,50.0,50.0
deepseek-ai_DeepSeek-R1-Distill-Qwen-32B,Long_Term_Orientation,975,1,1,0.0,0.0,0.0
deepseek-ai_DeepSeek-R1-Distill-Qwen-32B,Long_Term_Orientation,975,1,2,0.0,0.0,50.0
deepseek-ai_DeepSeek-R1-Distill-Qwen-32B,Long_Term_Orientation,975,1,3,0.0,0.0,0.0
deepseek-ai_DeepSeek-R1-Distill-Qwen-32B,Long_Term_Orientation,976,1,1,25.0,25.0,50.0
deepseek-ai_DeepSeek-R1-Distill-Qwen-32B,Long_Term_Orientation,976,1,2,25.0,50.0,25.0
deepseek-ai_DeepSeek-R1-Distill-Qwen-32B,Long_Term_Orientation,976,1,3,25.0,25.0,50.0
deepseek-ai_DeepSeek-R1-Distill-Qwen-32B,Long_Term_Orientation,977,1,1,75.0,0.0,50.0
deepseek-ai_DeepSeek-R1-Distill-Qwen-32B,Long_Term_Orientation,977,1,2,75.0,0.0,25.0
deepseek-ai_DeepSeek-R1-Distill-Qwen-32B,Long_Term_Orientation,977,1,3,75.0,0.0,0.0
deepseek-ai_DeepSeek-R1-Distill-Qwen-32B,Long_Term_Orientation,978,1,1,0.0,0.0,0.0
deepseek-ai_DeepSeek-R1-Distill-Qwen-32B,Long_Term_Orientation,978,1,2,0.0,0.0,0.0
deepseek-ai_DeepSeek-R1-Distill-Qwen-32B,Long_Term_Orientation,978,1,3,0.0,0.0,0.0
deepseek-ai_DeepSeek-R1-Distill-Qwen-32B,Long_Term_Orientation,979,1,1,25.0,0.0,0.0
deepseek-ai_DeepSeek-R1-Distill-Qwen-32B,Long_Term_Orientation,979,1,2,25.0,0.0,50.0
deepseek-ai_DeepSeek-R1-Distill-Qwen-32B,Long_Term_Orientation,979,1,3,25.0,0.0,0.0
deepseek-ai_DeepSeek-R1-Distill-Qwen-32B,Long_Term_Orientation,980,1,1,50.0,50.0,50.0
deepseek-ai_DeepSeek-R1-Distill-Qwen-32B,Long_Term_Orientation,980,1,2,50.0,25.0,50.0
deepseek-ai_DeepSeek-R1-Distill-Qwen-32B,Long_Term_Orientation,980,1,3,50.0,50.0,50.0
deepseek-ai_DeepSeek-R1-Distill-Qwen-32B,Long_Term_Orientation,981,1,1,0.0,0.0,0.0
deepseek-ai_DeepSeek-R1-Distill-Qwen-32B,Long_Term_Orientation,981,1,2,0.0,50.0,25.0
deepseek-ai_DeepSeek-R1-Distill-Qwen-32B,Long_Term_Orientation,981,1,3,0.0,0.0,0.0
deepseek-ai_DeepSeek-R1-Distill-Qwen-32B,Long_Term_Orientation,982,1,1,50.0,50.0,50.0
deepseek-ai_DeepSeek-R1-Distill-Qwen-32B,Long_Term_Orientation,982,1,2,50.0,50.0,50.0
deepseek-ai_DeepSeek-R1-Distill-Qwen-32B,Long_Term_Orientation,982,1,3,50.0,50.0,50.0
deepseek-ai_DeepSeek-R1-Distill-Qwen-32B,Long_Term_Orientation,983,1,1,50.0,50.0,0.0
deepseek-ai_DeepSeek-R1-Distill-Qwen-32B,Long_Term_Orientation,983,1,2,50.0,0.0,50.0
deepseek-ai_DeepSeek-R1-Distill-Qwen-32B,Long_Term_Orientation,983,1,3,50.0,0.0,50.0
deepseek-ai_DeepSeek-R1-Distill-Qwen-32B,Long_Term_Orientation,984,1,1,25.0,25.0,25.0
deepseek-ai_DeepSeek-R1-Distill-Qwen-32B,Long_Term_Orientation,984,1,2,25.0,25.0,25.0
deepseek-ai_DeepSeek-R1-Distill-Qwen-32B,Long_Term_Orientation,984,1,3,25.0,50.0,25.0
deepseek-ai_DeepSeek-R1-Distill-Qwen-32B,Long_Term_Orientation,985,1,1,25.0,25.0,25.0
deepseek-ai_DeepSeek-R1-Distill-Qwen-32B,Long_Term_Orientation,985,1,2,25.0,25.0,50.0
deepseek-ai_DeepSeek-R1-Distill-Qwen-32B,Long_Term_Orientation,985,1,3,25.0,25.0,25.0
deepseek-ai_DeepSeek-R1-Distill-Qwen-32B,Long_Term_Orientation,987,1,1,0.0,0.0,0.0
deepseek-ai_DeepSeek-R1-Distill-Qwen-32B,Long_Term_Orientation,987,1,2,0.0,0.0,0.0
deepseek-ai_DeepSeek-R1-Distill-Qwen-32B,Long_Term_Orientation,987,1,3,0.0,0.0,50.0
deepseek-ai_DeepSeek-R1-Distill-Qwen-32B,Long_Term_Orientation,989,1,1,50.0,0.0,50.0
deepseek-ai_DeepSeek-R1-Distill-Qwen-32B,Long_Term_Orientation,989,1,2,50.0,50.0,50.0
deepseek-ai_DeepSeek-R1-Distill-Qwen-32B,Long_Term_Orientation,989,1,3,50.0,50.0,50.0
deepseek-ai_DeepSeek-R1-Distill-Qwen-32B,Long_Term_Orientation,990,1,1,50.0,50.0,25.0
deepseek-ai_DeepSeek-R1-Distill-Qwen-32B,Long_Term_Orientation,990,1,2,50.0,25.0,50.0
deepseek-ai_DeepSeek-R1-Distill-Qwen-32B,Long_Term_Orientation,990,1,3,50.0,0.0,25.0
deepseek-ai_DeepSeek-R1-Distill-Qwen-32B,Long_Term_Orientation,991,1,1,50.0,50.0,50.0
deepseek-ai_DeepSeek-R1-Distill-Qwen-32B,Long_Term_Orientation,991,1,2,50.0,50.0,50.0
deepseek-ai_DeepSeek-R1-Distill-Qwen-32B,Long_Term_Orientation,991,1,3,50.0,50.0,50.0
deepseek-ai_DeepSeek-R1-Distill-Qwen-32B,Long_Term_Orientation,992,1,1,50.0,50.0,100.0
deepseek-ai_DeepSeek-R1-Distill-Qwen-32B,Long_Term_Orientation,992,1,2,50.0,50.0,0.0
deepseek-ai_DeepSeek-R1-Distill-Qwen-32B,Long_Term_Orientation,992,1,3,50.0,50.0,50.0
deepseek-ai_DeepSeek-R1-Distill-Qwen-32B,Long_Term_Orientation,994,1,1,25.0,25.0,25.0
deepseek-ai_DeepSeek-R1-Distill-Qwen-32B,Long_Term_Orientation,994,1,2,25.0,25.0,25.0
deepseek-ai_DeepSeek-R1-Distill-Qwen-32B,Long_Term_Orientation,994,1,3,25.0,50.0,25.0
deepseek-ai_DeepSeek-R1-Distill-Qwen-32B,Long_Term_Orientation,995,1,1,25.0,25.0,100.0
deepseek-ai_DeepSeek-R1-Distill-Qwen-32B,Long_Term_Orientation,995,1,2,25.0,50.0,25.0
deepseek-ai_DeepSeek-R1-Distill-Qwen-32B,Long_Term_Orientation,995,1,3,25.0,25.0,50.0
deepseek-ai_DeepSeek-R1-Distill-Qwen-32B,Long_Term_Orientation,996,1,1,0.0,50.0,0.0
deepseek-ai_DeepSeek-R1-Distill-Qwen-32B,Long_Term_Orientation,996,1,2,0.0,50.0,50.0
deepseek-ai_DeepSeek-R1-Distill-Qwen-32B,Long_Term_Orientation,996,1,3,0.0,50.0,25.0
deepseek-ai_DeepSeek-R1-Distill-Qwen-32B,Long_Term_Orientation,997,1,1,25.0,25.0,25.0
deepseek-ai_DeepSeek-R1-Distill-Qwen-32B,Long_Term_Orientation,997,1,2,25.0,25.0,25.0
deepseek-ai_DeepSeek-R1-Distill-Qwen-32B,Long_Term_Orientation,997,1,3,25.0,25.0,25.0
deepseek-ai_DeepSeek-R1-Distill-Qwen-32B,Long_Term_Orientation,998,1,1,25.0,50.0,50.0
deepseek-ai_DeepSeek-R1-Distill-Qwen-32B,Long_Term_Orientation,998,1,2,25.0,25.0,25.0
deepseek-ai_DeepSeek-R1-Distill-Qwen-32B,Long_Term_Orientation,998,1,3,25.0,50.0,50.0
deepseek-ai_DeepSeek-R1-Distill-Qwen-32B,Masculinity,1459,1,1,75.0,50.0,75.0
deepseek-ai_DeepSeek-R1-Distill-Qwen-32B,Masculinity,1459,1,2,75.0,50.0,75.0
deepseek-ai_DeepSeek-R1-Distill-Qwen-32B,Masculinity,1459,1,3,75.0,25.0,50.0
deepseek-ai_DeepSeek-R1-Distill-Qwen-32B,Masculinity,1461,1,1,50.0,100.0,50.0
deepseek-ai_DeepSeek-R1-Distill-Qwen-32B,Masculinity,1461,1,2,50.0,50.0,100.0
deepseek-ai_DeepSeek-R1-Distill-Qwen-32B,Masculinity,1461,1,3,50.0,100.0,75.0
deepseek-ai_DeepSeek-R1-Distill-Qwen-32B,Masculinity,1463,1,1,50.0,50.0,25.0
deepseek-ai_DeepSeek-R1-Distill-Qwen-32B,Masculinity,1463,1,2,50.0,50.0,50.0
deepseek-ai_DeepSeek-R1-Distill-Qwen-32B,Masculinity,1463,1,3,50.0,25.0,50.0
deepseek-ai_DeepSeek-R1-Distill-Qwen-32B,Masculinity,1464,1,1,100.0,50.0,50.0
deepseek-ai_DeepSeek-R1-Distill-Qwen-32B,Masculinity,1464,1,2,100.0,75.0,50.0
deepseek-ai_DeepSeek-R1-Distill-Qwen-32B,Masculinity,1464,1,3,100.0,50.0,50.0
deepseek-ai_DeepSeek-R1-Distill-Qwen-32B,Masculinity,1465,1,1,50.0,50.0,50.0
deepseek-ai_DeepSeek-R1-Distill-Qwen-32B,Masculinity,1465,1,2,50.0,50.0,50.0
deepseek-ai_DeepSeek-R1-Distill-Qwen-32B,Masculinity,1465,1,3,50.0,50.0,50.0
deepseek-ai_DeepSeek-R1-Distill-Qwen-32B,Masculinity,1466,1,1,25.0,50.0,100.0
deepseek-ai_DeepSeek-R1-Distill-Qwen-32B,Masculinity,1466,1,2,25.0,100.0,50.0
deepseek-ai_DeepSeek-R1-Distill-Qwen-32B,Masculinity,1466,1,3,25.0,100.0,50.0
deepseek-ai_DeepSeek-R1-Distill-Qwen-32B,Masculinity,1467,1,1,25.0,50.0,50.0
deepseek-ai_DeepSeek-R1-Distill-Qwen-32B,Masculinity,1467,1,2,25.0,50.0,50.0
deepseek-ai_DeepSeek-R1-Distill-Qwen-32B,Masculinity,1467,1,3,25.0,25.0,25.0
deepseek-ai_DeepSeek-R1-Distill-Qwen-32B,Masculinity,1468,1,1,50.0,50.0,75.0
deepseek-ai_DeepSeek-R1-Distill-Qwen-32B,Masculinity,1468,1,2,50.0,50.0,75.0
deepseek-ai_DeepSeek-R1-Distill-Qwen-32B,Masculinity,1468,1,3,50.0,50.0,50.0
deepseek-ai_DeepSeek-R1-Distill-Qwen-32B,Masculinity,1470,1,1,25.0,50.0,75.0
deepseek-ai_DeepSeek-R1-Distill-Qwen-32B,Masculinity,1470,1,2,25.0,25.0,25.0
deepseek-ai_DeepSeek-R1-Distill-Qwen-32B,Masculinity,1470,1,3,25.0,75.0,100.0
deepseek-ai_DeepSeek-R1-Distill-Qwen-32B,Masculinity,1471,1,1,0.0,0.0,0.0
deepseek-ai_DeepSeek-R1-Distill-Qwen-32B,Masculinity,1471,1,2,0.0,0.0,50.0
deepseek-ai_DeepSeek-R1-Distill-Qwen-32B,Masculinity,1471,1,3,0.0,0.0,0.0
deepseek-ai_DeepSeek-R1-Distill-Qwen-32B,Masculinity,1472,1,1,25.0,25.0,25.0
deepseek-ai_DeepSeek-R1-Distill-Qwen-32B,Masculinity,1472,1,2,25.0,25.0,25.0
deepseek-ai_DeepSeek-R1-Distill-Qwen-32B,Masculinity,1472,1,3,25.0,25.0,25.0
deepseek-ai_DeepSeek-R1-Distill-Qwen-32B,Masculinity,1473,1,1,50.0,50.0,75.0
deepseek-ai_DeepSeek-R1-Distill-Qwen-32B,Masculinity,1473,1,2,50.0,75.0,50.0
deepseek-ai_DeepSeek-R1-Distill-Qwen-32B,Masculinity,1473,1,3,50.0,50.0,50.0
deepseek-ai_DeepSeek-R1-Distill-Qwen-32B,Masculinity,1474,1,1,50.0,50.0,75.0
deepseek-ai_DeepSeek-R1-Distill-Qwen-32B,Masculinity,1474,1,2,50.0,50.0,75.0
deepseek-ai_DeepSeek-R1-Distill-Qwen-32B,Masculinity,1474,1,3,50.0,75.0,50.0
deepseek-ai_DeepSeek-R1-Distill-Qwen-32B,Masculinity,1475,1,1,75.0,75.0,75.0
deepseek-ai_DeepSeek-R1-Distill-Qwen-32B,Masculinity,1475,1,2,75.0,75.0,75.0
deepseek-ai_DeepSeek-R1-Distill-Qwen-32B,Masculinity,1475,1,3,75.0,25.0,75.0
deepseek-ai_DeepSeek-R1-Distill-Qwen-32B,Masculinity,1476,1,1,100.0,50.0,50.0
deepseek-ai_DeepSeek-R1-Distill-Qwen-32B,Masculinity,1476,1,2,100.0,25.0,25.0
deepseek-ai_DeepSeek-R1-Distill-Qwen-32B,Masculinity,1476,1,3,100.0,25.0,25.0
deepseek-ai_DeepSeek-R1-Distill-Qwen-32B,Masculinity,1477,1,1,25.0,25.0,25.0
deepseek-ai_DeepSeek-R1-Distill-Qwen-32B,Masculinity,1477,1,2,25.0,25.0,25.0
deepseek-ai_DeepSeek-R1-Distill-Qwen-32B,Masculinity,1477,1,3,25.0,25.0,25.0
deepseek-ai_DeepSeek-R1-Distill-Qwen-32B,Masculinity,1478,1,1,25.0,25.0,25.0
deepseek-ai_DeepSeek-R1-Distill-Qwen-32B,Masculinity,1478,1,2,25.0,25.0,25.0
deepseek-ai_DeepSeek-R1-Distill-Qwen-32B,Masculinity,1478,1,3,25.0,25.0,25.0
deepseek-ai_DeepSeek-R1-Distill-Qwen-32B,Masculinity,1480,1,1,50.0,50.0,50.0
deepseek-ai_DeepSeek-R1-Distill-Qwen-32B,Masculinity,1480,1,2,50.0,50.0,50.0
deepseek-ai_DeepSeek-R1-Distill-Qwen-32B,Masculinity,1480,1,3,50.0,50.0,25.0
deepseek-ai_DeepSeek-R1-Distill-Qwen-32B,Masculinity,1481,1,1,50.0,50.0,50.0
deepseek-ai_DeepSeek-R1-Distill-Qwen-32B,Masculinity,1481,1,2,50.0,100.0,100.0
deepseek-ai_DeepSeek-R1-Distill-Qwen-32B,Masculinity,1481,1,3,50.0,50.0,50.0
deepseek-ai_DeepSeek-R1-Distill-Qwen-32B,Masculinity,1482,1,1,50.0,50.0,50.0
deepseek-ai_DeepSeek-R1-Distill-Qwen-32B,Masculinity,1482,1,2,50.0,50.0,50.0
deepseek-ai_DeepSeek-R1-Distill-Qwen-32B,Masculinity,1482,1,3,50.0,50.0,50.0
deepseek-ai_DeepSeek-R1-Distill-Qwen-32B,Masculinity,1486,1,1,100.0,75.0,50.0
deepseek-ai_DeepSeek-R1-Distill-Qwen-32B,Masculinity,1486,1,2,100.0,50.0,75.0
deepseek-ai_DeepSeek-R1-Distill-Qwen-32B,Masculinity,1486,1,3,100.0,50.0,50.0
deepseek-ai_DeepSeek-R1-Distill-Qwen-32B,Masculinity,1487,1,1,25.0,25.0,75.0
deepseek-ai_DeepSeek-R1-Distill-Qwen-32B,Masculinity,1487,1,2,25.0,25.0,25.0
deepseek-ai_DeepSeek-R1-Distill-Qwen-32B,Masculinity,1487,1,3,25.0,75.0,75.0
deepseek-ai_DeepSeek-R1-Distill-Qwen-32B,Masculinity,1490,1,1,100.0,50.0,100.0
deepseek-ai_DeepSeek-R1-Distill-Qwen-32B,Masculinity,1490,1,2,100.0,75.0,100.0
deepseek-ai_DeepSeek-R1-Distill-Qwen-32B,Masculinity,1490,1,3,100.0,75.0,75.0
deepseek-ai_DeepSeek-R1-Distill-Qwen-32B,Masculinity,1492,1,1,75.0,25.0,25.0
deepseek-ai_DeepSeek-R1-Distill-Qwen-32B,Masculinity,1492,1,2,75.0,25.0,50.0
deepseek-ai_DeepSeek-R1-Distill-Qwen-32B,Masculinity,1492,1,3,75.0,75.0,75.0
deepseek-ai_DeepSeek-R1-Distill-Qwen-32B,Masculinity,1493,1,1,50.0,75.0,50.0
deepseek-ai_DeepSeek-R1-Distill-Qwen-32B,Masculinity,1493,1,2,50.0,50.0,50.0
deepseek-ai_DeepSeek-R1-Distill-Qwen-32B,Masculinity,1493,1,3,50.0,50.0,75.0
deepseek-ai_DeepSeek-R1-Distill-Qwen-32B,Masculinity,1495,1,1,25.0,75.0,75.0
deepseek-ai_DeepSeek-R1-Distill-Qwen-32B,Masculinity,1495,1,2,25.0,50.0,100.0
deepseek-ai_DeepSeek-R1-Distill-Qwen-32B,Masculinity,1495,1,3,25.0,50.0,50.0
deepseek-ai_DeepSeek-R1-Distill-Qwen-32B,Masculinity,1497,1,1,50.0,50.0,50.0
deepseek-ai_DeepSeek-R1-Distill-Qwen-32B,Masculinity,1497,1,2,50.0,50.0,50.0
deepseek-ai_DeepSeek-R1-Distill-Qwen-32B,Masculinity,1497,1,3,50.0,50.0,50.0
deepseek-ai_DeepSeek-R1-Distill-Qwen-32B,Masculinity,1498,1,1,100.0,100.0,50.0
deepseek-ai_DeepSeek-R1-Distill-Qwen-32B,Masculinity,1498,1,2,100.0,50.0,50.0
deepseek-ai_DeepSeek-R1-Distill-Qwen-32B,Masculinity,1498,1,3,100.0,100.0,100.0
deepseek-ai_DeepSeek-R1-Distill-Qwen-32B,Masculinity,1499,1,1,,50.0,50.0
deepseek-ai_DeepSeek-R1-Distill-Qwen-32B,Masculinity,1499,1,2,,50.0,50.0
deepseek-ai_DeepSeek-R1-Distill-Qwen-32B,Masculinity,1499,1,3,,50.0,50.0
deepseek-ai_DeepSeek-R1-Distill-Qwen-32B,Masculinity,1500,1,1,50.0,50.0,50.0
deepseek-ai_DeepSeek-R1-Distill-Qwen-32B,Masculinity,1500,1,2,50.0,50.0,50.0
deepseek-ai_DeepSeek-R1-Distill-Qwen-32B,Masculinity,1500,1,3,50.0,50.0,50.0
deepseek-ai_DeepSeek-R1-Distill-Qwen-32B,Masculinity,1501,1,1,25.0,25.0,25.0
deepseek-ai_DeepSeek-R1-Distill-Qwen-32B,Masculinity,1501,1,2,25.0,25.0,25.0
deepseek-ai_DeepSeek-R1-Distill-Qwen-32B,Masculinity,1501,1,3,25.0,25.0,25.0
deepseek-ai_DeepSeek-R1-Distill-Qwen-32B,Masculinity,1502,1,1,50.0,50.0,50.0
deepseek-ai_DeepSeek-R1-Distill-Qwen-32B,Masculinity,1502,1,2,50.0,75.0,50.0
deepseek-ai_DeepSeek-R1-Distill-Qwen-32B,Masculinity,1502,1,3,50.0,75.0,50.0
deepseek-ai_DeepSeek-R1-Distill-Qwen-32B,Masculinity,1504,1,1,25.0,25.0,25.0
deepseek-ai_DeepSeek-R1-Distill-Qwen-32B,Masculinity,1504,1,2,25.0,75.0,75.0
deepseek-ai_DeepSeek-R1-Distill-Qwen-32B,Masculinity,1504,1,3,25.0,75.0,75.0
deepseek-ai_DeepSeek-R1-Distill-Qwen-32B,Masculinity,1505,1,1,0.0,50.0,0.0
deepseek-ai_DeepSeek-R1-Distill-Qwen-32B,Masculinity,1505,1,2,0.0,50.0,50.0
deepseek-ai_DeepSeek-R1-Distill-Qwen-32B,Masculinity,1505,1,3,0.0,0.0,0.0
deepseek-ai_DeepSeek-R1-Distill-Qwen-32B,Masculinity,1506,1,1,75.0,75.0,75.0
deepseek-ai_DeepSeek-R1-Distill-Qwen-32B,Masculinity,1506,1,2,75.0,75.0,75.0
deepseek-ai_DeepSeek-R1-Distill-Qwen-32B,Masculinity,1506,1,3,75.0,75.0,100.0
deepseek-ai_DeepSeek-R1-Distill-Qwen-32B,Masculinity,1508,1,1,50.0,75.0,75.0
deepseek-ai_DeepSeek-R1-Distill-Qwen-32B,Masculinity,1508,1,2,50.0,50.0,50.0
deepseek-ai_DeepSeek-R1-Distill-Qwen-32B,Masculinity,1508,1,3,50.0,50.0,75.0
deepseek-ai_DeepSeek-R1-Distill-Qwen-32B,Masculinity,1509,1,1,50.0,50.0,50.0
deepseek-ai_DeepSeek-R1-Distill-Qwen-32B,Masculinity,1509,1,2,50.0,50.0,50.0
deepseek-ai_DeepSeek-R1-Distill-Qwen-32B,Masculinity,1509,1,3,50.0,50.0,50.0
deepseek-ai_DeepSeek-R1-Distill-Qwen-32B,Masculinity,1511,1,1,50.0,50.0,75.0
deepseek-ai_DeepSeek-R1-Distill-Qwen-32B,Masculinity,1511,1,2,50.0,75.0,75.0
deepseek-ai_DeepSeek-R1-Distill-Qwen-32B,Masculinity,1511,1,3,50.0,50.0,75.0
deepseek-ai_DeepSeek-R1-Distill-Qwen-32B,Masculinity,1512,1,1,100.0,75.0,75.0
deepseek-ai_DeepSeek-R1-Distill-Qwen-32B,Masculinity,1512,1,2,100.0,100.0,75.0
deepseek-ai_DeepSeek-R1-Distill-Qwen-32B,Masculinity,1512,1,3,100.0,50.0,100.0
deepseek-ai_DeepSeek-R1-Distill-Qwen-32B,Masculinity,1515,1,1,75.0,50.0,50.0
deepseek-ai_DeepSeek-R1-Distill-Qwen-32B,Masculinity,1515,1,2,75.0,50.0,75.0
deepseek-ai_DeepSeek-R1-Distill-Qwen-32B,Masculinity,1515,1,3,75.0,75.0,75.0
deepseek-ai_DeepSeek-R1-Distill-Qwen-32B,Masculinity,1519,1,1,75.0,75.0,75.0
deepseek-ai_DeepSeek-R1-Distill-Qwen-32B,Masculinity,1519,1,2,75.0,75.0,75.0
deepseek-ai_DeepSeek-R1-Distill-Qwen-32B,Masculinity,1519,1,3,75.0,75.0,75.0
deepseek-ai_DeepSeek-R1-Distill-Qwen-32B,Masculinity,1520,1,1,50.0,50.0,50.0
deepseek-ai_DeepSeek-R1-Distill-Qwen-32B,Masculinity,1520,1,2,50.0,50.0,50.0
deepseek-ai_DeepSeek-R1-Distill-Qwen-32B,Masculinity,1520,1,3,50.0,50.0,50.0
deepseek-ai_DeepSeek-R1-Distill-Qwen-32B,Masculinity,1522,1,1,50.0,50.0,100.0
deepseek-ai_DeepSeek-R1-Distill-Qwen-32B,Masculinity,1522,1,2,50.0,50.0,50.0
deepseek-ai_DeepSeek-R1-Distill-Qwen-32B,Masculinity,1522,1,3,50.0,50.0,50.0
deepseek-ai_DeepSeek-R1-Distill-Qwen-32B,Masculinity,1523,1,1,75.0,75.0,75.0
deepseek-ai_DeepSeek-R1-Distill-Qwen-32B,Masculinity,1523,1,2,75.0,75.0,75.0
deepseek-ai_DeepSeek-R1-Distill-Qwen-32B,Masculinity,1523,1,3,75.0,75.0,75.0
deepseek-ai_DeepSeek-R1-Distill-Qwen-32B,Masculinity,1524,1,1,50.0,50.0,50.0
deepseek-ai_DeepSeek-R1-Distill-Qwen-32B,Masculinity,1524,1,2,50.0,50.0,50.0
deepseek-ai_DeepSeek-R1-Distill-Qwen-32B,Masculinity,1524,1,3,50.0,50.0,50.0
deepseek-ai_DeepSeek-R1-Distill-Qwen-32B,Masculinity,1525,1,1,50.0,50.0,0.0
deepseek-ai_DeepSeek-R1-Distill-Qwen-32B,Masculinity,1525,1,2,50.0,50.0,50.0
deepseek-ai_DeepSeek-R1-Distill-Qwen-32B,Masculinity,1525,1,3,50.0,50.0,50.0
deepseek-ai_DeepSeek-R1-Distill-Qwen-32B,Masculinity,1526,1,1,75.0,75.0,75.0
deepseek-ai_DeepSeek-R1-Distill-Qwen-32B,Masculinity,1526,1,2,75.0,75.0,75.0
deepseek-ai_DeepSeek-R1-Distill-Qwen-32B,Masculinity,1526,1,3,75.0,75.0,75.0
deepseek-ai_DeepSeek-R1-Distill-Qwen-32B,Masculinity,1528,1,1,75.0,50.0,75.0
deepseek-ai_DeepSeek-R1-Distill-Qwen-32B,Masculinity,1528,1,2,75.0,50.0,75.0
deepseek-ai_DeepSeek-R1-Distill-Qwen-32B,Masculinity,1528,1,3,75.0,25.0,75.0
deepseek-ai_DeepSeek-R1-Distill-Qwen-32B,Masculinity,1529,1,1,50.0,25.0,50.0
deepseek-ai_DeepSeek-R1-Distill-Qwen-32B,Masculinity,1529,1,2,50.0,50.0,75.0
deepseek-ai_DeepSeek-R1-Distill-Qwen-32B,Masculinity,1529,1,3,50.0,25.0,75.0
deepseek-ai_DeepSeek-R1-Distill-Qwen-32B,Masculinity,1532,1,1,75.0,100.0,75.0
deepseek-ai_DeepSeek-R1-Distill-Qwen-32B,Masculinity,1532,1,2,75.0,100.0,75.0
deepseek-ai_DeepSeek-R1-Distill-Qwen-32B,Masculinity,1532,1,3,75.0,75.0,50.0
deepseek-ai_DeepSeek-R1-Distill-Qwen-32B,Masculinity,1533,1,1,50.0,75.0,50.0
deepseek-ai_DeepSeek-R1-Distill-Qwen-32B,Masculinity,1533,1,2,50.0,100.0,75.0
deepseek-ai_DeepSeek-R1-Distill-Qwen-32B,Masculinity,1533,1,3,50.0,75.0,75.0
deepseek-ai_DeepSeek-R1-Distill-Qwen-32B,Masculinity,1534,1,1,75.0,75.0,50.0
deepseek-ai_DeepSeek-R1-Distill-Qwen-32B,Masculinity,1534,1,2,75.0,100.0,75.0
deepseek-ai_DeepSeek-R1-Distill-Qwen-32B,Masculinity,1534,1,3,75.0,100.0,75.0
deepseek-ai_DeepSeek-R1-Distill-Qwen-32B,Masculinity,1538,1,1,75.0,50.0,50.0
deepseek-ai_DeepSeek-R1-Distill-Qwen-32B,Masculinity,1538,1,2,75.0,50.0,75.0
deepseek-ai_DeepSeek-R1-Distill-Qwen-32B,Masculinity,1538,1,3,75.0,50.0,50.0
deepseek-ai_DeepSeek-R1-Distill-Qwen-32B,Masculinity,1539,1,1,25.0,25.0,50.0
deepseek-ai_DeepSeek-R1-Distill-Qwen-32B,Masculinity,1539,1,2,25.0,75.0,75.0
deepseek-ai_DeepSeek-R1-Distill-Qwen-32B,Masculinity,1539,1,3,25.0,75.0,50.0
deepseek-ai_DeepSeek-R1-Distill-Qwen-32B,Masculinity,1541,1,1,75.0,75.0,100.0
deepseek-ai_DeepSeek-R1-Distill-Qwen-32B,Masculinity,1541,1,2,75.0,75.0,75.0
deepseek-ai_DeepSeek-R1-Distill-Qwen-32B,Masculinity,1541,1,3,75.0,100.0,75.0
deepseek-ai_DeepSeek-R1-Distill-Qwen-32B,Masculinity,1542,1,1,25.0,75.0,75.0
deepseek-ai_DeepSeek-R1-Distill-Qwen-32B,Masculinity,1542,1,2,25.0,25.0,100.0
deepseek-ai_DeepSeek-R1-Distill-Qwen-32B,Masculinity,1542,1,3,25.0,100.0,50.0
deepseek-ai_DeepSeek-R1-Distill-Qwen-32B,Masculinity,1543,1,1,100.0,100.0,100.0
deepseek-ai_DeepSeek-R1-Distill-Qwen-32B,Masculinity,1543,1,2,100.0,100.0,100.0
deepseek-ai_DeepSeek-R1-Distill-Qwen-32B,Masculinity,1543,1,3,100.0,100.0,100.0
deepseek-ai_DeepSeek-R1-Distill-Qwen-32B,Masculinity,1544,1,1,50.0,50.0,50.0
deepseek-ai_DeepSeek-R1-Distill-Qwen-32B,Masculinity,1544,1,2,50.0,50.0,75.0
deepseek-ai_DeepSeek-R1-Distill-Qwen-32B,Masculinity,1544,1,3,50.0,25.0,50.0
deepseek-ai_DeepSeek-R1-Distill-Qwen-32B,Masculinity,1546,1,1,75.0,50.0,75.0
deepseek-ai_DeepSeek-R1-Distill-Qwen-32B,Masculinity,1546,1,2,75.0,50.0,75.0
deepseek-ai_DeepSeek-R1-Distill-Qwen-32B,Masculinity,1546,1,3,75.0,75.0,75.0
deepseek-ai_DeepSeek-R1-Distill-Qwen-32B,Masculinity,1548,1,1,50.0,50.0,25.0
deepseek-ai_DeepSeek-R1-Distill-Qwen-32B,Masculinity,1548,1,2,50.0,50.0,50.0
deepseek-ai_DeepSeek-R1-Distill-Qwen-32B,Masculinity,1548,1,3,50.0,50.0,50.0
deepseek-ai_DeepSeek-R1-Distill-Qwen-32B,Masculinity,1549,1,1,50.0,100.0,75.0
deepseek-ai_DeepSeek-R1-Distill-Qwen-32B,Masculinity,1549,1,2,50.0,75.0,50.0
deepseek-ai_DeepSeek-R1-Distill-Qwen-32B,Masculinity,1549,1,3,50.0,50.0,50.0
deepseek-ai_DeepSeek-R1-Distill-Qwen-32B,Masculinity,1551,1,1,50.0,25.0,50.0
deepseek-ai_DeepSeek-R1-Distill-Qwen-32B,Masculinity,1551,1,2,50.0,50.0,50.0
deepseek-ai_DeepSeek-R1-Distill-Qwen-32B,Masculinity,1551,1,3,50.0,50.0,50.0
deepseek-ai_DeepSeek-R1-Distill-Qwen-32B,Masculinity,1552,1,1,75.0,75.0,50.0
deepseek-ai_DeepSeek-R1-Distill-Qwen-32B,Masculinity,1552,1,2,75.0,75.0,50.0
deepseek-ai_DeepSeek-R1-Distill-Qwen-32B,Masculinity,1552,1,3,75.0,50.0,50.0
deepseek-ai_DeepSeek-R1-Distill-Qwen-32B,Masculinity,1553,1,1,50.0,75.0,75.0
deepseek-ai_DeepSeek-R1-Distill-Qwen-32B,Masculinity,1553,1,2,50.0,75.0,75.0
deepseek-ai_DeepSeek-R1-Distill-Qwen-32B,Masculinity,1553,1,3,50.0,50.0,75.0
deepseek-ai_DeepSeek-R1-Distill-Qwen-32B,Masculinity,1554,1,1,75.0,50.0,75.0
deepseek-ai_DeepSeek-R1-Distill-Qwen-32B,Masculinity,1554,1,2,75.0,75.0,50.0
deepseek-ai_DeepSeek-R1-Distill-Qwen-32B,Masculinity,1554,1,3,75.0,50.0,75.0
deepseek-ai_DeepSeek-R1-Distill-Qwen-32B,Masculinity,1555,1,1,50.0,25.0,50.0
deepseek-ai_DeepSeek-R1-Distill-Qwen-32B,Masculinity,1555,1,2,50.0,50.0,50.0
deepseek-ai_DeepSeek-R1-Distill-Qwen-32B,Masculinity,1555,1,3,50.0,25.0,50.0
deepseek-ai_DeepSeek-R1-Distill-Qwen-32B,Masculinity,1556,1,1,25.0,25.0,25.0
deepseek-ai_DeepSeek-R1-Distill-Qwen-32B,Masculinity,1556,1,2,25.0,25.0,25.0
deepseek-ai_DeepSeek-R1-Distill-Qwen-32B,Masculinity,1556,1,3,25.0,25.0,50.0
deepseek-ai_DeepSeek-R1-Distill-Qwen-32B,Masculinity,1557,1,1,50.0,50.0,50.0
deepseek-ai_DeepSeek-R1-Distill-Qwen-32B,Masculinity,1557,1,2,50.0,50.0,50.0
deepseek-ai_DeepSeek-R1-Distill-Qwen-32B,Masculinity,1557,1,3,50.0,100.0,50.0
deepseek-ai_DeepSeek-R1-Distill-Qwen-32B,Masculinity,1560,1,1,75.0,50.0,75.0
deepseek-ai_DeepSeek-R1-Distill-Qwen-32B,Masculinity,1560,1,2,75.0,75.0,75.0
deepseek-ai_DeepSeek-R1-Distill-Qwen-32B,Masculinity,1560,1,3,75.0,75.0,50.0
deepseek-ai_DeepSeek-R1-Distill-Qwen-32B,Masculinity,1561,1,1,50.0,50.0,50.0
deepseek-ai_DeepSeek-R1-Distill-Qwen-32B,Masculinity,1561,1,2,50.0,50.0,50.0
deepseek-ai_DeepSeek-R1-Distill-Qwen-32B,Masculinity,1561,1,3,50.0,50.0,25.0
deepseek-ai_DeepSeek-R1-Distill-Qwen-32B,Masculinity,1562,1,1,50.0,50.0,50.0
deepseek-ai_DeepSeek-R1-Distill-Qwen-32B,Masculinity,1562,1,2,50.0,50.0,50.0
deepseek-ai_DeepSeek-R1-Distill-Qwen-32B,Masculinity,1562,1,3,50.0,50.0,50.0
deepseek-ai_DeepSeek-R1-Distill-Qwen-32B,Masculinity,1563,1,1,50.0,75.0,0.0
deepseek-ai_DeepSeek-R1-Distill-Qwen-32B,Masculinity,1563,1,2,50.0,50.0,50.0
deepseek-ai_DeepSeek-R1-Distill-Qwen-32B,Masculinity,1563,1,3,50.0,50.0,50.0
deepseek-ai_DeepSeek-R1-Distill-Qwen-32B,Masculinity,1564,1,1,50.0,50.0,50.0
deepseek-ai_DeepSeek-R1-Distill-Qwen-32B,Masculinity,1564,1,2,50.0,50.0,50.0
deepseek-ai_DeepSeek-R1-Distill-Qwen-32B,Masculinity,1564,1,3,50.0,50.0,50.0
deepseek-ai_DeepSeek-R1-Distill-Qwen-32B,Masculinity,1565,1,1,75.0,75.0,100.0
deepseek-ai_DeepSeek-R1-Distill-Qwen-32B,Masculinity,1565,1,2,75.0,100.0,100.0
deepseek-ai_DeepSeek-R1-Distill-Qwen-32B,Masculinity,1565,1,3,75.0,100.0,75.0
deepseek-ai_DeepSeek-R1-Distill-Qwen-32B,Masculinity,1566,1,1,50.0,50.0,50.0
deepseek-ai_DeepSeek-R1-Distill-Qwen-32B,Masculinity,1566,1,2,50.0,50.0,25.0
deepseek-ai_DeepSeek-R1-Distill-Qwen-32B,Masculinity,1566,1,3,50.0,50.0,50.0
deepseek-ai_DeepSeek-R1-Distill-Qwen-32B,Masculinity,1568,1,1,75.0,75.0,75.0
deepseek-ai_DeepSeek-R1-Distill-Qwen-32B,Masculinity,1568,1,2,75.0,75.0,75.0
deepseek-ai_DeepSeek-R1-Distill-Qwen-32B,Masculinity,1568,1,3,75.0,50.0,75.0
deepseek-ai_DeepSeek-R1-Distill-Qwen-32B,Masculinity,1569,1,1,0.0,0.0,0.0
deepseek-ai_DeepSeek-R1-Distill-Qwen-32B,Masculinity,1569,1,2,0.0,0.0,0.0
deepseek-ai_DeepSeek-R1-Distill-Qwen-32B,Masculinity,1569,1,3,0.0,0.0,0.0
deepseek-ai_DeepSeek-R1-Distill-Qwen-32B,Masculinity,1570,1,1,25.0,25.0,25.0
deepseek-ai_DeepSeek-R1-Distill-Qwen-32B,Masculinity,1570,1,2,25.0,50.0,25.0
deepseek-ai_DeepSeek-R1-Distill-Qwen-32B,Masculinity,1570,1,3,25.0,50.0,25.0
deepseek-ai_DeepSeek-R1-Distill-Qwen-32B,Masculinity,1571,1,1,50.0,75.0,50.0
deepseek-ai_DeepSeek-R1-Distill-Qwen-32B,Masculinity,1571,1,2,50.0,50.0,50.0
deepseek-ai_DeepSeek-R1-Distill-Qwen-32B,Masculinity,1571,1,3,50.0,50.0,100.0
deepseek-ai_DeepSeek-R1-Distill-Qwen-32B,Masculinity,1572,1,1,0.0,50.0,50.0
deepseek-ai_DeepSeek-R1-Distill-Qwen-32B,Masculinity,1572,1,2,0.0,0.0,75.0
deepseek-ai_DeepSeek-R1-Distill-Qwen-32B,Masculinity,1572,1,3,0.0,0.0,50.0
deepseek-ai_DeepSeek-R1-Distill-Qwen-32B,Masculinity,1573,1,1,100.0,100.0,100.0
deepseek-ai_DeepSeek-R1-Distill-Qwen-32B,Masculinity,1573,1,2,100.0,100.0,100.0
deepseek-ai_DeepSeek-R1-Distill-Qwen-32B,Masculinity,1573,1,3,100.0,100.0,100.0
deepseek-ai_DeepSeek-R1-Distill-Qwen-32B,Masculinity,1574,1,1,75.0,75.0,75.0
deepseek-ai_DeepSeek-R1-Distill-Qwen-32B,Masculinity,1574,1,2,75.0,75.0,75.0
deepseek-ai_DeepSeek-R1-Distill-Qwen-32B,Masculinity,1574,1,3,75.0,75.0,75.0
deepseek-ai_DeepSeek-R1-Distill-Qwen-32B,Masculinity,1575,1,1,50.0,50.0,50.0
deepseek-ai_DeepSeek-R1-Distill-Qwen-32B,Masculinity,1575,1,2,50.0,50.0,50.0
deepseek-ai_DeepSeek-R1-Distill-Qwen-32B,Masculinity,1575,1,3,50.0,50.0,25.0
deepseek-ai_DeepSeek-R1-Distill-Qwen-32B,Masculinity,1576,1,1,75.0,75.0,75.0
deepseek-ai_DeepSeek-R1-Distill-Qwen-32B,Masculinity,1576,1,2,75.0,75.0,100.0
deepseek-ai_DeepSeek-R1-Distill-Qwen-32B,Masculinity,1576,1,3,75.0,75.0,75.0
deepseek-ai_DeepSeek-R1-Distill-Qwen-32B,Masculinity,1577,1,1,50.0,25.0,50.0
deepseek-ai_DeepSeek-R1-Distill-Qwen-32B,Masculinity,1577,1,2,50.0,50.0,25.0
deepseek-ai_DeepSeek-R1-Distill-Qwen-32B,Masculinity,1577,1,3,50.0,50.0,50.0
deepseek-ai_DeepSeek-R1-Distill-Qwen-32B,Masculinity,1579,1,1,100.0,75.0,100.0
deepseek-ai_DeepSeek-R1-Distill-Qwen-32B,Masculinity,1579,1,2,100.0,100.0,75.0
deepseek-ai_DeepSeek-R1-Distill-Qwen-32B,Masculinity,1579,1,3,100.0,50.0,100.0
deepseek-ai_DeepSeek-R1-Distill-Qwen-32B,Masculinity,1580,1,1,25.0,25.0,25.0
deepseek-ai_DeepSeek-R1-Distill-Qwen-32B,Masculinity,1580,1,2,25.0,25.0,25.0
deepseek-ai_DeepSeek-R1-Distill-Qwen-32B,Masculinity,1580,1,3,25.0,25.0,25.0
deepseek-ai_DeepSeek-R1-Distill-Qwen-32B,Masculinity,1581,1,1,50.0,100.0,50.0
deepseek-ai_DeepSeek-R1-Distill-Qwen-32B,Masculinity,1581,1,2,50.0,50.0,50.0
deepseek-ai_DeepSeek-R1-Distill-Qwen-32B,Masculinity,1581,1,3,50.0,50.0,25.0
deepseek-ai_DeepSeek-R1-Distill-Qwen-32B,Masculinity,1582,1,1,50.0,50.0,50.0
deepseek-ai_DeepSeek-R1-Distill-Qwen-32B,Masculinity,1582,1,2,50.0,50.0,50.0
deepseek-ai_DeepSeek-R1-Distill-Qwen-32B,Masculinity,1582,1,3,50.0,50.0,50.0
deepseek-ai_DeepSeek-R1-Distill-Qwen-32B,Masculinity,1586,1,1,50.0,50.0,50.0
deepseek-ai_DeepSeek-R1-Distill-Qwen-32B,Masculinity,1586,1,2,50.0,50.0,75.0
deepseek-ai_DeepSeek-R1-Distill-Qwen-32B,Masculinity,1586,1,3,50.0,50.0,50.0
deepseek-ai_DeepSeek-R1-Distill-Qwen-32B,Masculinity,1587,1,1,50.0,100.0,50.0
deepseek-ai_DeepSeek-R1-Distill-Qwen-32B,Masculinity,1587,1,2,50.0,100.0,75.0
deepseek-ai_DeepSeek-R1-Distill-Qwen-32B,Masculinity,1587,1,3,50.0,100.0,100.0
deepseek-ai_DeepSeek-R1-Distill-Qwen-32B,Masculinity,1588,1,1,75.0,75.0,75.0
deepseek-ai_DeepSeek-R1-Distill-Qwen-32B,Masculinity,1588,1,2,75.0,75.0,75.0
deepseek-ai_DeepSeek-R1-Distill-Qwen-32B,Masculinity,1588,1,3,75.0,75.0,75.0
deepseek-ai_DeepSeek-R1-Distill-Qwen-32B,Masculinity,1589,1,1,50.0,100.0,50.0
deepseek-ai_DeepSeek-R1-Distill-Qwen-32B,Masculinity,1589,1,2,50.0,100.0,50.0
deepseek-ai_DeepSeek-R1-Distill-Qwen-32B,Masculinity,1589,1,3,50.0,50.0,50.0
deepseek-ai_DeepSeek-R1-Distill-Qwen-32B,Masculinity,1591,1,1,25.0,25.0,25.0
deepseek-ai_DeepSeek-R1-Distill-Qwen-32B,Masculinity,1591,1,2,25.0,50.0,50.0
deepseek-ai_DeepSeek-R1-Distill-Qwen-32B,Masculinity,1591,1,3,25.0,25.0,50.0
deepseek-ai_DeepSeek-R1-Distill-Qwen-32B,Masculinity,1592,1,1,50.0,50.0,50.0
deepseek-ai_DeepSeek-R1-Distill-Qwen-32B,Masculinity,1592,1,2,50.0,50.0,75.0
deepseek-ai_DeepSeek-R1-Distill-Qwen-32B,Masculinity,1592,1,3,50.0,25.0,50.0
deepseek-ai_DeepSeek-R1-Distill-Qwen-32B,Masculinity,1593,1,1,100.0,50.0,75.0
deepseek-ai_DeepSeek-R1-Distill-Qwen-32B,Masculinity,1593,1,2,100.0,75.0,75.0
deepseek-ai_DeepSeek-R1-Distill-Qwen-32B,Masculinity,1593,1,3,100.0,50.0,75.0
deepseek-ai_DeepSeek-R1-Distill-Qwen-32B,Masculinity,1594,1,1,50.0,75.0,75.0
deepseek-ai_DeepSeek-R1-Distill-Qwen-32B,Masculinity,1594,1,2,50.0,75.0,75.0
deepseek-ai_DeepSeek-R1-Distill-Qwen-32B,Masculinity,1594,1,3,50.0,75.0,50.0
deepseek-ai_DeepSeek-R1-Distill-Qwen-32B,Masculinity,1595,1,1,50.0,50.0,50.0
deepseek-ai_DeepSeek-R1-Distill-Qwen-32B,Masculinity,1595,1,2,50.0,50.0,25.0
deepseek-ai_DeepSeek-R1-Distill-Qwen-32B,Masculinity,1595,1,3,50.0,25.0,50.0
deepseek-ai_DeepSeek-R1-Distill-Qwen-32B,Masculinity,1597,1,1,50.0,50.0,50.0
deepseek-ai_DeepSeek-R1-Distill-Qwen-32B,Masculinity,1597,1,2,50.0,50.0,50.0
deepseek-ai_DeepSeek-R1-Distill-Qwen-32B,Masculinity,1597,1,3,50.0,50.0,50.0
deepseek-ai_DeepSeek-R1-Distill-Qwen-32B,Masculinity,1598,1,1,50.0,50.0,50.0
deepseek-ai_DeepSeek-R1-Distill-Qwen-32B,Masculinity,1598,1,2,50.0,50.0,50.0
deepseek-ai_DeepSeek-R1-Distill-Qwen-32B,Masculinity,1598,1,3,50.0,50.0,75.0
deepseek-ai_DeepSeek-R1-Distill-Qwen-32B,Masculinity,1600,1,1,50.0,75.0,75.0
deepseek-ai_DeepSeek-R1-Distill-Qwen-32B,Masculinity,1600,1,2,50.0,75.0,75.0
deepseek-ai_DeepSeek-R1-Distill-Qwen-32B,Masculinity,1600,1,3,50.0,50.0,75.0
deepseek-ai_DeepSeek-R1-Distill-Qwen-32B,Masculinity,1601,1,1,100.0,100.0,75.0
deepseek-ai_DeepSeek-R1-Distill-Qwen-32B,Masculinity,1601,1,2,100.0,100.0,75.0
deepseek-ai_DeepSeek-R1-Distill-Qwen-32B,Masculinity,1601,1,3,100.0,100.0,100.0
deepseek-ai_DeepSeek-R1-Distill-Qwen-32B,Masculinity,1603,1,1,75.0,75.0,50.0
deepseek-ai_DeepSeek-R1-Distill-Qwen-32B,Masculinity,1603,1,2,75.0,75.0,75.0
deepseek-ai_DeepSeek-R1-Distill-Qwen-32B,Masculinity,1603,1,3,75.0,75.0,0.0
deepseek-ai_DeepSeek-R1-Distill-Qwen-32B,Masculinity,1606,1,1,50.0,50.0,50.0
deepseek-ai_DeepSeek-R1-Distill-Qwen-32B,Masculinity,1606,1,2,50.0,50.0,50.0
deepseek-ai_DeepSeek-R1-Distill-Qwen-32B,Masculinity,1606,1,3,50.0,50.0,50.0
deepseek-ai_DeepSeek-R1-Distill-Qwen-32B,Masculinity,1607,1,1,100.0,75.0,100.0
deepseek-ai_DeepSeek-R1-Distill-Qwen-32B,Masculinity,1607,1,2,100.0,100.0,100.0
deepseek-ai_DeepSeek-R1-Distill-Qwen-32B,Masculinity,1607,1,3,100.0,100.0,100.0
deepseek-ai_DeepSeek-R1-Distill-Qwen-32B,Masculinity,1608,1,1,25.0,75.0,75.0
deepseek-ai_DeepSeek-R1-Distill-Qwen-32B,Masculinity,1608,1,2,25.0,50.0,25.0
deepseek-ai_DeepSeek-R1-Distill-Qwen-32B,Masculinity,1608,1,3,25.0,100.0,75.0
deepseek-ai_DeepSeek-R1-Distill-Qwen-32B,Masculinity,1609,1,1,50.0,50.0,50.0
deepseek-ai_DeepSeek-R1-Distill-Qwen-32B,Masculinity,1609,1,2,50.0,50.0,75.0
deepseek-ai_DeepSeek-R1-Distill-Qwen-32B,Masculinity,1609,1,3,50.0,50.0,50.0
deepseek-ai_DeepSeek-R1-Distill-Qwen-32B,Masculinity,1610,1,1,50.0,75.0,75.0
deepseek-ai_DeepSeek-R1-Distill-Qwen-32B,Masculinity,1610,1,2,50.0,75.0,75.0
deepseek-ai_DeepSeek-R1-Distill-Qwen-32B,Masculinity,1610,1,3,50.0,75.0,75.0
deepseek-ai_DeepSeek-R1-Distill-Qwen-32B,Masculinity,1611,1,1,50.0,75.0,75.0
deepseek-ai_DeepSeek-R1-Distill-Qwen-32B,Masculinity,1611,1,2,50.0,75.0,75.0
deepseek-ai_DeepSeek-R1-Distill-Qwen-32B,Masculinity,1611,1,3,50.0,50.0,75.0
deepseek-ai_DeepSeek-R1-Distill-Qwen-32B,Masculinity,1613,1,1,50.0,50.0,75.0
deepseek-ai_DeepSeek-R1-Distill-Qwen-32B,Masculinity,1613,1,2,50.0,50.0,75.0
deepseek-ai_DeepSeek-R1-Distill-Qwen-32B,Masculinity,1613,1,3,50.0,75.0,0.0
deepseek-ai_DeepSeek-R1-Distill-Qwen-32B,Masculinity,1614,1,1,50.0,50.0,50.0
deepseek-ai_DeepSeek-R1-Distill-Qwen-32B,Masculinity,1614,1,2,50.0,50.0,50.0
deepseek-ai_DeepSeek-R1-Distill-Qwen-32B,Masculinity,1614,1,3,50.0,75.0,100.0
deepseek-ai_DeepSeek-R1-Distill-Qwen-32B,Masculinity,1615,1,1,50.0,50.0,50.0
deepseek-ai_DeepSeek-R1-Distill-Qwen-32B,Masculinity,1615,1,2,50.0,50.0,50.0
deepseek-ai_DeepSeek-R1-Distill-Qwen-32B,Masculinity,1615,1,3,50.0,50.0,50.0
deepseek-ai_DeepSeek-R1-Distill-Qwen-32B,Masculinity,1616,1,1,50.0,50.0,50.0
deepseek-ai_DeepSeek-R1-Distill-Qwen-32B,Masculinity,1616,1,2,50.0,50.0,50.0
deepseek-ai_DeepSeek-R1-Distill-Qwen-32B,Masculinity,1616,1,3,50.0,50.0,75.0
deepseek-ai_DeepSeek-R1-Distill-Qwen-32B,Masculinity,1617,1,1,50.0,75.0,75.0
deepseek-ai_DeepSeek-R1-Distill-Qwen-32B,Masculinity,1617,1,2,50.0,50.0,75.0
deepseek-ai_DeepSeek-R1-Distill-Qwen-32B,Masculinity,1617,1,3,50.0,75.0,75.0
deepseek-ai_DeepSeek-R1-Distill-Qwen-32B,Masculinity,1618,1,1,50.0,100.0,100.0
deepseek-ai_DeepSeek-R1-Distill-Qwen-32B,Masculinity,1618,1,2,50.0,100.0,100.0
deepseek-ai_DeepSeek-R1-Distill-Qwen-32B,Masculinity,1618,1,3,50.0,50.0,100.0
deepseek-ai_DeepSeek-R1-Distill-Qwen-32B,Masculinity,1622,1,1,75.0,25.0,25.0
deepseek-ai_DeepSeek-R1-Distill-Qwen-32B,Masculinity,1622,1,2,75.0,25.0,25.0
deepseek-ai_DeepSeek-R1-Distill-Qwen-32B,Masculinity,1622,1,3,75.0,25.0,100.0
deepseek-ai_DeepSeek-R1-Distill-Qwen-32B,Masculinity,1628,1,1,50.0,50.0,50.0
deepseek-ai_DeepSeek-R1-Distill-Qwen-32B,Masculinity,1628,1,2,50.0,50.0,50.0
deepseek-ai_DeepSeek-R1-Distill-Qwen-32B,Masculinity,1628,1,3,50.0,50.0,50.0
deepseek-ai_DeepSeek-R1-Distill-Qwen-32B,Masculinity,1629,1,1,50.0,75.0,25.0
deepseek-ai_DeepSeek-R1-Distill-Qwen-32B,Masculinity,1629,1,2,50.0,75.0,100.0
deepseek-ai_DeepSeek-R1-Distill-Qwen-32B,Masculinity,1629,1,3,50.0,100.0,50.0
deepseek-ai_DeepSeek-R1-Distill-Qwen-32B,Masculinity,1632,1,1,25.0,25.0,25.0
deepseek-ai_DeepSeek-R1-Distill-Qwen-32B,Masculinity,1632,1,2,25.0,25.0,25.0
deepseek-ai_DeepSeek-R1-Distill-Qwen-32B,Masculinity,1632,1,3,25.0,25.0,25.0
deepseek-ai_DeepSeek-R1-Distill-Qwen-32B,Masculinity,1633,1,1,75.0,50.0,0.0
deepseek-ai_DeepSeek-R1-Distill-Qwen-32B,Masculinity,1633,1,2,75.0,75.0,75.0
deepseek-ai_DeepSeek-R1-Distill-Qwen-32B,Masculinity,1633,1,3,75.0,75.0,75.0
deepseek-ai_DeepSeek-R1-Distill-Qwen-32B,Masculinity,1634,1,1,50.0,50.0,25.0
deepseek-ai_DeepSeek-R1-Distill-Qwen-32B,Masculinity,1634,1,2,50.0,50.0,50.0
deepseek-ai_DeepSeek-R1-Distill-Qwen-32B,Masculinity,1634,1,3,50.0,50.0,50.0
deepseek-ai_DeepSeek-R1-Distill-Qwen-32B,Masculinity,1641,1,1,75.0,75.0,75.0
deepseek-ai_DeepSeek-R1-Distill-Qwen-32B,Masculinity,1641,1,2,75.0,100.0,75.0
deepseek-ai_DeepSeek-R1-Distill-Qwen-32B,Masculinity,1641,1,3,75.0,75.0,0.0
deepseek-ai_DeepSeek-R1-Distill-Qwen-32B,Masculinity,1644,1,1,50.0,50.0,50.0
deepseek-ai_DeepSeek-R1-Distill-Qwen-32B,Masculinity,1644,1,2,50.0,50.0,50.0
deepseek-ai_DeepSeek-R1-Distill-Qwen-32B,Masculinity,1644,1,3,50.0,50.0,50.0
deepseek-ai_DeepSeek-R1-Distill-Qwen-32B,Masculinity,1646,1,1,25.0,50.0,25.0
deepseek-ai_DeepSeek-R1-Distill-Qwen-32B,Masculinity,1646,1,2,25.0,25.0,25.0
deepseek-ai_DeepSeek-R1-Distill-Qwen-32B,Masculinity,1646,1,3,25.0,25.0,25.0
deepseek-ai_DeepSeek-R1-Distill-Qwen-32B,Masculinity,1654,1,1,75.0,50.0,75.0
deepseek-ai_DeepSeek-R1-Distill-Qwen-32B,Masculinity,1654,1,2,75.0,100.0,75.0
deepseek-ai_DeepSeek-R1-Distill-Qwen-32B,Masculinity,1654,1,3,75.0,75.0,100.0
deepseek-ai_DeepSeek-R1-Distill-Qwen-32B,Masculinity,1656,1,1,75.0,75.0,50.0
deepseek-ai_DeepSeek-R1-Distill-Qwen-32B,Masculinity,1656,1,2,75.0,50.0,50.0
deepseek-ai_DeepSeek-R1-Distill-Qwen-32B,Masculinity,1656,1,3,75.0,50.0,25.0
deepseek-ai_DeepSeek-R1-Distill-Qwen-32B,Masculinity,1657,1,1,50.0,50.0,50.0
deepseek-ai_DeepSeek-R1-Distill-Qwen-32B,Masculinity,1657,1,2,50.0,50.0,50.0
deepseek-ai_DeepSeek-R1-Distill-Qwen-32B,Masculinity,1657,1,3,50.0,50.0,50.0
deepseek-ai_DeepSeek-R1-Distill-Qwen-32B,Masculinity,1659,1,1,100.0,25.0,75.0
deepseek-ai_DeepSeek-R1-Distill-Qwen-32B,Masculinity,1659,1,2,100.0,75.0,25.0
deepseek-ai_DeepSeek-R1-Distill-Qwen-32B,Masculinity,1659,1,3,100.0,75.0,50.0
deepseek-ai_DeepSeek-R1-Distill-Qwen-32B,Masculinity,1660,1,1,50.0,75.0,50.0
deepseek-ai_DeepSeek-R1-Distill-Qwen-32B,Masculinity,1660,1,2,50.0,50.0,50.0
deepseek-ai_DeepSeek-R1-Distill-Qwen-32B,Masculinity,1660,1,3,50.0,75.0,100.0
deepseek-ai_DeepSeek-R1-Distill-Qwen-32B,Masculinity,1661,1,1,100.0,100.0,100.0
deepseek-ai_DeepSeek-R1-Distill-Qwen-32B,Masculinity,1661,1,2,100.0,100.0,100.0
deepseek-ai_DeepSeek-R1-Distill-Qwen-32B,Masculinity,1661,1,3,100.0,100.0,100.0
deepseek-ai_DeepSeek-R1-Distill-Qwen-32B,Masculinity,1663,1,1,50.0,50.0,100.0
deepseek-ai_DeepSeek-R1-Distill-Qwen-32B,Masculinity,1663,1,2,50.0,100.0,50.0
deepseek-ai_DeepSeek-R1-Distill-Qwen-32B,Masculinity,1663,1,3,50.0,50.0,50.0
deepseek-ai_DeepSeek-R1-Distill-Qwen-32B,Masculinity,1664,1,1,0.0,0.0,25.0
deepseek-ai_DeepSeek-R1-Distill-Qwen-32B,Masculinity,1664,1,2,0.0,25.0,50.0
deepseek-ai_DeepSeek-R1-Distill-Qwen-32B,Masculinity,1664,1,3,0.0,50.0,0.0
deepseek-ai_DeepSeek-R1-Distill-Qwen-32B,Masculinity,1668,1,1,50.0,50.0,50.0
deepseek-ai_DeepSeek-R1-Distill-Qwen-32B,Masculinity,1668,1,2,50.0,50.0,50.0
deepseek-ai_DeepSeek-R1-Distill-Qwen-32B,Masculinity,1668,1,3,50.0,75.0,50.0
deepseek-ai_DeepSeek-R1-Distill-Qwen-32B,Masculinity,1670,1,1,50.0,50.0,50.0
deepseek-ai_DeepSeek-R1-Distill-Qwen-32B,Masculinity,1670,1,2,50.0,50.0,75.0
deepseek-ai_DeepSeek-R1-Distill-Qwen-32B,Masculinity,1670,1,3,50.0,50.0,50.0
deepseek-ai_DeepSeek-R1-Distill-Qwen-32B,Masculinity,1671,1,1,100.0,75.0,75.0
deepseek-ai_DeepSeek-R1-Distill-Qwen-32B,Masculinity,1671,1,2,100.0,75.0,75.0
deepseek-ai_DeepSeek-R1-Distill-Qwen-32B,Masculinity,1671,1,3,100.0,75.0,100.0
deepseek-ai_DeepSeek-R1-Distill-Qwen-32B,Masculinity,1672,1,1,75.0,25.0,50.0
deepseek-ai_DeepSeek-R1-Distill-Qwen-32B,Masculinity,1672,1,2,75.0,50.0,50.0
deepseek-ai_DeepSeek-R1-Distill-Qwen-32B,Masculinity,1672,1,3,75.0,75.0,75.0
deepseek-ai_DeepSeek-R1-Distill-Qwen-32B,Masculinity,1673,1,1,100.0,75.0,100.0
deepseek-ai_DeepSeek-R1-Distill-Qwen-32B,Masculinity,1673,1,2,100.0,100.0,100.0
deepseek-ai_DeepSeek-R1-Distill-Qwen-32B,Masculinity,1673,1,3,100.0,100.0,50.0
deepseek-ai_DeepSeek-R1-Distill-Qwen-32B,Masculinity,1677,1,1,25.0,25.0,75.0
deepseek-ai_DeepSeek-R1-Distill-Qwen-32B,Masculinity,1677,1,2,25.0,75.0,25.0
deepseek-ai_DeepSeek-R1-Distill-Qwen-32B,Masculinity,1677,1,3,25.0,75.0,25.0
deepseek-ai_DeepSeek-R1-Distill-Qwen-32B,Masculinity,1678,1,1,25.0,50.0,50.0
deepseek-ai_DeepSeek-R1-Distill-Qwen-32B,Masculinity,1678,1,2,25.0,50.0,100.0
deepseek-ai_DeepSeek-R1-Distill-Qwen-32B,Masculinity,1678,1,3,25.0,75.0,50.0
deepseek-ai_DeepSeek-R1-Distill-Qwen-32B,Masculinity,1679,1,1,0.0,0.0,25.0
deepseek-ai_DeepSeek-R1-Distill-Qwen-32B,Masculinity,1679,1,2,0.0,0.0,100.0
deepseek-ai_DeepSeek-R1-Distill-Qwen-32B,Masculinity,1679,1,3,0.0,25.0,0.0
deepseek-ai_DeepSeek-R1-Distill-Qwen-32B,Masculinity,1681,1,1,50.0,50.0,50.0
deepseek-ai_DeepSeek-R1-Distill-Qwen-32B,Masculinity,1681,1,2,50.0,50.0,50.0
deepseek-ai_DeepSeek-R1-Distill-Qwen-32B,Masculinity,1681,1,3,50.0,50.0,50.0
deepseek-ai_DeepSeek-R1-Distill-Qwen-32B,Masculinity,1682,1,1,50.0,50.0,50.0
deepseek-ai_DeepSeek-R1-Distill-Qwen-32B,Masculinity,1682,1,2,50.0,50.0,50.0
deepseek-ai_DeepSeek-R1-Distill-Qwen-32B,Masculinity,1682,1,3,50.0,100.0,50.0
deepseek-ai_DeepSeek-R1-Distill-Qwen-32B,Masculinity,1683,1,1,25.0,50.0,25.0
deepseek-ai_DeepSeek-R1-Distill-Qwen-32B,Masculinity,1683,1,2,25.0,25.0,25.0
deepseek-ai_DeepSeek-R1-Distill-Qwen-32B,Masculinity,1683,1,3,25.0,25.0,50.0
deepseek-ai_DeepSeek-R1-Distill-Qwen-32B,Masculinity,1685,1,1,75.0,75.0,75.0
deepseek-ai_DeepSeek-R1-Distill-Qwen-32B,Masculinity,1685,1,2,75.0,75.0,75.0
deepseek-ai_DeepSeek-R1-Distill-Qwen-32B,Masculinity,1685,1,3,75.0,75.0,75.0
deepseek-ai_DeepSeek-R1-Distill-Qwen-32B,Masculinity,1692,1,1,25.0,75.0,50.0
deepseek-ai_DeepSeek-R1-Distill-Qwen-32B,Masculinity,1692,1,2,25.0,50.0,75.0
deepseek-ai_DeepSeek-R1-Distill-Qwen-32B,Masculinity,1692,1,3,25.0,100.0,50.0
deepseek-ai_DeepSeek-R1-Distill-Qwen-32B,Power_Distance,1911,1,1,50.0,50.0,50.0
deepseek-ai_DeepSeek-R1-Distill-Qwen-32B,Power_Distance,1911,1,2,50.0,50.0,50.0
deepseek-ai_DeepSeek-R1-Distill-Qwen-32B,Power_Distance,1911,1,3,50.0,50.0,50.0
deepseek-ai_DeepSeek-R1-Distill-Qwen-32B,Power_Distance,1912,1,1,100.0,50.0,50.0
deepseek-ai_DeepSeek-R1-Distill-Qwen-32B,Power_Distance,1912,1,2,100.0,50.0,50.0
deepseek-ai_DeepSeek-R1-Distill-Qwen-32B,Power_Distance,1912,1,3,100.0,50.0,50.0
deepseek-ai_DeepSeek-R1-Distill-Qwen-32B,Power_Distance,1913,1,1,100.0,100.0,25.0
deepseek-ai_DeepSeek-R1-Distill-Qwen-32B,Power_Distance,1913,1,2,100.0,25.0,50.0
deepseek-ai_DeepSeek-R1-Distill-Qwen-32B,Power_Distance,1913,1,3,100.0,100.0,100.0
deepseek-ai_DeepSeek-R1-Distill-Qwen-32B,Power_Distance,1914,1,1,0.0,50.0,25.0
deepseek-ai_DeepSeek-R1-Distill-Qwen-32B,Power_Distance,1914,1,2,0.0,50.0,25.0
deepseek-ai_DeepSeek-R1-Distill-Qwen-32B,Power_Distance,1914,1,3,0.0,50.0,50.0
deepseek-ai_DeepSeek-R1-Distill-Qwen-32B,Power_Distance,1915,1,1,50.0,50.0,75.0
deepseek-ai_DeepSeek-R1-Distill-Qwen-32B,Power_Distance,1915,1,2,50.0,50.0,75.0
deepseek-ai_DeepSeek-R1-Distill-Qwen-32B,Power_Distance,1915,1,3,50.0,50.0,50.0
deepseek-ai_DeepSeek-R1-Distill-Qwen-32B,Power_Distance,1916,1,1,0.0,0.0,0.0
deepseek-ai_DeepSeek-R1-Distill-Qwen-32B,Power_Distance,1916,1,2,0.0,0.0,0.0
deepseek-ai_DeepSeek-R1-Distill-Qwen-32B,Power_Distance,1916,1,3,0.0,0.0,0.0
deepseek-ai_DeepSeek-R1-Distill-Qwen-32B,Power_Distance,1917,1,1,0.0,25.0,25.0
deepseek-ai_DeepSeek-R1-Distill-Qwen-32B,Power_Distance,1917,1,2,0.0,25.0,25.0
deepseek-ai_DeepSeek-R1-Distill-Qwen-32B,Power_Distance,1917,1,3,0.0,25.0,25.0
deepseek-ai_DeepSeek-R1-Distill-Qwen-32B,Power_Distance,1919,1,1,50.0,50.0,50.0
deepseek-ai_DeepSeek-R1-Distill-Qwen-32B,Power_Distance,1919,1,2,50.0,25.0,75.0
deepseek-ai_DeepSeek-R1-Distill-Qwen-32B,Power_Distance,1919,1,3,50.0,50.0,75.0
deepseek-ai_DeepSeek-R1-Distill-Qwen-32B,Power_Distance,1920,1,1,25.0,25.0,75.0
deepseek-ai_DeepSeek-R1-Distill-Qwen-32B,Power_Distance,1920,1,2,25.0,25.0,25.0
deepseek-ai_DeepSeek-R1-Distill-Qwen-32B,Power_Distance,1920,1,3,25.0,25.0,25.0
deepseek-ai_DeepSeek-R1-Distill-Qwen-32B,Power_Distance,1921,1,1,25.0,25.0,25.0
deepseek-ai_DeepSeek-R1-Distill-Qwen-32B,Power_Distance,1921,1,2,25.0,25.0,25.0
deepseek-ai_DeepSeek-R1-Distill-Qwen-32B,Power_Distance,1921,1,3,25.0,25.0,25.0
deepseek-ai_DeepSeek-R1-Distill-Qwen-32B,Power_Distance,1922,1,1,25.0,25.0,50.0
deepseek-ai_DeepSeek-R1-Distill-Qwen-32B,Power_Distance,1922,1,2,25.0,25.0,25.0
deepseek-ai_DeepSeek-R1-Distill-Qwen-32B,Power_Distance,1922,1,3,25.0,25.0,25.0
deepseek-ai_DeepSeek-R1-Distill-Qwen-32B,Power_Distance,1923,1,1,50.0,50.0,50.0
deepseek-ai_DeepSeek-R1-Distill-Qwen-32B,Power_Distance,1923,1,2,50.0,50.0,50.0
deepseek-ai_DeepSeek-R1-Distill-Qwen-32B,Power_Distance,1923,1,3,50.0,50.0,75.0
deepseek-ai_DeepSeek-R1-Distill-Qwen-32B,Power_Distance,1924,1,1,50.0,50.0,50.0
deepseek-ai_DeepSeek-R1-Distill-Qwen-32B,Power_Distance,1924,1,2,50.0,50.0,0.0
deepseek-ai_DeepSeek-R1-Distill-Qwen-32B,Power_Distance,1924,1,3,50.0,50.0,50.0
deepseek-ai_DeepSeek-R1-Distill-Qwen-32B,Power_Distance,1926,1,1,75.0,25.0,75.0
deepseek-ai_DeepSeek-R1-Distill-Qwen-32B,Power_Distance,1926,1,2,75.0,75.0,75.0
deepseek-ai_DeepSeek-R1-Distill-Qwen-32B,Power_Distance,1926,1,3,75.0,75.0,75.0
deepseek-ai_DeepSeek-R1-Distill-Qwen-32B,Power_Distance,1928,1,1,50.0,50.0,50.0
deepseek-ai_DeepSeek-R1-Distill-Qwen-32B,Power_Distance,1928,1,2,50.0,50.0,50.0
deepseek-ai_DeepSeek-R1-Distill-Qwen-32B,Power_Distance,1928,1,3,50.0,50.0,50.0
deepseek-ai_DeepSeek-R1-Distill-Qwen-32B,Power_Distance,1930,1,1,50.0,50.0,25.0
deepseek-ai_DeepSeek-R1-Distill-Qwen-32B,Power_Distance,1930,1,2,50.0,50.0,50.0
deepseek-ai_DeepSeek-R1-Distill-Qwen-32B,Power_Distance,1930,1,3,50.0,50.0,50.0
deepseek-ai_DeepSeek-R1-Distill-Qwen-32B,Power_Distance,1931,1,1,25.0,25.0,25.0
deepseek-ai_DeepSeek-R1-Distill-Qwen-32B,Power_Distance,1931,1,2,25.0,25.0,25.0
deepseek-ai_DeepSeek-R1-Distill-Qwen-32B,Power_Distance,1931,1,3,25.0,25.0,25.0
deepseek-ai_DeepSeek-R1-Distill-Qwen-32B,Power_Distance,1932,1,1,50.0,50.0,75.0
deepseek-ai_DeepSeek-R1-Distill-Qwen-32B,Power_Distance,1932,1,2,50.0,100.0,75.0
deepseek-ai_DeepSeek-R1-Distill-Qwen-32B,Power_Distance,1932,1,3,50.0,100.0,50.0
deepseek-ai_DeepSeek-R1-Distill-Qwen-32B,Power_Distance,1934,1,1,75.0,50.0,50.0
deepseek-ai_DeepSeek-R1-Distill-Qwen-32B,Power_Distance,1934,1,2,75.0,50.0,75.0
deepseek-ai_DeepSeek-R1-Distill-Qwen-32B,Power_Distance,1934,1,3,75.0,75.0,50.0
deepseek-ai_DeepSeek-R1-Distill-Qwen-32B,Power_Distance,1935,1,1,25.0,0.0,25.0
deepseek-ai_DeepSeek-R1-Distill-Qwen-32B,Power_Distance,1935,1,2,25.0,25.0,25.0
deepseek-ai_DeepSeek-R1-Distill-Qwen-32B,Power_Distance,1935,1,3,25.0,0.0,25.0
deepseek-ai_DeepSeek-R1-Distill-Qwen-32B,Power_Distance,1936,1,1,25.0,25.0,25.0
deepseek-ai_DeepSeek-R1-Distill-Qwen-32B,Power_Distance,1936,1,2,25.0,25.0,25.0
deepseek-ai_DeepSeek-R1-Distill-Qwen-32B,Power_Distance,1936,1,3,25.0,25.0,25.0
deepseek-ai_DeepSeek-R1-Distill-Qwen-32B,Power_Distance,1940,1,1,25.0,25.0,50.0
deepseek-ai_DeepSeek-R1-Distill-Qwen-32B,Power_Distance,1940,1,2,25.0,100.0,25.0
deepseek-ai_DeepSeek-R1-Distill-Qwen-32B,Power_Distance,1940,1,3,25.0,25.0,25.0
deepseek-ai_DeepSeek-R1-Distill-Qwen-32B,Power_Distance,1941,1,1,50.0,100.0,50.0
deepseek-ai_DeepSeek-R1-Distill-Qwen-32B,Power_Distance,1941,1,2,50.0,50.0,50.0
deepseek-ai_DeepSeek-R1-Distill-Qwen-32B,Power_Distance,1941,1,3,50.0,50.0,50.0
deepseek-ai_DeepSeek-R1-Distill-Qwen-32B,Power_Distance,1942,1,1,0.0,50.0,0.0
deepseek-ai_DeepSeek-R1-Distill-Qwen-32B,Power_Distance,1942,1,2,0.0,50.0,25.0
deepseek-ai_DeepSeek-R1-Distill-Qwen-32B,Power_Distance,1942,1,3,0.0,0.0,0.0
deepseek-ai_DeepSeek-R1-Distill-Qwen-32B,Power_Distance,1943,1,1,50.0,25.0,0.0
deepseek-ai_DeepSeek-R1-Distill-Qwen-32B,Power_Distance,1943,1,2,50.0,25.0,25.0
deepseek-ai_DeepSeek-R1-Distill-Qwen-32B,Power_Distance,1943,1,3,50.0,25.0,25.0
deepseek-ai_DeepSeek-R1-Distill-Qwen-32B,Power_Distance,1944,1,1,75.0,50.0,50.0
deepseek-ai_DeepSeek-R1-Distill-Qwen-32B,Power_Distance,1944,1,2,75.0,50.0,50.0
deepseek-ai_DeepSeek-R1-Distill-Qwen-32B,Power_Distance,1944,1,3,75.0,50.0,25.0
deepseek-ai_DeepSeek-R1-Distill-Qwen-32B,Power_Distance,1946,1,1,50.0,25.0,25.0
deepseek-ai_DeepSeek-R1-Distill-Qwen-32B,Power_Distance,1946,1,2,50.0,50.0,25.0
deepseek-ai_DeepSeek-R1-Distill-Qwen-32B,Power_Distance,1946,1,3,50.0,50.0,50.0
deepseek-ai_DeepSeek-R1-Distill-Qwen-32B,Power_Distance,1947,1,1,25.0,50.0,25.0
deepseek-ai_DeepSeek-R1-Distill-Qwen-32B,Power_Distance,1947,1,2,25.0,25.0,25.0
deepseek-ai_DeepSeek-R1-Distill-Qwen-32B,Power_Distance,1947,1,3,25.0,50.0,50.0
deepseek-ai_DeepSeek-R1-Distill-Qwen-32B,Power_Distance,1948,1,1,100.0,50.0,50.0
deepseek-ai_DeepSeek-R1-Distill-Qwen-32B,Power_Distance,1948,1,2,100.0,50.0,50.0
deepseek-ai_DeepSeek-R1-Distill-Qwen-32B,Power_Distance,1948,1,3,100.0,50.0,50.0
deepseek-ai_DeepSeek-R1-Distill-Qwen-32B,Power_Distance,1949,1,1,50.0,50.0,50.0
deepseek-ai_DeepSeek-R1-Distill-Qwen-32B,Power_Distance,1949,1,2,50.0,50.0,50.0
deepseek-ai_DeepSeek-R1-Distill-Qwen-32B,Power_Distance,1949,1,3,50.0,50.0,50.0
deepseek-ai_DeepSeek-R1-Distill-Qwen-32B,Power_Distance,1950,1,1,25.0,50.0,25.0
deepseek-ai_DeepSeek-R1-Distill-Qwen-32B,Power_Distance,1950,1,2,25.0,50.0,100.0
deepseek-ai_DeepSeek-R1-Distill-Qwen-32B,Power_Distance,1950,1,3,25.0,25.0,25.0
deepseek-ai_DeepSeek-R1-Distill-Qwen-32B,Power_Distance,1952,1,1,25.0,25.0,25.0
deepseek-ai_DeepSeek-R1-Distill-Qwen-32B,Power_Distance,1952,1,2,25.0,25.0,25.0
deepseek-ai_DeepSeek-R1-Distill-Qwen-32B,Power_Distance,1952,1,3,25.0,25.0,25.0
deepseek-ai_DeepSeek-R1-Distill-Qwen-32B,Power_Distance,1953,1,1,25.0,25.0,25.0
deepseek-ai_DeepSeek-R1-Distill-Qwen-32B,Power_Distance,1953,1,2,25.0,25.0,50.0
deepseek-ai_DeepSeek-R1-Distill-Qwen-32B,Power_Distance,1953,1,3,25.0,25.0,0.0
deepseek-ai_DeepSeek-R1-Distill-Qwen-32B,Power_Distance,1954,1,1,25.0,25.0,25.0
deepseek-ai_DeepSeek-R1-Distill-Qwen-32B,Power_Distance,1954,1,2,25.0,50.0,25.0
deepseek-ai_DeepSeek-R1-Distill-Qwen-32B,Power_Distance,1954,1,3,25.0,25.0,50.0
deepseek-ai_DeepSeek-R1-Distill-Qwen-32B,Power_Distance,1957,1,1,75.0,25.0,0.0
deepseek-ai_DeepSeek-R1-Distill-Qwen-32B,Power_Distance,1957,1,2,75.0,25.0,25.0
deepseek-ai_DeepSeek-R1-Distill-Qwen-32B,Power_Distance,1957,1,3,75.0,25.0,25.0
deepseek-ai_DeepSeek-R1-Distill-Qwen-32B,Power_Distance,1959,1,1,100.0,100.0,75.0
deepseek-ai_DeepSeek-R1-Distill-Qwen-32B,Power_Distance,1959,1,2,100.0,100.0,100.0
deepseek-ai_DeepSeek-R1-Distill-Qwen-32B,Power_Distance,1959,1,3,100.0,75.0,100.0
deepseek-ai_DeepSeek-R1-Distill-Qwen-32B,Power_Distance,1960,1,1,25.0,25.0,25.0
deepseek-ai_DeepSeek-R1-Distill-Qwen-32B,Power_Distance,1960,1,2,25.0,25.0,25.0
deepseek-ai_DeepSeek-R1-Distill-Qwen-32B,Power_Distance,1960,1,3,25.0,25.0,25.0
deepseek-ai_DeepSeek-R1-Distill-Qwen-32B,Power_Distance,1961,1,1,25.0,25.0,25.0
deepseek-ai_DeepSeek-R1-Distill-Qwen-32B,Power_Distance,1961,1,2,25.0,25.0,50.0
deepseek-ai_DeepSeek-R1-Distill-Qwen-32B,Power_Distance,1961,1,3,25.0,0.0,0.0
deepseek-ai_DeepSeek-R1-Distill-Qwen-32B,Power_Distance,1964,1,1,25.0,25.0,25.0
deepseek-ai_DeepSeek-R1-Distill-Qwen-32B,Power_Distance,1964,1,2,25.0,25.0,25.0
deepseek-ai_DeepSeek-R1-Distill-Qwen-32B,Power_Distance,1964,1,3,25.0,25.0,25.0
deepseek-ai_DeepSeek-R1-Distill-Qwen-32B,Power_Distance,1965,1,1,25.0,25.0,25.0
deepseek-ai_DeepSeek-R1-Distill-Qwen-32B,Power_Distance,1965,1,2,25.0,25.0,25.0
deepseek-ai_DeepSeek-R1-Distill-Qwen-32B,Power_Distance,1965,1,3,25.0,50.0,25.0
deepseek-ai_DeepSeek-R1-Distill-Qwen-32B,Power_Distance,1966,1,1,100.0,75.0,100.0
deepseek-ai_DeepSeek-R1-Distill-Qwen-32B,Power_Distance,1966,1,2,100.0,75.0,50.0
deepseek-ai_DeepSeek-R1-Distill-Qwen-32B,Power_Distance,1966,1,3,100.0,75.0,50.0
deepseek-ai_DeepSeek-R1-Distill-Qwen-32B,Power_Distance,1967,1,1,25.0,50.0,50.0
deepseek-ai_DeepSeek-R1-Distill-Qwen-32B,Power_Distance,1967,1,2,25.0,50.0,50.0
deepseek-ai_DeepSeek-R1-Distill-Qwen-32B,Power_Distance,1967,1,3,25.0,0.0,50.0
deepseek-ai_DeepSeek-R1-Distill-Qwen-32B,Power_Distance,1968,1,1,50.0,25.0,25.0
deepseek-ai_DeepSeek-R1-Distill-Qwen-32B,Power_Distance,1968,1,2,50.0,25.0,25.0
deepseek-ai_DeepSeek-R1-Distill-Qwen-32B,Power_Distance,1968,1,3,50.0,50.0,50.0
deepseek-ai_DeepSeek-R1-Distill-Qwen-32B,Power_Distance,1969,1,1,25.0,25.0,25.0
deepseek-ai_DeepSeek-R1-Distill-Qwen-32B,Power_Distance,1969,1,2,25.0,25.0,25.0
deepseek-ai_DeepSeek-R1-Distill-Qwen-32B,Power_Distance,1969,1,3,25.0,25.0,25.0
deepseek-ai_DeepSeek-R1-Distill-Qwen-32B,Power_Distance,1970,1,1,25.0,25.0,25.0
deepseek-ai_DeepSeek-R1-Distill-Qwen-32B,Power_Distance,1970,1,2,25.0,25.0,25.0
deepseek-ai_DeepSeek-R1-Distill-Qwen-32B,Power_Distance,1970,1,3,25.0,25.0,25.0
deepseek-ai_DeepSeek-R1-Distill-Qwen-32B,Power_Distance,1971,1,1,0.0,50.0,50.0
deepseek-ai_DeepSeek-R1-Distill-Qwen-32B,Power_Distance,1971,1,2,0.0,0.0,50.0
deepseek-ai_DeepSeek-R1-Distill-Qwen-32B,Power_Distance,1971,1,3,0.0,25.0,0.0
deepseek-ai_DeepSeek-R1-Distill-Qwen-32B,Power_Distance,1974,1,1,25.0,50.0,50.0
deepseek-ai_DeepSeek-R1-Distill-Qwen-32B,Power_Distance,1974,1,2,25.0,50.0,50.0
deepseek-ai_DeepSeek-R1-Distill-Qwen-32B,Power_Distance,1974,1,3,25.0,75.0,50.0
deepseek-ai_DeepSeek-R1-Distill-Qwen-32B,Power_Distance,1975,1,1,25.0,25.0,25.0
deepseek-ai_DeepSeek-R1-Distill-Qwen-32B,Power_Distance,1975,1,2,25.0,25.0,25.0
deepseek-ai_DeepSeek-R1-Distill-Qwen-32B,Power_Distance,1975,1,3,25.0,25.0,50.0
deepseek-ai_DeepSeek-R1-Distill-Qwen-32B,Power_Distance,1976,1,1,0.0,25.0,25.0
deepseek-ai_DeepSeek-R1-Distill-Qwen-32B,Power_Distance,1976,1,2,0.0,0.0,25.0
deepseek-ai_DeepSeek-R1-Distill-Qwen-32B,Power_Distance,1976,1,3,0.0,25.0,25.0
deepseek-ai_DeepSeek-R1-Distill-Qwen-32B,Power_Distance,1977,1,1,50.0,50.0,50.0
deepseek-ai_DeepSeek-R1-Distill-Qwen-32B,Power_Distance,1977,1,2,50.0,50.0,50.0
deepseek-ai_DeepSeek-R1-Distill-Qwen-32B,Power_Distance,1977,1,3,50.0,50.0,50.0
deepseek-ai_DeepSeek-R1-Distill-Qwen-32B,Power_Distance,1978,1,1,50.0,50.0,25.0
deepseek-ai_DeepSeek-R1-Distill-Qwen-32B,Power_Distance,1978,1,2,50.0,50.0,50.0
deepseek-ai_DeepSeek-R1-Distill-Qwen-32B,Power_Distance,1978,1,3,50.0,25.0,25.0
deepseek-ai_DeepSeek-R1-Distill-Qwen-32B,Power_Distance,1979,1,1,50.0,50.0,50.0
deepseek-ai_DeepSeek-R1-Distill-Qwen-32B,Power_Distance,1979,1,2,50.0,50.0,50.0
deepseek-ai_DeepSeek-R1-Distill-Qwen-32B,Power_Distance,1979,1,3,50.0,50.0,50.0
deepseek-ai_DeepSeek-R1-Distill-Qwen-32B,Power_Distance,1981,1,1,25.0,0.0,0.0
deepseek-ai_DeepSeek-R1-Distill-Qwen-32B,Power_Distance,1981,1,2,25.0,0.0,0.0
deepseek-ai_DeepSeek-R1-Distill-Qwen-32B,Power_Distance,1981,1,3,25.0,25.0,0.0
deepseek-ai_DeepSeek-R1-Distill-Qwen-32B,Power_Distance,1983,1,1,100.0,50.0,50.0
deepseek-ai_DeepSeek-R1-Distill-Qwen-32B,Power_Distance,1983,1,2,100.0,50.0,50.0
deepseek-ai_DeepSeek-R1-Distill-Qwen-32B,Power_Distance,1983,1,3,100.0,75.0,75.0
deepseek-ai_DeepSeek-R1-Distill-Qwen-32B,Power_Distance,1984,1,1,50.0,50.0,50.0
deepseek-ai_DeepSeek-R1-Distill-Qwen-32B,Power_Distance,1984,1,2,50.0,50.0,50.0
deepseek-ai_DeepSeek-R1-Distill-Qwen-32B,Power_Distance,1984,1,3,50.0,50.0,50.0
deepseek-ai_DeepSeek-R1-Distill-Qwen-32B,Power_Distance,1985,1,1,25.0,25.0,25.0
deepseek-ai_DeepSeek-R1-Distill-Qwen-32B,Power_Distance,1985,1,2,25.0,25.0,25.0
deepseek-ai_DeepSeek-R1-Distill-Qwen-32B,Power_Distance,1985,1,3,25.0,25.0,25.0
deepseek-ai_DeepSeek-R1-Distill-Qwen-32B,Power_Distance,1987,1,1,25.0,0.0,50.0
deepseek-ai_DeepSeek-R1-Distill-Qwen-32B,Power_Distance,1987,1,2,25.0,50.0,50.0
deepseek-ai_DeepSeek-R1-Distill-Qwen-32B,Power_Distance,1987,1,3,25.0,0.0,0.0
deepseek-ai_DeepSeek-R1-Distill-Qwen-32B,Power_Distance,1988,1,1,50.0,50.0,50.0
deepseek-ai_DeepSeek-R1-Distill-Qwen-32B,Power_Distance,1988,1,2,50.0,50.0,50.0
deepseek-ai_DeepSeek-R1-Distill-Qwen-32B,Power_Distance,1988,1,3,50.0,50.0,50.0
deepseek-ai_DeepSeek-R1-Distill-Qwen-32B,Power_Distance,1989,1,1,25.0,25.0,25.0
deepseek-ai_DeepSeek-R1-Distill-Qwen-32B,Power_Distance,1989,1,2,25.0,25.0,25.0
deepseek-ai_DeepSeek-R1-Distill-Qwen-32B,Power_Distance,1989,1,3,25.0,25.0,25.0
deepseek-ai_DeepSeek-R1-Distill-Qwen-32B,Power_Distance,1990,1,1,25.0,50.0,50.0
deepseek-ai_DeepSeek-R1-Distill-Qwen-32B,Power_Distance,1990,1,2,25.0,50.0,50.0
deepseek-ai_DeepSeek-R1-Distill-Qwen-32B,Power_Distance,1990,1,3,25.0,25.0,50.0
deepseek-ai_DeepSeek-R1-Distill-Qwen-32B,Power_Distance,1991,1,1,25.0,25.0,25.0
deepseek-ai_DeepSeek-R1-Distill-Qwen-32B,Power_Distance,1991,1,2,25.0,25.0,25.0
deepseek-ai_DeepSeek-R1-Distill-Qwen-32B,Power_Distance,1991,1,3,25.0,25.0,100.0
deepseek-ai_DeepSeek-R1-Distill-Qwen-32B,Power_Distance,1993,1,1,25.0,75.0,25.0
deepseek-ai_DeepSeek-R1-Distill-Qwen-32B,Power_Distance,1993,1,2,25.0,25.0,25.0
deepseek-ai_DeepSeek-R1-Distill-Qwen-32B,Power_Distance,1993,1,3,25.0,25.0,25.0
deepseek-ai_DeepSeek-R1-Distill-Qwen-32B,Power_Distance,1994,1,1,0.0,0.0,25.0
deepseek-ai_DeepSeek-R1-Distill-Qwen-32B,Power_Distance,1994,1,2,0.0,0.0,25.0
deepseek-ai_DeepSeek-R1-Distill-Qwen-32B,Power_Distance,1994,1,3,0.0,25.0,0.0
deepseek-ai_DeepSeek-R1-Distill-Qwen-32B,Power_Distance,1995,1,1,50.0,25.0,25.0
deepseek-ai_DeepSeek-R1-Distill-Qwen-32B,Power_Distance,1995,1,2,50.0,25.0,25.0
deepseek-ai_DeepSeek-R1-Distill-Qwen-32B,Power_Distance,1995,1,3,50.0,50.0,50.0
deepseek-ai_DeepSeek-R1-Distill-Qwen-32B,Power_Distance,1999,1,1,0.0,0.0,0.0
deepseek-ai_DeepSeek-R1-Distill-Qwen-32B,Power_Distance,1999,1,2,0.0,0.0,0.0
deepseek-ai_DeepSeek-R1-Distill-Qwen-32B,Power_Distance,1999,1,3,0.0,0.0,0.0
deepseek-ai_DeepSeek-R1-Distill-Qwen-32B,Power_Distance,2000,1,1,0.0,25.0,0.0
deepseek-ai_DeepSeek-R1-Distill-Qwen-32B,Power_Distance,2000,1,2,0.0,0.0,25.0
deepseek-ai_DeepSeek-R1-Distill-Qwen-32B,Power_Distance,2000,1,3,0.0,0.0,25.0
deepseek-ai_DeepSeek-R1-Distill-Qwen-32B,Power_Distance,2001,1,1,75.0,75.0,75.0
deepseek-ai_DeepSeek-R1-Distill-Qwen-32B,Power_Distance,2001,1,2,75.0,75.0,75.0
deepseek-ai_DeepSeek-R1-Distill-Qwen-32B,Power_Distance,2001,1,3,75.0,75.0,75.0
deepseek-ai_DeepSeek-R1-Distill-Qwen-32B,Power_Distance,2002,1,1,0.0,0.0,50.0
deepseek-ai_DeepSeek-R1-Distill-Qwen-32B,Power_Distance,2002,1,2,0.0,50.0,25.0
deepseek-ai_DeepSeek-R1-Distill-Qwen-32B,Power_Distance,2002,1,3,0.0,50.0,50.0
deepseek-ai_DeepSeek-R1-Distill-Qwen-32B,Power_Distance,2003,1,1,50.0,0.0,50.0
deepseek-ai_DeepSeek-R1-Distill-Qwen-32B,Power_Distance,2003,1,2,50.0,0.0,0.0
deepseek-ai_DeepSeek-R1-Distill-Qwen-32B,Power_Distance,2003,1,3,50.0,0.0,0.0
deepseek-ai_DeepSeek-R1-Distill-Qwen-32B,Power_Distance,2004,1,1,25.0,25.0,50.0
deepseek-ai_DeepSeek-R1-Distill-Qwen-32B,Power_Distance,2004,1,2,25.0,50.0,25.0
deepseek-ai_DeepSeek-R1-Distill-Qwen-32B,Power_Distance,2004,1,3,25.0,50.0,50.0
deepseek-ai_DeepSeek-R1-Distill-Qwen-32B,Power_Distance,2005,1,1,75.0,50.0,50.0
deepseek-ai_DeepSeek-R1-Distill-Qwen-32B,Power_Distance,2005,1,2,75.0,50.0,100.0
deepseek-ai_DeepSeek-R1-Distill-Qwen-32B,Power_Distance,2005,1,3,75.0,50.0,50.0
deepseek-ai_DeepSeek-R1-Distill-Qwen-32B,Power_Distance,2006,1,1,0.0,50.0,25.0
deepseek-ai_DeepSeek-R1-Distill-Qwen-32B,Power_Distance,2006,1,2,0.0,0.0,50.0
deepseek-ai_DeepSeek-R1-Distill-Qwen-32B,Power_Distance,2006,1,3,0.0,50.0,25.0
deepseek-ai_DeepSeek-R1-Distill-Qwen-32B,Power_Distance,2007,1,1,25.0,25.0,0.0
deepseek-ai_DeepSeek-R1-Distill-Qwen-32B,Power_Distance,2007,1,2,25.0,25.0,0.0
deepseek-ai_DeepSeek-R1-Distill-Qwen-32B,Power_Distance,2007,1,3,25.0,0.0,0.0
deepseek-ai_DeepSeek-R1-Distill-Qwen-32B,Power_Distance,2008,1,1,25.0,25.0,50.0
deepseek-ai_DeepSeek-R1-Distill-Qwen-32B,Power_Distance,2008,1,2,25.0,25.0,25.0
deepseek-ai_DeepSeek-R1-Distill-Qwen-32B,Power_Distance,2008,1,3,25.0,50.0,50.0
deepseek-ai_DeepSeek-R1-Distill-Qwen-32B,Power_Distance,2010,1,1,25.0,25.0,25.0
deepseek-ai_DeepSeek-R1-Distill-Qwen-32B,Power_Distance,2010,1,2,25.0,25.0,25.0
deepseek-ai_DeepSeek-R1-Distill-Qwen-32B,Power_Distance,2010,1,3,25.0,25.0,25.0
deepseek-ai_DeepSeek-R1-Distill-Qwen-32B,Power_Distance,2011,1,1,50.0,50.0,50.0
deepseek-ai_DeepSeek-R1-Distill-Qwen-32B,Power_Distance,2011,1,2,50.0,50.0,50.0
deepseek-ai_DeepSeek-R1-Distill-Qwen-32B,Power_Distance,2011,1,3,50.0,50.0,50.0
deepseek-ai_DeepSeek-R1-Distill-Qwen-32B,Power_Distance,2012,1,1,50.0,50.0,50.0
deepseek-ai_DeepSeek-R1-Distill-Qwen-32B,Power_Distance,2012,1,2,50.0,50.0,50.0
deepseek-ai_DeepSeek-R1-Distill-Qwen-32B,Power_Distance,2012,1,3,50.0,50.0,50.0
deepseek-ai_DeepSeek-R1-Distill-Qwen-32B,Power_Distance,2013,1,1,0.0,50.0,0.0
deepseek-ai_DeepSeek-R1-Distill-Qwen-32B,Power_Distance,2013,1,2,0.0,25.0,0.0
deepseek-ai_DeepSeek-R1-Distill-Qwen-32B,Power_Distance,2013,1,3,0.0,0.0,25.0
deepseek-ai_DeepSeek-R1-Distill-Qwen-32B,Power_Distance,2014,1,1,50.0,100.0,25.0
deepseek-ai_DeepSeek-R1-Distill-Qwen-32B,Power_Distance,2014,1,2,50.0,25.0,25.0
deepseek-ai_DeepSeek-R1-Distill-Qwen-32B,Power_Distance,2014,1,3,50.0,25.0,25.0
deepseek-ai_DeepSeek-R1-Distill-Qwen-32B,Power_Distance,2015,1,1,25.0,50.0,25.0
deepseek-ai_DeepSeek-R1-Distill-Qwen-32B,Power_Distance,2015,1,2,25.0,25.0,50.0
deepseek-ai_DeepSeek-R1-Distill-Qwen-32B,Power_Distance,2015,1,3,25.0,50.0,25.0
deepseek-ai_DeepSeek-R1-Distill-Qwen-32B,Power_Distance,2016,1,1,0.0,50.0,75.0
deepseek-ai_DeepSeek-R1-Distill-Qwen-32B,Power_Distance,2016,1,2,0.0,50.0,50.0
deepseek-ai_DeepSeek-R1-Distill-Qwen-32B,Power_Distance,2016,1,3,0.0,75.0,50.0
deepseek-ai_DeepSeek-R1-Distill-Qwen-32B,Power_Distance,2017,1,1,25.0,25.0,25.0
deepseek-ai_DeepSeek-R1-Distill-Qwen-32B,Power_Distance,2017,1,2,25.0,25.0,25.0
deepseek-ai_DeepSeek-R1-Distill-Qwen-32B,Power_Distance,2017,1,3,25.0,25.0,25.0
deepseek-ai_DeepSeek-R1-Distill-Qwen-32B,Power_Distance,2018,1,1,0.0,75.0,25.0
deepseek-ai_DeepSeek-R1-Distill-Qwen-32B,Power_Distance,2018,1,2,0.0,25.0,0.0
deepseek-ai_DeepSeek-R1-Distill-Qwen-32B,Power_Distance,2018,1,3,0.0,75.0,75.0
deepseek-ai_DeepSeek-R1-Distill-Qwen-32B,Power_Distance,2024,1,1,50.0,25.0,50.0
deepseek-ai_DeepSeek-R1-Distill-Qwen-32B,Power_Distance,2024,1,2,50.0,50.0,0.0
deepseek-ai_DeepSeek-R1-Distill-Qwen-32B,Power_Distance,2024,1,3,50.0,50.0,50.0
deepseek-ai_DeepSeek-R1-Distill-Qwen-32B,Power_Distance,2025,1,1,50.0,50.0,50.0
deepseek-ai_DeepSeek-R1-Distill-Qwen-32B,Power_Distance,2025,1,2,50.0,50.0,25.0
deepseek-ai_DeepSeek-R1-Distill-Qwen-32B,Power_Distance,2025,1,3,50.0,50.0,50.0
deepseek-ai_DeepSeek-R1-Distill-Qwen-32B,Power_Distance,2026,1,1,50.0,50.0,50.0
deepseek-ai_DeepSeek-R1-Distill-Qwen-32B,Power_Distance,2026,1,2,50.0,50.0,50.0
deepseek-ai_DeepSeek-R1-Distill-Qwen-32B,Power_Distance,2026,1,3,50.0,50.0,50.0
deepseek-ai_DeepSeek-R1-Distill-Qwen-32B,Power_Distance,2027,1,1,0.0,25.0,25.0
deepseek-ai_DeepSeek-R1-Distill-Qwen-32B,Power_Distance,2027,1,2,0.0,25.0,0.0
deepseek-ai_DeepSeek-R1-Distill-Qwen-32B,Power_Distance,2027,1,3,0.0,0.0,25.0
deepseek-ai_DeepSeek-R1-Distill-Qwen-32B,Power_Distance,2030,1,1,25.0,0.0,75.0
deepseek-ai_DeepSeek-R1-Distill-Qwen-32B,Power_Distance,2030,1,2,25.0,0.0,0.0
deepseek-ai_DeepSeek-R1-Distill-Qwen-32B,Power_Distance,2030,1,3,25.0,0.0,0.0
deepseek-ai_DeepSeek-R1-Distill-Qwen-32B,Power_Distance,2031,1,1,0.0,25.0,25.0
deepseek-ai_DeepSeek-R1-Distill-Qwen-32B,Power_Distance,2031,1,2,0.0,0.0,50.0
deepseek-ai_DeepSeek-R1-Distill-Qwen-32B,Power_Distance,2031,1,3,0.0,25.0,50.0
deepseek-ai_DeepSeek-R1-Distill-Qwen-32B,Power_Distance,2033,1,1,50.0,25.0,25.0
deepseek-ai_DeepSeek-R1-Distill-Qwen-32B,Power_Distance,2033,1,2,50.0,25.0,75.0
deepseek-ai_DeepSeek-R1-Distill-Qwen-32B,Power_Distance,2033,1,3,50.0,50.0,50.0
deepseek-ai_DeepSeek-R1-Distill-Qwen-32B,Power_Distance,2034,1,1,25.0,25.0,25.0
deepseek-ai_DeepSeek-R1-Distill-Qwen-32B,Power_Distance,2034,1,2,25.0,25.0,25.0
deepseek-ai_DeepSeek-R1-Distill-Qwen-32B,Power_Distance,2034,1,3,25.0,25.0,25.0
deepseek-ai_DeepSeek-R1-Distill-Qwen-32B,Power_Distance,2035,1,1,75.0,75.0,75.0
deepseek-ai_DeepSeek-R1-Distill-Qwen-32B,Power_Distance,2035,1,2,75.0,75.0,25.0
deepseek-ai_DeepSeek-R1-Distill-Qwen-32B,Power_Distance,2035,1,3,75.0,75.0,75.0
deepseek-ai_DeepSeek-R1-Distill-Qwen-32B,Power_Distance,2036,1,1,0.0,0.0,0.0
deepseek-ai_DeepSeek-R1-Distill-Qwen-32B,Power_Distance,2036,1,2,0.0,0.0,50.0
deepseek-ai_DeepSeek-R1-Distill-Qwen-32B,Power_Distance,2036,1,3,0.0,0.0,50.0
deepseek-ai_DeepSeek-R1-Distill-Qwen-32B,Power_Distance,2039,1,1,0.0,0.0,0.0
deepseek-ai_DeepSeek-R1-Distill-Qwen-32B,Power_Distance,2039,1,2,0.0,0.0,25.0
deepseek-ai_DeepSeek-R1-Distill-Qwen-32B,Power_Distance,2039,1,3,0.0,0.0,25.0
deepseek-ai_DeepSeek-R1-Distill-Qwen-32B,Power_Distance,2040,1,1,50.0,50.0,50.0
deepseek-ai_DeepSeek-R1-Distill-Qwen-32B,Power_Distance,2040,1,2,50.0,50.0,75.0
deepseek-ai_DeepSeek-R1-Distill-Qwen-32B,Power_Distance,2040,1,3,50.0,50.0,50.0
deepseek-ai_DeepSeek-R1-Distill-Qwen-32B,Power_Distance,2043,1,1,25.0,50.0,0.0
deepseek-ai_DeepSeek-R1-Distill-Qwen-32B,Power_Distance,2043,1,2,25.0,50.0,50.0
deepseek-ai_DeepSeek-R1-Distill-Qwen-32B,Power_Distance,2043,1,3,25.0,0.0,0.0
deepseek-ai_DeepSeek-R1-Distill-Qwen-32B,Power_Distance,2045,1,1,25.0,25.0,25.0
deepseek-ai_DeepSeek-R1-Distill-Qwen-32B,Power_Distance,2045,1,2,25.0,25.0,25.0
deepseek-ai_DeepSeek-R1-Distill-Qwen-32B,Power_Distance,2045,1,3,25.0,25.0,25.0
deepseek-ai_DeepSeek-R1-Distill-Qwen-32B,Power_Distance,2046,1,1,25.0,75.0,25.0
deepseek-ai_DeepSeek-R1-Distill-Qwen-32B,Power_Distance,2046,1,2,25.0,25.0,50.0
deepseek-ai_DeepSeek-R1-Distill-Qwen-32B,Power_Distance,2046,1,3,25.0,25.0,25.0
deepseek-ai_DeepSeek-R1-Distill-Qwen-32B,Power_Distance,2050,1,1,25.0,0.0,25.0
deepseek-ai_DeepSeek-R1-Distill-Qwen-32B,Power_Distance,2050,1,2,25.0,0.0,25.0
deepseek-ai_DeepSeek-R1-Distill-Qwen-32B,Power_Distance,2050,1,3,25.0,25.0,25.0
deepseek-ai_DeepSeek-R1-Distill-Qwen-32B,Power_Distance,2051,1,1,50.0,50.0,25.0
deepseek-ai_DeepSeek-R1-Distill-Qwen-32B,Power_Distance,2051,1,2,50.0,25.0,50.0
deepseek-ai_DeepSeek-R1-Distill-Qwen-32B,Power_Distance,2051,1,3,50.0,0.0,50.0
deepseek-ai_DeepSeek-R1-Distill-Qwen-32B,Power_Distance,2053,1,1,25.0,25.0,50.0
deepseek-ai_DeepSeek-R1-Distill-Qwen-32B,Power_Distance,2053,1,2,25.0,25.0,25.0
deepseek-ai_DeepSeek-R1-Distill-Qwen-32B,Power_Distance,2053,1,3,25.0,0.0,25.0
deepseek-ai_DeepSeek-R1-Distill-Qwen-32B,Power_Distance,2054,1,1,25.0,25.0,25.0
deepseek-ai_DeepSeek-R1-Distill-Qwen-32B,Power_Distance,2054,1,2,25.0,25.0,75.0
deepseek-ai_DeepSeek-R1-Distill-Qwen-32B,Power_Distance,2054,1,3,25.0,25.0,75.0
deepseek-ai_DeepSeek-R1-Distill-Qwen-32B,Power_Distance,2055,1,1,0.0,25.0,0.0
deepseek-ai_DeepSeek-R1-Distill-Qwen-32B,Power_Distance,2055,1,2,0.0,0.0,50.0
deepseek-ai_DeepSeek-R1-Distill-Qwen-32B,Power_Distance,2055,1,3,0.0,50.0,0.0
deepseek-ai_DeepSeek-R1-Distill-Qwen-32B,Power_Distance,2056,1,1,50.0,75.0,0.0
deepseek-ai_DeepSeek-R1-Distill-Qwen-32B,Power_Distance,2056,1,2,50.0,75.0,0.0
deepseek-ai_DeepSeek-R1-Distill-Qwen-32B,Power_Distance,2056,1,3,50.0,0.0,0.0
deepseek-ai_DeepSeek-R1-Distill-Qwen-32B,Power_Distance,2057,1,1,25.0,75.0,25.0
deepseek-ai_DeepSeek-R1-Distill-Qwen-32B,Power_Distance,2057,1,2,25.0,75.0,50.0
deepseek-ai_DeepSeek-R1-Distill-Qwen-32B,Power_Distance,2057,1,3,25.0,25.0,25.0
deepseek-ai_DeepSeek-R1-Distill-Qwen-32B,Power_Distance,2058,1,1,100.0,100.0,100.0
deepseek-ai_DeepSeek-R1-Distill-Qwen-32B,Power_Distance,2058,1,2,100.0,75.0,75.0
deepseek-ai_DeepSeek-R1-Distill-Qwen-32B,Power_Distance,2058,1,3,100.0,100.0,100.0
deepseek-ai_DeepSeek-R1-Distill-Qwen-32B,Power_Distance,2059,1,1,50.0,50.0,50.0
deepseek-ai_DeepSeek-R1-Distill-Qwen-32B,Power_Distance,2059,1,2,50.0,100.0,25.0
deepseek-ai_DeepSeek-R1-Distill-Qwen-32B,Power_Distance,2059,1,3,50.0,50.0,50.0
deepseek-ai_DeepSeek-R1-Distill-Qwen-32B,Power_Distance,2060,1,1,50.0,50.0,50.0
deepseek-ai_DeepSeek-R1-Distill-Qwen-32B,Power_Distance,2060,1,2,50.0,50.0,50.0
deepseek-ai_DeepSeek-R1-Distill-Qwen-32B,Power_Distance,2060,1,3,50.0,50.0,50.0
deepseek-ai_DeepSeek-R1-Distill-Qwen-32B,Power_Distance,2061,1,1,75.0,75.0,75.0
deepseek-ai_DeepSeek-R1-Distill-Qwen-32B,Power_Distance,2061,1,2,75.0,75.0,50.0
deepseek-ai_DeepSeek-R1-Distill-Qwen-32B,Power_Distance,2061,1,3,75.0,50.0,75.0
deepseek-ai_DeepSeek-R1-Distill-Qwen-32B,Power_Distance,2062,1,1,0.0,50.0,50.0
deepseek-ai_DeepSeek-R1-Distill-Qwen-32B,Power_Distance,2062,1,2,0.0,50.0,50.0
deepseek-ai_DeepSeek-R1-Distill-Qwen-32B,Power_Distance,2062,1,3,0.0,50.0,50.0
deepseek-ai_DeepSeek-R1-Distill-Qwen-32B,Power_Distance,2063,1,1,25.0,50.0,50.0
deepseek-ai_DeepSeek-R1-Distill-Qwen-32B,Power_Distance,2063,1,2,25.0,50.0,75.0
deepseek-ai_DeepSeek-R1-Distill-Qwen-32B,Power_Distance,2063,1,3,25.0,75.0,25.0
deepseek-ai_DeepSeek-R1-Distill-Qwen-32B,Power_Distance,2064,1,1,25.0,0.0,50.0
deepseek-ai_DeepSeek-R1-Distill-Qwen-32B,Power_Distance,2064,1,2,25.0,50.0,50.0
deepseek-ai_DeepSeek-R1-Distill-Qwen-32B,Power_Distance,2064,1,3,25.0,0.0,0.0
deepseek-ai_DeepSeek-R1-Distill-Qwen-32B,Power_Distance,2065,1,1,25.0,25.0,25.0
deepseek-ai_DeepSeek-R1-Distill-Qwen-32B,Power_Distance,2065,1,2,25.0,25.0,25.0
deepseek-ai_DeepSeek-R1-Distill-Qwen-32B,Power_Distance,2065,1,3,25.0,25.0,0.0
deepseek-ai_DeepSeek-R1-Distill-Qwen-32B,Power_Distance,2066,1,1,50.0,50.0,50.0
deepseek-ai_DeepSeek-R1-Distill-Qwen-32B,Power_Distance,2066,1,2,50.0,50.0,50.0
deepseek-ai_DeepSeek-R1-Distill-Qwen-32B,Power_Distance,2066,1,3,50.0,50.0,50.0
deepseek-ai_DeepSeek-R1-Distill-Qwen-32B,Power_Distance,2067,1,1,50.0,75.0,75.0
deepseek-ai_DeepSeek-R1-Distill-Qwen-32B,Power_Distance,2067,1,2,50.0,50.0,50.0
deepseek-ai_DeepSeek-R1-Distill-Qwen-32B,Power_Distance,2067,1,3,50.0,75.0,75.0
deepseek-ai_DeepSeek-R1-Distill-Qwen-32B,Power_Distance,2069,1,1,25.0,25.0,25.0
deepseek-ai_DeepSeek-R1-Distill-Qwen-32B,Power_Distance,2069,1,2,25.0,25.0,50.0
deepseek-ai_DeepSeek-R1-Distill-Qwen-32B,Power_Distance,2069,1,3,25.0,25.0,25.0
deepseek-ai_DeepSeek-R1-Distill-Qwen-32B,Power_Distance,2073,1,1,25.0,25.0,25.0
deepseek-ai_DeepSeek-R1-Distill-Qwen-32B,Power_Distance,2073,1,2,25.0,25.0,25.0
deepseek-ai_DeepSeek-R1-Distill-Qwen-32B,Power_Distance,2073,1,3,25.0,25.0,25.0
deepseek-ai_DeepSeek-R1-Distill-Qwen-32B,Power_Distance,2074,1,1,25.0,75.0,75.0
deepseek-ai_DeepSeek-R1-Distill-Qwen-32B,Power_Distance,2074,1,2,25.0,50.0,50.0
deepseek-ai_DeepSeek-R1-Distill-Qwen-32B,Power_Distance,2074,1,3,25.0,75.0,25.0
deepseek-ai_DeepSeek-R1-Distill-Qwen-32B,Power_Distance,2075,1,1,25.0,75.0,75.0
deepseek-ai_DeepSeek-R1-Distill-Qwen-32B,Power_Distance,2075,1,2,25.0,25.0,50.0
deepseek-ai_DeepSeek-R1-Distill-Qwen-32B,Power_Distance,2075,1,3,25.0,25.0,25.0
deepseek-ai_DeepSeek-R1-Distill-Qwen-32B,Power_Distance,2076,1,1,0.0,25.0,0.0
deepseek-ai_DeepSeek-R1-Distill-Qwen-32B,Power_Distance,2076,1,2,0.0,25.0,25.0
deepseek-ai_DeepSeek-R1-Distill-Qwen-32B,Power_Distance,2076,1,3,0.0,25.0,25.0
deepseek-ai_DeepSeek-R1-Distill-Qwen-32B,Power_Distance,2079,1,1,75.0,50.0,75.0
deepseek-ai_DeepSeek-R1-Distill-Qwen-32B,Power_Distance,2079,1,2,75.0,75.0,75.0
deepseek-ai_DeepSeek-R1-Distill-Qwen-32B,Power_Distance,2079,1,3,75.0,75.0,75.0
deepseek-ai_DeepSeek-R1-Distill-Qwen-32B,Power_Distance,2080,1,1,75.0,25.0,25.0
deepseek-ai_DeepSeek-R1-Distill-Qwen-32B,Power_Distance,2080,1,2,75.0,25.0,100.0
deepseek-ai_DeepSeek-R1-Distill-Qwen-32B,Power_Distance,2080,1,3,75.0,25.0,25.0
deepseek-ai_DeepSeek-R1-Distill-Qwen-32B,Power_Distance,2081,1,1,25.0,0.0,25.0
deepseek-ai_DeepSeek-R1-Distill-Qwen-32B,Power_Distance,2081,1,2,25.0,0.0,25.0
deepseek-ai_DeepSeek-R1-Distill-Qwen-32B,Power_Distance,2081,1,3,25.0,25.0,25.0
deepseek-ai_DeepSeek-R1-Distill-Qwen-32B,Power_Distance,2083,1,1,75.0,75.0,75.0
deepseek-ai_DeepSeek-R1-Distill-Qwen-32B,Power_Distance,2083,1,2,75.0,50.0,50.0
deepseek-ai_DeepSeek-R1-Distill-Qwen-32B,Power_Distance,2083,1,3,75.0,50.0,75.0
deepseek-ai_DeepSeek-R1-Distill-Qwen-32B,Power_Distance,2084,1,1,0.0,50.0,0.0
deepseek-ai_DeepSeek-R1-Distill-Qwen-32B,Power_Distance,2084,1,2,0.0,50.0,50.0
deepseek-ai_DeepSeek-R1-Distill-Qwen-32B,Power_Distance,2084,1,3,0.0,50.0,50.0
deepseek-ai_DeepSeek-R1-Distill-Qwen-32B,Power_Distance,2085,1,1,50.0,100.0,25.0
deepseek-ai_DeepSeek-R1-Distill-Qwen-32B,Power_Distance,2085,1,2,50.0,50.0,100.0
deepseek-ai_DeepSeek-R1-Distill-Qwen-32B,Power_Distance,2085,1,3,50.0,25.0,50.0
deepseek-ai_DeepSeek-R1-Distill-Qwen-32B,Power_Distance,2087,1,1,50.0,25.0,0.0
deepseek-ai_DeepSeek-R1-Distill-Qwen-32B,Power_Distance,2087,1,2,50.0,50.0,75.0
deepseek-ai_DeepSeek-R1-Distill-Qwen-32B,Power_Distance,2087,1,3,50.0,75.0,50.0
deepseek-ai_DeepSeek-R1-Distill-Qwen-32B,Power_Distance,2088,1,1,25.0,25.0,25.0
deepseek-ai_DeepSeek-R1-Distill-Qwen-32B,Power_Distance,2088,1,2,25.0,25.0,25.0
deepseek-ai_DeepSeek-R1-Distill-Qwen-32B,Power_Distance,2088,1,3,25.0,25.0,25.0
deepseek-ai_DeepSeek-R1-Distill-Qwen-32B,Power_Distance,2089,1,1,25.0,25.0,50.0
deepseek-ai_DeepSeek-R1-Distill-Qwen-32B,Power_Distance,2089,1,2,25.0,50.0,25.0
deepseek-ai_DeepSeek-R1-Distill-Qwen-32B,Power_Distance,2089,1,3,25.0,25.0,50.0
deepseek-ai_DeepSeek-R1-Distill-Qwen-32B,Power_Distance,2090,1,1,75.0,0.0,25.0
deepseek-ai_DeepSeek-R1-Distill-Qwen-32B,Power_Distance,2090,1,2,75.0,0.0,25.0
deepseek-ai_DeepSeek-R1-Distill-Qwen-32B,Power_Distance,2090,1,3,75.0,0.0,50.0
deepseek-ai_DeepSeek-R1-Distill-Qwen-32B,Power_Distance,2091,1,1,25.0,25.0,25.0
deepseek-ai_DeepSeek-R1-Distill-Qwen-32B,Power_Distance,2091,1,2,25.0,50.0,50.0
deepseek-ai_DeepSeek-R1-Distill-Qwen-32B,Power_Distance,2091,1,3,25.0,50.0,25.0
deepseek-ai_DeepSeek-R1-Distill-Qwen-32B,Power_Distance,2093,1,1,50.0,50.0,50.0
deepseek-ai_DeepSeek-R1-Distill-Qwen-32B,Power_Distance,2093,1,2,50.0,25.0,50.0
deepseek-ai_DeepSeek-R1-Distill-Qwen-32B,Power_Distance,2093,1,3,50.0,50.0,50.0
deepseek-ai_DeepSeek-R1-Distill-Qwen-32B,Power_Distance,2095,1,1,25.0,25.0,25.0
deepseek-ai_DeepSeek-R1-Distill-Qwen-32B,Power_Distance,2095,1,2,25.0,0.0,25.0
deepseek-ai_DeepSeek-R1-Distill-Qwen-32B,Power_Distance,2095,1,3,25.0,25.0,25.0
deepseek-ai_DeepSeek-R1-Distill-Qwen-32B,Power_Distance,2096,1,1,50.0,25.0,25.0
deepseek-ai_DeepSeek-R1-Distill-Qwen-32B,Power_Distance,2096,1,2,50.0,25.0,25.0
deepseek-ai_DeepSeek-R1-Distill-Qwen-32B,Power_Distance,2096,1,3,50.0,25.0,25.0
deepseek-ai_DeepSeek-R1-Distill-Qwen-32B,Power_Distance,2099,1,1,50.0,25.0,25.0
deepseek-ai_DeepSeek-R1-Distill-Qwen-32B,Power_Distance,2099,1,2,50.0,25.0,50.0
deepseek-ai_DeepSeek-R1-Distill-Qwen-32B,Power_Distance,2099,1,3,50.0,25.0,25.0
deepseek-ai_DeepSeek-R1-Distill-Qwen-32B,Power_Distance,2100,1,1,0.0,0.0,0.0
deepseek-ai_DeepSeek-R1-Distill-Qwen-32B,Power_Distance,2100,1,2,0.0,0.0,0.0
deepseek-ai_DeepSeek-R1-Distill-Qwen-32B,Power_Distance,2100,1,3,0.0,0.0,25.0
deepseek-ai_DeepSeek-R1-Distill-Qwen-32B,Power_Distance,2102,1,1,0.0,25.0,50.0
deepseek-ai_DeepSeek-R1-Distill-Qwen-32B,Power_Distance,2102,1,2,0.0,0.0,25.0
deepseek-ai_DeepSeek-R1-Distill-Qwen-32B,Power_Distance,2102,1,3,0.0,0.0,0.0
deepseek-ai_DeepSeek-R1-Distill-Qwen-32B,Power_Distance,2103,1,1,50.0,50.0,50.0
deepseek-ai_DeepSeek-R1-Distill-Qwen-32B,Power_Distance,2103,1,2,50.0,50.0,50.0
deepseek-ai_DeepSeek-R1-Distill-Qwen-32B,Power_Distance,2103,1,3,50.0,50.0,50.0
deepseek-ai_DeepSeek-R1-Distill-Qwen-32B,Power_Distance,2105,1,1,50.0,50.0,50.0
deepseek-ai_DeepSeek-R1-Distill-Qwen-32B,Power_Distance,2105,1,2,50.0,25.0,50.0
deepseek-ai_DeepSeek-R1-Distill-Qwen-32B,Power_Distance,2105,1,3,50.0,25.0,50.0
deepseek-ai_DeepSeek-R1-Distill-Qwen-32B,Power_Distance,2107,1,1,25.0,0.0,0.0
deepseek-ai_DeepSeek-R1-Distill-Qwen-32B,Power_Distance,2107,1,2,25.0,0.0,0.0
deepseek-ai_DeepSeek-R1-Distill-Qwen-32B,Power_Distance,2107,1,3,25.0,0.0,0.0
deepseek-ai_DeepSeek-R1-Distill-Qwen-32B,Power_Distance,2108,1,1,0.0,0.0,0.0
deepseek-ai_DeepSeek-R1-Distill-Qwen-32B,Power_Distance,2108,1,2,0.0,0.0,75.0
deepseek-ai_DeepSeek-R1-Distill-Qwen-32B,Power_Distance,2108,1,3,0.0,0.0,0.0
deepseek-ai_DeepSeek-R1-Distill-Qwen-32B,Power_Distance,2109,1,1,0.0,0.0,50.0
deepseek-ai_DeepSeek-R1-Distill-Qwen-32B,Power_Distance,2109,1,2,0.0,0.0,50.0
deepseek-ai_DeepSeek-R1-Distill-Qwen-32B,Power_Distance,2109,1,3,0.0,50.0,0.0
deepseek-ai_DeepSeek-R1-Distill-Qwen-32B,Power_Distance,2112,1,1,25.0,50.0,50.0
deepseek-ai_DeepSeek-R1-Distill-Qwen-32B,Power_Distance,2112,1,2,25.0,25.0,0.0
deepseek-ai_DeepSeek-R1-Distill-Qwen-32B,Power_Distance,2112,1,3,25.0,50.0,75.0
deepseek-ai_DeepSeek-R1-Distill-Qwen-32B,Power_Distance,2113,1,1,50.0,50.0,75.0
deepseek-ai_DeepSeek-R1-Distill-Qwen-32B,Power_Distance,2113,1,2,50.0,50.0,50.0
deepseek-ai_DeepSeek-R1-Distill-Qwen-32B,Power_Distance,2113,1,3,50.0,50.0,50.0
deepseek-ai_DeepSeek-R1-Distill-Qwen-32B,Power_Distance,2116,1,1,50.0,50.0,75.0
deepseek-ai_DeepSeek-R1-Distill-Qwen-32B,Power_Distance,2116,1,2,50.0,50.0,50.0
deepseek-ai_DeepSeek-R1-Distill-Qwen-32B,Power_Distance,2116,1,3,50.0,50.0,50.0
deepseek-ai_DeepSeek-R1-Distill-Qwen-32B,Power_Distance,2123,1,1,25.0,25.0,25.0
deepseek-ai_DeepSeek-R1-Distill-Qwen-32B,Power_Distance,2123,1,2,25.0,75.0,25.0
deepseek-ai_DeepSeek-R1-Distill-Qwen-32B,Power_Distance,2123,1,3,25.0,25.0,25.0
deepseek-ai_DeepSeek-R1-Distill-Qwen-32B,Power_Distance,2125,1,1,100.0,100.0,100.0
deepseek-ai_DeepSeek-R1-Distill-Qwen-32B,Power_Distance,2125,1,2,100.0,100.0,50.0
deepseek-ai_DeepSeek-R1-Distill-Qwen-32B,Power_Distance,2125,1,3,100.0,100.0,50.0
deepseek-ai_DeepSeek-R1-Distill-Qwen-32B,Power_Distance,2130,1,1,,25.0,75.0
deepseek-ai_DeepSeek-R1-Distill-Qwen-32B,Power_Distance,2130,1,2,,25.0,50.0
deepseek-ai_DeepSeek-R1-Distill-Qwen-32B,Power_Distance,2130,1,3,,50.0,50.0
deepseek-ai_DeepSeek-R1-Distill-Qwen-32B,Power_Distance,2132,1,1,25.0,50.0,50.0
deepseek-ai_DeepSeek-R1-Distill-Qwen-32B,Power_Distance,2132,1,2,25.0,100.0,25.0
deepseek-ai_DeepSeek-R1-Distill-Qwen-32B,Power_Distance,2132,1,3,25.0,50.0,25.0
deepseek-ai_DeepSeek-R1-Distill-Qwen-32B,Power_Distance,2134,1,1,25.0,100.0,50.0
deepseek-ai_DeepSeek-R1-Distill-Qwen-32B,Power_Distance,2134,1,2,25.0,50.0,25.0
deepseek-ai_DeepSeek-R1-Distill-Qwen-32B,Power_Distance,2134,1,3,25.0,50.0,50.0
deepseek-ai_DeepSeek-R1-Distill-Qwen-32B,Uncertainty_Avoidance,2423,1,1,25.0,25.0,0.0
deepseek-ai_DeepSeek-R1-Distill-Qwen-32B,Uncertainty_Avoidance,2423,1,2,25.0,0.0,25.0
deepseek-ai_DeepSeek-R1-Distill-Qwen-32B,Uncertainty_Avoidance,2423,1,3,25.0,25.0,25.0
deepseek-ai_DeepSeek-R1-Distill-Qwen-32B,Uncertainty_Avoidance,2424,1,1,50.0,50.0,50.0
deepseek-ai_DeepSeek-R1-Distill-Qwen-32B,Uncertainty_Avoidance,2424,1,2,50.0,50.0,50.0
deepseek-ai_DeepSeek-R1-Distill-Qwen-32B,Uncertainty_Avoidance,2424,1,3,50.0,25.0,75.0
deepseek-ai_DeepSeek-R1-Distill-Qwen-32B,Uncertainty_Avoidance,2425,1,1,0.0,25.0,25.0
deepseek-ai_DeepSeek-R1-Distill-Qwen-32B,Uncertainty_Avoidance,2425,1,2,0.0,25.0,25.0
deepseek-ai_DeepSeek-R1-Distill-Qwen-32B,Uncertainty_Avoidance,2425,1,3,0.0,0.0,25.0
deepseek-ai_DeepSeek-R1-Distill-Qwen-32B,Uncertainty_Avoidance,2426,1,1,50.0,0.0,50.0
deepseek-ai_DeepSeek-R1-Distill-Qwen-32B,Uncertainty_Avoidance,2426,1,2,50.0,50.0,75.0
deepseek-ai_DeepSeek-R1-Distill-Qwen-32B,Uncertainty_Avoidance,2426,1,3,50.0,50.0,50.0
deepseek-ai_DeepSeek-R1-Distill-Qwen-32B,Uncertainty_Avoidance,2427,1,1,50.0,50.0,50.0
deepseek-ai_DeepSeek-R1-Distill-Qwen-32B,Uncertainty_Avoidance,2427,1,2,50.0,50.0,75.0
deepseek-ai_DeepSeek-R1-Distill-Qwen-32B,Uncertainty_Avoidance,2427,1,3,50.0,25.0,50.0
deepseek-ai_DeepSeek-R1-Distill-Qwen-32B,Uncertainty_Avoidance,2428,1,1,50.0,50.0,50.0
deepseek-ai_DeepSeek-R1-Distill-Qwen-32B,Uncertainty_Avoidance,2428,1,2,50.0,25.0,50.0
deepseek-ai_DeepSeek-R1-Distill-Qwen-32B,Uncertainty_Avoidance,2428,1,3,50.0,50.0,50.0
deepseek-ai_DeepSeek-R1-Distill-Qwen-32B,Uncertainty_Avoidance,2429,1,1,50.0,50.0,50.0
deepseek-ai_DeepSeek-R1-Distill-Qwen-32B,Uncertainty_Avoidance,2429,1,2,50.0,50.0,50.0
deepseek-ai_DeepSeek-R1-Distill-Qwen-32B,Uncertainty_Avoidance,2429,1,3,50.0,50.0,50.0
deepseek-ai_DeepSeek-R1-Distill-Qwen-32B,Uncertainty_Avoidance,2430,1,1,25.0,25.0,25.0
deepseek-ai_DeepSeek-R1-Distill-Qwen-32B,Uncertainty_Avoidance,2430,1,2,25.0,25.0,25.0
deepseek-ai_DeepSeek-R1-Distill-Qwen-32B,Uncertainty_Avoidance,2430,1,3,25.0,25.0,50.0
deepseek-ai_DeepSeek-R1-Distill-Qwen-32B,Uncertainty_Avoidance,2431,1,1,25.0,25.0,25.0
deepseek-ai_DeepSeek-R1-Distill-Qwen-32B,Uncertainty_Avoidance,2431,1,2,25.0,25.0,25.0
deepseek-ai_DeepSeek-R1-Distill-Qwen-32B,Uncertainty_Avoidance,2431,1,3,25.0,25.0,25.0
deepseek-ai_DeepSeek-R1-Distill-Qwen-32B,Uncertainty_Avoidance,2432,1,1,25.0,75.0,25.0
deepseek-ai_DeepSeek-R1-Distill-Qwen-32B,Uncertainty_Avoidance,2432,1,2,25.0,75.0,25.0
deepseek-ai_DeepSeek-R1-Distill-Qwen-32B,Uncertainty_Avoidance,2432,1,3,25.0,25.0,75.0
deepseek-ai_DeepSeek-R1-Distill-Qwen-32B,Uncertainty_Avoidance,2433,1,1,50.0,25.0,50.0
deepseek-ai_DeepSeek-R1-Distill-Qwen-32B,Uncertainty_Avoidance,2433,1,2,50.0,50.0,50.0
deepseek-ai_DeepSeek-R1-Distill-Qwen-32B,Uncertainty_Avoidance,2433,1,3,50.0,25.0,50.0
deepseek-ai_DeepSeek-R1-Distill-Qwen-32B,Uncertainty_Avoidance,2434,1,1,25.0,50.0,0.0
deepseek-ai_DeepSeek-R1-Distill-Qwen-32B,Uncertainty_Avoidance,2434,1,2,25.0,0.0,50.0
deepseek-ai_DeepSeek-R1-Distill-Qwen-32B,Uncertainty_Avoidance,2434,1,3,25.0,50.0,25.0
deepseek-ai_DeepSeek-R1-Distill-Qwen-32B,Uncertainty_Avoidance,2435,1,1,25.0,25.0,25.0
deepseek-ai_DeepSeek-R1-Distill-Qwen-32B,Uncertainty_Avoidance,2435,1,2,25.0,25.0,50.0
deepseek-ai_DeepSeek-R1-Distill-Qwen-32B,Uncertainty_Avoidance,2435,1,3,25.0,25.0,25.0
deepseek-ai_DeepSeek-R1-Distill-Qwen-32B,Uncertainty_Avoidance,2436,1,1,50.0,50.0,50.0
deepseek-ai_DeepSeek-R1-Distill-Qwen-32B,Uncertainty_Avoidance,2436,1,2,50.0,50.0,50.0
deepseek-ai_DeepSeek-R1-Distill-Qwen-32B,Uncertainty_Avoidance,2436,1,3,50.0,50.0,50.0
deepseek-ai_DeepSeek-R1-Distill-Qwen-32B,Uncertainty_Avoidance,2437,1,1,25.0,25.0,25.0
deepseek-ai_DeepSeek-R1-Distill-Qwen-32B,Uncertainty_Avoidance,2437,1,2,25.0,25.0,25.0
deepseek-ai_DeepSeek-R1-Distill-Qwen-32B,Uncertainty_Avoidance,2437,1,3,25.0,25.0,25.0
deepseek-ai_DeepSeek-R1-Distill-Qwen-32B,Uncertainty_Avoidance,2438,1,1,25.0,50.0,25.0
deepseek-ai_DeepSeek-R1-Distill-Qwen-32B,Uncertainty_Avoidance,2438,1,2,25.0,25.0,25.0
deepseek-ai_DeepSeek-R1-Distill-Qwen-32B,Uncertainty_Avoidance,2438,1,3,25.0,25.0,75.0
deepseek-ai_DeepSeek-R1-Distill-Qwen-32B,Uncertainty_Avoidance,2439,1,1,25.0,25.0,25.0
deepseek-ai_DeepSeek-R1-Distill-Qwen-32B,Uncertainty_Avoidance,2439,1,2,25.0,0.0,25.0
deepseek-ai_DeepSeek-R1-Distill-Qwen-32B,Uncertainty_Avoidance,2439,1,3,25.0,25.0,0.0
deepseek-ai_DeepSeek-R1-Distill-Qwen-32B,Uncertainty_Avoidance,2440,1,1,50.0,50.0,50.0
deepseek-ai_DeepSeek-R1-Distill-Qwen-32B,Uncertainty_Avoidance,2440,1,2,50.0,50.0,25.0
deepseek-ai_DeepSeek-R1-Distill-Qwen-32B,Uncertainty_Avoidance,2440,1,3,50.0,50.0,50.0
deepseek-ai_DeepSeek-R1-Distill-Qwen-32B,Uncertainty_Avoidance,2445,1,1,100.0,50.0,50.0
deepseek-ai_DeepSeek-R1-Distill-Qwen-32B,Uncertainty_Avoidance,2445,1,2,100.0,50.0,50.0
deepseek-ai_DeepSeek-R1-Distill-Qwen-32B,Uncertainty_Avoidance,2445,1,3,100.0,50.0,50.0
deepseek-ai_DeepSeek-R1-Distill-Qwen-32B,Uncertainty_Avoidance,2446,1,1,25.0,50.0,50.0
deepseek-ai_DeepSeek-R1-Distill-Qwen-32B,Uncertainty_Avoidance,2446,1,2,25.0,50.0,50.0
deepseek-ai_DeepSeek-R1-Distill-Qwen-32B,Uncertainty_Avoidance,2446,1,3,25.0,50.0,75.0
deepseek-ai_DeepSeek-R1-Distill-Qwen-32B,Uncertainty_Avoidance,2447,1,1,25.0,25.0,25.0
deepseek-ai_DeepSeek-R1-Distill-Qwen-32B,Uncertainty_Avoidance,2447,1,2,25.0,25.0,25.0
deepseek-ai_DeepSeek-R1-Distill-Qwen-32B,Uncertainty_Avoidance,2447,1,3,25.0,0.0,25.0
deepseek-ai_DeepSeek-R1-Distill-Qwen-32B,Uncertainty_Avoidance,2449,1,1,50.0,50.0,25.0
deepseek-ai_DeepSeek-R1-Distill-Qwen-32B,Uncertainty_Avoidance,2449,1,2,50.0,50.0,25.0
deepseek-ai_DeepSeek-R1-Distill-Qwen-32B,Uncertainty_Avoidance,2449,1,3,50.0,50.0,50.0
deepseek-ai_DeepSeek-R1-Distill-Qwen-32B,Uncertainty_Avoidance,2450,1,1,25.0,50.0,25.0
deepseek-ai_DeepSeek-R1-Distill-Qwen-32B,Uncertainty_Avoidance,2450,1,2,25.0,50.0,50.0
deepseek-ai_DeepSeek-R1-Distill-Qwen-32B,Uncertainty_Avoidance,2450,1,3,25.0,50.0,50.0
deepseek-ai_DeepSeek-R1-Distill-Qwen-32B,Uncertainty_Avoidance,2452,1,1,0.0,0.0,50.0
deepseek-ai_DeepSeek-R1-Distill-Qwen-32B,Uncertainty_Avoidance,2452,1,2,0.0,0.0,0.0
deepseek-ai_DeepSeek-R1-Distill-Qwen-32B,Uncertainty_Avoidance,2452,1,3,0.0,0.0,25.0
deepseek-ai_DeepSeek-R1-Distill-Qwen-32B,Uncertainty_Avoidance,2453,1,1,25.0,25.0,25.0
deepseek-ai_DeepSeek-R1-Distill-Qwen-32B,Uncertainty_Avoidance,2453,1,2,25.0,25.0,50.0
deepseek-ai_DeepSeek-R1-Distill-Qwen-32B,Uncertainty_Avoidance,2453,1,3,25.0,25.0,25.0
deepseek-ai_DeepSeek-R1-Distill-Qwen-32B,Uncertainty_Avoidance,2454,1,1,50.0,25.0,25.0
deepseek-ai_DeepSeek-R1-Distill-Qwen-32B,Uncertainty_Avoidance,2454,1,2,50.0,50.0,25.0
deepseek-ai_DeepSeek-R1-Distill-Qwen-32B,Uncertainty_Avoidance,2454,1,3,50.0,50.0,75.0
deepseek-ai_DeepSeek-R1-Distill-Qwen-32B,Uncertainty_Avoidance,2456,1,1,50.0,25.0,0.0
deepseek-ai_DeepSeek-R1-Distill-Qwen-32B,Uncertainty_Avoidance,2456,1,2,50.0,25.0,25.0
deepseek-ai_DeepSeek-R1-Distill-Qwen-32B,Uncertainty_Avoidance,2456,1,3,50.0,25.0,0.0
deepseek-ai_DeepSeek-R1-Distill-Qwen-32B,Uncertainty_Avoidance,2457,1,1,50.0,50.0,25.0
deepseek-ai_DeepSeek-R1-Distill-Qwen-32B,Uncertainty_Avoidance,2457,1,2,50.0,50.0,25.0
deepseek-ai_DeepSeek-R1-Distill-Qwen-32B,Uncertainty_Avoidance,2457,1,3,50.0,25.0,50.0
deepseek-ai_DeepSeek-R1-Distill-Qwen-32B,Uncertainty_Avoidance,2459,1,1,50.0,50.0,50.0
deepseek-ai_DeepSeek-R1-Distill-Qwen-32B,Uncertainty_Avoidance,2459,1,2,50.0,50.0,50.0
deepseek-ai_DeepSeek-R1-Distill-Qwen-32B,Uncertainty_Avoidance,2459,1,3,50.0,50.0,50.0
deepseek-ai_DeepSeek-R1-Distill-Qwen-32B,Uncertainty_Avoidance,2460,1,1,50.0,50.0,50.0
deepseek-ai_DeepSeek-R1-Distill-Qwen-32B,Uncertainty_Avoidance,2460,1,2,50.0,50.0,50.0
deepseek-ai_DeepSeek-R1-Distill-Qwen-32B,Uncertainty_Avoidance,2460,1,3,50.0,50.0,25.0
deepseek-ai_DeepSeek-R1-Distill-Qwen-32B,Uncertainty_Avoidance,2461,1,1,50.0,50.0,50.0
deepseek-ai_DeepSeek-R1-Distill-Qwen-32B,Uncertainty_Avoidance,2461,1,2,50.0,25.0,25.0
deepseek-ai_DeepSeek-R1-Distill-Qwen-32B,Uncertainty_Avoidance,2461,1,3,50.0,0.0,25.0
deepseek-ai_DeepSeek-R1-Distill-Qwen-32B,Uncertainty_Avoidance,2463,1,1,25.0,25.0,25.0
deepseek-ai_DeepSeek-R1-Distill-Qwen-32B,Uncertainty_Avoidance,2463,1,2,25.0,25.0,25.0
deepseek-ai_DeepSeek-R1-Distill-Qwen-32B,Uncertainty_Avoidance,2463,1,3,25.0,25.0,25.0
deepseek-ai_DeepSeek-R1-Distill-Qwen-32B,Uncertainty_Avoidance,2464,1,1,75.0,75.0,75.0
deepseek-ai_DeepSeek-R1-Distill-Qwen-32B,Uncertainty_Avoidance,2464,1,2,75.0,75.0,50.0
deepseek-ai_DeepSeek-R1-Distill-Qwen-32B,Uncertainty_Avoidance,2464,1,3,75.0,75.0,100.0
deepseek-ai_DeepSeek-R1-Distill-Qwen-32B,Uncertainty_Avoidance,2466,1,1,25.0,25.0,25.0
deepseek-ai_DeepSeek-R1-Distill-Qwen-32B,Uncertainty_Avoidance,2466,1,2,25.0,25.0,25.0
deepseek-ai_DeepSeek-R1-Distill-Qwen-32B,Uncertainty_Avoidance,2466,1,3,25.0,25.0,25.0
deepseek-ai_DeepSeek-R1-Distill-Qwen-32B,Uncertainty_Avoidance,2467,1,1,25.0,25.0,0.0
deepseek-ai_DeepSeek-R1-Distill-Qwen-32B,Uncertainty_Avoidance,2467,1,2,25.0,25.0,50.0
deepseek-ai_DeepSeek-R1-Distill-Qwen-32B,Uncertainty_Avoidance,2467,1,3,25.0,50.0,50.0
deepseek-ai_DeepSeek-R1-Distill-Qwen-32B,Uncertainty_Avoidance,2468,1,1,50.0,50.0,50.0
deepseek-ai_DeepSeek-R1-Distill-Qwen-32B,Uncertainty_Avoidance,2468,1,2,50.0,50.0,50.0
deepseek-ai_DeepSeek-R1-Distill-Qwen-32B,Uncertainty_Avoidance,2468,1,3,50.0,50.0,50.0
deepseek-ai_DeepSeek-R1-Distill-Qwen-32B,Uncertainty_Avoidance,2469,1,1,25.0,25.0,50.0
deepseek-ai_DeepSeek-R1-Distill-Qwen-32B,Uncertainty_Avoidance,2469,1,2,25.0,25.0,25.0
deepseek-ai_DeepSeek-R1-Distill-Qwen-32B,Uncertainty_Avoidance,2469,1,3,25.0,25.0,25.0
deepseek-ai_DeepSeek-R1-Distill-Qwen-32B,Uncertainty_Avoidance,2471,1,1,50.0,25.0,50.0
deepseek-ai_DeepSeek-R1-Distill-Qwen-32B,Uncertainty_Avoidance,2471,1,2,50.0,50.0,50.0
deepseek-ai_DeepSeek-R1-Distill-Qwen-32B,Uncertainty_Avoidance,2471,1,3,50.0,25.0,25.0
deepseek-ai_DeepSeek-R1-Distill-Qwen-32B,Uncertainty_Avoidance,2473,1,1,50.0,50.0,75.0
deepseek-ai_DeepSeek-R1-Distill-Qwen-32B,Uncertainty_Avoidance,2473,1,2,50.0,75.0,75.0
deepseek-ai_DeepSeek-R1-Distill-Qwen-32B,Uncertainty_Avoidance,2473,1,3,50.0,25.0,25.0
deepseek-ai_DeepSeek-R1-Distill-Qwen-32B,Uncertainty_Avoidance,2474,1,1,50.0,50.0,0.0
deepseek-ai_DeepSeek-R1-Distill-Qwen-32B,Uncertainty_Avoidance,2474,1,2,50.0,50.0,50.0
deepseek-ai_DeepSeek-R1-Distill-Qwen-32B,Uncertainty_Avoidance,2474,1,3,50.0,0.0,50.0
deepseek-ai_DeepSeek-R1-Distill-Qwen-32B,Uncertainty_Avoidance,2475,1,1,50.0,0.0,0.0
deepseek-ai_DeepSeek-R1-Distill-Qwen-32B,Uncertainty_Avoidance,2475,1,2,50.0,25.0,0.0
deepseek-ai_DeepSeek-R1-Distill-Qwen-32B,Uncertainty_Avoidance,2475,1,3,50.0,0.0,0.0
deepseek-ai_DeepSeek-R1-Distill-Qwen-32B,Uncertainty_Avoidance,2476,1,1,0.0,0.0,0.0
deepseek-ai_DeepSeek-R1-Distill-Qwen-32B,Uncertainty_Avoidance,2476,1,2,0.0,25.0,0.0
deepseek-ai_DeepSeek-R1-Distill-Qwen-32B,Uncertainty_Avoidance,2476,1,3,0.0,0.0,0.0
deepseek-ai_DeepSeek-R1-Distill-Qwen-32B,Uncertainty_Avoidance,2477,1,1,75.0,75.0,75.0
deepseek-ai_DeepSeek-R1-Distill-Qwen-32B,Uncertainty_Avoidance,2477,1,2,75.0,75.0,0.0
deepseek-ai_DeepSeek-R1-Distill-Qwen-32B,Uncertainty_Avoidance,2477,1,3,75.0,75.0,0.0
deepseek-ai_DeepSeek-R1-Distill-Qwen-32B,Uncertainty_Avoidance,2478,1,1,25.0,25.0,75.0
deepseek-ai_DeepSeek-R1-Distill-Qwen-32B,Uncertainty_Avoidance,2478,1,2,25.0,25.0,50.0
deepseek-ai_DeepSeek-R1-Distill-Qwen-32B,Uncertainty_Avoidance,2478,1,3,25.0,75.0,25.0
deepseek-ai_DeepSeek-R1-Distill-Qwen-32B,Uncertainty_Avoidance,2479,1,1,25.0,0.0,50.0
deepseek-ai_DeepSeek-R1-Distill-Qwen-32B,Uncertainty_Avoidance,2479,1,2,25.0,50.0,50.0
deepseek-ai_DeepSeek-R1-Distill-Qwen-32B,Uncertainty_Avoidance,2479,1,3,25.0,50.0,0.0
deepseek-ai_DeepSeek-R1-Distill-Qwen-32B,Uncertainty_Avoidance,2482,1,1,25.0,50.0,50.0
deepseek-ai_DeepSeek-R1-Distill-Qwen-32B,Uncertainty_Avoidance,2482,1,2,25.0,50.0,50.0
deepseek-ai_DeepSeek-R1-Distill-Qwen-32B,Uncertainty_Avoidance,2482,1,3,25.0,50.0,50.0
deepseek-ai_DeepSeek-R1-Distill-Qwen-32B,Uncertainty_Avoidance,2483,1,1,25.0,25.0,75.0
deepseek-ai_DeepSeek-R1-Distill-Qwen-32B,Uncertainty_Avoidance,2483,1,2,25.0,25.0,75.0
deepseek-ai_DeepSeek-R1-Distill-Qwen-32B,Uncertainty_Avoidance,2483,1,3,25.0,25.0,0.0
deepseek-ai_DeepSeek-R1-Distill-Qwen-32B,Uncertainty_Avoidance,2484,1,1,25.0,25.0,25.0
deepseek-ai_DeepSeek-R1-Distill-Qwen-32B,Uncertainty_Avoidance,2484,1,2,25.0,25.0,25.0
deepseek-ai_DeepSeek-R1-Distill-Qwen-32B,Uncertainty_Avoidance,2484,1,3,25.0,25.0,25.0
deepseek-ai_DeepSeek-R1-Distill-Qwen-32B,Uncertainty_Avoidance,2485,1,1,25.0,50.0,25.0
deepseek-ai_DeepSeek-R1-Distill-Qwen-32B,Uncertainty_Avoidance,2485,1,2,25.0,50.0,50.0
deepseek-ai_DeepSeek-R1-Distill-Qwen-32B,Uncertainty_Avoidance,2485,1,3,25.0,50.0,50.0
deepseek-ai_DeepSeek-R1-Distill-Qwen-32B,Uncertainty_Avoidance,2487,1,1,25.0,0.0,25.0
deepseek-ai_DeepSeek-R1-Distill-Qwen-32B,Uncertainty_Avoidance,2487,1,2,25.0,0.0,25.0
deepseek-ai_DeepSeek-R1-Distill-Qwen-32B,Uncertainty_Avoidance,2487,1,3,25.0,75.0,25.0
deepseek-ai_DeepSeek-R1-Distill-Qwen-32B,Uncertainty_Avoidance,2488,1,1,25.0,50.0,50.0
deepseek-ai_DeepSeek-R1-Distill-Qwen-32B,Uncertainty_Avoidance,2488,1,2,25.0,25.0,25.0
deepseek-ai_DeepSeek-R1-Distill-Qwen-32B,Uncertainty_Avoidance,2488,1,3,25.0,50.0,25.0
deepseek-ai_DeepSeek-R1-Distill-Qwen-32B,Uncertainty_Avoidance,2489,1,1,50.0,50.0,50.0
deepseek-ai_DeepSeek-R1-Distill-Qwen-32B,Uncertainty_Avoidance,2489,1,2,50.0,50.0,25.0
deepseek-ai_DeepSeek-R1-Distill-Qwen-32B,Uncertainty_Avoidance,2489,1,3,50.0,25.0,25.0
deepseek-ai_DeepSeek-R1-Distill-Qwen-32B,Uncertainty_Avoidance,2490,1,1,50.0,50.0,50.0
deepseek-ai_DeepSeek-R1-Distill-Qwen-32B,Uncertainty_Avoidance,2490,1,2,50.0,75.0,50.0
deepseek-ai_DeepSeek-R1-Distill-Qwen-32B,Uncertainty_Avoidance,2490,1,3,50.0,50.0,50.0
deepseek-ai_DeepSeek-R1-Distill-Qwen-32B,Uncertainty_Avoidance,2492,1,1,50.0,50.0,50.0
deepseek-ai_DeepSeek-R1-Distill-Qwen-32B,Uncertainty_Avoidance,2492,1,2,50.0,0.0,25.0
deepseek-ai_DeepSeek-R1-Distill-Qwen-32B,Uncertainty_Avoidance,2492,1,3,50.0,50.0,25.0
deepseek-ai_DeepSeek-R1-Distill-Qwen-32B,Uncertainty_Avoidance,2493,1,1,50.0,50.0,50.0
deepseek-ai_DeepSeek-R1-Distill-Qwen-32B,Uncertainty_Avoidance,2493,1,2,50.0,50.0,25.0
deepseek-ai_DeepSeek-R1-Distill-Qwen-32B,Uncertainty_Avoidance,2493,1,3,50.0,50.0,50.0
deepseek-ai_DeepSeek-R1-Distill-Qwen-32B,Uncertainty_Avoidance,2494,1,1,25.0,25.0,25.0
deepseek-ai_DeepSeek-R1-Distill-Qwen-32B,Uncertainty_Avoidance,2494,1,2,25.0,25.0,50.0
deepseek-ai_DeepSeek-R1-Distill-Qwen-32B,Uncertainty_Avoidance,2494,1,3,25.0,50.0,25.0
deepseek-ai_DeepSeek-R1-Distill-Qwen-32B,Uncertainty_Avoidance,2495,1,1,25.0,0.0,75.0
deepseek-ai_DeepSeek-R1-Distill-Qwen-32B,Uncertainty_Avoidance,2495,1,2,25.0,25.0,25.0
deepseek-ai_DeepSeek-R1-Distill-Qwen-32B,Uncertainty_Avoidance,2495,1,3,25.0,0.0,25.0
deepseek-ai_DeepSeek-R1-Distill-Qwen-32B,Uncertainty_Avoidance,2497,1,1,50.0,25.0,50.0
deepseek-ai_DeepSeek-R1-Distill-Qwen-32B,Uncertainty_Avoidance,2497,1,2,50.0,25.0,25.0
deepseek-ai_DeepSeek-R1-Distill-Qwen-32B,Uncertainty_Avoidance,2497,1,3,50.0,75.0,25.0
deepseek-ai_DeepSeek-R1-Distill-Qwen-32B,Uncertainty_Avoidance,2501,1,1,50.0,25.0,50.0
deepseek-ai_DeepSeek-R1-Distill-Qwen-32B,Uncertainty_Avoidance,2501,1,2,50.0,50.0,50.0
deepseek-ai_DeepSeek-R1-Distill-Qwen-32B,Uncertainty_Avoidance,2501,1,3,50.0,75.0,25.0
deepseek-ai_DeepSeek-R1-Distill-Qwen-32B,Uncertainty_Avoidance,2503,1,1,25.0,25.0,50.0
deepseek-ai_DeepSeek-R1-Distill-Qwen-32B,Uncertainty_Avoidance,2503,1,2,25.0,75.0,25.0
deepseek-ai_DeepSeek-R1-Distill-Qwen-32B,Uncertainty_Avoidance,2503,1,3,25.0,25.0,75.0
deepseek-ai_DeepSeek-R1-Distill-Qwen-32B,Uncertainty_Avoidance,2505,1,1,25.0,25.0,50.0
deepseek-ai_DeepSeek-R1-Distill-Qwen-32B,Uncertainty_Avoidance,2505,1,2,25.0,25.0,25.0
deepseek-ai_DeepSeek-R1-Distill-Qwen-32B,Uncertainty_Avoidance,2505,1,3,25.0,50.0,25.0
deepseek-ai_DeepSeek-R1-Distill-Qwen-32B,Uncertainty_Avoidance,2506,1,1,50.0,50.0,50.0
deepseek-ai_DeepSeek-R1-Distill-Qwen-32B,Uncertainty_Avoidance,2506,1,2,50.0,50.0,50.0
deepseek-ai_DeepSeek-R1-Distill-Qwen-32B,Uncertainty_Avoidance,2506,1,3,50.0,50.0,50.0
deepseek-ai_DeepSeek-R1-Distill-Qwen-32B,Uncertainty_Avoidance,2508,1,1,25.0,50.0,50.0
deepseek-ai_DeepSeek-R1-Distill-Qwen-32B,Uncertainty_Avoidance,2508,1,2,25.0,50.0,25.0
deepseek-ai_DeepSeek-R1-Distill-Qwen-32B,Uncertainty_Avoidance,2508,1,3,25.0,50.0,25.0
deepseek-ai_DeepSeek-R1-Distill-Qwen-32B,Uncertainty_Avoidance,2511,1,1,75.0,25.0,75.0
deepseek-ai_DeepSeek-R1-Distill-Qwen-32B,Uncertainty_Avoidance,2511,1,2,75.0,50.0,100.0
deepseek-ai_DeepSeek-R1-Distill-Qwen-32B,Uncertainty_Avoidance,2511,1,3,75.0,75.0,25.0
deepseek-ai_DeepSeek-R1-Distill-Qwen-32B,Uncertainty_Avoidance,2513,1,1,25.0,25.0,50.0
deepseek-ai_DeepSeek-R1-Distill-Qwen-32B,Uncertainty_Avoidance,2513,1,2,25.0,25.0,25.0
deepseek-ai_DeepSeek-R1-Distill-Qwen-32B,Uncertainty_Avoidance,2513,1,3,25.0,25.0,0.0
deepseek-ai_DeepSeek-R1-Distill-Qwen-32B,Uncertainty_Avoidance,2514,1,1,25.0,25.0,25.0
deepseek-ai_DeepSeek-R1-Distill-Qwen-32B,Uncertainty_Avoidance,2514,1,2,25.0,25.0,25.0
deepseek-ai_DeepSeek-R1-Distill-Qwen-32B,Uncertainty_Avoidance,2514,1,3,25.0,25.0,25.0
deepseek-ai_DeepSeek-R1-Distill-Qwen-32B,Uncertainty_Avoidance,2516,1,1,50.0,50.0,50.0
deepseek-ai_DeepSeek-R1-Distill-Qwen-32B,Uncertainty_Avoidance,2516,1,2,50.0,75.0,75.0
deepseek-ai_DeepSeek-R1-Distill-Qwen-32B,Uncertainty_Avoidance,2516,1,3,50.0,50.0,50.0
deepseek-ai_DeepSeek-R1-Distill-Qwen-32B,Uncertainty_Avoidance,2518,1,1,25.0,50.0,25.0
deepseek-ai_DeepSeek-R1-Distill-Qwen-32B,Uncertainty_Avoidance,2518,1,2,25.0,50.0,50.0
deepseek-ai_DeepSeek-R1-Distill-Qwen-32B,Uncertainty_Avoidance,2518,1,3,25.0,25.0,50.0
deepseek-ai_DeepSeek-R1-Distill-Qwen-32B,Uncertainty_Avoidance,2520,1,1,50.0,50.0,50.0
deepseek-ai_DeepSeek-R1-Distill-Qwen-32B,Uncertainty_Avoidance,2520,1,2,50.0,50.0,50.0
deepseek-ai_DeepSeek-R1-Distill-Qwen-32B,Uncertainty_Avoidance,2520,1,3,50.0,50.0,50.0
deepseek-ai_DeepSeek-R1-Distill-Qwen-32B,Uncertainty_Avoidance,2521,1,1,25.0,50.0,50.0
deepseek-ai_DeepSeek-R1-Distill-Qwen-32B,Uncertainty_Avoidance,2521,1,2,25.0,50.0,50.0
deepseek-ai_DeepSeek-R1-Distill-Qwen-32B,Uncertainty_Avoidance,2521,1,3,25.0,50.0,50.0
deepseek-ai_DeepSeek-R1-Distill-Qwen-32B,Uncertainty_Avoidance,2523,1,1,25.0,25.0,25.0
deepseek-ai_DeepSeek-R1-Distill-Qwen-32B,Uncertainty_Avoidance,2523,1,2,25.0,50.0,0.0
deepseek-ai_DeepSeek-R1-Distill-Qwen-32B,Uncertainty_Avoidance,2523,1,3,25.0,25.0,25.0
deepseek-ai_DeepSeek-R1-Distill-Qwen-32B,Uncertainty_Avoidance,2524,1,1,75.0,75.0,50.0
deepseek-ai_DeepSeek-R1-Distill-Qwen-32B,Uncertainty_Avoidance,2524,1,2,75.0,75.0,50.0
deepseek-ai_DeepSeek-R1-Distill-Qwen-32B,Uncertainty_Avoidance,2524,1,3,75.0,75.0,50.0
deepseek-ai_DeepSeek-R1-Distill-Qwen-32B,Uncertainty_Avoidance,2525,1,1,50.0,0.0,0.0
deepseek-ai_DeepSeek-R1-Distill-Qwen-32B,Uncertainty_Avoidance,2525,1,2,50.0,0.0,50.0
deepseek-ai_DeepSeek-R1-Distill-Qwen-32B,Uncertainty_Avoidance,2525,1,3,50.0,50.0,50.0
deepseek-ai_DeepSeek-R1-Distill-Qwen-32B,Uncertainty_Avoidance,2526,1,1,25.0,25.0,25.0
deepseek-ai_DeepSeek-R1-Distill-Qwen-32B,Uncertainty_Avoidance,2526,1,2,25.0,25.0,25.0
deepseek-ai_DeepSeek-R1-Distill-Qwen-32B,Uncertainty_Avoidance,2526,1,3,25.0,25.0,25.0
deepseek-ai_DeepSeek-R1-Distill-Qwen-32B,Uncertainty_Avoidance,2528,1,1,50.0,50.0,50.0
deepseek-ai_DeepSeek-R1-Distill-Qwen-32B,Uncertainty_Avoidance,2528,1,2,50.0,50.0,50.0
deepseek-ai_DeepSeek-R1-Distill-Qwen-32B,Uncertainty_Avoidance,2528,1,3,50.0,50.0,50.0
deepseek-ai_DeepSeek-R1-Distill-Qwen-32B,Uncertainty_Avoidance,2529,1,1,25.0,25.0,25.0
deepseek-ai_DeepSeek-R1-Distill-Qwen-32B,Uncertainty_Avoidance,2529,1,2,25.0,25.0,25.0
deepseek-ai_DeepSeek-R1-Distill-Qwen-32B,Uncertainty_Avoidance,2529,1,3,25.0,50.0,25.0
deepseek-ai_DeepSeek-R1-Distill-Qwen-32B,Uncertainty_Avoidance,2530,1,1,50.0,50.0,50.0
deepseek-ai_DeepSeek-R1-Distill-Qwen-32B,Uncertainty_Avoidance,2530,1,2,50.0,25.0,50.0
deepseek-ai_DeepSeek-R1-Distill-Qwen-32B,Uncertainty_Avoidance,2530,1,3,50.0,75.0,50.0
deepseek-ai_DeepSeek-R1-Distill-Qwen-32B,Uncertainty_Avoidance,2532,1,1,50.0,50.0,25.0
deepseek-ai_DeepSeek-R1-Distill-Qwen-32B,Uncertainty_Avoidance,2532,1,2,50.0,25.0,25.0
deepseek-ai_DeepSeek-R1-Distill-Qwen-32B,Uncertainty_Avoidance,2532,1,3,50.0,25.0,25.0
deepseek-ai_DeepSeek-R1-Distill-Qwen-32B,Uncertainty_Avoidance,2533,1,1,25.0,0.0,50.0
deepseek-ai_DeepSeek-R1-Distill-Qwen-32B,Uncertainty_Avoidance,2533,1,2,25.0,50.0,50.0
deepseek-ai_DeepSeek-R1-Distill-Qwen-32B,Uncertainty_Avoidance,2533,1,3,25.0,25.0,50.0
deepseek-ai_DeepSeek-R1-Distill-Qwen-32B,Uncertainty_Avoidance,2534,1,1,50.0,50.0,25.0
deepseek-ai_DeepSeek-R1-Distill-Qwen-32B,Uncertainty_Avoidance,2534,1,2,50.0,50.0,25.0
deepseek-ai_DeepSeek-R1-Distill-Qwen-32B,Uncertainty_Avoidance,2534,1,3,50.0,25.0,25.0
deepseek-ai_DeepSeek-R1-Distill-Qwen-32B,Uncertainty_Avoidance,2535,1,1,75.0,50.0,75.0
deepseek-ai_DeepSeek-R1-Distill-Qwen-32B,Uncertainty_Avoidance,2535,1,2,75.0,50.0,25.0
deepseek-ai_DeepSeek-R1-Distill-Qwen-32B,Uncertainty_Avoidance,2535,1,3,75.0,50.0,25.0
deepseek-ai_DeepSeek-R1-Distill-Qwen-32B,Uncertainty_Avoidance,2536,1,1,25.0,50.0,50.0
deepseek-ai_DeepSeek-R1-Distill-Qwen-32B,Uncertainty_Avoidance,2536,1,2,25.0,50.0,50.0
deepseek-ai_DeepSeek-R1-Distill-Qwen-32B,Uncertainty_Avoidance,2536,1,3,25.0,50.0,50.0
deepseek-ai_DeepSeek-R1-Distill-Qwen-32B,Uncertainty_Avoidance,2537,1,1,50.0,50.0,50.0
deepseek-ai_DeepSeek-R1-Distill-Qwen-32B,Uncertainty_Avoidance,2537,1,2,50.0,25.0,75.0
deepseek-ai_DeepSeek-R1-Distill-Qwen-32B,Uncertainty_Avoidance,2537,1,3,50.0,50.0,50.0
deepseek-ai_DeepSeek-R1-Distill-Qwen-32B,Uncertainty_Avoidance,2538,1,1,50.0,50.0,50.0
deepseek-ai_DeepSeek-R1-Distill-Qwen-32B,Uncertainty_Avoidance,2538,1,2,50.0,50.0,50.0
deepseek-ai_DeepSeek-R1-Distill-Qwen-32B,Uncertainty_Avoidance,2538,1,3,50.0,50.0,25.0
deepseek-ai_DeepSeek-R1-Distill-Qwen-32B,Uncertainty_Avoidance,2539,1,1,25.0,25.0,25.0
deepseek-ai_DeepSeek-R1-Distill-Qwen-32B,Uncertainty_Avoidance,2539,1,2,25.0,25.0,50.0
deepseek-ai_DeepSeek-R1-Distill-Qwen-32B,Uncertainty_Avoidance,2539,1,3,25.0,25.0,25.0
deepseek-ai_DeepSeek-R1-Distill-Qwen-32B,Uncertainty_Avoidance,2542,1,1,50.0,50.0,50.0
deepseek-ai_DeepSeek-R1-Distill-Qwen-32B,Uncertainty_Avoidance,2542,1,2,50.0,50.0,50.0
deepseek-ai_DeepSeek-R1-Distill-Qwen-32B,Uncertainty_Avoidance,2542,1,3,50.0,50.0,50.0
deepseek-ai_DeepSeek-R1-Distill-Qwen-32B,Uncertainty_Avoidance,2543,1,1,50.0,0.0,0.0
deepseek-ai_DeepSeek-R1-Distill-Qwen-32B,Uncertainty_Avoidance,2543,1,2,50.0,25.0,25.0
deepseek-ai_DeepSeek-R1-Distill-Qwen-32B,Uncertainty_Avoidance,2543,1,3,50.0,50.0,25.0
deepseek-ai_DeepSeek-R1-Distill-Qwen-32B,Uncertainty_Avoidance,2544,1,1,50.0,50.0,50.0
deepseek-ai_DeepSeek-R1-Distill-Qwen-32B,Uncertainty_Avoidance,2544,1,2,50.0,50.0,50.0
deepseek-ai_DeepSeek-R1-Distill-Qwen-32B,Uncertainty_Avoidance,2544,1,3,50.0,50.0,25.0
deepseek-ai_DeepSeek-R1-Distill-Qwen-32B,Uncertainty_Avoidance,2545,1,1,25.0,25.0,25.0
deepseek-ai_DeepSeek-R1-Distill-Qwen-32B,Uncertainty_Avoidance,2545,1,2,25.0,75.0,25.0
deepseek-ai_DeepSeek-R1-Distill-Qwen-32B,Uncertainty_Avoidance,2545,1,3,25.0,25.0,75.0
deepseek-ai_DeepSeek-R1-Distill-Qwen-32B,Uncertainty_Avoidance,2546,1,1,50.0,25.0,25.0
deepseek-ai_DeepSeek-R1-Distill-Qwen-32B,Uncertainty_Avoidance,2546,1,2,50.0,25.0,25.0
deepseek-ai_DeepSeek-R1-Distill-Qwen-32B,Uncertainty_Avoidance,2546,1,3,50.0,25.0,25.0
deepseek-ai_DeepSeek-R1-Distill-Qwen-32B,Uncertainty_Avoidance,2548,1,1,25.0,25.0,75.0
deepseek-ai_DeepSeek-R1-Distill-Qwen-32B,Uncertainty_Avoidance,2548,1,2,25.0,25.0,25.0
deepseek-ai_DeepSeek-R1-Distill-Qwen-32B,Uncertainty_Avoidance,2548,1,3,25.0,50.0,25.0
deepseek-ai_DeepSeek-R1-Distill-Qwen-32B,Uncertainty_Avoidance,2549,1,1,50.0,75.0,75.0
deepseek-ai_DeepSeek-R1-Distill-Qwen-32B,Uncertainty_Avoidance,2549,1,2,50.0,50.0,75.0
deepseek-ai_DeepSeek-R1-Distill-Qwen-32B,Uncertainty_Avoidance,2549,1,3,50.0,50.0,75.0
deepseek-ai_DeepSeek-R1-Distill-Qwen-32B,Uncertainty_Avoidance,2550,1,1,75.0,75.0,50.0
deepseek-ai_DeepSeek-R1-Distill-Qwen-32B,Uncertainty_Avoidance,2550,1,2,75.0,50.0,50.0
deepseek-ai_DeepSeek-R1-Distill-Qwen-32B,Uncertainty_Avoidance,2550,1,3,75.0,50.0,100.0
deepseek-ai_DeepSeek-R1-Distill-Qwen-32B,Uncertainty_Avoidance,2553,1,1,50.0,75.0,50.0
deepseek-ai_DeepSeek-R1-Distill-Qwen-32B,Uncertainty_Avoidance,2553,1,2,50.0,50.0,50.0
deepseek-ai_DeepSeek-R1-Distill-Qwen-32B,Uncertainty_Avoidance,2553,1,3,50.0,50.0,50.0
deepseek-ai_DeepSeek-R1-Distill-Qwen-32B,Uncertainty_Avoidance,2554,1,1,50.0,50.0,0.0
deepseek-ai_DeepSeek-R1-Distill-Qwen-32B,Uncertainty_Avoidance,2554,1,2,50.0,25.0,25.0
deepseek-ai_DeepSeek-R1-Distill-Qwen-32B,Uncertainty_Avoidance,2554,1,3,50.0,75.0,50.0
deepseek-ai_DeepSeek-R1-Distill-Qwen-32B,Uncertainty_Avoidance,2556,1,1,0.0,25.0,25.0
deepseek-ai_DeepSeek-R1-Distill-Qwen-32B,Uncertainty_Avoidance,2556,1,2,0.0,0.0,25.0
deepseek-ai_DeepSeek-R1-Distill-Qwen-32B,Uncertainty_Avoidance,2556,1,3,0.0,25.0,25.0
deepseek-ai_DeepSeek-R1-Distill-Qwen-32B,Uncertainty_Avoidance,2557,1,1,25.0,25.0,25.0
deepseek-ai_DeepSeek-R1-Distill-Qwen-32B,Uncertainty_Avoidance,2557,1,2,25.0,25.0,0.0
deepseek-ai_DeepSeek-R1-Distill-Qwen-32B,Uncertainty_Avoidance,2557,1,3,25.0,25.0,0.0
deepseek-ai_DeepSeek-R1-Distill-Qwen-32B,Uncertainty_Avoidance,2558,1,1,25.0,25.0,25.0
deepseek-ai_DeepSeek-R1-Distill-Qwen-32B,Uncertainty_Avoidance,2558,1,2,25.0,25.0,25.0
deepseek-ai_DeepSeek-R1-Distill-Qwen-32B,Uncertainty_Avoidance,2558,1,3,25.0,25.0,25.0
deepseek-ai_DeepSeek-R1-Distill-Qwen-32B,Uncertainty_Avoidance,2559,1,1,50.0,50.0,50.0
deepseek-ai_DeepSeek-R1-Distill-Qwen-32B,Uncertainty_Avoidance,2559,1,2,50.0,50.0,25.0
deepseek-ai_DeepSeek-R1-Distill-Qwen-32B,Uncertainty_Avoidance,2559,1,3,50.0,50.0,50.0
deepseek-ai_DeepSeek-R1-Distill-Qwen-32B,Uncertainty_Avoidance,2562,1,1,25.0,25.0,25.0
deepseek-ai_DeepSeek-R1-Distill-Qwen-32B,Uncertainty_Avoidance,2562,1,2,25.0,25.0,50.0
deepseek-ai_DeepSeek-R1-Distill-Qwen-32B,Uncertainty_Avoidance,2562,1,3,25.0,25.0,25.0
deepseek-ai_DeepSeek-R1-Distill-Qwen-32B,Uncertainty_Avoidance,2563,1,1,100.0,100.0,100.0
deepseek-ai_DeepSeek-R1-Distill-Qwen-32B,Uncertainty_Avoidance,2563,1,2,100.0,100.0,100.0
deepseek-ai_DeepSeek-R1-Distill-Qwen-32B,Uncertainty_Avoidance,2563,1,3,100.0,100.0,100.0
deepseek-ai_DeepSeek-R1-Distill-Qwen-32B,Uncertainty_Avoidance,2564,1,1,25.0,50.0,50.0
deepseek-ai_DeepSeek-R1-Distill-Qwen-32B,Uncertainty_Avoidance,2564,1,2,25.0,50.0,25.0
deepseek-ai_DeepSeek-R1-Distill-Qwen-32B,Uncertainty_Avoidance,2564,1,3,25.0,25.0,50.0
deepseek-ai_DeepSeek-R1-Distill-Qwen-32B,Uncertainty_Avoidance,2565,1,1,25.0,75.0,50.0
deepseek-ai_DeepSeek-R1-Distill-Qwen-32B,Uncertainty_Avoidance,2565,1,2,25.0,0.0,25.0
deepseek-ai_DeepSeek-R1-Distill-Qwen-32B,Uncertainty_Avoidance,2565,1,3,25.0,25.0,25.0
deepseek-ai_DeepSeek-R1-Distill-Qwen-32B,Uncertainty_Avoidance,2566,1,1,0.0,25.0,0.0
deepseek-ai_DeepSeek-R1-Distill-Qwen-32B,Uncertainty_Avoidance,2566,1,2,0.0,0.0,0.0
deepseek-ai_DeepSeek-R1-Distill-Qwen-32B,Uncertainty_Avoidance,2566,1,3,0.0,25.0,0.0
deepseek-ai_DeepSeek-R1-Distill-Qwen-32B,Uncertainty_Avoidance,2567,1,1,50.0,50.0,25.0
deepseek-ai_DeepSeek-R1-Distill-Qwen-32B,Uncertainty_Avoidance,2567,1,2,50.0,25.0,25.0
deepseek-ai_DeepSeek-R1-Distill-Qwen-32B,Uncertainty_Avoidance,2567,1,3,50.0,25.0,25.0
deepseek-ai_DeepSeek-R1-Distill-Qwen-32B,Uncertainty_Avoidance,2568,1,1,50.0,25.0,50.0
deepseek-ai_DeepSeek-R1-Distill-Qwen-32B,Uncertainty_Avoidance,2568,1,2,50.0,50.0,0.0
deepseek-ai_DeepSeek-R1-Distill-Qwen-32B,Uncertainty_Avoidance,2568,1,3,50.0,50.0,50.0
deepseek-ai_DeepSeek-R1-Distill-Qwen-32B,Uncertainty_Avoidance,2569,1,1,25.0,25.0,0.0
deepseek-ai_DeepSeek-R1-Distill-Qwen-32B,Uncertainty_Avoidance,2569,1,2,25.0,25.0,50.0
deepseek-ai_DeepSeek-R1-Distill-Qwen-32B,Uncertainty_Avoidance,2569,1,3,25.0,0.0,0.0
deepseek-ai_DeepSeek-R1-Distill-Qwen-32B,Uncertainty_Avoidance,2570,1,1,50.0,50.0,25.0
deepseek-ai_DeepSeek-R1-Distill-Qwen-32B,Uncertainty_Avoidance,2570,1,2,50.0,50.0,25.0
deepseek-ai_DeepSeek-R1-Distill-Qwen-32B,Uncertainty_Avoidance,2570,1,3,50.0,25.0,25.0
deepseek-ai_DeepSeek-R1-Distill-Qwen-32B,Uncertainty_Avoidance,2571,1,1,75.0,25.0,25.0
deepseek-ai_DeepSeek-R1-Distill-Qwen-32B,Uncertainty_Avoidance,2571,1,2,75.0,25.0,25.0
deepseek-ai_DeepSeek-R1-Distill-Qwen-32B,Uncertainty_Avoidance,2571,1,3,75.0,75.0,25.0
deepseek-ai_DeepSeek-R1-Distill-Qwen-32B,Uncertainty_Avoidance,2573,1,1,100.0,50.0,25.0
deepseek-ai_DeepSeek-R1-Distill-Qwen-32B,Uncertainty_Avoidance,2573,1,2,100.0,25.0,25.0
deepseek-ai_DeepSeek-R1-Distill-Qwen-32B,Uncertainty_Avoidance,2573,1,3,100.0,25.0,25.0
deepseek-ai_DeepSeek-R1-Distill-Qwen-32B,Uncertainty_Avoidance,2575,1,1,25.0,25.0,50.0
deepseek-ai_DeepSeek-R1-Distill-Qwen-32B,Uncertainty_Avoidance,2575,1,2,25.0,25.0,25.0
deepseek-ai_DeepSeek-R1-Distill-Qwen-32B,Uncertainty_Avoidance,2575,1,3,25.0,50.0,25.0
deepseek-ai_DeepSeek-R1-Distill-Qwen-32B,Uncertainty_Avoidance,2577,1,1,50.0,25.0,50.0
deepseek-ai_DeepSeek-R1-Distill-Qwen-32B,Uncertainty_Avoidance,2577,1,2,50.0,25.0,50.0
deepseek-ai_DeepSeek-R1-Distill-Qwen-32B,Uncertainty_Avoidance,2577,1,3,50.0,25.0,25.0
deepseek-ai_DeepSeek-R1-Distill-Qwen-32B,Uncertainty_Avoidance,2578,1,1,0.0,25.0,25.0
deepseek-ai_DeepSeek-R1-Distill-Qwen-32B,Uncertainty_Avoidance,2578,1,2,0.0,0.0,25.0
deepseek-ai_DeepSeek-R1-Distill-Qwen-32B,Uncertainty_Avoidance,2578,1,3,0.0,0.0,0.0
deepseek-ai_DeepSeek-R1-Distill-Qwen-32B,Uncertainty_Avoidance,2579,1,1,25.0,25.0,25.0
deepseek-ai_DeepSeek-R1-Distill-Qwen-32B,Uncertainty_Avoidance,2579,1,2,25.0,25.0,75.0
deepseek-ai_DeepSeek-R1-Distill-Qwen-32B,Uncertainty_Avoidance,2579,1,3,25.0,75.0,75.0
deepseek-ai_DeepSeek-R1-Distill-Qwen-32B,Uncertainty_Avoidance,2580,1,1,25.0,50.0,25.0
deepseek-ai_DeepSeek-R1-Distill-Qwen-32B,Uncertainty_Avoidance,2580,1,2,25.0,25.0,50.0
deepseek-ai_DeepSeek-R1-Distill-Qwen-32B,Uncertainty_Avoidance,2580,1,3,25.0,50.0,25.0
deepseek-ai_DeepSeek-R1-Distill-Qwen-32B,Uncertainty_Avoidance,2581,1,1,50.0,50.0,50.0
deepseek-ai_DeepSeek-R1-Distill-Qwen-32B,Uncertainty_Avoidance,2581,1,2,50.0,25.0,25.0
deepseek-ai_DeepSeek-R1-Distill-Qwen-32B,Uncertainty_Avoidance,2581,1,3,50.0,50.0,50.0
deepseek-ai_DeepSeek-R1-Distill-Qwen-32B,Uncertainty_Avoidance,2583,1,1,50.0,50.0,50.0
deepseek-ai_DeepSeek-R1-Distill-Qwen-32B,Uncertainty_Avoidance,2583,1,2,50.0,50.0,50.0
deepseek-ai_DeepSeek-R1-Distill-Qwen-32B,Uncertainty_Avoidance,2583,1,3,50.0,50.0,50.0
deepseek-ai_DeepSeek-R1-Distill-Qwen-32B,Uncertainty_Avoidance,2584,1,1,50.0,50.0,50.0
deepseek-ai_DeepSeek-R1-Distill-Qwen-32B,Uncertainty_Avoidance,2584,1,2,50.0,50.0,50.0
deepseek-ai_DeepSeek-R1-Distill-Qwen-32B,Uncertainty_Avoidance,2584,1,3,50.0,50.0,50.0
deepseek-ai_DeepSeek-R1-Distill-Qwen-32B,Uncertainty_Avoidance,2585,1,1,75.0,0.0,0.0
deepseek-ai_DeepSeek-R1-Distill-Qwen-32B,Uncertainty_Avoidance,2585,1,2,75.0,50.0,0.0
deepseek-ai_DeepSeek-R1-Distill-Qwen-32B,Uncertainty_Avoidance,2585,1,3,75.0,50.0,0.0
deepseek-ai_DeepSeek-R1-Distill-Qwen-32B,Uncertainty_Avoidance,2587,1,1,25.0,50.0,25.0
deepseek-ai_DeepSeek-R1-Distill-Qwen-32B,Uncertainty_Avoidance,2587,1,2,25.0,25.0,75.0
deepseek-ai_DeepSeek-R1-Distill-Qwen-32B,Uncertainty_Avoidance,2587,1,3,25.0,25.0,75.0
deepseek-ai_DeepSeek-R1-Distill-Qwen-32B,Uncertainty_Avoidance,2588,1,1,0.0,25.0,25.0
deepseek-ai_DeepSeek-R1-Distill-Qwen-32B,Uncertainty_Avoidance,2588,1,2,0.0,25.0,25.0
deepseek-ai_DeepSeek-R1-Distill-Qwen-32B,Uncertainty_Avoidance,2588,1,3,0.0,25.0,25.0
deepseek-ai_DeepSeek-R1-Distill-Qwen-32B,Uncertainty_Avoidance,2589,1,1,50.0,25.0,50.0
deepseek-ai_DeepSeek-R1-Distill-Qwen-32B,Uncertainty_Avoidance,2589,1,2,50.0,50.0,50.0
deepseek-ai_DeepSeek-R1-Distill-Qwen-32B,Uncertainty_Avoidance,2589,1,3,50.0,50.0,50.0
deepseek-ai_DeepSeek-R1-Distill-Qwen-32B,Uncertainty_Avoidance,2591,1,1,100.0,100.0,100.0
deepseek-ai_DeepSeek-R1-Distill-Qwen-32B,Uncertainty_Avoidance,2591,1,2,100.0,50.0,75.0
deepseek-ai_DeepSeek-R1-Distill-Qwen-32B,Uncertainty_Avoidance,2591,1,3,100.0,100.0,100.0
deepseek-ai_DeepSeek-R1-Distill-Qwen-32B,Uncertainty_Avoidance,2592,1,1,0.0,0.0,0.0
deepseek-ai_DeepSeek-R1-Distill-Qwen-32B,Uncertainty_Avoidance,2592,1,2,0.0,0.0,0.0
deepseek-ai_DeepSeek-R1-Distill-Qwen-32B,Uncertainty_Avoidance,2592,1,3,0.0,0.0,50.0
deepseek-ai_DeepSeek-R1-Distill-Qwen-32B,Uncertainty_Avoidance,2594,1,1,0.0,50.0,0.0
deepseek-ai_DeepSeek-R1-Distill-Qwen-32B,Uncertainty_Avoidance,2594,1,2,0.0,0.0,50.0
deepseek-ai_DeepSeek-R1-Distill-Qwen-32B,Uncertainty_Avoidance,2594,1,3,0.0,25.0,25.0
deepseek-ai_DeepSeek-R1-Distill-Qwen-32B,Uncertainty_Avoidance,2595,1,1,25.0,25.0,75.0
deepseek-ai_DeepSeek-R1-Distill-Qwen-32B,Uncertainty_Avoidance,2595,1,2,25.0,25.0,25.0
deepseek-ai_DeepSeek-R1-Distill-Qwen-32B,Uncertainty_Avoidance,2595,1,3,25.0,25.0,75.0
deepseek-ai_DeepSeek-R1-Distill-Qwen-32B,Uncertainty_Avoidance,2596,1,1,50.0,50.0,0.0
deepseek-ai_DeepSeek-R1-Distill-Qwen-32B,Uncertainty_Avoidance,2596,1,2,50.0,50.0,75.0
deepseek-ai_DeepSeek-R1-Distill-Qwen-32B,Uncertainty_Avoidance,2596,1,3,50.0,75.0,75.0
deepseek-ai_DeepSeek-R1-Distill-Qwen-32B,Uncertainty_Avoidance,2598,1,1,50.0,50.0,50.0
deepseek-ai_DeepSeek-R1-Distill-Qwen-32B,Uncertainty_Avoidance,2598,1,2,50.0,50.0,50.0
deepseek-ai_DeepSeek-R1-Distill-Qwen-32B,Uncertainty_Avoidance,2598,1,3,50.0,50.0,0.0
deepseek-ai_DeepSeek-R1-Distill-Qwen-32B,Uncertainty_Avoidance,2599,1,1,50.0,50.0,50.0
deepseek-ai_DeepSeek-R1-Distill-Qwen-32B,Uncertainty_Avoidance,2599,1,2,50.0,50.0,50.0
deepseek-ai_DeepSeek-R1-Distill-Qwen-32B,Uncertainty_Avoidance,2599,1,3,50.0,50.0,50.0
deepseek-ai_DeepSeek-R1-Distill-Qwen-32B,Uncertainty_Avoidance,2601,1,1,75.0,50.0,50.0
deepseek-ai_DeepSeek-R1-Distill-Qwen-32B,Uncertainty_Avoidance,2601,1,2,75.0,50.0,50.0
deepseek-ai_DeepSeek-R1-Distill-Qwen-32B,Uncertainty_Avoidance,2601,1,3,75.0,50.0,50.0
deepseek-ai_DeepSeek-R1-Distill-Qwen-32B,Uncertainty_Avoidance,2604,1,1,25.0,50.0,50.0
deepseek-ai_DeepSeek-R1-Distill-Qwen-32B,Uncertainty_Avoidance,2604,1,2,25.0,50.0,50.0
deepseek-ai_DeepSeek-R1-Distill-Qwen-32B,Uncertainty_Avoidance,2604,1,3,25.0,25.0,25.0
deepseek-ai_DeepSeek-R1-Distill-Qwen-32B,Uncertainty_Avoidance,2605,1,1,50.0,75.0,50.0
deepseek-ai_DeepSeek-R1-Distill-Qwen-32B,Uncertainty_Avoidance,2605,1,2,50.0,50.0,75.0
deepseek-ai_DeepSeek-R1-Distill-Qwen-32B,Uncertainty_Avoidance,2605,1,3,50.0,50.0,75.0
deepseek-ai_DeepSeek-R1-Distill-Qwen-32B,Uncertainty_Avoidance,2608,1,1,75.0,50.0,50.0
deepseek-ai_DeepSeek-R1-Distill-Qwen-32B,Uncertainty_Avoidance,2608,1,2,75.0,50.0,50.0
deepseek-ai_DeepSeek-R1-Distill-Qwen-32B,Uncertainty_Avoidance,2608,1,3,75.0,50.0,50.0
deepseek-ai_DeepSeek-R1-Distill-Qwen-32B,Uncertainty_Avoidance,2610,1,1,50.0,50.0,50.0
deepseek-ai_DeepSeek-R1-Distill-Qwen-32B,Uncertainty_Avoidance,2610,1,2,50.0,50.0,50.0
deepseek-ai_DeepSeek-R1-Distill-Qwen-32B,Uncertainty_Avoidance,2610,1,3,50.0,50.0,50.0
deepseek-ai_DeepSeek-R1-Distill-Qwen-32B,Uncertainty_Avoidance,2612,1,1,50.0,50.0,50.0
deepseek-ai_DeepSeek-R1-Distill-Qwen-32B,Uncertainty_Avoidance,2612,1,2,50.0,25.0,25.0
deepseek-ai_DeepSeek-R1-Distill-Qwen-32B,Uncertainty_Avoidance,2612,1,3,50.0,50.0,25.0
deepseek-ai_DeepSeek-R1-Distill-Qwen-32B,Uncertainty_Avoidance,2619,1,1,50.0,50.0,50.0
deepseek-ai_DeepSeek-R1-Distill-Qwen-32B,Uncertainty_Avoidance,2619,1,2,50.0,50.0,50.0
deepseek-ai_DeepSeek-R1-Distill-Qwen-32B,Uncertainty_Avoidance,2619,1,3,50.0,50.0,50.0
deepseek-ai_DeepSeek-R1-Distill-Qwen-32B,Uncertainty_Avoidance,2620,1,1,25.0,25.0,50.0
deepseek-ai_DeepSeek-R1-Distill-Qwen-32B,Uncertainty_Avoidance,2620,1,2,25.0,50.0,50.0
deepseek-ai_DeepSeek-R1-Distill-Qwen-32B,Uncertainty_Avoidance,2620,1,3,25.0,50.0,50.0
deepseek-ai_DeepSeek-R1-Distill-Qwen-32B,Uncertainty_Avoidance,2622,1,1,50.0,50.0,50.0
deepseek-ai_DeepSeek-R1-Distill-Qwen-32B,Uncertainty_Avoidance,2622,1,2,50.0,50.0,50.0
deepseek-ai_DeepSeek-R1-Distill-Qwen-32B,Uncertainty_Avoidance,2622,1,3,50.0,50.0,50.0
deepseek-ai_DeepSeek-R1-Distill-Qwen-32B,Uncertainty_Avoidance,2623,1,1,75.0,75.0,0.0
deepseek-ai_DeepSeek-R1-Distill-Qwen-32B,Uncertainty_Avoidance,2623,1,2,75.0,25.0,0.0
deepseek-ai_DeepSeek-R1-Distill-Qwen-32B,Uncertainty_Avoidance,2623,1,3,75.0,75.0,0.0
deepseek-ai_DeepSeek-R1-Distill-Qwen-32B,Uncertainty_Avoidance,2630,1,1,25.0,0.0,25.0
deepseek-ai_DeepSeek-R1-Distill-Qwen-32B,Uncertainty_Avoidance,2630,1,2,25.0,25.0,25.0
deepseek-ai_DeepSeek-R1-Distill-Qwen-32B,Uncertainty_Avoidance,2630,1,3,25.0,50.0,50.0
deepseek-ai_DeepSeek-R1-Distill-Qwen-32B,Uncertainty_Avoidance,2634,1,1,25.0,25.0,25.0
deepseek-ai_DeepSeek-R1-Distill-Qwen-32B,Uncertainty_Avoidance,2634,1,2,25.0,25.0,50.0
deepseek-ai_DeepSeek-R1-Distill-Qwen-32B,Uncertainty_Avoidance,2634,1,3,25.0,25.0,25.0
deepseek-ai_DeepSeek-R1-Distill-Qwen-32B,Uncertainty_Avoidance,2639,1,1,50.0,50.0,50.0
deepseek-ai_DeepSeek-R1-Distill-Qwen-32B,Uncertainty_Avoidance,2639,1,2,50.0,50.0,50.0
deepseek-ai_DeepSeek-R1-Distill-Qwen-32B,Uncertainty_Avoidance,2639,1,3,50.0,50.0,50.0
deepseek-ai_DeepSeek-R1-Distill-Qwen-32B,Uncertainty_Avoidance,2640,1,1,25.0,50.0,50.0
deepseek-ai_DeepSeek-R1-Distill-Qwen-32B,Uncertainty_Avoidance,2640,1,2,25.0,50.0,50.0
deepseek-ai_DeepSeek-R1-Distill-Qwen-32B,Uncertainty_Avoidance,2640,1,3,25.0,50.0,25.0
deepseek-ai_DeepSeek-R1-Distill-Qwen-32B,Uncertainty_Avoidance,2641,1,1,50.0,50.0,50.0
deepseek-ai_DeepSeek-R1-Distill-Qwen-32B,Uncertainty_Avoidance,2641,1,2,50.0,50.0,50.0
deepseek-ai_DeepSeek-R1-Distill-Qwen-32B,Uncertainty_Avoidance,2641,1,3,50.0,50.0,50.0
deepseek-ai_DeepSeek-R1-Distill-Qwen-32B,Uncertainty_Avoidance,2644,1,1,25.0,25.0,25.0
deepseek-ai_DeepSeek-R1-Distill-Qwen-32B,Uncertainty_Avoidance,2644,1,2,25.0,25.0,50.0
deepseek-ai_DeepSeek-R1-Distill-Qwen-32B,Uncertainty_Avoidance,2644,1,3,25.0,25.0,25.0
deepseek-ai_DeepSeek-R1-Distill-Qwen-32B,Uncertainty_Avoidance,2646,1,1,50.0,25.0,25.0
deepseek-ai_DeepSeek-R1-Distill-Qwen-32B,Uncertainty_Avoidance,2646,1,2,50.0,25.0,50.0
deepseek-ai_DeepSeek-R1-Distill-Qwen-32B,Uncertainty_Avoidance,2646,1,3,50.0,25.0,25.0
deepseek-ai_DeepSeek-R1-Distill-Qwen-32B,Uncertainty_Avoidance,2651,1,1,100.0,50.0,100.0
deepseek-ai_DeepSeek-R1-Distill-Qwen-32B,Uncertainty_Avoidance,2651,1,2,100.0,100.0,100.0
deepseek-ai_DeepSeek-R1-Distill-Qwen-32B,Uncertainty_Avoidance,2651,1,3,100.0,100.0,100.0
deepseek-ai_DeepSeek-R1-Distill-Qwen-32B,Uncertainty_Avoidance,2658,1,1,50.0,50.0,50.0
deepseek-ai_DeepSeek-R1-Distill-Qwen-32B,Uncertainty_Avoidance,2658,1,2,50.0,50.0,50.0
deepseek-ai_DeepSeek-R1-Distill-Qwen-32B,Uncertainty_Avoidance,2658,1,3,50.0,50.0,50.0
google_gemma-3-27b-it,Individualism,0,1,1,0.0,0.0,0.0
google_gemma-3-27b-it,Individualism,0,1,2,0.0,0.0,0.0
google_gemma-3-27b-it,Individualism,0,1,3,0.0,0.0,0.0
google_gemma-3-27b-it,Individualism,1,1,1,75.0,75.0,75.0
google_gemma-3-27b-it,Individualism,1,1,2,75.0,75.0,75.0
google_gemma-3-27b-it,Individualism,1,1,3,75.0,75.0,75.0
google_gemma-3-27b-it,Individualism,10,1,1,50.0,50.0,50.0
google_gemma-3-27b-it,Individualism,10,1,2,50.0,50.0,50.0
google_gemma-3-27b-it,Individualism,10,1,3,50.0,50.0,50.0
google_gemma-3-27b-it,Individualism,100,1,1,50.0,50.0,50.0
google_gemma-3-27b-it,Individualism,100,1,2,50.0,50.0,50.0
google_gemma-3-27b-it,Individualism,100,1,3,50.0,50.0,50.0
google_gemma-3-27b-it,Individualism,102,1,1,25.0,25.0,25.0
google_gemma-3-27b-it,Individualism,102,1,2,25.0,25.0,25.0
google_gemma-3-27b-it,Individualism,102,1,3,25.0,25.0,25.0
google_gemma-3-27b-it,Individualism,103,1,1,25.0,25.0,25.0
google_gemma-3-27b-it,Individualism,103,1,2,25.0,25.0,25.0
google_gemma-3-27b-it,Individualism,103,1,3,25.0,25.0,25.0
google_gemma-3-27b-it,Individualism,104,1,1,25.0,25.0,25.0
google_gemma-3-27b-it,Individualism,104,1,2,25.0,25.0,25.0
google_gemma-3-27b-it,Individualism,104,1,3,25.0,25.0,25.0
google_gemma-3-27b-it,Individualism,105,1,1,50.0,50.0,50.0
google_gemma-3-27b-it,Individualism,105,1,2,50.0,50.0,50.0
google_gemma-3-27b-it,Individualism,105,1,3,50.0,50.0,50.0
google_gemma-3-27b-it,Individualism,106,1,1,50.0,50.0,50.0
google_gemma-3-27b-it,Individualism,106,1,2,50.0,50.0,25.0
google_gemma-3-27b-it,Individualism,106,1,3,50.0,50.0,25.0
google_gemma-3-27b-it,Individualism,107,1,1,75.0,75.0,75.0
google_gemma-3-27b-it,Individualism,107,1,2,75.0,75.0,75.0
google_gemma-3-27b-it,Individualism,107,1,3,75.0,75.0,75.0
google_gemma-3-27b-it,Individualism,109,1,1,50.0,50.0,50.0
google_gemma-3-27b-it,Individualism,109,1,2,50.0,50.0,50.0
google_gemma-3-27b-it,Individualism,109,1,3,50.0,50.0,50.0
google_gemma-3-27b-it,Individualism,11,1,1,50.0,50.0,50.0
google_gemma-3-27b-it,Individualism,11,1,2,50.0,50.0,50.0
google_gemma-3-27b-it,Individualism,11,1,3,50.0,50.0,50.0
google_gemma-3-27b-it,Individualism,110,1,1,50.0,50.0,50.0
google_gemma-3-27b-it,Individualism,110,1,2,50.0,50.0,50.0
google_gemma-3-27b-it,Individualism,110,1,3,50.0,50.0,50.0
google_gemma-3-27b-it,Individualism,113,1,1,50.0,50.0,50.0
google_gemma-3-27b-it,Individualism,113,1,2,50.0,50.0,50.0
google_gemma-3-27b-it,Individualism,113,1,3,50.0,50.0,50.0
google_gemma-3-27b-it,Individualism,114,1,1,25.0,25.0,25.0
google_gemma-3-27b-it,Individualism,114,1,2,25.0,25.0,25.0
google_gemma-3-27b-it,Individualism,114,1,3,25.0,25.0,25.0
google_gemma-3-27b-it,Individualism,118,1,1,50.0,50.0,50.0
google_gemma-3-27b-it,Individualism,118,1,2,50.0,50.0,50.0
google_gemma-3-27b-it,Individualism,118,1,3,50.0,50.0,50.0
google_gemma-3-27b-it,Individualism,119,1,1,25.0,25.0,25.0
google_gemma-3-27b-it,Individualism,119,1,2,25.0,25.0,25.0
google_gemma-3-27b-it,Individualism,119,1,3,25.0,25.0,25.0
google_gemma-3-27b-it,Individualism,12,1,1,50.0,50.0,50.0
google_gemma-3-27b-it,Individualism,12,1,2,50.0,50.0,50.0
google_gemma-3-27b-it,Individualism,12,1,3,50.0,50.0,50.0
google_gemma-3-27b-it,Individualism,121,1,1,25.0,25.0,25.0
google_gemma-3-27b-it,Individualism,121,1,2,25.0,25.0,25.0
google_gemma-3-27b-it,Individualism,121,1,3,25.0,25.0,25.0
google_gemma-3-27b-it,Individualism,122,1,1,50.0,50.0,50.0
google_gemma-3-27b-it,Individualism,122,1,2,50.0,50.0,50.0
google_gemma-3-27b-it,Individualism,122,1,3,50.0,50.0,50.0
google_gemma-3-27b-it,Individualism,123,1,1,50.0,50.0,50.0
google_gemma-3-27b-it,Individualism,123,1,2,50.0,50.0,25.0
google_gemma-3-27b-it,Individualism,123,1,3,50.0,50.0,50.0
google_gemma-3-27b-it,Individualism,126,1,1,25.0,25.0,25.0
google_gemma-3-27b-it,Individualism,126,1,2,25.0,25.0,25.0
google_gemma-3-27b-it,Individualism,126,1,3,25.0,25.0,25.0
google_gemma-3-27b-it,Individualism,127,1,1,50.0,50.0,50.0
google_gemma-3-27b-it,Individualism,127,1,2,50.0,50.0,50.0
google_gemma-3-27b-it,Individualism,127,1,3,50.0,50.0,75.0
google_gemma-3-27b-it,Individualism,128,1,1,50.0,50.0,50.0
google_gemma-3-27b-it,Individualism,128,1,2,50.0,50.0,50.0
google_gemma-3-27b-it,Individualism,128,1,3,50.0,50.0,50.0
google_gemma-3-27b-it,Individualism,129,1,1,100.0,100.0,100.0
google_gemma-3-27b-it,Individualism,129,1,2,100.0,100.0,100.0
google_gemma-3-27b-it,Individualism,129,1,3,100.0,100.0,100.0
google_gemma-3-27b-it,Individualism,130,1,1,50.0,50.0,50.0
google_gemma-3-27b-it,Individualism,130,1,2,50.0,50.0,50.0
google_gemma-3-27b-it,Individualism,130,1,3,50.0,50.0,50.0
google_gemma-3-27b-it,Individualism,131,1,1,25.0,25.0,25.0
google_gemma-3-27b-it,Individualism,131,1,2,25.0,25.0,25.0
google_gemma-3-27b-it,Individualism,131,1,3,25.0,25.0,25.0
google_gemma-3-27b-it,Individualism,134,1,1,50.0,50.0,50.0
google_gemma-3-27b-it,Individualism,134,1,2,50.0,50.0,50.0
google_gemma-3-27b-it,Individualism,134,1,3,50.0,50.0,75.0
google_gemma-3-27b-it,Individualism,135,1,1,50.0,50.0,50.0
google_gemma-3-27b-it,Individualism,135,1,2,50.0,50.0,75.0
google_gemma-3-27b-it,Individualism,135,1,3,50.0,50.0,50.0
google_gemma-3-27b-it,Individualism,136,1,1,50.0,50.0,50.0
google_gemma-3-27b-it,Individualism,136,1,2,50.0,50.0,50.0
google_gemma-3-27b-it,Individualism,136,1,3,50.0,50.0,50.0
google_gemma-3-27b-it,Individualism,138,1,1,25.0,25.0,25.0
google_gemma-3-27b-it,Individualism,138,1,2,25.0,25.0,25.0
google_gemma-3-27b-it,Individualism,138,1,3,25.0,25.0,25.0
google_gemma-3-27b-it,Individualism,139,1,1,25.0,25.0,25.0
google_gemma-3-27b-it,Individualism,139,1,2,25.0,25.0,25.0
google_gemma-3-27b-it,Individualism,139,1,3,25.0,25.0,25.0
google_gemma-3-27b-it,Individualism,140,1,1,50.0,50.0,50.0
google_gemma-3-27b-it,Individualism,140,1,2,50.0,50.0,50.0
google_gemma-3-27b-it,Individualism,140,1,3,50.0,50.0,50.0
google_gemma-3-27b-it,Individualism,145,1,1,0.0,0.0,0.0
google_gemma-3-27b-it,Individualism,145,1,2,0.0,0.0,0.0
google_gemma-3-27b-it,Individualism,145,1,3,0.0,0.0,0.0
google_gemma-3-27b-it,Individualism,147,1,1,25.0,25.0,25.0
google_gemma-3-27b-it,Individualism,147,1,2,25.0,25.0,25.0
google_gemma-3-27b-it,Individualism,147,1,3,25.0,25.0,25.0
google_gemma-3-27b-it,Individualism,149,1,1,25.0,25.0,25.0
google_gemma-3-27b-it,Individualism,149,1,2,25.0,25.0,25.0
google_gemma-3-27b-it,Individualism,149,1,3,25.0,25.0,25.0
google_gemma-3-27b-it,Individualism,15,1,1,0.0,0.0,0.0
google_gemma-3-27b-it,Individualism,15,1,2,0.0,0.0,0.0
google_gemma-3-27b-it,Individualism,15,1,3,0.0,0.0,0.0
google_gemma-3-27b-it,Individualism,151,1,1,50.0,50.0,50.0
google_gemma-3-27b-it,Individualism,151,1,2,50.0,50.0,50.0
google_gemma-3-27b-it,Individualism,151,1,3,50.0,50.0,50.0
google_gemma-3-27b-it,Individualism,152,1,1,50.0,50.0,50.0
google_gemma-3-27b-it,Individualism,152,1,2,50.0,50.0,50.0
google_gemma-3-27b-it,Individualism,152,1,3,50.0,50.0,50.0
google_gemma-3-27b-it,Individualism,158,1,1,50.0,50.0,50.0
google_gemma-3-27b-it,Individualism,158,1,2,50.0,50.0,50.0
google_gemma-3-27b-it,Individualism,158,1,3,50.0,50.0,50.0
google_gemma-3-27b-it,Individualism,159,1,1,50.0,50.0,50.0
google_gemma-3-27b-it,Individualism,159,1,2,50.0,50.0,50.0
google_gemma-3-27b-it,Individualism,159,1,3,50.0,50.0,50.0
google_gemma-3-27b-it,Individualism,16,1,1,25.0,25.0,25.0
google_gemma-3-27b-it,Individualism,16,1,2,25.0,25.0,25.0
google_gemma-3-27b-it,Individualism,16,1,3,25.0,25.0,25.0
google_gemma-3-27b-it,Individualism,163,1,1,75.0,75.0,75.0
google_gemma-3-27b-it,Individualism,163,1,2,75.0,75.0,75.0
google_gemma-3-27b-it,Individualism,163,1,3,75.0,75.0,75.0
google_gemma-3-27b-it,Individualism,165,1,1,50.0,50.0,25.0
google_gemma-3-27b-it,Individualism,165,1,2,50.0,50.0,50.0
google_gemma-3-27b-it,Individualism,165,1,3,50.0,50.0,50.0
google_gemma-3-27b-it,Individualism,166,1,1,25.0,25.0,25.0
google_gemma-3-27b-it,Individualism,166,1,2,25.0,25.0,25.0
google_gemma-3-27b-it,Individualism,166,1,3,25.0,25.0,25.0
google_gemma-3-27b-it,Individualism,167,1,1,25.0,25.0,50.0
google_gemma-3-27b-it,Individualism,167,1,2,25.0,25.0,25.0
google_gemma-3-27b-it,Individualism,167,1,3,25.0,25.0,25.0
google_gemma-3-27b-it,Individualism,169,1,1,50.0,50.0,50.0
google_gemma-3-27b-it,Individualism,169,1,2,50.0,50.0,50.0
google_gemma-3-27b-it,Individualism,169,1,3,50.0,50.0,50.0
google_gemma-3-27b-it,Individualism,17,1,1,25.0,25.0,25.0
google_gemma-3-27b-it,Individualism,17,1,2,25.0,25.0,25.0
google_gemma-3-27b-it,Individualism,17,1,3,25.0,25.0,100.0
google_gemma-3-27b-it,Individualism,171,1,1,50.0,50.0,50.0
google_gemma-3-27b-it,Individualism,171,1,2,50.0,50.0,50.0
google_gemma-3-27b-it,Individualism,171,1,3,50.0,50.0,50.0
google_gemma-3-27b-it,Individualism,173,1,1,25.0,25.0,25.0
google_gemma-3-27b-it,Individualism,173,1,2,25.0,25.0,25.0
google_gemma-3-27b-it,Individualism,173,1,3,25.0,25.0,25.0
google_gemma-3-27b-it,Individualism,176,1,1,100.0,100.0,100.0
google_gemma-3-27b-it,Individualism,176,1,2,100.0,100.0,100.0
google_gemma-3-27b-it,Individualism,176,1,3,100.0,100.0,100.0
google_gemma-3-27b-it,Individualism,178,1,1,50.0,50.0,50.0
google_gemma-3-27b-it,Individualism,178,1,2,50.0,50.0,50.0
google_gemma-3-27b-it,Individualism,178,1,3,50.0,50.0,50.0
google_gemma-3-27b-it,Individualism,179,1,1,25.0,25.0,25.0
google_gemma-3-27b-it,Individualism,179,1,2,25.0,25.0,25.0
google_gemma-3-27b-it,Individualism,179,1,3,25.0,25.0,25.0
google_gemma-3-27b-it,Individualism,18,1,1,50.0,50.0,50.0
google_gemma-3-27b-it,Individualism,18,1,2,50.0,50.0,50.0
google_gemma-3-27b-it,Individualism,18,1,3,50.0,50.0,50.0
google_gemma-3-27b-it,Individualism,180,1,1,50.0,50.0,75.0
google_gemma-3-27b-it,Individualism,180,1,2,50.0,75.0,50.0
google_gemma-3-27b-it,Individualism,180,1,3,50.0,50.0,50.0
google_gemma-3-27b-it,Individualism,182,1,1,50.0,50.0,50.0
google_gemma-3-27b-it,Individualism,182,1,2,50.0,50.0,50.0
google_gemma-3-27b-it,Individualism,182,1,3,50.0,50.0,50.0
google_gemma-3-27b-it,Individualism,184,1,1,50.0,50.0,50.0
google_gemma-3-27b-it,Individualism,184,1,2,50.0,50.0,50.0
google_gemma-3-27b-it,Individualism,184,1,3,50.0,50.0,50.0
google_gemma-3-27b-it,Individualism,187,1,1,100.0,100.0,100.0
google_gemma-3-27b-it,Individualism,187,1,2,100.0,100.0,75.0
google_gemma-3-27b-it,Individualism,187,1,3,100.0,100.0,100.0
google_gemma-3-27b-it,Individualism,189,1,1,75.0,75.0,75.0
google_gemma-3-27b-it,Individualism,189,1,2,75.0,75.0,75.0
google_gemma-3-27b-it,Individualism,189,1,3,75.0,75.0,75.0
google_gemma-3-27b-it,Individualism,19,1,1,25.0,25.0,25.0
google_gemma-3-27b-it,Individualism,19,1,2,25.0,25.0,50.0
google_gemma-3-27b-it,Individualism,19,1,3,25.0,25.0,50.0
google_gemma-3-27b-it,Individualism,190,1,1,50.0,50.0,50.0
google_gemma-3-27b-it,Individualism,190,1,2,50.0,50.0,50.0
google_gemma-3-27b-it,Individualism,190,1,3,50.0,50.0,50.0
google_gemma-3-27b-it,Individualism,192,1,1,50.0,50.0,50.0
google_gemma-3-27b-it,Individualism,192,1,2,50.0,50.0,50.0
google_gemma-3-27b-it,Individualism,192,1,3,50.0,50.0,50.0
google_gemma-3-27b-it,Individualism,195,1,1,50.0,50.0,50.0
google_gemma-3-27b-it,Individualism,195,1,2,50.0,50.0,50.0
google_gemma-3-27b-it,Individualism,195,1,3,50.0,50.0,50.0
google_gemma-3-27b-it,Individualism,197,1,1,25.0,25.0,25.0
google_gemma-3-27b-it,Individualism,197,1,2,25.0,25.0,25.0
google_gemma-3-27b-it,Individualism,197,1,3,25.0,25.0,25.0
google_gemma-3-27b-it,Individualism,198,1,1,50.0,50.0,50.0
google_gemma-3-27b-it,Individualism,198,1,2,50.0,50.0,50.0
google_gemma-3-27b-it,Individualism,198,1,3,50.0,50.0,50.0
google_gemma-3-27b-it,Individualism,2,1,1,50.0,50.0,50.0
google_gemma-3-27b-it,Individualism,2,1,2,50.0,50.0,50.0
google_gemma-3-27b-it,Individualism,2,1,3,50.0,50.0,50.0
google_gemma-3-27b-it,Individualism,20,1,1,25.0,25.0,25.0
google_gemma-3-27b-it,Individualism,20,1,2,25.0,25.0,25.0
google_gemma-3-27b-it,Individualism,20,1,3,25.0,25.0,25.0
google_gemma-3-27b-it,Individualism,202,1,1,50.0,50.0,50.0
google_gemma-3-27b-it,Individualism,202,1,2,50.0,50.0,50.0
google_gemma-3-27b-it,Individualism,202,1,3,50.0,50.0,50.0
google_gemma-3-27b-it,Individualism,203,1,1,25.0,25.0,25.0
google_gemma-3-27b-it,Individualism,203,1,2,25.0,25.0,25.0
google_gemma-3-27b-it,Individualism,203,1,3,25.0,25.0,25.0
google_gemma-3-27b-it,Individualism,204,1,1,50.0,50.0,50.0
google_gemma-3-27b-it,Individualism,204,1,2,50.0,50.0,50.0
google_gemma-3-27b-it,Individualism,204,1,3,50.0,50.0,50.0
google_gemma-3-27b-it,Individualism,207,1,1,75.0,75.0,75.0
google_gemma-3-27b-it,Individualism,207,1,2,75.0,75.0,50.0
google_gemma-3-27b-it,Individualism,207,1,3,75.0,75.0,75.0
google_gemma-3-27b-it,Individualism,208,1,1,50.0,50.0,50.0
google_gemma-3-27b-it,Individualism,208,1,2,50.0,50.0,50.0
google_gemma-3-27b-it,Individualism,208,1,3,50.0,50.0,50.0
google_gemma-3-27b-it,Individualism,21,1,1,25.0,25.0,25.0
google_gemma-3-27b-it,Individualism,21,1,2,25.0,25.0,25.0
google_gemma-3-27b-it,Individualism,21,1,3,25.0,25.0,25.0
google_gemma-3-27b-it,Individualism,216,1,1,25.0,25.0,25.0
google_gemma-3-27b-it,Individualism,216,1,2,25.0,25.0,25.0
google_gemma-3-27b-it,Individualism,216,1,3,25.0,25.0,25.0
google_gemma-3-27b-it,Individualism,217,1,1,25.0,25.0,25.0
google_gemma-3-27b-it,Individualism,217,1,2,25.0,25.0,25.0
google_gemma-3-27b-it,Individualism,217,1,3,25.0,25.0,25.0
google_gemma-3-27b-it,Individualism,223,1,1,50.0,50.0,50.0
google_gemma-3-27b-it,Individualism,223,1,2,50.0,50.0,50.0
google_gemma-3-27b-it,Individualism,223,1,3,50.0,50.0,50.0
google_gemma-3-27b-it,Individualism,226,1,1,75.0,75.0,75.0
google_gemma-3-27b-it,Individualism,226,1,2,75.0,75.0,75.0
google_gemma-3-27b-it,Individualism,226,1,3,75.0,75.0,75.0
google_gemma-3-27b-it,Individualism,228,1,1,50.0,50.0,50.0
google_gemma-3-27b-it,Individualism,228,1,2,50.0,50.0,50.0
google_gemma-3-27b-it,Individualism,228,1,3,50.0,50.0,50.0
google_gemma-3-27b-it,Individualism,232,1,1,25.0,25.0,25.0
google_gemma-3-27b-it,Individualism,232,1,2,25.0,25.0,25.0
google_gemma-3-27b-it,Individualism,232,1,3,25.0,25.0,25.0
google_gemma-3-27b-it,Individualism,235,1,1,50.0,50.0,50.0
google_gemma-3-27b-it,Individualism,235,1,2,50.0,50.0,50.0
google_gemma-3-27b-it,Individualism,235,1,3,50.0,50.0,50.0
google_gemma-3-27b-it,Individualism,24,1,1,25.0,25.0,25.0
google_gemma-3-27b-it,Individualism,24,1,2,25.0,25.0,25.0
google_gemma-3-27b-it,Individualism,24,1,3,25.0,25.0,25.0
google_gemma-3-27b-it,Individualism,242,1,1,50.0,50.0,50.0
google_gemma-3-27b-it,Individualism,242,1,2,50.0,50.0,50.0
google_gemma-3-27b-it,Individualism,242,1,3,50.0,50.0,50.0
google_gemma-3-27b-it,Individualism,27,1,1,50.0,50.0,50.0
google_gemma-3-27b-it,Individualism,27,1,2,50.0,50.0,50.0
google_gemma-3-27b-it,Individualism,27,1,3,50.0,50.0,50.0
google_gemma-3-27b-it,Individualism,29,1,1,50.0,50.0,50.0
google_gemma-3-27b-it,Individualism,29,1,2,50.0,50.0,50.0
google_gemma-3-27b-it,Individualism,29,1,3,50.0,50.0,50.0
google_gemma-3-27b-it,Individualism,3,1,1,50.0,50.0,50.0
google_gemma-3-27b-it,Individualism,3,1,2,50.0,50.0,50.0
google_gemma-3-27b-it,Individualism,3,1,3,50.0,50.0,50.0
google_gemma-3-27b-it,Individualism,31,1,1,25.0,25.0,25.0
google_gemma-3-27b-it,Individualism,31,1,2,25.0,25.0,25.0
google_gemma-3-27b-it,Individualism,31,1,3,25.0,25.0,25.0
google_gemma-3-27b-it,Individualism,34,1,1,50.0,50.0,50.0
google_gemma-3-27b-it,Individualism,34,1,2,50.0,50.0,50.0
google_gemma-3-27b-it,Individualism,34,1,3,50.0,50.0,50.0
google_gemma-3-27b-it,Individualism,36,1,1,50.0,50.0,50.0
google_gemma-3-27b-it,Individualism,36,1,2,50.0,50.0,50.0
google_gemma-3-27b-it,Individualism,36,1,3,50.0,50.0,50.0
google_gemma-3-27b-it,Individualism,37,1,1,50.0,50.0,50.0
google_gemma-3-27b-it,Individualism,37,1,2,50.0,50.0,50.0
google_gemma-3-27b-it,Individualism,37,1,3,50.0,50.0,50.0
google_gemma-3-27b-it,Individualism,38,1,1,0.0,0.0,0.0
google_gemma-3-27b-it,Individualism,38,1,2,0.0,0.0,0.0
google_gemma-3-27b-it,Individualism,38,1,3,0.0,0.0,0.0
google_gemma-3-27b-it,Individualism,39,1,1,50.0,50.0,50.0
google_gemma-3-27b-it,Individualism,39,1,2,50.0,50.0,50.0
google_gemma-3-27b-it,Individualism,39,1,3,50.0,50.0,50.0
google_gemma-3-27b-it,Individualism,4,1,1,50.0,50.0,50.0
google_gemma-3-27b-it,Individualism,4,1,2,50.0,50.0,50.0
google_gemma-3-27b-it,Individualism,4,1,3,50.0,50.0,50.0
google_gemma-3-27b-it,Individualism,40,1,1,50.0,50.0,50.0
google_gemma-3-27b-it,Individualism,40,1,2,50.0,50.0,50.0
google_gemma-3-27b-it,Individualism,40,1,3,50.0,50.0,50.0
google_gemma-3-27b-it,Individualism,42,1,1,50.0,50.0,50.0
google_gemma-3-27b-it,Individualism,42,1,2,50.0,50.0,50.0
google_gemma-3-27b-it,Individualism,42,1,3,50.0,50.0,50.0
google_gemma-3-27b-it,Individualism,43,1,1,50.0,50.0,50.0
google_gemma-3-27b-it,Individualism,43,1,2,50.0,50.0,50.0
google_gemma-3-27b-it,Individualism,43,1,3,50.0,50.0,50.0
google_gemma-3-27b-it,Individualism,44,1,1,50.0,50.0,50.0
google_gemma-3-27b-it,Individualism,44,1,2,50.0,50.0,50.0
google_gemma-3-27b-it,Individualism,44,1,3,50.0,50.0,50.0
google_gemma-3-27b-it,Individualism,47,1,1,25.0,25.0,25.0
google_gemma-3-27b-it,Individualism,47,1,2,25.0,25.0,25.0
google_gemma-3-27b-it,Individualism,47,1,3,25.0,25.0,25.0
google_gemma-3-27b-it,Individualism,48,1,1,75.0,75.0,75.0
google_gemma-3-27b-it,Individualism,48,1,2,75.0,75.0,75.0
google_gemma-3-27b-it,Individualism,48,1,3,75.0,75.0,75.0
google_gemma-3-27b-it,Individualism,49,1,1,50.0,50.0,50.0
google_gemma-3-27b-it,Individualism,49,1,2,50.0,50.0,50.0
google_gemma-3-27b-it,Individualism,49,1,3,50.0,50.0,50.0
google_gemma-3-27b-it,Individualism,5,1,1,50.0,50.0,50.0
google_gemma-3-27b-it,Individualism,5,1,2,50.0,50.0,50.0
google_gemma-3-27b-it,Individualism,5,1,3,50.0,50.0,50.0
google_gemma-3-27b-it,Individualism,50,1,1,50.0,50.0,50.0
google_gemma-3-27b-it,Individualism,50,1,2,50.0,50.0,50.0
google_gemma-3-27b-it,Individualism,50,1,3,50.0,50.0,50.0
google_gemma-3-27b-it,Individualism,51,1,1,50.0,50.0,50.0
google_gemma-3-27b-it,Individualism,51,1,2,50.0,50.0,50.0
google_gemma-3-27b-it,Individualism,51,1,3,50.0,50.0,50.0
google_gemma-3-27b-it,Individualism,53,1,1,50.0,50.0,50.0
google_gemma-3-27b-it,Individualism,53,1,2,50.0,50.0,50.0
google_gemma-3-27b-it,Individualism,53,1,3,50.0,50.0,50.0
google_gemma-3-27b-it,Individualism,54,1,1,75.0,75.0,25.0
google_gemma-3-27b-it,Individualism,54,1,2,75.0,75.0,25.0
google_gemma-3-27b-it,Individualism,54,1,3,75.0,25.0,25.0
google_gemma-3-27b-it,Individualism,55,1,1,50.0,50.0,50.0
google_gemma-3-27b-it,Individualism,55,1,2,50.0,50.0,50.0
google_gemma-3-27b-it,Individualism,55,1,3,50.0,50.0,50.0
google_gemma-3-27b-it,Individualism,56,1,1,75.0,75.0,75.0
google_gemma-3-27b-it,Individualism,56,1,2,75.0,75.0,75.0
google_gemma-3-27b-it,Individualism,56,1,3,75.0,75.0,75.0
google_gemma-3-27b-it,Individualism,57,1,1,100.0,100.0,100.0
google_gemma-3-27b-it,Individualism,57,1,2,100.0,100.0,100.0
google_gemma-3-27b-it,Individualism,57,1,3,100.0,100.0,100.0
google_gemma-3-27b-it,Individualism,58,1,1,50.0,50.0,50.0
google_gemma-3-27b-it,Individualism,58,1,2,50.0,50.0,50.0
google_gemma-3-27b-it,Individualism,58,1,3,50.0,50.0,50.0
google_gemma-3-27b-it,Individualism,59,1,1,75.0,75.0,75.0
google_gemma-3-27b-it,Individualism,59,1,2,75.0,75.0,75.0
google_gemma-3-27b-it,Individualism,59,1,3,75.0,75.0,75.0
google_gemma-3-27b-it,Individualism,60,1,1,0.0,0.0,0.0
google_gemma-3-27b-it,Individualism,60,1,2,0.0,0.0,0.0
google_gemma-3-27b-it,Individualism,60,1,3,0.0,0.0,0.0
google_gemma-3-27b-it,Individualism,61,1,1,50.0,50.0,50.0
google_gemma-3-27b-it,Individualism,61,1,2,50.0,50.0,50.0
google_gemma-3-27b-it,Individualism,61,1,3,50.0,50.0,50.0
google_gemma-3-27b-it,Individualism,62,1,1,50.0,50.0,50.0
google_gemma-3-27b-it,Individualism,62,1,2,50.0,50.0,50.0
google_gemma-3-27b-it,Individualism,62,1,3,50.0,50.0,50.0
google_gemma-3-27b-it,Individualism,63,1,1,25.0,25.0,25.0
google_gemma-3-27b-it,Individualism,63,1,2,25.0,25.0,25.0
google_gemma-3-27b-it,Individualism,63,1,3,25.0,25.0,25.0
google_gemma-3-27b-it,Individualism,64,1,1,25.0,25.0,25.0
google_gemma-3-27b-it,Individualism,64,1,2,25.0,25.0,25.0
google_gemma-3-27b-it,Individualism,64,1,3,25.0,25.0,25.0
google_gemma-3-27b-it,Individualism,66,1,1,50.0,50.0,50.0
google_gemma-3-27b-it,Individualism,66,1,2,50.0,50.0,50.0
google_gemma-3-27b-it,Individualism,66,1,3,50.0,50.0,50.0
google_gemma-3-27b-it,Individualism,67,1,1,50.0,50.0,50.0
google_gemma-3-27b-it,Individualism,67,1,2,50.0,50.0,50.0
google_gemma-3-27b-it,Individualism,67,1,3,50.0,50.0,50.0
google_gemma-3-27b-it,Individualism,70,1,1,50.0,50.0,50.0
google_gemma-3-27b-it,Individualism,70,1,2,50.0,50.0,50.0
google_gemma-3-27b-it,Individualism,70,1,3,50.0,50.0,50.0
google_gemma-3-27b-it,Individualism,72,1,1,0.0,0.0,0.0
google_gemma-3-27b-it,Individualism,72,1,2,0.0,0.0,0.0
google_gemma-3-27b-it,Individualism,72,1,3,0.0,0.0,0.0
google_gemma-3-27b-it,Individualism,73,1,1,100.0,100.0,100.0
google_gemma-3-27b-it,Individualism,73,1,2,100.0,100.0,100.0
google_gemma-3-27b-it,Individualism,73,1,3,100.0,100.0,100.0
google_gemma-3-27b-it,Individualism,78,1,1,50.0,50.0,50.0
google_gemma-3-27b-it,Individualism,78,1,2,50.0,50.0,50.0
google_gemma-3-27b-it,Individualism,78,1,3,50.0,50.0,50.0
google_gemma-3-27b-it,Individualism,79,1,1,25.0,25.0,25.0
google_gemma-3-27b-it,Individualism,79,1,2,25.0,25.0,25.0
google_gemma-3-27b-it,Individualism,79,1,3,25.0,25.0,25.0
google_gemma-3-27b-it,Individualism,8,1,1,25.0,25.0,25.0
google_gemma-3-27b-it,Individualism,8,1,2,25.0,25.0,25.0
google_gemma-3-27b-it,Individualism,8,1,3,25.0,25.0,25.0
google_gemma-3-27b-it,Individualism,80,1,1,50.0,50.0,50.0
google_gemma-3-27b-it,Individualism,80,1,2,50.0,50.0,50.0
google_gemma-3-27b-it,Individualism,80,1,3,50.0,50.0,50.0
google_gemma-3-27b-it,Individualism,81,1,1,50.0,50.0,50.0
google_gemma-3-27b-it,Individualism,81,1,2,50.0,50.0,50.0
google_gemma-3-27b-it,Individualism,81,1,3,50.0,50.0,50.0
google_gemma-3-27b-it,Individualism,84,1,1,50.0,50.0,50.0
google_gemma-3-27b-it,Individualism,84,1,2,50.0,50.0,50.0
google_gemma-3-27b-it,Individualism,84,1,3,50.0,50.0,50.0
google_gemma-3-27b-it,Individualism,85,1,1,75.0,75.0,75.0
google_gemma-3-27b-it,Individualism,85,1,2,75.0,75.0,75.0
google_gemma-3-27b-it,Individualism,85,1,3,75.0,75.0,75.0
google_gemma-3-27b-it,Individualism,88,1,1,50.0,50.0,50.0
google_gemma-3-27b-it,Individualism,88,1,2,50.0,50.0,50.0
google_gemma-3-27b-it,Individualism,88,1,3,50.0,50.0,50.0
google_gemma-3-27b-it,Individualism,9,1,1,25.0,25.0,25.0
google_gemma-3-27b-it,Individualism,9,1,2,25.0,25.0,25.0
google_gemma-3-27b-it,Individualism,9,1,3,25.0,25.0,25.0
google_gemma-3-27b-it,Individualism,90,1,1,50.0,50.0,50.0
google_gemma-3-27b-it,Individualism,90,1,2,50.0,50.0,50.0
google_gemma-3-27b-it,Individualism,90,1,3,50.0,50.0,50.0
google_gemma-3-27b-it,Individualism,97,1,1,75.0,75.0,75.0
google_gemma-3-27b-it,Individualism,97,1,2,75.0,75.0,75.0
google_gemma-3-27b-it,Individualism,97,1,3,75.0,75.0,75.0
google_gemma-3-27b-it,Individualism,98,1,1,25.0,25.0,25.0
google_gemma-3-27b-it,Individualism,98,1,2,25.0,25.0,25.0
google_gemma-3-27b-it,Individualism,98,1,3,25.0,25.0,25.0
google_gemma-3-27b-it,Individualism,99,1,1,25.0,25.0,25.0
google_gemma-3-27b-it,Individualism,99,1,2,25.0,25.0,25.0
google_gemma-3-27b-it,Individualism,99,1,3,25.0,25.0,25.0
google_gemma-3-27b-it,Indulgence,474,1,1,50.0,50.0,25.0
google_gemma-3-27b-it,Indulgence,474,1,2,50.0,50.0,25.0
google_gemma-3-27b-it,Indulgence,474,1,3,50.0,50.0,50.0
google_gemma-3-27b-it,Indulgence,476,1,1,50.0,50.0,50.0
google_gemma-3-27b-it,Indulgence,476,1,2,50.0,50.0,50.0
google_gemma-3-27b-it,Indulgence,476,1,3,50.0,50.0,50.0
google_gemma-3-27b-it,Indulgence,477,1,1,50.0,50.0,50.0
google_gemma-3-27b-it,Indulgence,477,1,2,50.0,50.0,50.0
google_gemma-3-27b-it,Indulgence,477,1,3,50.0,50.0,50.0
google_gemma-3-27b-it,Indulgence,478,1,1,0.0,0.0,0.0
google_gemma-3-27b-it,Indulgence,478,1,2,0.0,0.0,0.0
google_gemma-3-27b-it,Indulgence,478,1,3,0.0,0.0,0.0
google_gemma-3-27b-it,Indulgence,479,1,1,25.0,25.0,25.0
google_gemma-3-27b-it,Indulgence,479,1,2,25.0,50.0,25.0
google_gemma-3-27b-it,Indulgence,479,1,3,25.0,25.0,25.0
google_gemma-3-27b-it,Indulgence,481,1,1,50.0,50.0,50.0
google_gemma-3-27b-it,Indulgence,481,1,2,50.0,50.0,50.0
google_gemma-3-27b-it,Indulgence,481,1,3,50.0,50.0,50.0
google_gemma-3-27b-it,Indulgence,482,1,1,50.0,50.0,50.0
google_gemma-3-27b-it,Indulgence,482,1,2,50.0,50.0,50.0
google_gemma-3-27b-it,Indulgence,482,1,3,50.0,50.0,50.0
google_gemma-3-27b-it,Indulgence,483,1,1,50.0,50.0,50.0
google_gemma-3-27b-it,Indulgence,483,1,2,50.0,50.0,50.0
google_gemma-3-27b-it,Indulgence,483,1,3,50.0,50.0,50.0
google_gemma-3-27b-it,Indulgence,484,1,1,50.0,50.0,50.0
google_gemma-3-27b-it,Indulgence,484,1,2,50.0,50.0,50.0
google_gemma-3-27b-it,Indulgence,484,1,3,50.0,50.0,50.0
google_gemma-3-27b-it,Indulgence,485,1,1,25.0,25.0,25.0
google_gemma-3-27b-it,Indulgence,485,1,2,25.0,25.0,25.0
google_gemma-3-27b-it,Indulgence,485,1,3,25.0,25.0,25.0
google_gemma-3-27b-it,Indulgence,486,1,1,25.0,25.0,25.0
google_gemma-3-27b-it,Indulgence,486,1,2,25.0,25.0,25.0
google_gemma-3-27b-it,Indulgence,486,1,3,25.0,25.0,25.0
google_gemma-3-27b-it,Indulgence,487,1,1,25.0,25.0,25.0
google_gemma-3-27b-it,Indulgence,487,1,2,25.0,25.0,25.0
google_gemma-3-27b-it,Indulgence,487,1,3,25.0,25.0,25.0
google_gemma-3-27b-it,Indulgence,490,1,1,75.0,75.0,75.0
google_gemma-3-27b-it,Indulgence,490,1,2,75.0,75.0,75.0
google_gemma-3-27b-it,Indulgence,490,1,3,75.0,75.0,75.0
google_gemma-3-27b-it,Indulgence,492,1,1,50.0,50.0,50.0
google_gemma-3-27b-it,Indulgence,492,1,2,50.0,50.0,50.0
google_gemma-3-27b-it,Indulgence,492,1,3,50.0,50.0,50.0
google_gemma-3-27b-it,Indulgence,493,1,1,50.0,50.0,50.0
google_gemma-3-27b-it,Indulgence,493,1,2,50.0,50.0,50.0
google_gemma-3-27b-it,Indulgence,493,1,3,50.0,50.0,50.0
google_gemma-3-27b-it,Indulgence,494,1,1,50.0,50.0,50.0
google_gemma-3-27b-it,Indulgence,494,1,2,50.0,50.0,50.0
google_gemma-3-27b-it,Indulgence,494,1,3,50.0,50.0,50.0
google_gemma-3-27b-it,Indulgence,495,1,1,25.0,25.0,25.0
google_gemma-3-27b-it,Indulgence,495,1,2,25.0,25.0,25.0
google_gemma-3-27b-it,Indulgence,495,1,3,25.0,25.0,25.0
google_gemma-3-27b-it,Indulgence,496,1,1,50.0,50.0,50.0
google_gemma-3-27b-it,Indulgence,496,1,2,50.0,50.0,50.0
google_gemma-3-27b-it,Indulgence,496,1,3,50.0,50.0,50.0
google_gemma-3-27b-it,Indulgence,497,1,1,50.0,50.0,50.0
google_gemma-3-27b-it,Indulgence,497,1,2,50.0,50.0,50.0
google_gemma-3-27b-it,Indulgence,497,1,3,50.0,50.0,50.0
google_gemma-3-27b-it,Indulgence,498,1,1,50.0,50.0,50.0
google_gemma-3-27b-it,Indulgence,498,1,2,50.0,50.0,50.0
google_gemma-3-27b-it,Indulgence,498,1,3,50.0,50.0,50.0
google_gemma-3-27b-it,Indulgence,499,1,1,50.0,50.0,50.0
google_gemma-3-27b-it,Indulgence,499,1,2,50.0,50.0,50.0
google_gemma-3-27b-it,Indulgence,499,1,3,50.0,50.0,50.0
google_gemma-3-27b-it,Indulgence,500,1,1,25.0,25.0,25.0
google_gemma-3-27b-it,Indulgence,500,1,2,25.0,25.0,25.0
google_gemma-3-27b-it,Indulgence,500,1,3,25.0,25.0,25.0
google_gemma-3-27b-it,Indulgence,503,1,1,50.0,50.0,50.0
google_gemma-3-27b-it,Indulgence,503,1,2,50.0,50.0,50.0
google_gemma-3-27b-it,Indulgence,503,1,3,50.0,50.0,50.0
google_gemma-3-27b-it,Indulgence,505,1,1,0.0,0.0,0.0
google_gemma-3-27b-it,Indulgence,505,1,2,0.0,0.0,0.0
google_gemma-3-27b-it,Indulgence,505,1,3,0.0,0.0,0.0
google_gemma-3-27b-it,Indulgence,508,1,1,50.0,50.0,50.0
google_gemma-3-27b-it,Indulgence,508,1,2,50.0,50.0,50.0
google_gemma-3-27b-it,Indulgence,508,1,3,50.0,50.0,50.0
google_gemma-3-27b-it,Indulgence,509,1,1,25.0,25.0,25.0
google_gemma-3-27b-it,Indulgence,509,1,2,25.0,25.0,25.0
google_gemma-3-27b-it,Indulgence,509,1,3,25.0,25.0,25.0
google_gemma-3-27b-it,Indulgence,510,1,1,50.0,50.0,50.0
google_gemma-3-27b-it,Indulgence,510,1,2,50.0,50.0,50.0
google_gemma-3-27b-it,Indulgence,510,1,3,50.0,50.0,50.0
google_gemma-3-27b-it,Indulgence,511,1,1,50.0,50.0,50.0
google_gemma-3-27b-it,Indulgence,511,1,2,50.0,50.0,50.0
google_gemma-3-27b-it,Indulgence,511,1,3,50.0,50.0,50.0
google_gemma-3-27b-it,Indulgence,512,1,1,50.0,50.0,50.0
google_gemma-3-27b-it,Indulgence,512,1,2,50.0,50.0,50.0
google_gemma-3-27b-it,Indulgence,512,1,3,50.0,50.0,50.0
google_gemma-3-27b-it,Indulgence,514,1,1,50.0,50.0,50.0
google_gemma-3-27b-it,Indulgence,514,1,2,50.0,50.0,50.0
google_gemma-3-27b-it,Indulgence,514,1,3,50.0,50.0,50.0
google_gemma-3-27b-it,Indulgence,517,1,1,50.0,50.0,50.0
google_gemma-3-27b-it,Indulgence,517,1,2,50.0,50.0,50.0
google_gemma-3-27b-it,Indulgence,517,1,3,50.0,50.0,50.0
google_gemma-3-27b-it,Indulgence,518,1,1,25.0,25.0,25.0
google_gemma-3-27b-it,Indulgence,518,1,2,25.0,25.0,25.0
google_gemma-3-27b-it,Indulgence,518,1,3,25.0,25.0,25.0
google_gemma-3-27b-it,Indulgence,521,1,1,50.0,50.0,50.0
google_gemma-3-27b-it,Indulgence,521,1,2,50.0,50.0,50.0
google_gemma-3-27b-it,Indulgence,521,1,3,50.0,50.0,50.0
google_gemma-3-27b-it,Indulgence,522,1,1,25.0,25.0,25.0
google_gemma-3-27b-it,Indulgence,522,1,2,25.0,25.0,25.0
google_gemma-3-27b-it,Indulgence,522,1,3,25.0,25.0,25.0
google_gemma-3-27b-it,Indulgence,523,1,1,50.0,50.0,50.0
google_gemma-3-27b-it,Indulgence,523,1,2,50.0,50.0,50.0
google_gemma-3-27b-it,Indulgence,523,1,3,50.0,50.0,50.0
google_gemma-3-27b-it,Indulgence,524,1,1,25.0,25.0,25.0
google_gemma-3-27b-it,Indulgence,524,1,2,25.0,25.0,25.0
google_gemma-3-27b-it,Indulgence,524,1,3,25.0,25.0,25.0
google_gemma-3-27b-it,Indulgence,526,1,1,50.0,50.0,50.0
google_gemma-3-27b-it,Indulgence,526,1,2,50.0,50.0,50.0
google_gemma-3-27b-it,Indulgence,526,1,3,50.0,50.0,50.0
google_gemma-3-27b-it,Indulgence,527,1,1,25.0,25.0,25.0
google_gemma-3-27b-it,Indulgence,527,1,2,25.0,25.0,25.0
google_gemma-3-27b-it,Indulgence,527,1,3,25.0,25.0,25.0
google_gemma-3-27b-it,Indulgence,530,1,1,25.0,25.0,25.0
google_gemma-3-27b-it,Indulgence,530,1,2,25.0,25.0,25.0
google_gemma-3-27b-it,Indulgence,530,1,3,25.0,25.0,25.0
google_gemma-3-27b-it,Indulgence,531,1,1,50.0,50.0,50.0
google_gemma-3-27b-it,Indulgence,531,1,2,50.0,50.0,50.0
google_gemma-3-27b-it,Indulgence,531,1,3,50.0,50.0,50.0
google_gemma-3-27b-it,Indulgence,532,1,1,50.0,50.0,50.0
google_gemma-3-27b-it,Indulgence,532,1,2,50.0,50.0,50.0
google_gemma-3-27b-it,Indulgence,532,1,3,50.0,50.0,50.0
google_gemma-3-27b-it,Indulgence,534,1,1,50.0,50.0,50.0
google_gemma-3-27b-it,Indulgence,534,1,2,50.0,50.0,50.0
google_gemma-3-27b-it,Indulgence,534,1,3,50.0,50.0,50.0
google_gemma-3-27b-it,Indulgence,539,1,1,25.0,0.0,25.0
google_gemma-3-27b-it,Indulgence,539,1,2,25.0,25.0,25.0
google_gemma-3-27b-it,Indulgence,539,1,3,25.0,25.0,25.0
google_gemma-3-27b-it,Indulgence,540,1,1,50.0,50.0,50.0
google_gemma-3-27b-it,Indulgence,540,1,2,50.0,50.0,50.0
google_gemma-3-27b-it,Indulgence,540,1,3,50.0,50.0,50.0
google_gemma-3-27b-it,Indulgence,541,1,1,50.0,50.0,50.0
google_gemma-3-27b-it,Indulgence,541,1,2,50.0,50.0,50.0
google_gemma-3-27b-it,Indulgence,541,1,3,50.0,50.0,50.0
google_gemma-3-27b-it,Indulgence,543,1,1,25.0,25.0,25.0
google_gemma-3-27b-it,Indulgence,543,1,2,25.0,25.0,25.0
google_gemma-3-27b-it,Indulgence,543,1,3,25.0,25.0,25.0
google_gemma-3-27b-it,Indulgence,545,1,1,25.0,25.0,25.0
google_gemma-3-27b-it,Indulgence,545,1,2,25.0,25.0,25.0
google_gemma-3-27b-it,Indulgence,545,1,3,25.0,25.0,25.0
google_gemma-3-27b-it,Indulgence,546,1,1,25.0,25.0,25.0
google_gemma-3-27b-it,Indulgence,546,1,2,25.0,25.0,25.0
google_gemma-3-27b-it,Indulgence,546,1,3,25.0,25.0,25.0
google_gemma-3-27b-it,Indulgence,550,1,1,25.0,25.0,25.0
google_gemma-3-27b-it,Indulgence,550,1,2,25.0,25.0,25.0
google_gemma-3-27b-it,Indulgence,550,1,3,25.0,25.0,25.0
google_gemma-3-27b-it,Indulgence,551,1,1,50.0,50.0,50.0
google_gemma-3-27b-it,Indulgence,551,1,2,50.0,50.0,50.0
google_gemma-3-27b-it,Indulgence,551,1,3,50.0,50.0,50.0
google_gemma-3-27b-it,Indulgence,552,1,1,75.0,75.0,75.0
google_gemma-3-27b-it,Indulgence,552,1,2,75.0,75.0,75.0
google_gemma-3-27b-it,Indulgence,552,1,3,75.0,75.0,75.0
google_gemma-3-27b-it,Indulgence,553,1,1,50.0,50.0,50.0
google_gemma-3-27b-it,Indulgence,553,1,2,50.0,50.0,50.0
google_gemma-3-27b-it,Indulgence,553,1,3,50.0,50.0,50.0
google_gemma-3-27b-it,Indulgence,554,1,1,50.0,50.0,50.0
google_gemma-3-27b-it,Indulgence,554,1,2,50.0,50.0,50.0
google_gemma-3-27b-it,Indulgence,554,1,3,50.0,50.0,50.0
google_gemma-3-27b-it,Indulgence,555,1,1,75.0,75.0,75.0
google_gemma-3-27b-it,Indulgence,555,1,2,75.0,75.0,75.0
google_gemma-3-27b-it,Indulgence,555,1,3,75.0,75.0,75.0
google_gemma-3-27b-it,Indulgence,557,1,1,25.0,25.0,25.0
google_gemma-3-27b-it,Indulgence,557,1,2,25.0,25.0,25.0
google_gemma-3-27b-it,Indulgence,557,1,3,25.0,25.0,25.0
google_gemma-3-27b-it,Indulgence,558,1,1,50.0,50.0,50.0
google_gemma-3-27b-it,Indulgence,558,1,2,50.0,50.0,50.0
google_gemma-3-27b-it,Indulgence,558,1,3,50.0,50.0,50.0
google_gemma-3-27b-it,Indulgence,560,1,1,25.0,25.0,25.0
google_gemma-3-27b-it,Indulgence,560,1,2,25.0,25.0,25.0
google_gemma-3-27b-it,Indulgence,560,1,3,25.0,25.0,25.0
google_gemma-3-27b-it,Indulgence,561,1,1,50.0,50.0,50.0
google_gemma-3-27b-it,Indulgence,561,1,2,50.0,50.0,50.0
google_gemma-3-27b-it,Indulgence,561,1,3,50.0,50.0,50.0
google_gemma-3-27b-it,Indulgence,563,1,1,50.0,50.0,50.0
google_gemma-3-27b-it,Indulgence,563,1,2,50.0,50.0,50.0
google_gemma-3-27b-it,Indulgence,563,1,3,50.0,50.0,50.0
google_gemma-3-27b-it,Indulgence,564,1,1,25.0,25.0,25.0
google_gemma-3-27b-it,Indulgence,564,1,2,25.0,25.0,25.0
google_gemma-3-27b-it,Indulgence,564,1,3,25.0,25.0,25.0
google_gemma-3-27b-it,Indulgence,565,1,1,50.0,50.0,50.0
google_gemma-3-27b-it,Indulgence,565,1,2,50.0,50.0,50.0
google_gemma-3-27b-it,Indulgence,565,1,3,50.0,50.0,50.0
google_gemma-3-27b-it,Indulgence,566,1,1,50.0,50.0,50.0
google_gemma-3-27b-it,Indulgence,566,1,2,50.0,50.0,50.0
google_gemma-3-27b-it,Indulgence,566,1,3,50.0,50.0,50.0
google_gemma-3-27b-it,Indulgence,567,1,1,50.0,50.0,50.0
google_gemma-3-27b-it,Indulgence,567,1,2,50.0,50.0,50.0
google_gemma-3-27b-it,Indulgence,567,1,3,50.0,50.0,50.0
google_gemma-3-27b-it,Indulgence,568,1,1,0.0,0.0,0.0
google_gemma-3-27b-it,Indulgence,568,1,2,0.0,0.0,0.0
google_gemma-3-27b-it,Indulgence,568,1,3,0.0,0.0,0.0
google_gemma-3-27b-it,Indulgence,569,1,1,25.0,25.0,25.0
google_gemma-3-27b-it,Indulgence,569,1,2,25.0,25.0,25.0
google_gemma-3-27b-it,Indulgence,569,1,3,25.0,25.0,25.0
google_gemma-3-27b-it,Indulgence,570,1,1,50.0,50.0,50.0
google_gemma-3-27b-it,Indulgence,570,1,2,50.0,50.0,50.0
google_gemma-3-27b-it,Indulgence,570,1,3,50.0,50.0,50.0
google_gemma-3-27b-it,Indulgence,571,1,1,25.0,25.0,25.0
google_gemma-3-27b-it,Indulgence,571,1,2,25.0,25.0,25.0
google_gemma-3-27b-it,Indulgence,571,1,3,25.0,25.0,25.0
google_gemma-3-27b-it,Indulgence,572,1,1,50.0,50.0,50.0
google_gemma-3-27b-it,Indulgence,572,1,2,50.0,50.0,50.0
google_gemma-3-27b-it,Indulgence,572,1,3,50.0,50.0,50.0
google_gemma-3-27b-it,Indulgence,573,1,1,50.0,50.0,50.0
google_gemma-3-27b-it,Indulgence,573,1,2,50.0,50.0,50.0
google_gemma-3-27b-it,Indulgence,573,1,3,50.0,50.0,50.0
google_gemma-3-27b-it,Indulgence,574,1,1,50.0,50.0,50.0
google_gemma-3-27b-it,Indulgence,574,1,2,50.0,50.0,50.0
google_gemma-3-27b-it,Indulgence,574,1,3,50.0,50.0,50.0
google_gemma-3-27b-it,Indulgence,575,1,1,50.0,50.0,50.0
google_gemma-3-27b-it,Indulgence,575,1,2,50.0,50.0,50.0
google_gemma-3-27b-it,Indulgence,575,1,3,50.0,50.0,50.0
google_gemma-3-27b-it,Indulgence,576,1,1,50.0,50.0,50.0
google_gemma-3-27b-it,Indulgence,576,1,2,50.0,50.0,50.0
google_gemma-3-27b-it,Indulgence,576,1,3,50.0,50.0,50.0
google_gemma-3-27b-it,Indulgence,578,1,1,25.0,25.0,25.0
google_gemma-3-27b-it,Indulgence,578,1,2,25.0,25.0,25.0
google_gemma-3-27b-it,Indulgence,578,1,3,25.0,25.0,25.0
google_gemma-3-27b-it,Indulgence,579,1,1,50.0,50.0,50.0
google_gemma-3-27b-it,Indulgence,579,1,2,50.0,50.0,50.0
google_gemma-3-27b-it,Indulgence,579,1,3,50.0,50.0,50.0
google_gemma-3-27b-it,Indulgence,581,1,1,50.0,50.0,50.0
google_gemma-3-27b-it,Indulgence,581,1,2,50.0,50.0,50.0
google_gemma-3-27b-it,Indulgence,581,1,3,50.0,50.0,50.0
google_gemma-3-27b-it,Indulgence,582,1,1,50.0,50.0,50.0
google_gemma-3-27b-it,Indulgence,582,1,2,50.0,50.0,50.0
google_gemma-3-27b-it,Indulgence,582,1,3,50.0,50.0,50.0
google_gemma-3-27b-it,Indulgence,584,1,1,25.0,25.0,25.0
google_gemma-3-27b-it,Indulgence,584,1,2,25.0,25.0,25.0
google_gemma-3-27b-it,Indulgence,584,1,3,25.0,25.0,25.0
google_gemma-3-27b-it,Indulgence,585,1,1,50.0,50.0,50.0
google_gemma-3-27b-it,Indulgence,585,1,2,50.0,50.0,50.0
google_gemma-3-27b-it,Indulgence,585,1,3,50.0,50.0,50.0
google_gemma-3-27b-it,Indulgence,589,1,1,25.0,25.0,25.0
google_gemma-3-27b-it,Indulgence,589,1,2,25.0,25.0,25.0
google_gemma-3-27b-it,Indulgence,589,1,3,25.0,25.0,25.0
google_gemma-3-27b-it,Indulgence,590,1,1,50.0,50.0,50.0
google_gemma-3-27b-it,Indulgence,590,1,2,50.0,50.0,50.0
google_gemma-3-27b-it,Indulgence,590,1,3,50.0,50.0,50.0
google_gemma-3-27b-it,Indulgence,591,1,1,50.0,50.0,50.0
google_gemma-3-27b-it,Indulgence,591,1,2,50.0,50.0,50.0
google_gemma-3-27b-it,Indulgence,591,1,3,50.0,50.0,50.0
google_gemma-3-27b-it,Indulgence,592,1,1,50.0,50.0,50.0
google_gemma-3-27b-it,Indulgence,592,1,2,50.0,50.0,50.0
google_gemma-3-27b-it,Indulgence,592,1,3,50.0,50.0,50.0
google_gemma-3-27b-it,Indulgence,594,1,1,50.0,50.0,50.0
google_gemma-3-27b-it,Indulgence,594,1,2,50.0,50.0,50.0
google_gemma-3-27b-it,Indulgence,594,1,3,50.0,50.0,50.0
google_gemma-3-27b-it,Indulgence,596,1,1,50.0,50.0,50.0
google_gemma-3-27b-it,Indulgence,596,1,2,50.0,50.0,50.0
google_gemma-3-27b-it,Indulgence,596,1,3,50.0,50.0,50.0
google_gemma-3-27b-it,Indulgence,597,1,1,50.0,50.0,50.0
google_gemma-3-27b-it,Indulgence,597,1,2,50.0,50.0,50.0
google_gemma-3-27b-it,Indulgence,597,1,3,50.0,50.0,50.0
google_gemma-3-27b-it,Indulgence,599,1,1,50.0,50.0,50.0
google_gemma-3-27b-it,Indulgence,599,1,2,50.0,50.0,50.0
google_gemma-3-27b-it,Indulgence,599,1,3,50.0,50.0,50.0
google_gemma-3-27b-it,Indulgence,601,1,1,50.0,50.0,50.0
google_gemma-3-27b-it,Indulgence,601,1,2,50.0,50.0,50.0
google_gemma-3-27b-it,Indulgence,601,1,3,50.0,50.0,50.0
google_gemma-3-27b-it,Indulgence,602,1,1,25.0,25.0,25.0
google_gemma-3-27b-it,Indulgence,602,1,2,25.0,25.0,25.0
google_gemma-3-27b-it,Indulgence,602,1,3,25.0,25.0,25.0
google_gemma-3-27b-it,Indulgence,605,1,1,25.0,25.0,25.0
google_gemma-3-27b-it,Indulgence,605,1,2,25.0,25.0,25.0
google_gemma-3-27b-it,Indulgence,605,1,3,25.0,25.0,25.0
google_gemma-3-27b-it,Indulgence,608,1,1,50.0,50.0,50.0
google_gemma-3-27b-it,Indulgence,608,1,2,50.0,50.0,50.0
google_gemma-3-27b-it,Indulgence,608,1,3,50.0,50.0,50.0
google_gemma-3-27b-it,Indulgence,609,1,1,0.0,0.0,0.0
google_gemma-3-27b-it,Indulgence,609,1,2,0.0,0.0,0.0
google_gemma-3-27b-it,Indulgence,609,1,3,0.0,0.0,0.0
google_gemma-3-27b-it,Indulgence,611,1,1,50.0,50.0,50.0
google_gemma-3-27b-it,Indulgence,611,1,2,50.0,50.0,50.0
google_gemma-3-27b-it,Indulgence,611,1,3,50.0,50.0,50.0
google_gemma-3-27b-it,Indulgence,612,1,1,25.0,25.0,25.0
google_gemma-3-27b-it,Indulgence,612,1,2,25.0,25.0,25.0
google_gemma-3-27b-it,Indulgence,612,1,3,25.0,25.0,25.0
google_gemma-3-27b-it,Indulgence,614,1,1,50.0,50.0,50.0
google_gemma-3-27b-it,Indulgence,614,1,2,50.0,50.0,50.0
google_gemma-3-27b-it,Indulgence,614,1,3,50.0,50.0,50.0
google_gemma-3-27b-it,Indulgence,618,1,1,50.0,50.0,50.0
google_gemma-3-27b-it,Indulgence,618,1,2,50.0,50.0,50.0
google_gemma-3-27b-it,Indulgence,618,1,3,50.0,50.0,50.0
google_gemma-3-27b-it,Indulgence,619,1,1,25.0,25.0,25.0
google_gemma-3-27b-it,Indulgence,619,1,2,25.0,25.0,25.0
google_gemma-3-27b-it,Indulgence,619,1,3,25.0,25.0,25.0
google_gemma-3-27b-it,Indulgence,620,1,1,50.0,50.0,50.0
google_gemma-3-27b-it,Indulgence,620,1,2,50.0,50.0,50.0
google_gemma-3-27b-it,Indulgence,620,1,3,50.0,50.0,50.0
google_gemma-3-27b-it,Indulgence,621,1,1,25.0,25.0,25.0
google_gemma-3-27b-it,Indulgence,621,1,2,25.0,25.0,25.0
google_gemma-3-27b-it,Indulgence,621,1,3,25.0,25.0,25.0
google_gemma-3-27b-it,Indulgence,622,1,1,0.0,0.0,0.0
google_gemma-3-27b-it,Indulgence,622,1,2,0.0,0.0,0.0
google_gemma-3-27b-it,Indulgence,622,1,3,0.0,0.0,0.0
google_gemma-3-27b-it,Indulgence,623,1,1,50.0,50.0,50.0
google_gemma-3-27b-it,Indulgence,623,1,2,50.0,50.0,50.0
google_gemma-3-27b-it,Indulgence,623,1,3,50.0,50.0,50.0
google_gemma-3-27b-it,Indulgence,624,1,1,50.0,50.0,50.0
google_gemma-3-27b-it,Indulgence,624,1,2,50.0,50.0,50.0
google_gemma-3-27b-it,Indulgence,624,1,3,50.0,50.0,50.0
google_gemma-3-27b-it,Indulgence,627,1,1,25.0,25.0,25.0
google_gemma-3-27b-it,Indulgence,627,1,2,25.0,25.0,25.0
google_gemma-3-27b-it,Indulgence,627,1,3,25.0,25.0,25.0
google_gemma-3-27b-it,Indulgence,630,1,1,25.0,25.0,25.0
google_gemma-3-27b-it,Indulgence,630,1,2,25.0,25.0,25.0
google_gemma-3-27b-it,Indulgence,630,1,3,25.0,25.0,25.0
google_gemma-3-27b-it,Indulgence,636,1,1,50.0,50.0,50.0
google_gemma-3-27b-it,Indulgence,636,1,2,50.0,50.0,50.0
google_gemma-3-27b-it,Indulgence,636,1,3,50.0,50.0,50.0
google_gemma-3-27b-it,Indulgence,637,1,1,50.0,50.0,50.0
google_gemma-3-27b-it,Indulgence,637,1,2,50.0,50.0,50.0
google_gemma-3-27b-it,Indulgence,637,1,3,50.0,50.0,50.0
google_gemma-3-27b-it,Indulgence,639,1,1,50.0,50.0,50.0
google_gemma-3-27b-it,Indulgence,639,1,2,50.0,50.0,50.0
google_gemma-3-27b-it,Indulgence,639,1,3,50.0,50.0,50.0
google_gemma-3-27b-it,Indulgence,641,1,1,50.0,50.0,50.0
google_gemma-3-27b-it,Indulgence,641,1,2,50.0,50.0,50.0
google_gemma-3-27b-it,Indulgence,641,1,3,50.0,50.0,50.0
google_gemma-3-27b-it,Indulgence,642,1,1,50.0,50.0,50.0
google_gemma-3-27b-it,Indulgence,642,1,2,50.0,50.0,50.0
google_gemma-3-27b-it,Indulgence,642,1,3,50.0,50.0,50.0
google_gemma-3-27b-it,Indulgence,643,1,1,25.0,25.0,25.0
google_gemma-3-27b-it,Indulgence,643,1,2,25.0,25.0,25.0
google_gemma-3-27b-it,Indulgence,643,1,3,25.0,25.0,25.0
google_gemma-3-27b-it,Indulgence,644,1,1,100.0,100.0,100.0
google_gemma-3-27b-it,Indulgence,644,1,2,100.0,100.0,100.0
google_gemma-3-27b-it,Indulgence,644,1,3,100.0,100.0,100.0
google_gemma-3-27b-it,Indulgence,646,1,1,25.0,25.0,25.0
google_gemma-3-27b-it,Indulgence,646,1,2,25.0,25.0,25.0
google_gemma-3-27b-it,Indulgence,646,1,3,25.0,25.0,25.0
google_gemma-3-27b-it,Indulgence,647,1,1,50.0,50.0,50.0
google_gemma-3-27b-it,Indulgence,647,1,2,50.0,50.0,50.0
google_gemma-3-27b-it,Indulgence,647,1,3,50.0,50.0,50.0
google_gemma-3-27b-it,Indulgence,649,1,1,50.0,50.0,50.0
google_gemma-3-27b-it,Indulgence,649,1,2,50.0,50.0,50.0
google_gemma-3-27b-it,Indulgence,649,1,3,50.0,50.0,50.0
google_gemma-3-27b-it,Indulgence,650,1,1,50.0,50.0,50.0
google_gemma-3-27b-it,Indulgence,650,1,2,50.0,50.0,50.0
google_gemma-3-27b-it,Indulgence,650,1,3,50.0,50.0,50.0
google_gemma-3-27b-it,Indulgence,653,1,1,75.0,75.0,75.0
google_gemma-3-27b-it,Indulgence,653,1,2,75.0,75.0,75.0
google_gemma-3-27b-it,Indulgence,653,1,3,75.0,75.0,75.0
google_gemma-3-27b-it,Indulgence,655,1,1,25.0,25.0,25.0
google_gemma-3-27b-it,Indulgence,655,1,2,25.0,25.0,25.0
google_gemma-3-27b-it,Indulgence,655,1,3,25.0,25.0,25.0
google_gemma-3-27b-it,Indulgence,656,1,1,25.0,25.0,25.0
google_gemma-3-27b-it,Indulgence,656,1,2,25.0,25.0,25.0
google_gemma-3-27b-it,Indulgence,656,1,3,25.0,25.0,25.0
google_gemma-3-27b-it,Indulgence,658,1,1,25.0,25.0,25.0
google_gemma-3-27b-it,Indulgence,658,1,2,25.0,25.0,25.0
google_gemma-3-27b-it,Indulgence,658,1,3,25.0,25.0,25.0
google_gemma-3-27b-it,Indulgence,661,1,1,50.0,50.0,50.0
google_gemma-3-27b-it,Indulgence,661,1,2,50.0,50.0,50.0
google_gemma-3-27b-it,Indulgence,661,1,3,50.0,50.0,50.0
google_gemma-3-27b-it,Indulgence,664,1,1,50.0,50.0,100.0
google_gemma-3-27b-it,Indulgence,664,1,2,50.0,50.0,50.0
google_gemma-3-27b-it,Indulgence,664,1,3,50.0,50.0,50.0
google_gemma-3-27b-it,Indulgence,665,1,1,50.0,50.0,50.0
google_gemma-3-27b-it,Indulgence,665,1,2,50.0,50.0,50.0
google_gemma-3-27b-it,Indulgence,665,1,3,50.0,50.0,50.0
google_gemma-3-27b-it,Indulgence,666,1,1,50.0,50.0,50.0
google_gemma-3-27b-it,Indulgence,666,1,2,50.0,50.0,50.0
google_gemma-3-27b-it,Indulgence,666,1,3,50.0,50.0,50.0
google_gemma-3-27b-it,Indulgence,667,1,1,50.0,50.0,50.0
google_gemma-3-27b-it,Indulgence,667,1,2,50.0,50.0,50.0
google_gemma-3-27b-it,Indulgence,667,1,3,50.0,50.0,50.0
google_gemma-3-27b-it,Indulgence,668,1,1,50.0,50.0,50.0
google_gemma-3-27b-it,Indulgence,668,1,2,50.0,50.0,50.0
google_gemma-3-27b-it,Indulgence,668,1,3,50.0,50.0,50.0
google_gemma-3-27b-it,Indulgence,670,1,1,50.0,50.0,50.0
google_gemma-3-27b-it,Indulgence,670,1,2,50.0,50.0,50.0
google_gemma-3-27b-it,Indulgence,670,1,3,50.0,50.0,50.0
google_gemma-3-27b-it,Indulgence,674,1,1,25.0,25.0,25.0
google_gemma-3-27b-it,Indulgence,674,1,2,25.0,25.0,25.0
google_gemma-3-27b-it,Indulgence,674,1,3,25.0,25.0,25.0
google_gemma-3-27b-it,Indulgence,675,1,1,50.0,50.0,50.0
google_gemma-3-27b-it,Indulgence,675,1,2,50.0,50.0,50.0
google_gemma-3-27b-it,Indulgence,675,1,3,50.0,50.0,50.0
google_gemma-3-27b-it,Indulgence,678,1,1,50.0,50.0,50.0
google_gemma-3-27b-it,Indulgence,678,1,2,50.0,50.0,50.0
google_gemma-3-27b-it,Indulgence,678,1,3,50.0,50.0,50.0
google_gemma-3-27b-it,Indulgence,679,1,1,50.0,50.0,50.0
google_gemma-3-27b-it,Indulgence,679,1,2,50.0,50.0,50.0
google_gemma-3-27b-it,Indulgence,679,1,3,50.0,50.0,50.0
google_gemma-3-27b-it,Indulgence,686,1,1,50.0,50.0,50.0
google_gemma-3-27b-it,Indulgence,686,1,2,50.0,50.0,50.0
google_gemma-3-27b-it,Indulgence,686,1,3,50.0,50.0,50.0
google_gemma-3-27b-it,Indulgence,687,1,1,50.0,50.0,50.0
google_gemma-3-27b-it,Indulgence,687,1,2,50.0,50.0,50.0
google_gemma-3-27b-it,Indulgence,687,1,3,50.0,50.0,50.0
google_gemma-3-27b-it,Indulgence,693,1,1,50.0,50.0,50.0
google_gemma-3-27b-it,Indulgence,693,1,2,50.0,50.0,50.0
google_gemma-3-27b-it,Indulgence,693,1,3,50.0,50.0,50.0
google_gemma-3-27b-it,Indulgence,694,1,1,50.0,50.0,50.0
google_gemma-3-27b-it,Indulgence,694,1,2,50.0,50.0,50.0
google_gemma-3-27b-it,Indulgence,694,1,3,50.0,50.0,50.0
google_gemma-3-27b-it,Indulgence,695,1,1,50.0,50.0,50.0
google_gemma-3-27b-it,Indulgence,695,1,2,50.0,50.0,50.0
google_gemma-3-27b-it,Indulgence,695,1,3,50.0,50.0,50.0
google_gemma-3-27b-it,Indulgence,696,1,1,25.0,25.0,25.0
google_gemma-3-27b-it,Indulgence,696,1,2,25.0,25.0,25.0
google_gemma-3-27b-it,Indulgence,696,1,3,25.0,25.0,25.0
google_gemma-3-27b-it,Indulgence,697,1,1,50.0,50.0,50.0
google_gemma-3-27b-it,Indulgence,697,1,2,50.0,50.0,50.0
google_gemma-3-27b-it,Indulgence,697,1,3,50.0,50.0,50.0
google_gemma-3-27b-it,Indulgence,703,1,1,50.0,50.0,50.0
google_gemma-3-27b-it,Indulgence,703,1,2,50.0,50.0,50.0
google_gemma-3-27b-it,Indulgence,703,1,3,50.0,50.0,50.0
google_gemma-3-27b-it,Indulgence,705,1,1,100.0,100.0,100.0
google_gemma-3-27b-it,Indulgence,705,1,2,100.0,100.0,100.0
google_gemma-3-27b-it,Indulgence,705,1,3,100.0,100.0,100.0
google_gemma-3-27b-it,Indulgence,706,1,1,25.0,25.0,25.0
google_gemma-3-27b-it,Indulgence,706,1,2,25.0,25.0,25.0
google_gemma-3-27b-it,Indulgence,706,1,3,25.0,25.0,25.0
google_gemma-3-27b-it,Long_Term_Orientation,1000,1,1,25.0,25.0,25.0
google_gemma-3-27b-it,Long_Term_Orientation,1000,1,2,25.0,25.0,25.0
google_gemma-3-27b-it,Long_Term_Orientation,1000,1,3,25.0,25.0,25.0
google_gemma-3-27b-it,Long_Term_Orientation,1001,1,1,25.0,25.0,25.0
google_gemma-3-27b-it,Long_Term_Orientation,1001,1,2,25.0,25.0,25.0
google_gemma-3-27b-it,Long_Term_Orientation,1001,1,3,25.0,25.0,25.0
google_gemma-3-27b-it,Long_Term_Orientation,1002,1,1,25.0,25.0,25.0
google_gemma-3-27b-it,Long_Term_Orientation,1002,1,2,25.0,25.0,25.0
google_gemma-3-27b-it,Long_Term_Orientation,1002,1,3,25.0,25.0,25.0
google_gemma-3-27b-it,Long_Term_Orientation,1003,1,1,25.0,25.0,25.0
google_gemma-3-27b-it,Long_Term_Orientation,1003,1,2,25.0,25.0,25.0
google_gemma-3-27b-it,Long_Term_Orientation,1003,1,3,25.0,25.0,25.0
google_gemma-3-27b-it,Long_Term_Orientation,1004,1,1,25.0,25.0,25.0
google_gemma-3-27b-it,Long_Term_Orientation,1004,1,2,25.0,25.0,25.0
google_gemma-3-27b-it,Long_Term_Orientation,1004,1,3,25.0,25.0,25.0
google_gemma-3-27b-it,Long_Term_Orientation,1005,1,1,25.0,25.0,25.0
google_gemma-3-27b-it,Long_Term_Orientation,1005,1,2,25.0,25.0,25.0
google_gemma-3-27b-it,Long_Term_Orientation,1005,1,3,25.0,25.0,25.0
google_gemma-3-27b-it,Long_Term_Orientation,1006,1,1,25.0,25.0,25.0
google_gemma-3-27b-it,Long_Term_Orientation,1006,1,2,25.0,25.0,25.0
google_gemma-3-27b-it,Long_Term_Orientation,1006,1,3,25.0,25.0,25.0
google_gemma-3-27b-it,Long_Term_Orientation,1007,1,1,25.0,25.0,25.0
google_gemma-3-27b-it,Long_Term_Orientation,1007,1,2,25.0,25.0,25.0
google_gemma-3-27b-it,Long_Term_Orientation,1007,1,3,25.0,25.0,25.0
google_gemma-3-27b-it,Long_Term_Orientation,1008,1,1,75.0,75.0,75.0
google_gemma-3-27b-it,Long_Term_Orientation,1008,1,2,75.0,75.0,75.0
google_gemma-3-27b-it,Long_Term_Orientation,1008,1,3,75.0,75.0,75.0
google_gemma-3-27b-it,Long_Term_Orientation,1009,1,1,25.0,25.0,25.0
google_gemma-3-27b-it,Long_Term_Orientation,1009,1,2,25.0,25.0,25.0
google_gemma-3-27b-it,Long_Term_Orientation,1009,1,3,25.0,25.0,25.0
google_gemma-3-27b-it,Long_Term_Orientation,1010,1,1,25.0,25.0,25.0
google_gemma-3-27b-it,Long_Term_Orientation,1010,1,2,25.0,25.0,25.0
google_gemma-3-27b-it,Long_Term_Orientation,1010,1,3,25.0,25.0,25.0
google_gemma-3-27b-it,Long_Term_Orientation,1011,1,1,50.0,50.0,50.0
google_gemma-3-27b-it,Long_Term_Orientation,1011,1,2,50.0,50.0,50.0
google_gemma-3-27b-it,Long_Term_Orientation,1011,1,3,50.0,50.0,50.0
google_gemma-3-27b-it,Long_Term_Orientation,1013,1,1,0.0,0.0,0.0
google_gemma-3-27b-it,Long_Term_Orientation,1013,1,2,0.0,0.0,0.0
google_gemma-3-27b-it,Long_Term_Orientation,1013,1,3,0.0,0.0,0.0
google_gemma-3-27b-it,Long_Term_Orientation,1015,1,1,50.0,50.0,50.0
google_gemma-3-27b-it,Long_Term_Orientation,1015,1,2,50.0,50.0,50.0
google_gemma-3-27b-it,Long_Term_Orientation,1015,1,3,50.0,50.0,50.0
google_gemma-3-27b-it,Long_Term_Orientation,1016,1,1,0.0,0.0,0.0
google_gemma-3-27b-it,Long_Term_Orientation,1016,1,2,0.0,0.0,0.0
google_gemma-3-27b-it,Long_Term_Orientation,1016,1,3,0.0,0.0,0.0
google_gemma-3-27b-it,Long_Term_Orientation,1017,1,1,50.0,50.0,50.0
google_gemma-3-27b-it,Long_Term_Orientation,1017,1,2,50.0,50.0,50.0
google_gemma-3-27b-it,Long_Term_Orientation,1017,1,3,50.0,50.0,50.0
google_gemma-3-27b-it,Long_Term_Orientation,1019,1,1,25.0,25.0,25.0
google_gemma-3-27b-it,Long_Term_Orientation,1019,1,2,25.0,25.0,25.0
google_gemma-3-27b-it,Long_Term_Orientation,1019,1,3,25.0,25.0,50.0
google_gemma-3-27b-it,Long_Term_Orientation,1020,1,1,50.0,50.0,50.0
google_gemma-3-27b-it,Long_Term_Orientation,1020,1,2,50.0,50.0,50.0
google_gemma-3-27b-it,Long_Term_Orientation,1020,1,3,50.0,50.0,50.0
google_gemma-3-27b-it,Long_Term_Orientation,1021,1,1,25.0,25.0,25.0
google_gemma-3-27b-it,Long_Term_Orientation,1021,1,2,25.0,25.0,25.0
google_gemma-3-27b-it,Long_Term_Orientation,1021,1,3,25.0,25.0,25.0
google_gemma-3-27b-it,Long_Term_Orientation,1024,1,1,50.0,50.0,50.0
google_gemma-3-27b-it,Long_Term_Orientation,1024,1,2,50.0,50.0,50.0
google_gemma-3-27b-it,Long_Term_Orientation,1024,1,3,50.0,50.0,50.0
google_gemma-3-27b-it,Long_Term_Orientation,1025,1,1,25.0,25.0,25.0
google_gemma-3-27b-it,Long_Term_Orientation,1025,1,2,25.0,25.0,25.0
google_gemma-3-27b-it,Long_Term_Orientation,1025,1,3,25.0,25.0,25.0
google_gemma-3-27b-it,Long_Term_Orientation,1026,1,1,25.0,25.0,25.0
google_gemma-3-27b-it,Long_Term_Orientation,1026,1,2,25.0,25.0,25.0
google_gemma-3-27b-it,Long_Term_Orientation,1026,1,3,25.0,25.0,25.0
google_gemma-3-27b-it,Long_Term_Orientation,1027,1,1,25.0,25.0,25.0
google_gemma-3-27b-it,Long_Term_Orientation,1027,1,2,25.0,25.0,25.0
google_gemma-3-27b-it,Long_Term_Orientation,1027,1,3,25.0,25.0,25.0
google_gemma-3-27b-it,Long_Term_Orientation,1031,1,1,25.0,25.0,25.0
google_gemma-3-27b-it,Long_Term_Orientation,1031,1,2,25.0,25.0,25.0
google_gemma-3-27b-it,Long_Term_Orientation,1031,1,3,25.0,25.0,25.0
google_gemma-3-27b-it,Long_Term_Orientation,1032,1,1,25.0,25.0,25.0
google_gemma-3-27b-it,Long_Term_Orientation,1032,1,2,25.0,25.0,25.0
google_gemma-3-27b-it,Long_Term_Orientation,1032,1,3,25.0,25.0,25.0
google_gemma-3-27b-it,Long_Term_Orientation,1033,1,1,25.0,25.0,25.0
google_gemma-3-27b-it,Long_Term_Orientation,1033,1,2,25.0,25.0,25.0
google_gemma-3-27b-it,Long_Term_Orientation,1033,1,3,25.0,25.0,25.0
google_gemma-3-27b-it,Long_Term_Orientation,1035,1,1,50.0,50.0,50.0
google_gemma-3-27b-it,Long_Term_Orientation,1035,1,2,50.0,50.0,50.0
google_gemma-3-27b-it,Long_Term_Orientation,1035,1,3,50.0,50.0,50.0
google_gemma-3-27b-it,Long_Term_Orientation,1036,1,1,25.0,25.0,25.0
google_gemma-3-27b-it,Long_Term_Orientation,1036,1,2,25.0,25.0,25.0
google_gemma-3-27b-it,Long_Term_Orientation,1036,1,3,25.0,25.0,25.0
google_gemma-3-27b-it,Long_Term_Orientation,1039,1,1,50.0,50.0,50.0
google_gemma-3-27b-it,Long_Term_Orientation,1039,1,2,50.0,50.0,50.0
google_gemma-3-27b-it,Long_Term_Orientation,1039,1,3,50.0,50.0,50.0
google_gemma-3-27b-it,Long_Term_Orientation,1040,1,1,25.0,25.0,25.0
google_gemma-3-27b-it,Long_Term_Orientation,1040,1,2,25.0,25.0,25.0
google_gemma-3-27b-it,Long_Term_Orientation,1040,1,3,25.0,25.0,25.0
google_gemma-3-27b-it,Long_Term_Orientation,1041,1,1,50.0,50.0,50.0
google_gemma-3-27b-it,Long_Term_Orientation,1041,1,2,50.0,50.0,50.0
google_gemma-3-27b-it,Long_Term_Orientation,1041,1,3,50.0,50.0,50.0
google_gemma-3-27b-it,Long_Term_Orientation,1042,1,1,50.0,50.0,50.0
google_gemma-3-27b-it,Long_Term_Orientation,1042,1,2,50.0,50.0,50.0
google_gemma-3-27b-it,Long_Term_Orientation,1042,1,3,50.0,50.0,50.0
google_gemma-3-27b-it,Long_Term_Orientation,1043,1,1,25.0,25.0,25.0
google_gemma-3-27b-it,Long_Term_Orientation,1043,1,2,25.0,25.0,25.0
google_gemma-3-27b-it,Long_Term_Orientation,1043,1,3,25.0,25.0,25.0
google_gemma-3-27b-it,Long_Term_Orientation,1048,1,1,25.0,25.0,25.0
google_gemma-3-27b-it,Long_Term_Orientation,1048,1,2,25.0,25.0,25.0
google_gemma-3-27b-it,Long_Term_Orientation,1048,1,3,25.0,25.0,25.0
google_gemma-3-27b-it,Long_Term_Orientation,1049,1,1,25.0,25.0,25.0
google_gemma-3-27b-it,Long_Term_Orientation,1049,1,2,25.0,25.0,25.0
google_gemma-3-27b-it,Long_Term_Orientation,1049,1,3,25.0,25.0,50.0
google_gemma-3-27b-it,Long_Term_Orientation,1050,1,1,50.0,50.0,50.0
google_gemma-3-27b-it,Long_Term_Orientation,1050,1,2,50.0,50.0,50.0
google_gemma-3-27b-it,Long_Term_Orientation,1050,1,3,50.0,50.0,50.0
google_gemma-3-27b-it,Long_Term_Orientation,1052,1,1,50.0,50.0,50.0
google_gemma-3-27b-it,Long_Term_Orientation,1052,1,2,50.0,50.0,50.0
google_gemma-3-27b-it,Long_Term_Orientation,1052,1,3,50.0,50.0,50.0
google_gemma-3-27b-it,Long_Term_Orientation,1053,1,1,25.0,25.0,25.0
google_gemma-3-27b-it,Long_Term_Orientation,1053,1,2,25.0,25.0,25.0
google_gemma-3-27b-it,Long_Term_Orientation,1053,1,3,25.0,25.0,25.0
google_gemma-3-27b-it,Long_Term_Orientation,1054,1,1,0.0,0.0,0.0
google_gemma-3-27b-it,Long_Term_Orientation,1054,1,2,0.0,0.0,0.0
google_gemma-3-27b-it,Long_Term_Orientation,1054,1,3,0.0,0.0,0.0
google_gemma-3-27b-it,Long_Term_Orientation,1055,1,1,50.0,50.0,50.0
google_gemma-3-27b-it,Long_Term_Orientation,1055,1,2,50.0,50.0,50.0
google_gemma-3-27b-it,Long_Term_Orientation,1055,1,3,50.0,50.0,50.0
google_gemma-3-27b-it,Long_Term_Orientation,1056,1,1,25.0,25.0,25.0
google_gemma-3-27b-it,Long_Term_Orientation,1056,1,2,25.0,25.0,25.0
google_gemma-3-27b-it,Long_Term_Orientation,1056,1,3,25.0,25.0,25.0
google_gemma-3-27b-it,Long_Term_Orientation,1057,1,1,25.0,25.0,25.0
google_gemma-3-27b-it,Long_Term_Orientation,1057,1,2,25.0,25.0,25.0
google_gemma-3-27b-it,Long_Term_Orientation,1057,1,3,25.0,0.0,25.0
google_gemma-3-27b-it,Long_Term_Orientation,1059,1,1,25.0,25.0,25.0
google_gemma-3-27b-it,Long_Term_Orientation,1059,1,2,25.0,25.0,25.0
google_gemma-3-27b-it,Long_Term_Orientation,1059,1,3,25.0,25.0,25.0
google_gemma-3-27b-it,Long_Term_Orientation,1060,1,1,25.0,25.0,25.0
google_gemma-3-27b-it,Long_Term_Orientation,1060,1,2,25.0,25.0,25.0
google_gemma-3-27b-it,Long_Term_Orientation,1060,1,3,25.0,25.0,25.0
google_gemma-3-27b-it,Long_Term_Orientation,1061,1,1,25.0,25.0,25.0
google_gemma-3-27b-it,Long_Term_Orientation,1061,1,2,25.0,25.0,25.0
google_gemma-3-27b-it,Long_Term_Orientation,1061,1,3,25.0,25.0,25.0
google_gemma-3-27b-it,Long_Term_Orientation,1062,1,1,25.0,25.0,25.0
google_gemma-3-27b-it,Long_Term_Orientation,1062,1,2,25.0,25.0,25.0
google_gemma-3-27b-it,Long_Term_Orientation,1062,1,3,25.0,25.0,25.0
google_gemma-3-27b-it,Long_Term_Orientation,1064,1,1,50.0,50.0,50.0
google_gemma-3-27b-it,Long_Term_Orientation,1064,1,2,50.0,50.0,50.0
google_gemma-3-27b-it,Long_Term_Orientation,1064,1,3,50.0,50.0,50.0
google_gemma-3-27b-it,Long_Term_Orientation,1065,1,1,50.0,50.0,50.0
google_gemma-3-27b-it,Long_Term_Orientation,1065,1,2,50.0,50.0,50.0
google_gemma-3-27b-it,Long_Term_Orientation,1065,1,3,50.0,50.0,50.0
google_gemma-3-27b-it,Long_Term_Orientation,1066,1,1,50.0,50.0,50.0
google_gemma-3-27b-it,Long_Term_Orientation,1066,1,2,50.0,50.0,50.0
google_gemma-3-27b-it,Long_Term_Orientation,1066,1,3,50.0,50.0,50.0
google_gemma-3-27b-it,Long_Term_Orientation,1070,1,1,25.0,25.0,25.0
google_gemma-3-27b-it,Long_Term_Orientation,1070,1,2,25.0,25.0,25.0
google_gemma-3-27b-it,Long_Term_Orientation,1070,1,3,25.0,25.0,25.0
google_gemma-3-27b-it,Long_Term_Orientation,1071,1,1,0.0,0.0,0.0
google_gemma-3-27b-it,Long_Term_Orientation,1071,1,2,0.0,0.0,0.0
google_gemma-3-27b-it,Long_Term_Orientation,1071,1,3,0.0,0.0,0.0
google_gemma-3-27b-it,Long_Term_Orientation,1075,1,1,50.0,50.0,50.0
google_gemma-3-27b-it,Long_Term_Orientation,1075,1,2,50.0,50.0,50.0
google_gemma-3-27b-it,Long_Term_Orientation,1075,1,3,50.0,50.0,50.0
google_gemma-3-27b-it,Long_Term_Orientation,1076,1,1,25.0,25.0,25.0
google_gemma-3-27b-it,Long_Term_Orientation,1076,1,2,25.0,25.0,25.0
google_gemma-3-27b-it,Long_Term_Orientation,1076,1,3,25.0,25.0,25.0
google_gemma-3-27b-it,Long_Term_Orientation,1077,1,1,0.0,0.0,0.0
google_gemma-3-27b-it,Long_Term_Orientation,1077,1,2,0.0,25.0,25.0
google_gemma-3-27b-it,Long_Term_Orientation,1077,1,3,0.0,25.0,0.0
google_gemma-3-27b-it,Long_Term_Orientation,1078,1,1,50.0,50.0,50.0
google_gemma-3-27b-it,Long_Term_Orientation,1078,1,2,50.0,50.0,50.0
google_gemma-3-27b-it,Long_Term_Orientation,1078,1,3,50.0,50.0,50.0
google_gemma-3-27b-it,Long_Term_Orientation,1079,1,1,0.0,0.0,0.0
google_gemma-3-27b-it,Long_Term_Orientation,1079,1,2,0.0,0.0,0.0
google_gemma-3-27b-it,Long_Term_Orientation,1079,1,3,0.0,0.0,0.0
google_gemma-3-27b-it,Long_Term_Orientation,1080,1,1,25.0,25.0,25.0
google_gemma-3-27b-it,Long_Term_Orientation,1080,1,2,25.0,25.0,25.0
google_gemma-3-27b-it,Long_Term_Orientation,1080,1,3,25.0,25.0,25.0
google_gemma-3-27b-it,Long_Term_Orientation,1082,1,1,50.0,50.0,50.0
google_gemma-3-27b-it,Long_Term_Orientation,1082,1,2,50.0,50.0,50.0
google_gemma-3-27b-it,Long_Term_Orientation,1082,1,3,50.0,50.0,50.0
google_gemma-3-27b-it,Long_Term_Orientation,1083,1,1,75.0,75.0,75.0
google_gemma-3-27b-it,Long_Term_Orientation,1083,1,2,75.0,75.0,75.0
google_gemma-3-27b-it,Long_Term_Orientation,1083,1,3,75.0,75.0,75.0
google_gemma-3-27b-it,Long_Term_Orientation,1084,1,1,25.0,25.0,25.0
google_gemma-3-27b-it,Long_Term_Orientation,1084,1,2,25.0,25.0,25.0
google_gemma-3-27b-it,Long_Term_Orientation,1084,1,3,25.0,25.0,25.0
google_gemma-3-27b-it,Long_Term_Orientation,1085,1,1,0.0,0.0,0.0
google_gemma-3-27b-it,Long_Term_Orientation,1085,1,2,0.0,0.0,0.0
google_gemma-3-27b-it,Long_Term_Orientation,1085,1,3,0.0,0.0,0.0
google_gemma-3-27b-it,Long_Term_Orientation,1086,1,1,25.0,25.0,25.0
google_gemma-3-27b-it,Long_Term_Orientation,1086,1,2,25.0,25.0,25.0
google_gemma-3-27b-it,Long_Term_Orientation,1086,1,3,25.0,25.0,25.0
google_gemma-3-27b-it,Long_Term_Orientation,1087,1,1,25.0,25.0,25.0
google_gemma-3-27b-it,Long_Term_Orientation,1087,1,2,25.0,25.0,25.0
google_gemma-3-27b-it,Long_Term_Orientation,1087,1,3,25.0,25.0,25.0
google_gemma-3-27b-it,Long_Term_Orientation,1088,1,1,25.0,25.0,25.0
google_gemma-3-27b-it,Long_Term_Orientation,1088,1,2,25.0,25.0,25.0
google_gemma-3-27b-it,Long_Term_Orientation,1088,1,3,25.0,25.0,25.0
google_gemma-3-27b-it,Long_Term_Orientation,1089,1,1,50.0,50.0,50.0
google_gemma-3-27b-it,Long_Term_Orientation,1089,1,2,50.0,50.0,50.0
google_gemma-3-27b-it,Long_Term_Orientation,1089,1,3,50.0,50.0,50.0
google_gemma-3-27b-it,Long_Term_Orientation,1091,1,1,0.0,0.0,0.0
google_gemma-3-27b-it,Long_Term_Orientation,1091,1,2,0.0,0.0,0.0
google_gemma-3-27b-it,Long_Term_Orientation,1091,1,3,0.0,0.0,0.0
google_gemma-3-27b-it,Long_Term_Orientation,1092,1,1,25.0,25.0,25.0
google_gemma-3-27b-it,Long_Term_Orientation,1092,1,2,25.0,25.0,25.0
google_gemma-3-27b-it,Long_Term_Orientation,1092,1,3,25.0,25.0,25.0
google_gemma-3-27b-it,Long_Term_Orientation,1094,1,1,25.0,25.0,25.0
google_gemma-3-27b-it,Long_Term_Orientation,1094,1,2,25.0,25.0,25.0
google_gemma-3-27b-it,Long_Term_Orientation,1094,1,3,25.0,25.0,25.0
google_gemma-3-27b-it,Long_Term_Orientation,1096,1,1,50.0,50.0,50.0
google_gemma-3-27b-it,Long_Term_Orientation,1096,1,2,50.0,50.0,50.0
google_gemma-3-27b-it,Long_Term_Orientation,1096,1,3,50.0,50.0,50.0
google_gemma-3-27b-it,Long_Term_Orientation,1098,1,1,50.0,50.0,50.0
google_gemma-3-27b-it,Long_Term_Orientation,1098,1,2,50.0,50.0,50.0
google_gemma-3-27b-it,Long_Term_Orientation,1098,1,3,50.0,50.0,50.0
google_gemma-3-27b-it,Long_Term_Orientation,1099,1,1,25.0,25.0,25.0
google_gemma-3-27b-it,Long_Term_Orientation,1099,1,2,25.0,25.0,25.0
google_gemma-3-27b-it,Long_Term_Orientation,1099,1,3,25.0,25.0,25.0
google_gemma-3-27b-it,Long_Term_Orientation,1100,1,1,25.0,25.0,25.0
google_gemma-3-27b-it,Long_Term_Orientation,1100,1,2,25.0,25.0,25.0
google_gemma-3-27b-it,Long_Term_Orientation,1100,1,3,25.0,25.0,25.0
google_gemma-3-27b-it,Long_Term_Orientation,1101,1,1,50.0,50.0,50.0
google_gemma-3-27b-it,Long_Term_Orientation,1101,1,2,50.0,50.0,50.0
google_gemma-3-27b-it,Long_Term_Orientation,1101,1,3,50.0,50.0,50.0
google_gemma-3-27b-it,Long_Term_Orientation,1102,1,1,0.0,0.0,0.0
google_gemma-3-27b-it,Long_Term_Orientation,1102,1,2,0.0,0.0,0.0
google_gemma-3-27b-it,Long_Term_Orientation,1102,1,3,0.0,0.0,0.0
google_gemma-3-27b-it,Long_Term_Orientation,1103,1,1,25.0,25.0,25.0
google_gemma-3-27b-it,Long_Term_Orientation,1103,1,2,25.0,25.0,25.0
google_gemma-3-27b-it,Long_Term_Orientation,1103,1,3,25.0,25.0,25.0
google_gemma-3-27b-it,Long_Term_Orientation,1106,1,1,0.0,0.0,25.0
google_gemma-3-27b-it,Long_Term_Orientation,1106,1,2,0.0,0.0,0.0
google_gemma-3-27b-it,Long_Term_Orientation,1106,1,3,0.0,0.0,25.0
google_gemma-3-27b-it,Long_Term_Orientation,1107,1,1,25.0,25.0,25.0
google_gemma-3-27b-it,Long_Term_Orientation,1107,1,2,25.0,25.0,25.0
google_gemma-3-27b-it,Long_Term_Orientation,1107,1,3,25.0,25.0,25.0
google_gemma-3-27b-it,Long_Term_Orientation,1109,1,1,25.0,25.0,25.0
google_gemma-3-27b-it,Long_Term_Orientation,1109,1,2,25.0,25.0,25.0
google_gemma-3-27b-it,Long_Term_Orientation,1109,1,3,25.0,25.0,25.0
google_gemma-3-27b-it,Long_Term_Orientation,1110,1,1,25.0,25.0,25.0
google_gemma-3-27b-it,Long_Term_Orientation,1110,1,2,25.0,25.0,25.0
google_gemma-3-27b-it,Long_Term_Orientation,1110,1,3,25.0,25.0,25.0
google_gemma-3-27b-it,Long_Term_Orientation,1112,1,1,25.0,25.0,25.0
google_gemma-3-27b-it,Long_Term_Orientation,1112,1,2,25.0,25.0,25.0
google_gemma-3-27b-it,Long_Term_Orientation,1112,1,3,25.0,25.0,25.0
google_gemma-3-27b-it,Long_Term_Orientation,1113,1,1,50.0,50.0,50.0
google_gemma-3-27b-it,Long_Term_Orientation,1113,1,2,50.0,50.0,50.0
google_gemma-3-27b-it,Long_Term_Orientation,1113,1,3,50.0,50.0,50.0
google_gemma-3-27b-it,Long_Term_Orientation,1115,1,1,50.0,50.0,50.0
google_gemma-3-27b-it,Long_Term_Orientation,1115,1,2,50.0,50.0,50.0
google_gemma-3-27b-it,Long_Term_Orientation,1115,1,3,50.0,50.0,50.0
google_gemma-3-27b-it,Long_Term_Orientation,1117,1,1,25.0,25.0,25.0
google_gemma-3-27b-it,Long_Term_Orientation,1117,1,2,25.0,25.0,25.0
google_gemma-3-27b-it,Long_Term_Orientation,1117,1,3,25.0,25.0,25.0
google_gemma-3-27b-it,Long_Term_Orientation,1119,1,1,50.0,50.0,50.0
google_gemma-3-27b-it,Long_Term_Orientation,1119,1,2,50.0,50.0,50.0
google_gemma-3-27b-it,Long_Term_Orientation,1119,1,3,50.0,50.0,50.0
google_gemma-3-27b-it,Long_Term_Orientation,1120,1,1,25.0,25.0,25.0
google_gemma-3-27b-it,Long_Term_Orientation,1120,1,2,25.0,25.0,25.0
google_gemma-3-27b-it,Long_Term_Orientation,1120,1,3,25.0,25.0,25.0
google_gemma-3-27b-it,Long_Term_Orientation,1121,1,1,0.0,0.0,0.0
google_gemma-3-27b-it,Long_Term_Orientation,1121,1,2,0.0,0.0,0.0
google_gemma-3-27b-it,Long_Term_Orientation,1121,1,3,0.0,0.0,0.0
google_gemma-3-27b-it,Long_Term_Orientation,1125,1,1,25.0,25.0,25.0
google_gemma-3-27b-it,Long_Term_Orientation,1125,1,2,25.0,25.0,25.0
google_gemma-3-27b-it,Long_Term_Orientation,1125,1,3,25.0,25.0,25.0
google_gemma-3-27b-it,Long_Term_Orientation,1126,1,1,25.0,25.0,25.0
google_gemma-3-27b-it,Long_Term_Orientation,1126,1,2,25.0,25.0,25.0
google_gemma-3-27b-it,Long_Term_Orientation,1126,1,3,25.0,25.0,25.0
google_gemma-3-27b-it,Long_Term_Orientation,1128,1,1,50.0,50.0,50.0
google_gemma-3-27b-it,Long_Term_Orientation,1128,1,2,50.0,50.0,50.0
google_gemma-3-27b-it,Long_Term_Orientation,1128,1,3,50.0,50.0,50.0
google_gemma-3-27b-it,Long_Term_Orientation,1129,1,1,25.0,25.0,25.0
google_gemma-3-27b-it,Long_Term_Orientation,1129,1,2,25.0,25.0,25.0
google_gemma-3-27b-it,Long_Term_Orientation,1129,1,3,25.0,25.0,25.0
google_gemma-3-27b-it,Long_Term_Orientation,1136,1,1,50.0,50.0,50.0
google_gemma-3-27b-it,Long_Term_Orientation,1136,1,2,50.0,50.0,50.0
google_gemma-3-27b-it,Long_Term_Orientation,1136,1,3,50.0,50.0,50.0
google_gemma-3-27b-it,Long_Term_Orientation,1137,1,1,50.0,50.0,50.0
google_gemma-3-27b-it,Long_Term_Orientation,1137,1,2,50.0,50.0,50.0
google_gemma-3-27b-it,Long_Term_Orientation,1137,1,3,50.0,50.0,50.0
google_gemma-3-27b-it,Long_Term_Orientation,1139,1,1,0.0,0.0,0.0
google_gemma-3-27b-it,Long_Term_Orientation,1139,1,2,0.0,0.0,0.0
google_gemma-3-27b-it,Long_Term_Orientation,1139,1,3,0.0,0.0,0.0
google_gemma-3-27b-it,Long_Term_Orientation,1141,1,1,50.0,50.0,50.0
google_gemma-3-27b-it,Long_Term_Orientation,1141,1,2,50.0,50.0,50.0
google_gemma-3-27b-it,Long_Term_Orientation,1141,1,3,50.0,50.0,50.0
google_gemma-3-27b-it,Long_Term_Orientation,1143,1,1,25.0,25.0,25.0
google_gemma-3-27b-it,Long_Term_Orientation,1143,1,2,25.0,25.0,25.0
google_gemma-3-27b-it,Long_Term_Orientation,1143,1,3,25.0,25.0,25.0
google_gemma-3-27b-it,Long_Term_Orientation,1146,1,1,25.0,25.0,25.0
google_gemma-3-27b-it,Long_Term_Orientation,1146,1,2,25.0,25.0,25.0
google_gemma-3-27b-it,Long_Term_Orientation,1146,1,3,25.0,25.0,25.0
google_gemma-3-27b-it,Long_Term_Orientation,1148,1,1,25.0,25.0,25.0
google_gemma-3-27b-it,Long_Term_Orientation,1148,1,2,25.0,25.0,25.0
google_gemma-3-27b-it,Long_Term_Orientation,1148,1,3,25.0,25.0,25.0
google_gemma-3-27b-it,Long_Term_Orientation,1151,1,1,25.0,25.0,25.0
google_gemma-3-27b-it,Long_Term_Orientation,1151,1,2,25.0,25.0,25.0
google_gemma-3-27b-it,Long_Term_Orientation,1151,1,3,25.0,25.0,25.0
google_gemma-3-27b-it,Long_Term_Orientation,1152,1,1,25.0,25.0,25.0
google_gemma-3-27b-it,Long_Term_Orientation,1152,1,2,25.0,25.0,25.0
google_gemma-3-27b-it,Long_Term_Orientation,1152,1,3,25.0,25.0,25.0
google_gemma-3-27b-it,Long_Term_Orientation,1153,1,1,50.0,50.0,50.0
google_gemma-3-27b-it,Long_Term_Orientation,1153,1,2,50.0,50.0,50.0
google_gemma-3-27b-it,Long_Term_Orientation,1153,1,3,50.0,50.0,50.0
google_gemma-3-27b-it,Long_Term_Orientation,1154,1,1,25.0,25.0,25.0
google_gemma-3-27b-it,Long_Term_Orientation,1154,1,2,25.0,25.0,25.0
google_gemma-3-27b-it,Long_Term_Orientation,1154,1,3,25.0,25.0,25.0
google_gemma-3-27b-it,Long_Term_Orientation,1155,1,1,0.0,0.0,0.0
google_gemma-3-27b-it,Long_Term_Orientation,1155,1,2,0.0,0.0,0.0
google_gemma-3-27b-it,Long_Term_Orientation,1155,1,3,0.0,0.0,0.0
google_gemma-3-27b-it,Long_Term_Orientation,1156,1,1,25.0,25.0,25.0
google_gemma-3-27b-it,Long_Term_Orientation,1156,1,2,25.0,25.0,25.0
google_gemma-3-27b-it,Long_Term_Orientation,1156,1,3,25.0,25.0,25.0
google_gemma-3-27b-it,Long_Term_Orientation,1158,1,1,25.0,25.0,25.0
google_gemma-3-27b-it,Long_Term_Orientation,1158,1,2,25.0,25.0,25.0
google_gemma-3-27b-it,Long_Term_Orientation,1158,1,3,25.0,25.0,25.0
google_gemma-3-27b-it,Long_Term_Orientation,1159,1,1,25.0,25.0,25.0
google_gemma-3-27b-it,Long_Term_Orientation,1159,1,2,25.0,25.0,25.0
google_gemma-3-27b-it,Long_Term_Orientation,1159,1,3,25.0,25.0,25.0
google_gemma-3-27b-it,Long_Term_Orientation,1160,1,1,50.0,50.0,50.0
google_gemma-3-27b-it,Long_Term_Orientation,1160,1,2,50.0,50.0,50.0
google_gemma-3-27b-it,Long_Term_Orientation,1160,1,3,50.0,50.0,50.0
google_gemma-3-27b-it,Long_Term_Orientation,1164,1,1,25.0,25.0,25.0
google_gemma-3-27b-it,Long_Term_Orientation,1164,1,2,25.0,25.0,25.0
google_gemma-3-27b-it,Long_Term_Orientation,1164,1,3,25.0,25.0,25.0
google_gemma-3-27b-it,Long_Term_Orientation,1166,1,1,25.0,25.0,25.0
google_gemma-3-27b-it,Long_Term_Orientation,1166,1,2,25.0,25.0,25.0
google_gemma-3-27b-it,Long_Term_Orientation,1166,1,3,25.0,25.0,25.0
google_gemma-3-27b-it,Long_Term_Orientation,1168,1,1,100.0,100.0,100.0
google_gemma-3-27b-it,Long_Term_Orientation,1168,1,2,100.0,100.0,100.0
google_gemma-3-27b-it,Long_Term_Orientation,1168,1,3,100.0,100.0,100.0
google_gemma-3-27b-it,Long_Term_Orientation,1172,1,1,25.0,25.0,25.0
google_gemma-3-27b-it,Long_Term_Orientation,1172,1,2,25.0,25.0,25.0
google_gemma-3-27b-it,Long_Term_Orientation,1172,1,3,25.0,25.0,25.0
google_gemma-3-27b-it,Long_Term_Orientation,1173,1,1,50.0,50.0,50.0
google_gemma-3-27b-it,Long_Term_Orientation,1173,1,2,50.0,50.0,50.0
google_gemma-3-27b-it,Long_Term_Orientation,1173,1,3,50.0,50.0,50.0
google_gemma-3-27b-it,Long_Term_Orientation,1179,1,1,25.0,25.0,25.0
google_gemma-3-27b-it,Long_Term_Orientation,1179,1,2,25.0,25.0,25.0
google_gemma-3-27b-it,Long_Term_Orientation,1179,1,3,25.0,25.0,25.0
google_gemma-3-27b-it,Long_Term_Orientation,1180,1,1,50.0,50.0,50.0
google_gemma-3-27b-it,Long_Term_Orientation,1180,1,2,50.0,50.0,50.0
google_gemma-3-27b-it,Long_Term_Orientation,1180,1,3,50.0,50.0,50.0
google_gemma-3-27b-it,Long_Term_Orientation,1181,1,1,25.0,25.0,25.0
google_gemma-3-27b-it,Long_Term_Orientation,1181,1,2,25.0,25.0,25.0
google_gemma-3-27b-it,Long_Term_Orientation,1181,1,3,25.0,25.0,25.0
google_gemma-3-27b-it,Long_Term_Orientation,1187,1,1,25.0,25.0,25.0
google_gemma-3-27b-it,Long_Term_Orientation,1187,1,2,25.0,25.0,25.0
google_gemma-3-27b-it,Long_Term_Orientation,1187,1,3,25.0,25.0,25.0
google_gemma-3-27b-it,Long_Term_Orientation,1189,1,1,25.0,25.0,25.0
google_gemma-3-27b-it,Long_Term_Orientation,1189,1,2,25.0,25.0,25.0
google_gemma-3-27b-it,Long_Term_Orientation,1189,1,3,25.0,25.0,25.0
google_gemma-3-27b-it,Long_Term_Orientation,1194,1,1,25.0,25.0,25.0
google_gemma-3-27b-it,Long_Term_Orientation,1194,1,2,25.0,25.0,25.0
google_gemma-3-27b-it,Long_Term_Orientation,1194,1,3,25.0,25.0,25.0
google_gemma-3-27b-it,Long_Term_Orientation,1218,1,1,25.0,25.0,25.0
google_gemma-3-27b-it,Long_Term_Orientation,1218,1,2,25.0,25.0,25.0
google_gemma-3-27b-it,Long_Term_Orientation,1218,1,3,25.0,25.0,25.0
google_gemma-3-27b-it,Long_Term_Orientation,1239,1,1,50.0,50.0,50.0
google_gemma-3-27b-it,Long_Term_Orientation,1239,1,2,50.0,50.0,50.0
google_gemma-3-27b-it,Long_Term_Orientation,1239,1,3,50.0,50.0,50.0
google_gemma-3-27b-it,Long_Term_Orientation,1240,1,1,50.0,50.0,50.0
google_gemma-3-27b-it,Long_Term_Orientation,1240,1,2,50.0,50.0,25.0
google_gemma-3-27b-it,Long_Term_Orientation,1240,1,3,50.0,50.0,50.0
google_gemma-3-27b-it,Long_Term_Orientation,975,1,1,25.0,25.0,25.0
google_gemma-3-27b-it,Long_Term_Orientation,975,1,2,25.0,25.0,25.0
google_gemma-3-27b-it,Long_Term_Orientation,975,1,3,25.0,25.0,25.0
google_gemma-3-27b-it,Long_Term_Orientation,976,1,1,25.0,25.0,25.0
google_gemma-3-27b-it,Long_Term_Orientation,976,1,2,25.0,25.0,25.0
google_gemma-3-27b-it,Long_Term_Orientation,976,1,3,25.0,25.0,25.0
google_gemma-3-27b-it,Long_Term_Orientation,977,1,1,0.0,0.0,0.0
google_gemma-3-27b-it,Long_Term_Orientation,977,1,2,0.0,0.0,0.0
google_gemma-3-27b-it,Long_Term_Orientation,977,1,3,0.0,0.0,0.0
google_gemma-3-27b-it,Long_Term_Orientation,978,1,1,0.0,25.0,0.0
google_gemma-3-27b-it,Long_Term_Orientation,978,1,2,0.0,25.0,25.0
google_gemma-3-27b-it,Long_Term_Orientation,978,1,3,0.0,25.0,25.0
google_gemma-3-27b-it,Long_Term_Orientation,979,1,1,0.0,0.0,0.0
google_gemma-3-27b-it,Long_Term_Orientation,979,1,2,0.0,0.0,0.0
google_gemma-3-27b-it,Long_Term_Orientation,979,1,3,0.0,0.0,0.0
google_gemma-3-27b-it,Long_Term_Orientation,980,1,1,50.0,50.0,50.0
google_gemma-3-27b-it,Long_Term_Orientation,980,1,2,50.0,50.0,50.0
google_gemma-3-27b-it,Long_Term_Orientation,980,1,3,50.0,50.0,50.0
google_gemma-3-27b-it,Long_Term_Orientation,981,1,1,25.0,25.0,25.0
google_gemma-3-27b-it,Long_Term_Orientation,981,1,2,25.0,25.0,25.0
google_gemma-3-27b-it,Long_Term_Orientation,981,1,3,25.0,25.0,25.0
google_gemma-3-27b-it,Long_Term_Orientation,982,1,1,50.0,50.0,50.0
google_gemma-3-27b-it,Long_Term_Orientation,982,1,2,50.0,50.0,50.0
google_gemma-3-27b-it,Long_Term_Orientation,982,1,3,50.0,50.0,50.0
google_gemma-3-27b-it,Long_Term_Orientation,983,1,1,50.0,50.0,50.0
google_gemma-3-27b-it,Long_Term_Orientation,983,1,2,50.0,50.0,50.0
google_gemma-3-27b-it,Long_Term_Orientation,983,1,3,50.0,50.0,50.0
google_gemma-3-27b-it,Long_Term_Orientation,984,1,1,25.0,25.0,25.0
google_gemma-3-27b-it,Long_Term_Orientation,984,1,2,25.0,25.0,25.0
google_gemma-3-27b-it,Long_Term_Orientation,984,1,3,25.0,25.0,25.0
google_gemma-3-27b-it,Long_Term_Orientation,985,1,1,50.0,50.0,50.0
google_gemma-3-27b-it,Long_Term_Orientation,985,1,2,50.0,50.0,50.0
google_gemma-3-27b-it,Long_Term_Orientation,985,1,3,50.0,50.0,50.0
google_gemma-3-27b-it,Long_Term_Orientation,987,1,1,25.0,25.0,25.0
google_gemma-3-27b-it,Long_Term_Orientation,987,1,2,25.0,25.0,25.0
google_gemma-3-27b-it,Long_Term_Orientation,987,1,3,25.0,25.0,25.0
google_gemma-3-27b-it,Long_Term_Orientation,989,1,1,25.0,25.0,25.0
google_gemma-3-27b-it,Long_Term_Orientation,989,1,2,25.0,25.0,25.0
google_gemma-3-27b-it,Long_Term_Orientation,989,1,3,25.0,25.0,25.0
google_gemma-3-27b-it,Long_Term_Orientation,990,1,1,50.0,50.0,50.0
google_gemma-3-27b-it,Long_Term_Orientation,990,1,2,50.0,50.0,50.0
google_gemma-3-27b-it,Long_Term_Orientation,990,1,3,50.0,50.0,50.0
google_gemma-3-27b-it,Long_Term_Orientation,991,1,1,50.0,50.0,50.0
google_gemma-3-27b-it,Long_Term_Orientation,991,1,2,50.0,50.0,50.0
google_gemma-3-27b-it,Long_Term_Orientation,991,1,3,50.0,50.0,50.0
google_gemma-3-27b-it,Long_Term_Orientation,992,1,1,50.0,50.0,50.0
google_gemma-3-27b-it,Long_Term_Orientation,992,1,2,50.0,50.0,50.0
google_gemma-3-27b-it,Long_Term_Orientation,992,1,3,50.0,50.0,50.0
google_gemma-3-27b-it,Long_Term_Orientation,994,1,1,25.0,25.0,25.0
google_gemma-3-27b-it,Long_Term_Orientation,994,1,2,25.0,25.0,25.0
google_gemma-3-27b-it,Long_Term_Orientation,994,1,3,25.0,25.0,25.0
google_gemma-3-27b-it,Long_Term_Orientation,995,1,1,50.0,50.0,50.0
google_gemma-3-27b-it,Long_Term_Orientation,995,1,2,50.0,50.0,50.0
google_gemma-3-27b-it,Long_Term_Orientation,995,1,3,50.0,50.0,50.0
google_gemma-3-27b-it,Long_Term_Orientation,996,1,1,50.0,50.0,50.0
google_gemma-3-27b-it,Long_Term_Orientation,996,1,2,50.0,50.0,50.0
google_gemma-3-27b-it,Long_Term_Orientation,996,1,3,50.0,50.0,50.0
google_gemma-3-27b-it,Long_Term_Orientation,997,1,1,25.0,25.0,25.0
google_gemma-3-27b-it,Long_Term_Orientation,997,1,2,25.0,25.0,25.0
google_gemma-3-27b-it,Long_Term_Orientation,997,1,3,25.0,25.0,25.0
google_gemma-3-27b-it,Long_Term_Orientation,998,1,1,50.0,50.0,50.0
google_gemma-3-27b-it,Long_Term_Orientation,998,1,2,50.0,50.0,50.0
google_gemma-3-27b-it,Long_Term_Orientation,998,1,3,50.0,50.0,50.0
google_gemma-3-27b-it,Masculinity,1459,1,1,50.0,50.0,50.0
google_gemma-3-27b-it,Masculinity,1459,1,2,50.0,50.0,50.0
google_gemma-3-27b-it,Masculinity,1459,1,3,50.0,50.0,50.0
google_gemma-3-27b-it,Masculinity,1461,1,1,75.0,75.0,75.0
google_gemma-3-27b-it,Masculinity,1461,1,2,75.0,75.0,75.0
google_gemma-3-27b-it,Masculinity,1461,1,3,75.0,50.0,50.0
google_gemma-3-27b-it,Masculinity,1463,1,1,50.0,50.0,50.0
google_gemma-3-27b-it,Masculinity,1463,1,2,50.0,50.0,50.0
google_gemma-3-27b-it,Masculinity,1463,1,3,50.0,50.0,50.0
google_gemma-3-27b-it,Masculinity,1464,1,1,50.0,50.0,50.0
google_gemma-3-27b-it,Masculinity,1464,1,2,50.0,50.0,50.0
google_gemma-3-27b-it,Masculinity,1464,1,3,50.0,50.0,50.0
google_gemma-3-27b-it,Masculinity,1465,1,1,50.0,50.0,50.0
google_gemma-3-27b-it,Masculinity,1465,1,2,50.0,50.0,50.0
google_gemma-3-27b-it,Masculinity,1465,1,3,50.0,50.0,50.0
google_gemma-3-27b-it,Masculinity,1466,1,1,50.0,50.0,50.0
google_gemma-3-27b-it,Masculinity,1466,1,2,50.0,50.0,50.0
google_gemma-3-27b-it,Masculinity,1466,1,3,50.0,50.0,50.0
google_gemma-3-27b-it,Masculinity,1467,1,1,50.0,50.0,50.0
google_gemma-3-27b-it,Masculinity,1467,1,2,50.0,50.0,50.0
google_gemma-3-27b-it,Masculinity,1467,1,3,50.0,50.0,50.0
google_gemma-3-27b-it,Masculinity,1468,1,1,50.0,50.0,50.0
google_gemma-3-27b-it,Masculinity,1468,1,2,50.0,50.0,50.0
google_gemma-3-27b-it,Masculinity,1468,1,3,50.0,50.0,50.0
google_gemma-3-27b-it,Masculinity,1470,1,1,75.0,75.0,75.0
google_gemma-3-27b-it,Masculinity,1470,1,2,75.0,75.0,75.0
google_gemma-3-27b-it,Masculinity,1470,1,3,75.0,75.0,75.0
google_gemma-3-27b-it,Masculinity,1471,1,1,50.0,50.0,50.0
google_gemma-3-27b-it,Masculinity,1471,1,2,50.0,50.0,50.0
google_gemma-3-27b-it,Masculinity,1471,1,3,50.0,50.0,50.0
google_gemma-3-27b-it,Masculinity,1472,1,1,50.0,50.0,50.0
google_gemma-3-27b-it,Masculinity,1472,1,2,50.0,50.0,50.0
google_gemma-3-27b-it,Masculinity,1472,1,3,50.0,50.0,50.0
google_gemma-3-27b-it,Masculinity,1473,1,1,50.0,50.0,50.0
google_gemma-3-27b-it,Masculinity,1473,1,2,50.0,50.0,50.0
google_gemma-3-27b-it,Masculinity,1473,1,3,50.0,50.0,50.0
google_gemma-3-27b-it,Masculinity,1474,1,1,50.0,50.0,50.0
google_gemma-3-27b-it,Masculinity,1474,1,2,50.0,50.0,50.0
google_gemma-3-27b-it,Masculinity,1474,1,3,50.0,50.0,50.0
google_gemma-3-27b-it,Masculinity,1475,1,1,75.0,75.0,75.0
google_gemma-3-27b-it,Masculinity,1475,1,2,75.0,75.0,75.0
google_gemma-3-27b-it,Masculinity,1475,1,3,75.0,75.0,75.0
google_gemma-3-27b-it,Masculinity,1476,1,1,25.0,25.0,25.0
google_gemma-3-27b-it,Masculinity,1476,1,2,25.0,25.0,25.0
google_gemma-3-27b-it,Masculinity,1476,1,3,25.0,25.0,25.0
google_gemma-3-27b-it,Masculinity,1477,1,1,25.0,25.0,25.0
google_gemma-3-27b-it,Masculinity,1477,1,2,25.0,25.0,25.0
google_gemma-3-27b-it,Masculinity,1477,1,3,25.0,25.0,25.0
google_gemma-3-27b-it,Masculinity,1478,1,1,25.0,25.0,25.0
google_gemma-3-27b-it,Masculinity,1478,1,2,25.0,25.0,25.0
google_gemma-3-27b-it,Masculinity,1478,1,3,25.0,25.0,25.0
google_gemma-3-27b-it,Masculinity,1480,1,1,50.0,50.0,50.0
google_gemma-3-27b-it,Masculinity,1480,1,2,50.0,50.0,50.0
google_gemma-3-27b-it,Masculinity,1480,1,3,50.0,50.0,50.0
google_gemma-3-27b-it,Masculinity,1481,1,1,50.0,50.0,50.0
google_gemma-3-27b-it,Masculinity,1481,1,2,50.0,50.0,50.0
google_gemma-3-27b-it,Masculinity,1481,1,3,50.0,50.0,50.0
google_gemma-3-27b-it,Masculinity,1482,1,1,50.0,50.0,50.0
google_gemma-3-27b-it,Masculinity,1482,1,2,50.0,50.0,50.0
google_gemma-3-27b-it,Masculinity,1482,1,3,50.0,50.0,50.0
google_gemma-3-27b-it,Masculinity,1486,1,1,75.0,75.0,75.0
google_gemma-3-27b-it,Masculinity,1486,1,2,75.0,75.0,75.0
google_gemma-3-27b-it,Masculinity,1486,1,3,75.0,75.0,75.0
google_gemma-3-27b-it,Masculinity,1487,1,1,50.0,50.0,50.0
google_gemma-3-27b-it,Masculinity,1487,1,2,50.0,50.0,50.0
google_gemma-3-27b-it,Masculinity,1487,1,3,50.0,50.0,50.0
google_gemma-3-27b-it,Masculinity,1490,1,1,50.0,50.0,50.0
google_gemma-3-27b-it,Masculinity,1490,1,2,50.0,50.0,50.0
google_gemma-3-27b-it,Masculinity,1490,1,3,50.0,50.0,50.0
google_gemma-3-27b-it,Masculinity,1492,1,1,50.0,50.0,50.0
google_gemma-3-27b-it,Masculinity,1492,1,2,50.0,50.0,50.0
google_gemma-3-27b-it,Masculinity,1492,1,3,50.0,50.0,50.0
google_gemma-3-27b-it,Masculinity,1493,1,1,50.0,50.0,50.0
google_gemma-3-27b-it,Masculinity,1493,1,2,50.0,50.0,50.0
google_gemma-3-27b-it,Masculinity,1493,1,3,50.0,50.0,50.0
google_gemma-3-27b-it,Masculinity,1495,1,1,75.0,75.0,75.0
google_gemma-3-27b-it,Masculinity,1495,1,2,75.0,75.0,75.0
google_gemma-3-27b-it,Masculinity,1495,1,3,75.0,75.0,75.0
google_gemma-3-27b-it,Masculinity,1497,1,1,25.0,25.0,25.0
google_gemma-3-27b-it,Masculinity,1497,1,2,25.0,25.0,25.0
google_gemma-3-27b-it,Masculinity,1497,1,3,25.0,25.0,25.0
google_gemma-3-27b-it,Masculinity,1498,1,1,50.0,50.0,50.0
google_gemma-3-27b-it,Masculinity,1498,1,2,50.0,50.0,50.0
google_gemma-3-27b-it,Masculinity,1498,1,3,50.0,50.0,50.0
google_gemma-3-27b-it,Masculinity,1499,1,1,25.0,25.0,25.0
google_gemma-3-27b-it,Masculinity,1499,1,2,25.0,25.0,25.0
google_gemma-3-27b-it,Masculinity,1499,1,3,25.0,25.0,25.0
google_gemma-3-27b-it,Masculinity,1500,1,1,50.0,50.0,50.0
google_gemma-3-27b-it,Masculinity,1500,1,2,50.0,50.0,50.0
google_gemma-3-27b-it,Masculinity,1500,1,3,50.0,50.0,50.0
google_gemma-3-27b-it,Masculinity,1501,1,1,50.0,50.0,50.0
google_gemma-3-27b-it,Masculinity,1501,1,2,50.0,50.0,50.0
google_gemma-3-27b-it,Masculinity,1501,1,3,50.0,50.0,50.0
google_gemma-3-27b-it,Masculinity,1502,1,1,50.0,50.0,50.0
google_gemma-3-27b-it,Masculinity,1502,1,2,50.0,50.0,50.0
google_gemma-3-27b-it,Masculinity,1502,1,3,50.0,50.0,50.0
google_gemma-3-27b-it,Masculinity,1504,1,1,75.0,75.0,75.0
google_gemma-3-27b-it,Masculinity,1504,1,2,75.0,75.0,75.0
google_gemma-3-27b-it,Masculinity,1504,1,3,75.0,75.0,75.0
google_gemma-3-27b-it,Masculinity,1505,1,1,50.0,50.0,50.0
google_gemma-3-27b-it,Masculinity,1505,1,2,50.0,50.0,50.0
google_gemma-3-27b-it,Masculinity,1505,1,3,50.0,50.0,50.0
google_gemma-3-27b-it,Masculinity,1506,1,1,75.0,75.0,75.0
google_gemma-3-27b-it,Masculinity,1506,1,2,75.0,75.0,75.0
google_gemma-3-27b-it,Masculinity,1506,1,3,75.0,75.0,75.0
google_gemma-3-27b-it,Masculinity,1508,1,1,75.0,75.0,75.0
google_gemma-3-27b-it,Masculinity,1508,1,2,75.0,75.0,75.0
google_gemma-3-27b-it,Masculinity,1508,1,3,75.0,75.0,75.0
google_gemma-3-27b-it,Masculinity,1509,1,1,50.0,50.0,50.0
google_gemma-3-27b-it,Masculinity,1509,1,2,50.0,50.0,50.0
google_gemma-3-27b-it,Masculinity,1509,1,3,50.0,50.0,50.0
google_gemma-3-27b-it,Masculinity,1511,1,1,50.0,50.0,50.0
google_gemma-3-27b-it,Masculinity,1511,1,2,50.0,50.0,50.0
google_gemma-3-27b-it,Masculinity,1511,1,3,50.0,50.0,50.0
google_gemma-3-27b-it,Masculinity,1512,1,1,75.0,75.0,75.0
google_gemma-3-27b-it,Masculinity,1512,1,2,75.0,75.0,75.0
google_gemma-3-27b-it,Masculinity,1512,1,3,75.0,75.0,75.0
google_gemma-3-27b-it,Masculinity,1515,1,1,50.0,50.0,50.0
google_gemma-3-27b-it,Masculinity,1515,1,2,50.0,50.0,50.0
google_gemma-3-27b-it,Masculinity,1515,1,3,50.0,50.0,50.0
google_gemma-3-27b-it,Masculinity,1519,1,1,75.0,75.0,75.0
google_gemma-3-27b-it,Masculinity,1519,1,2,75.0,75.0,75.0
google_gemma-3-27b-it,Masculinity,1519,1,3,75.0,75.0,75.0
google_gemma-3-27b-it,Masculinity,1520,1,1,50.0,50.0,50.0
google_gemma-3-27b-it,Masculinity,1520,1,2,50.0,50.0,50.0
google_gemma-3-27b-it,Masculinity,1520,1,3,50.0,50.0,50.0
google_gemma-3-27b-it,Masculinity,1522,1,1,50.0,50.0,50.0
google_gemma-3-27b-it,Masculinity,1522,1,2,50.0,50.0,50.0
google_gemma-3-27b-it,Masculinity,1522,1,3,50.0,50.0,50.0
google_gemma-3-27b-it,Masculinity,1523,1,1,75.0,75.0,75.0
google_gemma-3-27b-it,Masculinity,1523,1,2,75.0,75.0,75.0
google_gemma-3-27b-it,Masculinity,1523,1,3,75.0,75.0,75.0
google_gemma-3-27b-it,Masculinity,1524,1,1,50.0,50.0,50.0
google_gemma-3-27b-it,Masculinity,1524,1,2,50.0,50.0,50.0
google_gemma-3-27b-it,Masculinity,1524,1,3,50.0,50.0,50.0
google_gemma-3-27b-it,Masculinity,1525,1,1,50.0,50.0,50.0
google_gemma-3-27b-it,Masculinity,1525,1,2,50.0,50.0,50.0
google_gemma-3-27b-it,Masculinity,1525,1,3,50.0,50.0,50.0
google_gemma-3-27b-it,Masculinity,1526,1,1,25.0,25.0,25.0
google_gemma-3-27b-it,Masculinity,1526,1,2,25.0,25.0,50.0
google_gemma-3-27b-it,Masculinity,1526,1,3,25.0,25.0,25.0
google_gemma-3-27b-it,Masculinity,1528,1,1,75.0,75.0,75.0
google_gemma-3-27b-it,Masculinity,1528,1,2,75.0,75.0,75.0
google_gemma-3-27b-it,Masculinity,1528,1,3,75.0,75.0,75.0
google_gemma-3-27b-it,Masculinity,1529,1,1,25.0,25.0,25.0
google_gemma-3-27b-it,Masculinity,1529,1,2,25.0,25.0,25.0
google_gemma-3-27b-it,Masculinity,1529,1,3,25.0,25.0,25.0
google_gemma-3-27b-it,Masculinity,1532,1,1,50.0,50.0,50.0
google_gemma-3-27b-it,Masculinity,1532,1,2,50.0,50.0,50.0
google_gemma-3-27b-it,Masculinity,1532,1,3,50.0,50.0,50.0
google_gemma-3-27b-it,Masculinity,1533,1,1,75.0,75.0,75.0
google_gemma-3-27b-it,Masculinity,1533,1,2,75.0,75.0,75.0
google_gemma-3-27b-it,Masculinity,1533,1,3,75.0,75.0,75.0
google_gemma-3-27b-it,Masculinity,1534,1,1,50.0,50.0,50.0
google_gemma-3-27b-it,Masculinity,1534,1,2,50.0,50.0,50.0
google_gemma-3-27b-it,Masculinity,1534,1,3,50.0,50.0,50.0
google_gemma-3-27b-it,Masculinity,1538,1,1,50.0,50.0,50.0
google_gemma-3-27b-it,Masculinity,1538,1,2,50.0,50.0,50.0
google_gemma-3-27b-it,Masculinity,1538,1,3,50.0,50.0,50.0
google_gemma-3-27b-it,Masculinity,1539,1,1,50.0,50.0,50.0
google_gemma-3-27b-it,Masculinity,1539,1,2,50.0,50.0,50.0
google_gemma-3-27b-it,Masculinity,1539,1,3,50.0,50.0,50.0
google_gemma-3-27b-it,Masculinity,1541,1,1,75.0,75.0,75.0
google_gemma-3-27b-it,Masculinity,1541,1,2,75.0,75.0,75.0
google_gemma-3-27b-it,Masculinity,1541,1,3,75.0,75.0,75.0
google_gemma-3-27b-it,Masculinity,1542,1,1,75.0,75.0,75.0
google_gemma-3-27b-it,Masculinity,1542,1,2,75.0,75.0,75.0
google_gemma-3-27b-it,Masculinity,1542,1,3,75.0,75.0,75.0
google_gemma-3-27b-it,Masculinity,1543,1,1,50.0,50.0,50.0
google_gemma-3-27b-it,Masculinity,1543,1,2,50.0,50.0,50.0
google_gemma-3-27b-it,Masculinity,1543,1,3,50.0,50.0,50.0
google_gemma-3-27b-it,Masculinity,1544,1,1,50.0,50.0,50.0
google_gemma-3-27b-it,Masculinity,1544,1,2,50.0,50.0,50.0
google_gemma-3-27b-it,Masculinity,1544,1,3,50.0,50.0,50.0
google_gemma-3-27b-it,Masculinity,1546,1,1,75.0,75.0,75.0
google_gemma-3-27b-it,Masculinity,1546,1,2,75.0,75.0,75.0
google_gemma-3-27b-it,Masculinity,1546,1,3,75.0,75.0,75.0
google_gemma-3-27b-it,Masculinity,1548,1,1,25.0,25.0,25.0
google_gemma-3-27b-it,Masculinity,1548,1,2,25.0,25.0,25.0
google_gemma-3-27b-it,Masculinity,1548,1,3,25.0,25.0,25.0
google_gemma-3-27b-it,Masculinity,1549,1,1,50.0,50.0,50.0
google_gemma-3-27b-it,Masculinity,1549,1,2,50.0,50.0,50.0
google_gemma-3-27b-it,Masculinity,1549,1,3,50.0,50.0,50.0
google_gemma-3-27b-it,Masculinity,1551,1,1,50.0,50.0,50.0
google_gemma-3-27b-it,Masculinity,1551,1,2,50.0,50.0,50.0
google_gemma-3-27b-it,Masculinity,1551,1,3,50.0,50.0,50.0
google_gemma-3-27b-it,Masculinity,1552,1,1,50.0,50.0,75.0
google_gemma-3-27b-it,Masculinity,1552,1,2,50.0,50.0,50.0
google_gemma-3-27b-it,Masculinity,1552,1,3,50.0,50.0,50.0
google_gemma-3-27b-it,Masculinity,1553,1,1,75.0,75.0,75.0
google_gemma-3-27b-it,Masculinity,1553,1,2,75.0,75.0,75.0
google_gemma-3-27b-it,Masculinity,1553,1,3,75.0,75.0,75.0
google_gemma-3-27b-it,Masculinity,1554,1,1,50.0,50.0,50.0
google_gemma-3-27b-it,Masculinity,1554,1,2,50.0,50.0,50.0
google_gemma-3-27b-it,Masculinity,1554,1,3,50.0,50.0,50.0
google_gemma-3-27b-it,Masculinity,1555,1,1,50.0,50.0,50.0
google_gemma-3-27b-it,Masculinity,1555,1,2,50.0,50.0,50.0
google_gemma-3-27b-it,Masculinity,1555,1,3,50.0,50.0,50.0
google_gemma-3-27b-it,Masculinity,1556,1,1,50.0,50.0,50.0
google_gemma-3-27b-it,Masculinity,1556,1,2,50.0,50.0,50.0
google_gemma-3-27b-it,Masculinity,1556,1,3,50.0,50.0,50.0
google_gemma-3-27b-it,Masculinity,1557,1,1,50.0,50.0,50.0
google_gemma-3-27b-it,Masculinity,1557,1,2,50.0,50.0,50.0
google_gemma-3-27b-it,Masculinity,1557,1,3,50.0,50.0,50.0
google_gemma-3-27b-it,Masculinity,1560,1,1,75.0,75.0,75.0
google_gemma-3-27b-it,Masculinity,1560,1,2,75.0,75.0,75.0
google_gemma-3-27b-it,Masculinity,1560,1,3,75.0,75.0,75.0
google_gemma-3-27b-it,Masculinity,1561,1,1,50.0,50.0,50.0
google_gemma-3-27b-it,Masculinity,1561,1,2,50.0,50.0,50.0
google_gemma-3-27b-it,Masculinity,1561,1,3,50.0,50.0,50.0
google_gemma-3-27b-it,Masculinity,1562,1,1,50.0,50.0,50.0
google_gemma-3-27b-it,Masculinity,1562,1,2,50.0,50.0,50.0
google_gemma-3-27b-it,Masculinity,1562,1,3,50.0,50.0,50.0
google_gemma-3-27b-it,Masculinity,1563,1,1,50.0,50.0,50.0
google_gemma-3-27b-it,Masculinity,1563,1,2,50.0,50.0,50.0
google_gemma-3-27b-it,Masculinity,1563,1,3,50.0,50.0,50.0
google_gemma-3-27b-it,Masculinity,1564,1,1,50.0,50.0,50.0
google_gemma-3-27b-it,Masculinity,1564,1,2,50.0,50.0,50.0
google_gemma-3-27b-it,Masculinity,1564,1,3,50.0,50.0,50.0
google_gemma-3-27b-it,Masculinity,1565,1,1,75.0,75.0,75.0
google_gemma-3-27b-it,Masculinity,1565,1,2,75.0,75.0,75.0
google_gemma-3-27b-it,Masculinity,1565,1,3,75.0,75.0,75.0
google_gemma-3-27b-it,Masculinity,1566,1,1,50.0,50.0,50.0
google_gemma-3-27b-it,Masculinity,1566,1,2,50.0,50.0,50.0
google_gemma-3-27b-it,Masculinity,1566,1,3,50.0,50.0,50.0
google_gemma-3-27b-it,Masculinity,1568,1,1,75.0,75.0,75.0
google_gemma-3-27b-it,Masculinity,1568,1,2,75.0,75.0,75.0
google_gemma-3-27b-it,Masculinity,1568,1,3,75.0,75.0,75.0
google_gemma-3-27b-it,Masculinity,1569,1,1,25.0,25.0,25.0
google_gemma-3-27b-it,Masculinity,1569,1,2,25.0,25.0,25.0
google_gemma-3-27b-it,Masculinity,1569,1,3,25.0,25.0,25.0
google_gemma-3-27b-it,Masculinity,1570,1,1,25.0,25.0,25.0
google_gemma-3-27b-it,Masculinity,1570,1,2,25.0,25.0,25.0
google_gemma-3-27b-it,Masculinity,1570,1,3,25.0,25.0,25.0
google_gemma-3-27b-it,Masculinity,1571,1,1,75.0,75.0,75.0
google_gemma-3-27b-it,Masculinity,1571,1,2,75.0,75.0,75.0
google_gemma-3-27b-it,Masculinity,1571,1,3,75.0,75.0,75.0
google_gemma-3-27b-it,Masculinity,1572,1,1,0.0,0.0,0.0
google_gemma-3-27b-it,Masculinity,1572,1,2,0.0,0.0,0.0
google_gemma-3-27b-it,Masculinity,1572,1,3,0.0,0.0,0.0
google_gemma-3-27b-it,Masculinity,1573,1,1,100.0,100.0,100.0
google_gemma-3-27b-it,Masculinity,1573,1,2,100.0,100.0,100.0
google_gemma-3-27b-it,Masculinity,1573,1,3,100.0,100.0,100.0
google_gemma-3-27b-it,Masculinity,1574,1,1,75.0,75.0,75.0
google_gemma-3-27b-it,Masculinity,1574,1,2,75.0,75.0,75.0
google_gemma-3-27b-it,Masculinity,1574,1,3,75.0,75.0,75.0
google_gemma-3-27b-it,Masculinity,1575,1,1,50.0,50.0,50.0
google_gemma-3-27b-it,Masculinity,1575,1,2,50.0,50.0,50.0
google_gemma-3-27b-it,Masculinity,1575,1,3,50.0,50.0,50.0
google_gemma-3-27b-it,Masculinity,1576,1,1,75.0,75.0,75.0
google_gemma-3-27b-it,Masculinity,1576,1,2,75.0,75.0,75.0
google_gemma-3-27b-it,Masculinity,1576,1,3,75.0,75.0,75.0
google_gemma-3-27b-it,Masculinity,1577,1,1,25.0,25.0,25.0
google_gemma-3-27b-it,Masculinity,1577,1,2,25.0,25.0,25.0
google_gemma-3-27b-it,Masculinity,1577,1,3,25.0,25.0,25.0
google_gemma-3-27b-it,Masculinity,1579,1,1,75.0,75.0,75.0
google_gemma-3-27b-it,Masculinity,1579,1,2,75.0,75.0,75.0
google_gemma-3-27b-it,Masculinity,1579,1,3,75.0,75.0,75.0
google_gemma-3-27b-it,Masculinity,1580,1,1,25.0,25.0,25.0
google_gemma-3-27b-it,Masculinity,1580,1,2,25.0,25.0,25.0
google_gemma-3-27b-it,Masculinity,1580,1,3,25.0,25.0,25.0
google_gemma-3-27b-it,Masculinity,1581,1,1,50.0,50.0,50.0
google_gemma-3-27b-it,Masculinity,1581,1,2,50.0,50.0,50.0
google_gemma-3-27b-it,Masculinity,1581,1,3,50.0,50.0,50.0
google_gemma-3-27b-it,Masculinity,1582,1,1,50.0,50.0,50.0
google_gemma-3-27b-it,Masculinity,1582,1,2,50.0,50.0,50.0
google_gemma-3-27b-it,Masculinity,1582,1,3,50.0,50.0,50.0
google_gemma-3-27b-it,Masculinity,1586,1,1,50.0,50.0,50.0
google_gemma-3-27b-it,Masculinity,1586,1,2,50.0,50.0,50.0
google_gemma-3-27b-it,Masculinity,1586,1,3,50.0,50.0,50.0
google_gemma-3-27b-it,Masculinity,1587,1,1,50.0,50.0,50.0
google_gemma-3-27b-it,Masculinity,1587,1,2,50.0,50.0,50.0
google_gemma-3-27b-it,Masculinity,1587,1,3,50.0,50.0,50.0
google_gemma-3-27b-it,Masculinity,1588,1,1,75.0,75.0,75.0
google_gemma-3-27b-it,Masculinity,1588,1,2,75.0,75.0,75.0
google_gemma-3-27b-it,Masculinity,1588,1,3,75.0,75.0,75.0
google_gemma-3-27b-it,Masculinity,1589,1,1,50.0,50.0,50.0
google_gemma-3-27b-it,Masculinity,1589,1,2,50.0,50.0,50.0
google_gemma-3-27b-it,Masculinity,1589,1,3,50.0,50.0,50.0
google_gemma-3-27b-it,Masculinity,1591,1,1,75.0,75.0,75.0
google_gemma-3-27b-it,Masculinity,1591,1,2,75.0,75.0,75.0
google_gemma-3-27b-it,Masculinity,1591,1,3,75.0,75.0,75.0
google_gemma-3-27b-it,Masculinity,1592,1,1,25.0,25.0,25.0
google_gemma-3-27b-it,Masculinity,1592,1,2,25.0,25.0,25.0
google_gemma-3-27b-it,Masculinity,1592,1,3,25.0,25.0,25.0
google_gemma-3-27b-it,Masculinity,1593,1,1,75.0,75.0,75.0
google_gemma-3-27b-it,Masculinity,1593,1,2,75.0,75.0,75.0
google_gemma-3-27b-it,Masculinity,1593,1,3,75.0,75.0,75.0
google_gemma-3-27b-it,Masculinity,1594,1,1,50.0,50.0,50.0
google_gemma-3-27b-it,Masculinity,1594,1,2,50.0,50.0,50.0
google_gemma-3-27b-it,Masculinity,1594,1,3,50.0,50.0,50.0
google_gemma-3-27b-it,Masculinity,1595,1,1,50.0,50.0,50.0
google_gemma-3-27b-it,Masculinity,1595,1,2,50.0,50.0,50.0
google_gemma-3-27b-it,Masculinity,1595,1,3,50.0,50.0,50.0
google_gemma-3-27b-it,Masculinity,1597,1,1,50.0,50.0,50.0
google_gemma-3-27b-it,Masculinity,1597,1,2,50.0,50.0,50.0
google_gemma-3-27b-it,Masculinity,1597,1,3,50.0,50.0,50.0
google_gemma-3-27b-it,Masculinity,1598,1,1,50.0,50.0,50.0
google_gemma-3-27b-it,Masculinity,1598,1,2,50.0,50.0,50.0
google_gemma-3-27b-it,Masculinity,1598,1,3,50.0,50.0,50.0
google_gemma-3-27b-it,Masculinity,1600,1,1,50.0,50.0,50.0
google_gemma-3-27b-it,Masculinity,1600,1,2,50.0,50.0,50.0
google_gemma-3-27b-it,Masculinity,1600,1,3,50.0,50.0,50.0
google_gemma-3-27b-it,Masculinity,1601,1,1,75.0,75.0,75.0
google_gemma-3-27b-it,Masculinity,1601,1,2,75.0,75.0,75.0
google_gemma-3-27b-it,Masculinity,1601,1,3,75.0,75.0,75.0
google_gemma-3-27b-it,Masculinity,1603,1,1,50.0,50.0,50.0
google_gemma-3-27b-it,Masculinity,1603,1,2,50.0,50.0,50.0
google_gemma-3-27b-it,Masculinity,1603,1,3,50.0,50.0,50.0
google_gemma-3-27b-it,Masculinity,1606,1,1,50.0,50.0,50.0
google_gemma-3-27b-it,Masculinity,1606,1,2,50.0,50.0,50.0
google_gemma-3-27b-it,Masculinity,1606,1,3,50.0,50.0,50.0
google_gemma-3-27b-it,Masculinity,1607,1,1,75.0,75.0,75.0
google_gemma-3-27b-it,Masculinity,1607,1,2,75.0,75.0,75.0
google_gemma-3-27b-it,Masculinity,1607,1,3,75.0,75.0,75.0
google_gemma-3-27b-it,Masculinity,1608,1,1,25.0,25.0,25.0
google_gemma-3-27b-it,Masculinity,1608,1,2,25.0,25.0,25.0
google_gemma-3-27b-it,Masculinity,1608,1,3,25.0,25.0,25.0
google_gemma-3-27b-it,Masculinity,1609,1,1,50.0,50.0,50.0
google_gemma-3-27b-it,Masculinity,1609,1,2,50.0,50.0,50.0
google_gemma-3-27b-it,Masculinity,1609,1,3,50.0,50.0,50.0
google_gemma-3-27b-it,Masculinity,1610,1,1,75.0,75.0,75.0
google_gemma-3-27b-it,Masculinity,1610,1,2,75.0,75.0,75.0
google_gemma-3-27b-it,Masculinity,1610,1,3,75.0,75.0,75.0
google_gemma-3-27b-it,Masculinity,1611,1,1,75.0,75.0,75.0
google_gemma-3-27b-it,Masculinity,1611,1,2,75.0,75.0,75.0
google_gemma-3-27b-it,Masculinity,1611,1,3,75.0,75.0,75.0
google_gemma-3-27b-it,Masculinity,1613,1,1,50.0,25.0,25.0
google_gemma-3-27b-it,Masculinity,1613,1,2,50.0,50.0,25.0
google_gemma-3-27b-it,Masculinity,1613,1,3,50.0,25.0,25.0
google_gemma-3-27b-it,Masculinity,1614,1,1,50.0,50.0,50.0
google_gemma-3-27b-it,Masculinity,1614,1,2,50.0,50.0,50.0
google_gemma-3-27b-it,Masculinity,1614,1,3,50.0,50.0,50.0
google_gemma-3-27b-it,Masculinity,1615,1,1,50.0,50.0,50.0
google_gemma-3-27b-it,Masculinity,1615,1,2,50.0,50.0,75.0
google_gemma-3-27b-it,Masculinity,1615,1,3,50.0,50.0,50.0
google_gemma-3-27b-it,Masculinity,1616,1,1,50.0,50.0,50.0
google_gemma-3-27b-it,Masculinity,1616,1,2,50.0,50.0,50.0
google_gemma-3-27b-it,Masculinity,1616,1,3,50.0,50.0,50.0
google_gemma-3-27b-it,Masculinity,1617,1,1,75.0,75.0,75.0
google_gemma-3-27b-it,Masculinity,1617,1,2,75.0,75.0,75.0
google_gemma-3-27b-it,Masculinity,1617,1,3,75.0,75.0,75.0
google_gemma-3-27b-it,Masculinity,1618,1,1,50.0,50.0,50.0
google_gemma-3-27b-it,Masculinity,1618,1,2,50.0,50.0,50.0
google_gemma-3-27b-it,Masculinity,1618,1,3,50.0,75.0,50.0
google_gemma-3-27b-it,Masculinity,1622,1,1,50.0,50.0,50.0
google_gemma-3-27b-it,Masculinity,1622,1,2,50.0,50.0,50.0
google_gemma-3-27b-it,Masculinity,1622,1,3,50.0,50.0,50.0
google_gemma-3-27b-it,Masculinity,1628,1,1,50.0,50.0,50.0
google_gemma-3-27b-it,Masculinity,1628,1,2,50.0,50.0,50.0
google_gemma-3-27b-it,Masculinity,1628,1,3,50.0,50.0,50.0
google_gemma-3-27b-it,Masculinity,1629,1,1,75.0,75.0,75.0
google_gemma-3-27b-it,Masculinity,1629,1,2,75.0,75.0,75.0
google_gemma-3-27b-it,Masculinity,1629,1,3,75.0,75.0,75.0
google_gemma-3-27b-it,Masculinity,1632,1,1,25.0,25.0,25.0
google_gemma-3-27b-it,Masculinity,1632,1,2,25.0,25.0,25.0
google_gemma-3-27b-it,Masculinity,1632,1,3,25.0,25.0,25.0
google_gemma-3-27b-it,Masculinity,1633,1,1,50.0,50.0,50.0
google_gemma-3-27b-it,Masculinity,1633,1,2,50.0,50.0,50.0
google_gemma-3-27b-it,Masculinity,1633,1,3,50.0,50.0,50.0
google_gemma-3-27b-it,Masculinity,1634,1,1,50.0,50.0,50.0
google_gemma-3-27b-it,Masculinity,1634,1,2,50.0,50.0,50.0
google_gemma-3-27b-it,Masculinity,1634,1,3,50.0,50.0,50.0
google_gemma-3-27b-it,Masculinity,1641,1,1,75.0,75.0,75.0
google_gemma-3-27b-it,Masculinity,1641,1,2,75.0,75.0,25.0
google_gemma-3-27b-it,Masculinity,1641,1,3,75.0,75.0,75.0
google_gemma-3-27b-it,Masculinity,1644,1,1,50.0,50.0,50.0
google_gemma-3-27b-it,Masculinity,1644,1,2,50.0,50.0,50.0
google_gemma-3-27b-it,Masculinity,1644,1,3,50.0,50.0,50.0
google_gemma-3-27b-it,Masculinity,1646,1,1,25.0,25.0,25.0
google_gemma-3-27b-it,Masculinity,1646,1,2,25.0,25.0,25.0
google_gemma-3-27b-it,Masculinity,1646,1,3,25.0,25.0,25.0
google_gemma-3-27b-it,Masculinity,1654,1,1,75.0,75.0,75.0
google_gemma-3-27b-it,Masculinity,1654,1,2,75.0,75.0,75.0
google_gemma-3-27b-it,Masculinity,1654,1,3,75.0,75.0,75.0
google_gemma-3-27b-it,Masculinity,1656,1,1,50.0,50.0,50.0
google_gemma-3-27b-it,Masculinity,1656,1,2,50.0,50.0,50.0
google_gemma-3-27b-it,Masculinity,1656,1,3,50.0,50.0,50.0
google_gemma-3-27b-it,Masculinity,1657,1,1,50.0,50.0,50.0
google_gemma-3-27b-it,Masculinity,1657,1,2,50.0,50.0,50.0
google_gemma-3-27b-it,Masculinity,1657,1,3,50.0,50.0,50.0
google_gemma-3-27b-it,Masculinity,1659,1,1,75.0,75.0,50.0
google_gemma-3-27b-it,Masculinity,1659,1,2,75.0,75.0,75.0
google_gemma-3-27b-it,Masculinity,1659,1,3,75.0,75.0,50.0
google_gemma-3-27b-it,Masculinity,1660,1,1,50.0,50.0,50.0
google_gemma-3-27b-it,Masculinity,1660,1,2,50.0,50.0,50.0
google_gemma-3-27b-it,Masculinity,1660,1,3,50.0,50.0,50.0
google_gemma-3-27b-it,Masculinity,1661,1,1,100.0,100.0,100.0
google_gemma-3-27b-it,Masculinity,1661,1,2,100.0,100.0,100.0
google_gemma-3-27b-it,Masculinity,1661,1,3,100.0,100.0,100.0
google_gemma-3-27b-it,Masculinity,1663,1,1,50.0,50.0,50.0
google_gemma-3-27b-it,Masculinity,1663,1,2,50.0,50.0,50.0
google_gemma-3-27b-it,Masculinity,1663,1,3,50.0,50.0,50.0
google_gemma-3-27b-it,Masculinity,1664,1,1,25.0,25.0,25.0
google_gemma-3-27b-it,Masculinity,1664,1,2,25.0,25.0,25.0
google_gemma-3-27b-it,Masculinity,1664,1,3,25.0,25.0,25.0
google_gemma-3-27b-it,Masculinity,1668,1,1,50.0,50.0,50.0
google_gemma-3-27b-it,Masculinity,1668,1,2,50.0,50.0,50.0
google_gemma-3-27b-it,Masculinity,1668,1,3,50.0,50.0,50.0
google_gemma-3-27b-it,Masculinity,1670,1,1,25.0,25.0,25.0
google_gemma-3-27b-it,Masculinity,1670,1,2,25.0,25.0,25.0
google_gemma-3-27b-it,Masculinity,1670,1,3,25.0,25.0,25.0
google_gemma-3-27b-it,Masculinity,1671,1,1,50.0,50.0,50.0
google_gemma-3-27b-it,Masculinity,1671,1,2,50.0,50.0,50.0
google_gemma-3-27b-it,Masculinity,1671,1,3,50.0,50.0,50.0
google_gemma-3-27b-it,Masculinity,1672,1,1,25.0,25.0,25.0
google_gemma-3-27b-it,Masculinity,1672,1,2,25.0,25.0,25.0
google_gemma-3-27b-it,Masculinity,1672,1,3,25.0,25.0,25.0
google_gemma-3-27b-it,Masculinity,1673,1,1,75.0,75.0,75.0
google_gemma-3-27b-it,Masculinity,1673,1,2,75.0,75.0,75.0
google_gemma-3-27b-it,Masculinity,1673,1,3,75.0,75.0,75.0
google_gemma-3-27b-it,Masculinity,1677,1,1,50.0,50.0,50.0
google_gemma-3-27b-it,Masculinity,1677,1,2,50.0,50.0,50.0
google_gemma-3-27b-it,Masculinity,1677,1,3,50.0,50.0,50.0
google_gemma-3-27b-it,Masculinity,1678,1,1,50.0,50.0,50.0
google_gemma-3-27b-it,Masculinity,1678,1,2,50.0,50.0,50.0
google_gemma-3-27b-it,Masculinity,1678,1,3,50.0,50.0,50.0
google_gemma-3-27b-it,Masculinity,1679,1,1,25.0,25.0,25.0
google_gemma-3-27b-it,Masculinity,1679,1,2,25.0,25.0,25.0
google_gemma-3-27b-it,Masculinity,1679,1,3,25.0,25.0,25.0
google_gemma-3-27b-it,Masculinity,1681,1,1,50.0,50.0,50.0
google_gemma-3-27b-it,Masculinity,1681,1,2,50.0,50.0,50.0
google_gemma-3-27b-it,Masculinity,1681,1,3,50.0,50.0,50.0
google_gemma-3-27b-it,Masculinity,1682,1,1,50.0,50.0,50.0
google_gemma-3-27b-it,Masculinity,1682,1,2,50.0,50.0,50.0
google_gemma-3-27b-it,Masculinity,1682,1,3,50.0,50.0,50.0
google_gemma-3-27b-it,Masculinity,1683,1,1,50.0,50.0,50.0
google_gemma-3-27b-it,Masculinity,1683,1,2,50.0,50.0,50.0
google_gemma-3-27b-it,Masculinity,1683,1,3,50.0,50.0,50.0
google_gemma-3-27b-it,Masculinity,1685,1,1,50.0,50.0,50.0
google_gemma-3-27b-it,Masculinity,1685,1,2,50.0,50.0,50.0
google_gemma-3-27b-it,Masculinity,1685,1,3,50.0,50.0,50.0
google_gemma-3-27b-it,Masculinity,1692,1,1,50.0,50.0,50.0
google_gemma-3-27b-it,Masculinity,1692,1,2,50.0,50.0,50.0
google_gemma-3-27b-it,Masculinity,1692,1,3,50.0,50.0,50.0
google_gemma-3-27b-it,Power_Distance,1911,1,1,50.0,50.0,50.0
google_gemma-3-27b-it,Power_Distance,1911,1,2,50.0,50.0,50.0
google_gemma-3-27b-it,Power_Distance,1911,1,3,50.0,50.0,50.0
google_gemma-3-27b-it,Power_Distance,1912,1,1,50.0,50.0,50.0
google_gemma-3-27b-it,Power_Distance,1912,1,2,50.0,50.0,50.0
google_gemma-3-27b-it,Power_Distance,1912,1,3,50.0,50.0,50.0
google_gemma-3-27b-it,Power_Distance,1913,1,1,25.0,25.0,25.0
google_gemma-3-27b-it,Power_Distance,1913,1,2,25.0,25.0,25.0
google_gemma-3-27b-it,Power_Distance,1913,1,3,25.0,25.0,25.0
google_gemma-3-27b-it,Power_Distance,1914,1,1,25.0,25.0,25.0
google_gemma-3-27b-it,Power_Distance,1914,1,2,25.0,25.0,25.0
google_gemma-3-27b-it,Power_Distance,1914,1,3,25.0,25.0,25.0
google_gemma-3-27b-it,Power_Distance,1915,1,1,50.0,50.0,50.0
google_gemma-3-27b-it,Power_Distance,1915,1,2,50.0,50.0,50.0
google_gemma-3-27b-it,Power_Distance,1915,1,3,50.0,50.0,50.0
google_gemma-3-27b-it,Power_Distance,1916,1,1,25.0,25.0,25.0
google_gemma-3-27b-it,Power_Distance,1916,1,2,25.0,25.0,25.0
google_gemma-3-27b-it,Power_Distance,1916,1,3,25.0,25.0,25.0
google_gemma-3-27b-it,Power_Distance,1917,1,1,25.0,25.0,25.0
google_gemma-3-27b-it,Power_Distance,1917,1,2,25.0,25.0,25.0
google_gemma-3-27b-it,Power_Distance,1917,1,3,25.0,25.0,25.0
google_gemma-3-27b-it,Power_Distance,1919,1,1,50.0,50.0,50.0
google_gemma-3-27b-it,Power_Distance,1919,1,2,50.0,50.0,50.0
google_gemma-3-27b-it,Power_Distance,1919,1,3,50.0,50.0,50.0
google_gemma-3-27b-it,Power_Distance,1920,1,1,25.0,25.0,25.0
google_gemma-3-27b-it,Power_Distance,1920,1,2,25.0,25.0,25.0
google_gemma-3-27b-it,Power_Distance,1920,1,3,25.0,25.0,25.0
google_gemma-3-27b-it,Power_Distance,1921,1,1,25.0,25.0,25.0
google_gemma-3-27b-it,Power_Distance,1921,1,2,25.0,25.0,25.0
google_gemma-3-27b-it,Power_Distance,1921,1,3,25.0,25.0,25.0
google_gemma-3-27b-it,Power_Distance,1922,1,1,25.0,25.0,25.0
google_gemma-3-27b-it,Power_Distance,1922,1,2,25.0,25.0,25.0
google_gemma-3-27b-it,Power_Distance,1922,1,3,25.0,25.0,25.0
google_gemma-3-27b-it,Power_Distance,1923,1,1,50.0,50.0,50.0
google_gemma-3-27b-it,Power_Distance,1923,1,2,50.0,50.0,50.0
google_gemma-3-27b-it,Power_Distance,1923,1,3,50.0,50.0,50.0
google_gemma-3-27b-it,Power_Distance,1924,1,1,25.0,25.0,25.0
google_gemma-3-27b-it,Power_Distance,1924,1,2,25.0,25.0,25.0
google_gemma-3-27b-it,Power_Distance,1924,1,3,25.0,25.0,25.0
google_gemma-3-27b-it,Power_Distance,1926,1,1,25.0,0.0,25.0
google_gemma-3-27b-it,Power_Distance,1926,1,2,25.0,0.0,25.0
google_gemma-3-27b-it,Power_Distance,1926,1,3,25.0,0.0,0.0
google_gemma-3-27b-it,Power_Distance,1928,1,1,50.0,50.0,50.0
google_gemma-3-27b-it,Power_Distance,1928,1,2,50.0,50.0,50.0
google_gemma-3-27b-it,Power_Distance,1928,1,3,50.0,50.0,50.0
google_gemma-3-27b-it,Power_Distance,1930,1,1,50.0,50.0,50.0
google_gemma-3-27b-it,Power_Distance,1930,1,2,50.0,50.0,50.0
google_gemma-3-27b-it,Power_Distance,1930,1,3,50.0,50.0,50.0
google_gemma-3-27b-it,Power_Distance,1931,1,1,25.0,25.0,25.0
google_gemma-3-27b-it,Power_Distance,1931,1,2,25.0,25.0,25.0
google_gemma-3-27b-it,Power_Distance,1931,1,3,25.0,25.0,25.0
google_gemma-3-27b-it,Power_Distance,1932,1,1,50.0,50.0,50.0
google_gemma-3-27b-it,Power_Distance,1932,1,2,50.0,50.0,50.0
google_gemma-3-27b-it,Power_Distance,1932,1,3,50.0,50.0,50.0
google_gemma-3-27b-it,Power_Distance,1934,1,1,50.0,50.0,50.0
google_gemma-3-27b-it,Power_Distance,1934,1,2,50.0,50.0,50.0
google_gemma-3-27b-it,Power_Distance,1934,1,3,50.0,50.0,50.0
google_gemma-3-27b-it,Power_Distance,1935,1,1,25.0,25.0,25.0
google_gemma-3-27b-it,Power_Distance,1935,1,2,25.0,25.0,25.0
google_gemma-3-27b-it,Power_Distance,1935,1,3,25.0,25.0,25.0
google_gemma-3-27b-it,Power_Distance,1936,1,1,25.0,25.0,25.0
google_gemma-3-27b-it,Power_Distance,1936,1,2,25.0,25.0,25.0
google_gemma-3-27b-it,Power_Distance,1936,1,3,25.0,25.0,25.0
google_gemma-3-27b-it,Power_Distance,1940,1,1,25.0,25.0,25.0
google_gemma-3-27b-it,Power_Distance,1940,1,2,25.0,25.0,25.0
google_gemma-3-27b-it,Power_Distance,1940,1,3,25.0,25.0,25.0
google_gemma-3-27b-it,Power_Distance,1941,1,1,50.0,50.0,50.0
google_gemma-3-27b-it,Power_Distance,1941,1,2,50.0,50.0,50.0
google_gemma-3-27b-it,Power_Distance,1941,1,3,50.0,50.0,50.0
google_gemma-3-27b-it,Power_Distance,1942,1,1,25.0,25.0,25.0
google_gemma-3-27b-it,Power_Distance,1942,1,2,25.0,25.0,25.0
google_gemma-3-27b-it,Power_Distance,1942,1,3,25.0,25.0,25.0
google_gemma-3-27b-it,Power_Distance,1943,1,1,25.0,25.0,25.0
google_gemma-3-27b-it,Power_Distance,1943,1,2,25.0,25.0,25.0
google_gemma-3-27b-it,Power_Distance,1943,1,3,25.0,25.0,25.0
google_gemma-3-27b-it,Power_Distance,1944,1,1,50.0,50.0,50.0
google_gemma-3-27b-it,Power_Distance,1944,1,2,50.0,50.0,50.0
google_gemma-3-27b-it,Power_Distance,1944,1,3,50.0,50.0,50.0
google_gemma-3-27b-it,Power_Distance,1946,1,1,50.0,50.0,50.0
google_gemma-3-27b-it,Power_Distance,1946,1,2,50.0,50.0,50.0
google_gemma-3-27b-it,Power_Distance,1946,1,3,50.0,50.0,50.0
google_gemma-3-27b-it,Power_Distance,1947,1,1,25.0,25.0,25.0
google_gemma-3-27b-it,Power_Distance,1947,1,2,25.0,25.0,25.0
google_gemma-3-27b-it,Power_Distance,1947,1,3,25.0,25.0,25.0
google_gemma-3-27b-it,Power_Distance,1948,1,1,50.0,50.0,50.0
google_gemma-3-27b-it,Power_Distance,1948,1,2,50.0,50.0,50.0
google_gemma-3-27b-it,Power_Distance,1948,1,3,50.0,50.0,50.0
google_gemma-3-27b-it,Power_Distance,1949,1,1,50.0,50.0,50.0
google_gemma-3-27b-it,Power_Distance,1949,1,2,50.0,50.0,50.0
google_gemma-3-27b-it,Power_Distance,1949,1,3,50.0,50.0,50.0
google_gemma-3-27b-it,Power_Distance,1950,1,1,25.0,50.0,25.0
google_gemma-3-27b-it,Power_Distance,1950,1,2,25.0,25.0,25.0
google_gemma-3-27b-it,Power_Distance,1950,1,3,25.0,25.0,50.0
google_gemma-3-27b-it,Power_Distance,1952,1,1,25.0,25.0,25.0
google_gemma-3-27b-it,Power_Distance,1952,1,2,25.0,25.0,25.0
google_gemma-3-27b-it,Power_Distance,1952,1,3,25.0,25.0,25.0
google_gemma-3-27b-it,Power_Distance,1953,1,1,25.0,25.0,25.0
google_gemma-3-27b-it,Power_Distance,1953,1,2,25.0,25.0,25.0
google_gemma-3-27b-it,Power_Distance,1953,1,3,25.0,25.0,25.0
google_gemma-3-27b-it,Power_Distance,1954,1,1,25.0,25.0,25.0
google_gemma-3-27b-it,Power_Distance,1954,1,2,25.0,25.0,25.0
google_gemma-3-27b-it,Power_Distance,1954,1,3,25.0,25.0,25.0
google_gemma-3-27b-it,Power_Distance,1957,1,1,50.0,50.0,50.0
google_gemma-3-27b-it,Power_Distance,1957,1,2,50.0,50.0,50.0
google_gemma-3-27b-it,Power_Distance,1957,1,3,50.0,50.0,50.0
google_gemma-3-27b-it,Power_Distance,1959,1,1,50.0,50.0,50.0
google_gemma-3-27b-it,Power_Distance,1959,1,2,50.0,50.0,50.0
google_gemma-3-27b-it,Power_Distance,1959,1,3,50.0,50.0,50.0
google_gemma-3-27b-it,Power_Distance,1960,1,1,25.0,25.0,25.0
google_gemma-3-27b-it,Power_Distance,1960,1,2,25.0,25.0,25.0
google_gemma-3-27b-it,Power_Distance,1960,1,3,25.0,25.0,25.0
google_gemma-3-27b-it,Power_Distance,1961,1,1,25.0,25.0,25.0
google_gemma-3-27b-it,Power_Distance,1961,1,2,25.0,25.0,25.0
google_gemma-3-27b-it,Power_Distance,1961,1,3,25.0,50.0,50.0
google_gemma-3-27b-it,Power_Distance,1964,1,1,25.0,25.0,25.0
google_gemma-3-27b-it,Power_Distance,1964,1,2,25.0,25.0,25.0
google_gemma-3-27b-it,Power_Distance,1964,1,3,25.0,25.0,25.0
google_gemma-3-27b-it,Power_Distance,1965,1,1,25.0,25.0,25.0
google_gemma-3-27b-it,Power_Distance,1965,1,2,25.0,25.0,25.0
google_gemma-3-27b-it,Power_Distance,1965,1,3,25.0,25.0,25.0
google_gemma-3-27b-it,Power_Distance,1966,1,1,50.0,50.0,50.0
google_gemma-3-27b-it,Power_Distance,1966,1,2,50.0,50.0,50.0
google_gemma-3-27b-it,Power_Distance,1966,1,3,50.0,50.0,50.0
google_gemma-3-27b-it,Power_Distance,1967,1,1,25.0,25.0,25.0
google_gemma-3-27b-it,Power_Distance,1967,1,2,25.0,25.0,25.0
google_gemma-3-27b-it,Power_Distance,1967,1,3,25.0,25.0,25.0
google_gemma-3-27b-it,Power_Distance,1968,1,1,25.0,25.0,25.0
google_gemma-3-27b-it,Power_Distance,1968,1,2,25.0,25.0,25.0
google_gemma-3-27b-it,Power_Distance,1968,1,3,25.0,25.0,25.0
google_gemma-3-27b-it,Power_Distance,1969,1,1,25.0,25.0,25.0
google_gemma-3-27b-it,Power_Distance,1969,1,2,25.0,25.0,25.0
google_gemma-3-27b-it,Power_Distance,1969,1,3,25.0,25.0,25.0
google_gemma-3-27b-it,Power_Distance,1970,1,1,25.0,25.0,25.0
google_gemma-3-27b-it,Power_Distance,1970,1,2,25.0,25.0,25.0
google_gemma-3-27b-it,Power_Distance,1970,1,3,25.0,25.0,25.0
google_gemma-3-27b-it,Power_Distance,1971,1,1,25.0,25.0,25.0
google_gemma-3-27b-it,Power_Distance,1971,1,2,25.0,25.0,25.0
google_gemma-3-27b-it,Power_Distance,1971,1,3,25.0,25.0,25.0
google_gemma-3-27b-it,Power_Distance,1974,1,1,50.0,50.0,50.0
google_gemma-3-27b-it,Power_Distance,1974,1,2,50.0,50.0,50.0
google_gemma-3-27b-it,Power_Distance,1974,1,3,50.0,50.0,50.0
google_gemma-3-27b-it,Power_Distance,1975,1,1,25.0,25.0,25.0
google_gemma-3-27b-it,Power_Distance,1975,1,2,25.0,25.0,25.0
google_gemma-3-27b-it,Power_Distance,1975,1,3,25.0,25.0,25.0
google_gemma-3-27b-it,Power_Distance,1976,1,1,25.0,25.0,25.0
google_gemma-3-27b-it,Power_Distance,1976,1,2,25.0,25.0,25.0
google_gemma-3-27b-it,Power_Distance,1976,1,3,25.0,25.0,25.0
google_gemma-3-27b-it,Power_Distance,1977,1,1,25.0,25.0,25.0
google_gemma-3-27b-it,Power_Distance,1977,1,2,25.0,25.0,25.0
google_gemma-3-27b-it,Power_Distance,1977,1,3,25.0,25.0,25.0
google_gemma-3-27b-it,Power_Distance,1978,1,1,25.0,25.0,25.0
google_gemma-3-27b-it,Power_Distance,1978,1,2,25.0,25.0,25.0
google_gemma-3-27b-it,Power_Distance,1978,1,3,25.0,25.0,25.0
google_gemma-3-27b-it,Power_Distance,1979,1,1,50.0,50.0,50.0
google_gemma-3-27b-it,Power_Distance,1979,1,2,50.0,50.0,50.0
google_gemma-3-27b-it,Power_Distance,1979,1,3,50.0,50.0,50.0
google_gemma-3-27b-it,Power_Distance,1981,1,1,25.0,25.0,25.0
google_gemma-3-27b-it,Power_Distance,1981,1,2,25.0,25.0,25.0
google_gemma-3-27b-it,Power_Distance,1981,1,3,25.0,25.0,25.0
google_gemma-3-27b-it,Power_Distance,1983,1,1,25.0,25.0,25.0
google_gemma-3-27b-it,Power_Distance,1983,1,2,25.0,25.0,25.0
google_gemma-3-27b-it,Power_Distance,1983,1,3,25.0,25.0,25.0
google_gemma-3-27b-it,Power_Distance,1984,1,1,50.0,50.0,50.0
google_gemma-3-27b-it,Power_Distance,1984,1,2,50.0,50.0,50.0
google_gemma-3-27b-it,Power_Distance,1984,1,3,50.0,50.0,50.0
google_gemma-3-27b-it,Power_Distance,1985,1,1,25.0,25.0,25.0
google_gemma-3-27b-it,Power_Distance,1985,1,2,25.0,25.0,25.0
google_gemma-3-27b-it,Power_Distance,1985,1,3,25.0,25.0,25.0
google_gemma-3-27b-it,Power_Distance,1987,1,1,50.0,50.0,50.0
google_gemma-3-27b-it,Power_Distance,1987,1,2,50.0,50.0,50.0
google_gemma-3-27b-it,Power_Distance,1987,1,3,50.0,50.0,50.0
google_gemma-3-27b-it,Power_Distance,1988,1,1,50.0,50.0,50.0
google_gemma-3-27b-it,Power_Distance,1988,1,2,50.0,50.0,50.0
google_gemma-3-27b-it,Power_Distance,1988,1,3,50.0,50.0,50.0
google_gemma-3-27b-it,Power_Distance,1989,1,1,25.0,25.0,25.0
google_gemma-3-27b-it,Power_Distance,1989,1,2,25.0,25.0,25.0
google_gemma-3-27b-it,Power_Distance,1989,1,3,25.0,25.0,25.0
google_gemma-3-27b-it,Power_Distance,1990,1,1,25.0,25.0,25.0
google_gemma-3-27b-it,Power_Distance,1990,1,2,25.0,25.0,25.0
google_gemma-3-27b-it,Power_Distance,1990,1,3,25.0,25.0,25.0
google_gemma-3-27b-it,Power_Distance,1991,1,1,25.0,25.0,25.0
google_gemma-3-27b-it,Power_Distance,1991,1,2,25.0,25.0,25.0
google_gemma-3-27b-it,Power_Distance,1991,1,3,25.0,25.0,25.0
google_gemma-3-27b-it,Power_Distance,1993,1,1,25.0,25.0,25.0
google_gemma-3-27b-it,Power_Distance,1993,1,2,25.0,25.0,25.0
google_gemma-3-27b-it,Power_Distance,1993,1,3,25.0,25.0,25.0
google_gemma-3-27b-it,Power_Distance,1994,1,1,25.0,25.0,25.0
google_gemma-3-27b-it,Power_Distance,1994,1,2,25.0,25.0,25.0
google_gemma-3-27b-it,Power_Distance,1994,1,3,25.0,25.0,25.0
google_gemma-3-27b-it,Power_Distance,1995,1,1,25.0,25.0,25.0
google_gemma-3-27b-it,Power_Distance,1995,1,2,25.0,25.0,25.0
google_gemma-3-27b-it,Power_Distance,1995,1,3,25.0,25.0,25.0
google_gemma-3-27b-it,Power_Distance,1999,1,1,0.0,0.0,0.0
google_gemma-3-27b-it,Power_Distance,1999,1,2,0.0,0.0,0.0
google_gemma-3-27b-it,Power_Distance,1999,1,3,0.0,0.0,0.0
google_gemma-3-27b-it,Power_Distance,2000,1,1,25.0,25.0,25.0
google_gemma-3-27b-it,Power_Distance,2000,1,2,25.0,25.0,25.0
google_gemma-3-27b-it,Power_Distance,2000,1,3,25.0,25.0,25.0
google_gemma-3-27b-it,Power_Distance,2001,1,1,75.0,75.0,75.0
google_gemma-3-27b-it,Power_Distance,2001,1,2,75.0,75.0,75.0
google_gemma-3-27b-it,Power_Distance,2001,1,3,75.0,75.0,75.0
google_gemma-3-27b-it,Power_Distance,2002,1,1,25.0,25.0,25.0
google_gemma-3-27b-it,Power_Distance,2002,1,2,25.0,25.0,25.0
google_gemma-3-27b-it,Power_Distance,2002,1,3,25.0,25.0,25.0
google_gemma-3-27b-it,Power_Distance,2003,1,1,25.0,25.0,25.0
google_gemma-3-27b-it,Power_Distance,2003,1,2,25.0,25.0,25.0
google_gemma-3-27b-it,Power_Distance,2003,1,3,25.0,25.0,25.0
google_gemma-3-27b-it,Power_Distance,2004,1,1,50.0,50.0,50.0
google_gemma-3-27b-it,Power_Distance,2004,1,2,50.0,50.0,50.0
google_gemma-3-27b-it,Power_Distance,2004,1,3,50.0,50.0,50.0
google_gemma-3-27b-it,Power_Distance,2005,1,1,25.0,25.0,25.0
google_gemma-3-27b-it,Power_Distance,2005,1,2,25.0,25.0,25.0
google_gemma-3-27b-it,Power_Distance,2005,1,3,25.0,25.0,25.0
google_gemma-3-27b-it,Power_Distance,2006,1,1,25.0,25.0,25.0
google_gemma-3-27b-it,Power_Distance,2006,1,2,25.0,25.0,25.0
google_gemma-3-27b-it,Power_Distance,2006,1,3,25.0,25.0,25.0
google_gemma-3-27b-it,Power_Distance,2007,1,1,25.0,25.0,25.0
google_gemma-3-27b-it,Power_Distance,2007,1,2,25.0,25.0,25.0
google_gemma-3-27b-it,Power_Distance,2007,1,3,25.0,25.0,25.0
google_gemma-3-27b-it,Power_Distance,2008,1,1,25.0,25.0,25.0
google_gemma-3-27b-it,Power_Distance,2008,1,2,25.0,25.0,25.0
google_gemma-3-27b-it,Power_Distance,2008,1,3,25.0,25.0,25.0
google_gemma-3-27b-it,Power_Distance,2010,1,1,25.0,25.0,25.0
google_gemma-3-27b-it,Power_Distance,2010,1,2,25.0,25.0,25.0
google_gemma-3-27b-it,Power_Distance,2010,1,3,25.0,25.0,25.0
google_gemma-3-27b-it,Power_Distance,2011,1,1,50.0,50.0,50.0
google_gemma-3-27b-it,Power_Distance,2011,1,2,50.0,50.0,50.0
google_gemma-3-27b-it,Power_Distance,2011,1,3,50.0,50.0,50.0
google_gemma-3-27b-it,Power_Distance,2012,1,1,25.0,25.0,25.0
google_gemma-3-27b-it,Power_Distance,2012,1,2,25.0,25.0,25.0
google_gemma-3-27b-it,Power_Distance,2012,1,3,25.0,25.0,25.0
google_gemma-3-27b-it,Power_Distance,2013,1,1,25.0,25.0,25.0
google_gemma-3-27b-it,Power_Distance,2013,1,2,25.0,25.0,25.0
google_gemma-3-27b-it,Power_Distance,2013,1,3,25.0,25.0,25.0
google_gemma-3-27b-it,Power_Distance,2014,1,1,25.0,25.0,25.0
google_gemma-3-27b-it,Power_Distance,2014,1,2,25.0,25.0,25.0
google_gemma-3-27b-it,Power_Distance,2014,1,3,25.0,25.0,25.0
google_gemma-3-27b-it,Power_Distance,2015,1,1,25.0,25.0,25.0
google_gemma-3-27b-it,Power_Distance,2015,1,2,25.0,25.0,25.0
google_gemma-3-27b-it,Power_Distance,2015,1,3,25.0,25.0,25.0
google_gemma-3-27b-it,Power_Distance,2016,1,1,0.0,0.0,0.0
google_gemma-3-27b-it,Power_Distance,2016,1,2,0.0,0.0,0.0
google_gemma-3-27b-it,Power_Distance,2016,1,3,0.0,0.0,0.0
google_gemma-3-27b-it,Power_Distance,2017,1,1,25.0,25.0,25.0
google_gemma-3-27b-it,Power_Distance,2017,1,2,25.0,25.0,25.0
google_gemma-3-27b-it,Power_Distance,2017,1,3,25.0,25.0,25.0
google_gemma-3-27b-it,Power_Distance,2018,1,1,25.0,25.0,25.0
google_gemma-3-27b-it,Power_Distance,2018,1,2,25.0,25.0,25.0
google_gemma-3-27b-it,Power_Distance,2018,1,3,25.0,25.0,25.0
google_gemma-3-27b-it,Power_Distance,2024,1,1,25.0,25.0,25.0
google_gemma-3-27b-it,Power_Distance,2024,1,2,25.0,25.0,25.0
google_gemma-3-27b-it,Power_Distance,2024,1,3,25.0,25.0,25.0
google_gemma-3-27b-it,Power_Distance,2025,1,1,50.0,50.0,50.0
google_gemma-3-27b-it,Power_Distance,2025,1,2,50.0,50.0,50.0
google_gemma-3-27b-it,Power_Distance,2025,1,3,50.0,50.0,50.0
google_gemma-3-27b-it,Power_Distance,2026,1,1,50.0,50.0,50.0
google_gemma-3-27b-it,Power_Distance,2026,1,2,50.0,50.0,50.0
google_gemma-3-27b-it,Power_Distance,2026,1,3,50.0,50.0,50.0
google_gemma-3-27b-it,Power_Distance,2027,1,1,25.0,25.0,25.0
google_gemma-3-27b-it,Power_Distance,2027,1,2,25.0,25.0,25.0
google_gemma-3-27b-it,Power_Distance,2027,1,3,25.0,25.0,25.0
google_gemma-3-27b-it,Power_Distance,2030,1,1,0.0,0.0,0.0
google_gemma-3-27b-it,Power_Distance,2030,1,2,0.0,0.0,0.0
google_gemma-3-27b-it,Power_Distance,2030,1,3,0.0,0.0,0.0
google_gemma-3-27b-it,Power_Distance,2031,1,1,25.0,25.0,25.0
google_gemma-3-27b-it,Power_Distance,2031,1,2,25.0,25.0,25.0
google_gemma-3-27b-it,Power_Distance,2031,1,3,25.0,25.0,25.0
google_gemma-3-27b-it,Power_Distance,2033,1,1,50.0,50.0,50.0
google_gemma-3-27b-it,Power_Distance,2033,1,2,50.0,50.0,50.0
google_gemma-3-27b-it,Power_Distance,2033,1,3,50.0,50.0,50.0
google_gemma-3-27b-it,Power_Distance,2034,1,1,25.0,25.0,25.0
google_gemma-3-27b-it,Power_Distance,2034,1,2,25.0,25.0,25.0
google_gemma-3-27b-it,Power_Distance,2034,1,3,25.0,25.0,25.0
google_gemma-3-27b-it,Power_Distance,2035,1,1,50.0,50.0,50.0
google_gemma-3-27b-it,Power_Distance,2035,1,2,50.0,50.0,50.0
google_gemma-3-27b-it,Power_Distance,2035,1,3,50.0,50.0,50.0
google_gemma-3-27b-it,Power_Distance,2036,1,1,0.0,0.0,0.0
google_gemma-3-27b-it,Power_Distance,2036,1,2,0.0,0.0,0.0
google_gemma-3-27b-it,Power_Distance,2036,1,3,0.0,0.0,0.0
google_gemma-3-27b-it,Power_Distance,2039,1,1,0.0,0.0,0.0
google_gemma-3-27b-it,Power_Distance,2039,1,2,0.0,0.0,0.0
google_gemma-3-27b-it,Power_Distance,2039,1,3,0.0,0.0,0.0
google_gemma-3-27b-it,Power_Distance,2040,1,1,25.0,25.0,25.0
google_gemma-3-27b-it,Power_Distance,2040,1,2,25.0,25.0,25.0
google_gemma-3-27b-it,Power_Distance,2040,1,3,25.0,25.0,25.0
google_gemma-3-27b-it,Power_Distance,2043,1,1,25.0,25.0,25.0
google_gemma-3-27b-it,Power_Distance,2043,1,2,25.0,25.0,25.0
google_gemma-3-27b-it,Power_Distance,2043,1,3,25.0,25.0,25.0
google_gemma-3-27b-it,Power_Distance,2045,1,1,25.0,25.0,25.0
google_gemma-3-27b-it,Power_Distance,2045,1,2,25.0,25.0,25.0
google_gemma-3-27b-it,Power_Distance,2045,1,3,25.0,25.0,25.0
google_gemma-3-27b-it,Power_Distance,2046,1,1,25.0,50.0,25.0
google_gemma-3-27b-it,Power_Distance,2046,1,2,25.0,25.0,25.0
google_gemma-3-27b-it,Power_Distance,2046,1,3,25.0,25.0,25.0
google_gemma-3-27b-it,Power_Distance,2050,1,1,25.0,25.0,25.0
google_gemma-3-27b-it,Power_Distance,2050,1,2,25.0,25.0,25.0
google_gemma-3-27b-it,Power_Distance,2050,1,3,25.0,25.0,25.0
google_gemma-3-27b-it,Power_Distance,2051,1,1,25.0,25.0,25.0
google_gemma-3-27b-it,Power_Distance,2051,1,2,25.0,25.0,25.0
google_gemma-3-27b-it,Power_Distance,2051,1,3,25.0,25.0,25.0
google_gemma-3-27b-it,Power_Distance,2053,1,1,25.0,50.0,25.0
google_gemma-3-27b-it,Power_Distance,2053,1,2,25.0,25.0,25.0
google_gemma-3-27b-it,Power_Distance,2053,1,3,25.0,25.0,25.0
google_gemma-3-27b-it,Power_Distance,2054,1,1,25.0,25.0,25.0
google_gemma-3-27b-it,Power_Distance,2054,1,2,25.0,25.0,25.0
google_gemma-3-27b-it,Power_Distance,2054,1,3,25.0,25.0,25.0
google_gemma-3-27b-it,Power_Distance,2055,1,1,25.0,25.0,25.0
google_gemma-3-27b-it,Power_Distance,2055,1,2,25.0,25.0,25.0
google_gemma-3-27b-it,Power_Distance,2055,1,3,25.0,25.0,25.0
google_gemma-3-27b-it,Power_Distance,2056,1,1,25.0,25.0,25.0
google_gemma-3-27b-it,Power_Distance,2056,1,2,25.0,25.0,25.0
google_gemma-3-27b-it,Power_Distance,2056,1,3,25.0,25.0,25.0
google_gemma-3-27b-it,Power_Distance,2057,1,1,50.0,50.0,50.0
google_gemma-3-27b-it,Power_Distance,2057,1,2,50.0,50.0,50.0
google_gemma-3-27b-it,Power_Distance,2057,1,3,50.0,50.0,50.0
google_gemma-3-27b-it,Power_Distance,2058,1,1,50.0,50.0,50.0
google_gemma-3-27b-it,Power_Distance,2058,1,2,50.0,50.0,50.0
google_gemma-3-27b-it,Power_Distance,2058,1,3,50.0,50.0,50.0
google_gemma-3-27b-it,Power_Distance,2059,1,1,25.0,25.0,25.0
google_gemma-3-27b-it,Power_Distance,2059,1,2,25.0,25.0,25.0
google_gemma-3-27b-it,Power_Distance,2059,1,3,25.0,25.0,25.0
google_gemma-3-27b-it,Power_Distance,2060,1,1,50.0,50.0,50.0
google_gemma-3-27b-it,Power_Distance,2060,1,2,50.0,50.0,50.0
google_gemma-3-27b-it,Power_Distance,2060,1,3,50.0,50.0,50.0
google_gemma-3-27b-it,Power_Distance,2061,1,1,75.0,75.0,75.0
google_gemma-3-27b-it,Power_Distance,2061,1,2,75.0,75.0,75.0
google_gemma-3-27b-it,Power_Distance,2061,1,3,75.0,75.0,75.0
google_gemma-3-27b-it,Power_Distance,2062,1,1,50.0,50.0,50.0
google_gemma-3-27b-it,Power_Distance,2062,1,2,50.0,50.0,50.0
google_gemma-3-27b-it,Power_Distance,2062,1,3,50.0,50.0,50.0
google_gemma-3-27b-it,Power_Distance,2063,1,1,50.0,50.0,50.0
google_gemma-3-27b-it,Power_Distance,2063,1,2,50.0,50.0,50.0
google_gemma-3-27b-it,Power_Distance,2063,1,3,50.0,50.0,50.0
google_gemma-3-27b-it,Power_Distance,2064,1,1,0.0,0.0,0.0
google_gemma-3-27b-it,Power_Distance,2064,1,2,0.0,0.0,0.0
google_gemma-3-27b-it,Power_Distance,2064,1,3,0.0,0.0,0.0
google_gemma-3-27b-it,Power_Distance,2065,1,1,25.0,25.0,25.0
google_gemma-3-27b-it,Power_Distance,2065,1,2,25.0,25.0,25.0
google_gemma-3-27b-it,Power_Distance,2065,1,3,25.0,25.0,25.0
google_gemma-3-27b-it,Power_Distance,2066,1,1,50.0,50.0,50.0
google_gemma-3-27b-it,Power_Distance,2066,1,2,50.0,50.0,50.0
google_gemma-3-27b-it,Power_Distance,2066,1,3,50.0,50.0,50.0
google_gemma-3-27b-it,Power_Distance,2067,1,1,50.0,50.0,50.0
google_gemma-3-27b-it,Power_Distance,2067,1,2,50.0,50.0,50.0
google_gemma-3-27b-it,Power_Distance,2067,1,3,50.0,50.0,50.0
google_gemma-3-27b-it,Power_Distance,2069,1,1,0.0,0.0,0.0
google_gemma-3-27b-it,Power_Distance,2069,1,2,0.0,0.0,0.0
google_gemma-3-27b-it,Power_Distance,2069,1,3,0.0,0.0,0.0
google_gemma-3-27b-it,Power_Distance,2073,1,1,25.0,25.0,25.0
google_gemma-3-27b-it,Power_Distance,2073,1,2,25.0,25.0,25.0
google_gemma-3-27b-it,Power_Distance,2073,1,3,25.0,25.0,25.0
google_gemma-3-27b-it,Power_Distance,2074,1,1,50.0,50.0,25.0
google_gemma-3-27b-it,Power_Distance,2074,1,2,50.0,50.0,50.0
google_gemma-3-27b-it,Power_Distance,2074,1,3,50.0,50.0,50.0
google_gemma-3-27b-it,Power_Distance,2075,1,1,25.0,25.0,25.0
google_gemma-3-27b-it,Power_Distance,2075,1,2,25.0,25.0,25.0
google_gemma-3-27b-it,Power_Distance,2075,1,3,25.0,25.0,25.0
google_gemma-3-27b-it,Power_Distance,2076,1,1,25.0,25.0,25.0
google_gemma-3-27b-it,Power_Distance,2076,1,2,25.0,25.0,25.0
google_gemma-3-27b-it,Power_Distance,2076,1,3,25.0,25.0,25.0
google_gemma-3-27b-it,Power_Distance,2079,1,1,50.0,50.0,50.0
google_gemma-3-27b-it,Power_Distance,2079,1,2,50.0,50.0,50.0
google_gemma-3-27b-it,Power_Distance,2079,1,3,50.0,50.0,50.0
google_gemma-3-27b-it,Power_Distance,2080,1,1,25.0,25.0,25.0
google_gemma-3-27b-it,Power_Distance,2080,1,2,25.0,25.0,25.0
google_gemma-3-27b-it,Power_Distance,2080,1,3,25.0,25.0,25.0
google_gemma-3-27b-it,Power_Distance,2081,1,1,0.0,0.0,0.0
google_gemma-3-27b-it,Power_Distance,2081,1,2,0.0,0.0,0.0
google_gemma-3-27b-it,Power_Distance,2081,1,3,0.0,0.0,0.0
google_gemma-3-27b-it,Power_Distance,2083,1,1,75.0,75.0,75.0
google_gemma-3-27b-it,Power_Distance,2083,1,2,75.0,75.0,75.0
google_gemma-3-27b-it,Power_Distance,2083,1,3,75.0,75.0,75.0
google_gemma-3-27b-it,Power_Distance,2084,1,1,0.0,0.0,0.0
google_gemma-3-27b-it,Power_Distance,2084,1,2,0.0,0.0,0.0
google_gemma-3-27b-it,Power_Distance,2084,1,3,0.0,0.0,0.0
google_gemma-3-27b-it,Power_Distance,2085,1,1,25.0,25.0,25.0
google_gemma-3-27b-it,Power_Distance,2085,1,2,25.0,25.0,25.0
google_gemma-3-27b-it,Power_Distance,2085,1,3,25.0,25.0,25.0
google_gemma-3-27b-it,Power_Distance,2087,1,1,25.0,25.0,25.0
google_gemma-3-27b-it,Power_Distance,2087,1,2,25.0,25.0,25.0
google_gemma-3-27b-it,Power_Distance,2087,1,3,25.0,25.0,25.0
google_gemma-3-27b-it,Power_Distance,2088,1,1,25.0,25.0,25.0
google_gemma-3-27b-it,Power_Distance,2088,1,2,25.0,25.0,25.0
google_gemma-3-27b-it,Power_Distance,2088,1,3,25.0,25.0,25.0
google_gemma-3-27b-it,Power_Distance,2089,1,1,25.0,25.0,25.0
google_gemma-3-27b-it,Power_Distance,2089,1,2,25.0,25.0,25.0
google_gemma-3-27b-it,Power_Distance,2089,1,3,25.0,25.0,25.0
google_gemma-3-27b-it,Power_Distance,2090,1,1,25.0,25.0,25.0
google_gemma-3-27b-it,Power_Distance,2090,1,2,25.0,25.0,25.0
google_gemma-3-27b-it,Power_Distance,2090,1,3,25.0,25.0,25.0
google_gemma-3-27b-it,Power_Distance,2091,1,1,50.0,25.0,50.0
google_gemma-3-27b-it,Power_Distance,2091,1,2,50.0,50.0,50.0
google_gemma-3-27b-it,Power_Distance,2091,1,3,50.0,50.0,50.0
google_gemma-3-27b-it,Power_Distance,2093,1,1,25.0,25.0,25.0
google_gemma-3-27b-it,Power_Distance,2093,1,2,25.0,25.0,25.0
google_gemma-3-27b-it,Power_Distance,2093,1,3,25.0,25.0,25.0
google_gemma-3-27b-it,Power_Distance,2095,1,1,25.0,25.0,25.0
google_gemma-3-27b-it,Power_Distance,2095,1,2,25.0,25.0,25.0
google_gemma-3-27b-it,Power_Distance,2095,1,3,25.0,25.0,25.0
google_gemma-3-27b-it,Power_Distance,2096,1,1,50.0,50.0,50.0
google_gemma-3-27b-it,Power_Distance,2096,1,2,50.0,50.0,50.0
google_gemma-3-27b-it,Power_Distance,2096,1,3,50.0,50.0,50.0
google_gemma-3-27b-it,Power_Distance,2099,1,1,50.0,50.0,50.0
google_gemma-3-27b-it,Power_Distance,2099,1,2,50.0,50.0,50.0
google_gemma-3-27b-it,Power_Distance,2099,1,3,50.0,50.0,50.0
google_gemma-3-27b-it,Power_Distance,2100,1,1,0.0,0.0,0.0
google_gemma-3-27b-it,Power_Distance,2100,1,2,0.0,0.0,0.0
google_gemma-3-27b-it,Power_Distance,2100,1,3,0.0,0.0,0.0
google_gemma-3-27b-it,Power_Distance,2102,1,1,50.0,50.0,50.0
google_gemma-3-27b-it,Power_Distance,2102,1,2,50.0,50.0,50.0
google_gemma-3-27b-it,Power_Distance,2102,1,3,50.0,50.0,50.0
google_gemma-3-27b-it,Power_Distance,2103,1,1,25.0,25.0,25.0
google_gemma-3-27b-it,Power_Distance,2103,1,2,25.0,25.0,25.0
google_gemma-3-27b-it,Power_Distance,2103,1,3,25.0,25.0,25.0
google_gemma-3-27b-it,Power_Distance,2105,1,1,25.0,25.0,25.0
google_gemma-3-27b-it,Power_Distance,2105,1,2,25.0,25.0,25.0
google_gemma-3-27b-it,Power_Distance,2105,1,3,25.0,25.0,25.0
google_gemma-3-27b-it,Power_Distance,2107,1,1,25.0,25.0,25.0
google_gemma-3-27b-it,Power_Distance,2107,1,2,25.0,25.0,25.0
google_gemma-3-27b-it,Power_Distance,2107,1,3,25.0,25.0,25.0
google_gemma-3-27b-it,Power_Distance,2108,1,1,25.0,25.0,25.0
google_gemma-3-27b-it,Power_Distance,2108,1,2,25.0,25.0,25.0
google_gemma-3-27b-it,Power_Distance,2108,1,3,25.0,25.0,25.0
google_gemma-3-27b-it,Power_Distance,2109,1,1,0.0,0.0,0.0
google_gemma-3-27b-it,Power_Distance,2109,1,2,0.0,0.0,0.0
google_gemma-3-27b-it,Power_Distance,2109,1,3,0.0,0.0,0.0
google_gemma-3-27b-it,Power_Distance,2112,1,1,50.0,50.0,25.0
google_gemma-3-27b-it,Power_Distance,2112,1,2,50.0,25.0,25.0
google_gemma-3-27b-it,Power_Distance,2112,1,3,50.0,25.0,25.0
google_gemma-3-27b-it,Power_Distance,2113,1,1,50.0,50.0,50.0
google_gemma-3-27b-it,Power_Distance,2113,1,2,50.0,50.0,50.0
google_gemma-3-27b-it,Power_Distance,2113,1,3,50.0,50.0,50.0
google_gemma-3-27b-it,Power_Distance,2116,1,1,50.0,50.0,50.0
google_gemma-3-27b-it,Power_Distance,2116,1,2,50.0,50.0,50.0
google_gemma-3-27b-it,Power_Distance,2116,1,3,50.0,50.0,50.0
google_gemma-3-27b-it,Power_Distance,2123,1,1,25.0,25.0,25.0
google_gemma-3-27b-it,Power_Distance,2123,1,2,25.0,25.0,25.0
google_gemma-3-27b-it,Power_Distance,2123,1,3,25.0,25.0,25.0
google_gemma-3-27b-it,Power_Distance,2125,1,1,25.0,25.0,25.0
google_gemma-3-27b-it,Power_Distance,2125,1,2,25.0,25.0,25.0
google_gemma-3-27b-it,Power_Distance,2125,1,3,25.0,25.0,25.0
google_gemma-3-27b-it,Power_Distance,2130,1,1,25.0,25.0,25.0
google_gemma-3-27b-it,Power_Distance,2130,1,2,25.0,50.0,25.0
google_gemma-3-27b-it,Power_Distance,2130,1,3,25.0,50.0,25.0
google_gemma-3-27b-it,Power_Distance,2132,1,1,25.0,25.0,25.0
google_gemma-3-27b-it,Power_Distance,2132,1,2,25.0,25.0,25.0
google_gemma-3-27b-it,Power_Distance,2132,1,3,25.0,25.0,25.0
google_gemma-3-27b-it,Power_Distance,2134,1,1,50.0,50.0,50.0
google_gemma-3-27b-it,Power_Distance,2134,1,2,50.0,50.0,50.0
google_gemma-3-27b-it,Power_Distance,2134,1,3,50.0,50.0,50.0
google_gemma-3-27b-it,Uncertainty_Avoidance,2423,1,1,75.0,75.0,75.0
google_gemma-3-27b-it,Uncertainty_Avoidance,2423,1,2,75.0,75.0,75.0
google_gemma-3-27b-it,Uncertainty_Avoidance,2423,1,3,75.0,75.0,75.0
google_gemma-3-27b-it,Uncertainty_Avoidance,2424,1,1,25.0,25.0,25.0
google_gemma-3-27b-it,Uncertainty_Avoidance,2424,1,2,25.0,25.0,25.0
google_gemma-3-27b-it,Uncertainty_Avoidance,2424,1,3,25.0,25.0,25.0
google_gemma-3-27b-it,Uncertainty_Avoidance,2425,1,1,0.0,0.0,0.0
google_gemma-3-27b-it,Uncertainty_Avoidance,2425,1,2,0.0,0.0,0.0
google_gemma-3-27b-it,Uncertainty_Avoidance,2425,1,3,0.0,0.0,0.0
google_gemma-3-27b-it,Uncertainty_Avoidance,2426,1,1,25.0,25.0,25.0
google_gemma-3-27b-it,Uncertainty_Avoidance,2426,1,2,25.0,25.0,25.0
google_gemma-3-27b-it,Uncertainty_Avoidance,2426,1,3,25.0,25.0,25.0
google_gemma-3-27b-it,Uncertainty_Avoidance,2427,1,1,75.0,75.0,75.0
google_gemma-3-27b-it,Uncertainty_Avoidance,2427,1,2,75.0,75.0,75.0
google_gemma-3-27b-it,Uncertainty_Avoidance,2427,1,3,75.0,75.0,75.0
google_gemma-3-27b-it,Uncertainty_Avoidance,2428,1,1,25.0,25.0,25.0
google_gemma-3-27b-it,Uncertainty_Avoidance,2428,1,2,25.0,25.0,25.0
google_gemma-3-27b-it,Uncertainty_Avoidance,2428,1,3,25.0,25.0,25.0
google_gemma-3-27b-it,Uncertainty_Avoidance,2429,1,1,50.0,50.0,50.0
google_gemma-3-27b-it,Uncertainty_Avoidance,2429,1,2,50.0,50.0,50.0
google_gemma-3-27b-it,Uncertainty_Avoidance,2429,1,3,50.0,50.0,50.0
google_gemma-3-27b-it,Uncertainty_Avoidance,2430,1,1,25.0,25.0,25.0
google_gemma-3-27b-it,Uncertainty_Avoidance,2430,1,2,25.0,25.0,25.0
google_gemma-3-27b-it,Uncertainty_Avoidance,2430,1,3,25.0,25.0,25.0
google_gemma-3-27b-it,Uncertainty_Avoidance,2431,1,1,25.0,25.0,25.0
google_gemma-3-27b-it,Uncertainty_Avoidance,2431,1,2,25.0,25.0,25.0
google_gemma-3-27b-it,Uncertainty_Avoidance,2431,1,3,25.0,25.0,25.0
google_gemma-3-27b-it,Uncertainty_Avoidance,2432,1,1,25.0,25.0,25.0
google_gemma-3-27b-it,Uncertainty_Avoidance,2432,1,2,25.0,25.0,25.0
google_gemma-3-27b-it,Uncertainty_Avoidance,2432,1,3,25.0,25.0,25.0
google_gemma-3-27b-it,Uncertainty_Avoidance,2433,1,1,50.0,50.0,50.0
google_gemma-3-27b-it,Uncertainty_Avoidance,2433,1,2,50.0,50.0,50.0
google_gemma-3-27b-it,Uncertainty_Avoidance,2433,1,3,50.0,50.0,50.0
google_gemma-3-27b-it,Uncertainty_Avoidance,2434,1,1,50.0,50.0,50.0
google_gemma-3-27b-it,Uncertainty_Avoidance,2434,1,2,50.0,50.0,50.0
google_gemma-3-27b-it,Uncertainty_Avoidance,2434,1,3,50.0,50.0,50.0
google_gemma-3-27b-it,Uncertainty_Avoidance,2435,1,1,25.0,25.0,25.0
google_gemma-3-27b-it,Uncertainty_Avoidance,2435,1,2,25.0,25.0,25.0
google_gemma-3-27b-it,Uncertainty_Avoidance,2435,1,3,25.0,25.0,25.0
google_gemma-3-27b-it,Uncertainty_Avoidance,2436,1,1,50.0,50.0,50.0
google_gemma-3-27b-it,Uncertainty_Avoidance,2436,1,2,50.0,50.0,50.0
google_gemma-3-27b-it,Uncertainty_Avoidance,2436,1,3,50.0,50.0,50.0
google_gemma-3-27b-it,Uncertainty_Avoidance,2437,1,1,25.0,25.0,25.0
google_gemma-3-27b-it,Uncertainty_Avoidance,2437,1,2,25.0,25.0,25.0
google_gemma-3-27b-it,Uncertainty_Avoidance,2437,1,3,25.0,25.0,25.0
google_gemma-3-27b-it,Uncertainty_Avoidance,2438,1,1,25.0,25.0,25.0
google_gemma-3-27b-it,Uncertainty_Avoidance,2438,1,2,25.0,25.0,25.0
google_gemma-3-27b-it,Uncertainty_Avoidance,2438,1,3,25.0,25.0,25.0
google_gemma-3-27b-it,Uncertainty_Avoidance,2439,1,1,50.0,50.0,50.0
google_gemma-3-27b-it,Uncertainty_Avoidance,2439,1,2,50.0,50.0,50.0
google_gemma-3-27b-it,Uncertainty_Avoidance,2439,1,3,50.0,50.0,50.0
google_gemma-3-27b-it,Uncertainty_Avoidance,2440,1,1,50.0,50.0,50.0
google_gemma-3-27b-it,Uncertainty_Avoidance,2440,1,2,50.0,50.0,50.0
google_gemma-3-27b-it,Uncertainty_Avoidance,2440,1,3,50.0,50.0,50.0
google_gemma-3-27b-it,Uncertainty_Avoidance,2445,1,1,50.0,50.0,50.0
google_gemma-3-27b-it,Uncertainty_Avoidance,2445,1,2,50.0,50.0,50.0
google_gemma-3-27b-it,Uncertainty_Avoidance,2445,1,3,50.0,50.0,50.0
google_gemma-3-27b-it,Uncertainty_Avoidance,2446,1,1,50.0,50.0,50.0
google_gemma-3-27b-it,Uncertainty_Avoidance,2446,1,2,50.0,50.0,50.0
google_gemma-3-27b-it,Uncertainty_Avoidance,2446,1,3,50.0,50.0,50.0
google_gemma-3-27b-it,Uncertainty_Avoidance,2447,1,1,50.0,50.0,50.0
google_gemma-3-27b-it,Uncertainty_Avoidance,2447,1,2,50.0,50.0,50.0
google_gemma-3-27b-it,Uncertainty_Avoidance,2447,1,3,50.0,50.0,50.0
google_gemma-3-27b-it,Uncertainty_Avoidance,2449,1,1,50.0,50.0,50.0
google_gemma-3-27b-it,Uncertainty_Avoidance,2449,1,2,50.0,50.0,50.0
google_gemma-3-27b-it,Uncertainty_Avoidance,2449,1,3,50.0,50.0,50.0
google_gemma-3-27b-it,Uncertainty_Avoidance,2450,1,1,50.0,50.0,50.0
google_gemma-3-27b-it,Uncertainty_Avoidance,2450,1,2,50.0,50.0,50.0
google_gemma-3-27b-it,Uncertainty_Avoidance,2450,1,3,50.0,50.0,50.0
google_gemma-3-27b-it,Uncertainty_Avoidance,2452,1,1,25.0,25.0,0.0
google_gemma-3-27b-it,Uncertainty_Avoidance,2452,1,2,25.0,25.0,25.0
google_gemma-3-27b-it,Uncertainty_Avoidance,2452,1,3,25.0,25.0,0.0
google_gemma-3-27b-it,Uncertainty_Avoidance,2453,1,1,25.0,25.0,25.0
google_gemma-3-27b-it,Uncertainty_Avoidance,2453,1,2,25.0,25.0,25.0
google_gemma-3-27b-it,Uncertainty_Avoidance,2453,1,3,25.0,25.0,25.0
google_gemma-3-27b-it,Uncertainty_Avoidance,2454,1,1,50.0,50.0,50.0
google_gemma-3-27b-it,Uncertainty_Avoidance,2454,1,2,50.0,50.0,50.0
google_gemma-3-27b-it,Uncertainty_Avoidance,2454,1,3,50.0,50.0,50.0
google_gemma-3-27b-it,Uncertainty_Avoidance,2456,1,1,25.0,25.0,25.0
google_gemma-3-27b-it,Uncertainty_Avoidance,2456,1,2,25.0,25.0,25.0
google_gemma-3-27b-it,Uncertainty_Avoidance,2456,1,3,25.0,25.0,25.0
google_gemma-3-27b-it,Uncertainty_Avoidance,2457,1,1,25.0,25.0,25.0
google_gemma-3-27b-it,Uncertainty_Avoidance,2457,1,2,25.0,25.0,25.0
google_gemma-3-27b-it,Uncertainty_Avoidance,2457,1,3,25.0,25.0,25.0
google_gemma-3-27b-it,Uncertainty_Avoidance,2459,1,1,50.0,50.0,50.0
google_gemma-3-27b-it,Uncertainty_Avoidance,2459,1,2,50.0,50.0,50.0
google_gemma-3-27b-it,Uncertainty_Avoidance,2459,1,3,50.0,50.0,50.0
google_gemma-3-27b-it,Uncertainty_Avoidance,2460,1,1,25.0,25.0,25.0
google_gemma-3-27b-it,Uncertainty_Avoidance,2460,1,2,25.0,25.0,25.0
google_gemma-3-27b-it,Uncertainty_Avoidance,2460,1,3,25.0,25.0,25.0
google_gemma-3-27b-it,Uncertainty_Avoidance,2461,1,1,25.0,25.0,25.0
google_gemma-3-27b-it,Uncertainty_Avoidance,2461,1,2,25.0,25.0,25.0
google_gemma-3-27b-it,Uncertainty_Avoidance,2461,1,3,25.0,25.0,25.0
google_gemma-3-27b-it,Uncertainty_Avoidance,2463,1,1,25.0,25.0,25.0
google_gemma-3-27b-it,Uncertainty_Avoidance,2463,1,2,25.0,25.0,25.0
google_gemma-3-27b-it,Uncertainty_Avoidance,2463,1,3,25.0,25.0,25.0
google_gemma-3-27b-it,Uncertainty_Avoidance,2464,1,1,75.0,75.0,75.0
google_gemma-3-27b-it,Uncertainty_Avoidance,2464,1,2,75.0,75.0,75.0
google_gemma-3-27b-it,Uncertainty_Avoidance,2464,1,3,75.0,75.0,75.0
google_gemma-3-27b-it,Uncertainty_Avoidance,2466,1,1,25.0,25.0,25.0
google_gemma-3-27b-it,Uncertainty_Avoidance,2466,1,2,25.0,25.0,25.0
google_gemma-3-27b-it,Uncertainty_Avoidance,2466,1,3,25.0,25.0,25.0
google_gemma-3-27b-it,Uncertainty_Avoidance,2467,1,1,25.0,25.0,25.0
google_gemma-3-27b-it,Uncertainty_Avoidance,2467,1,2,25.0,25.0,25.0
google_gemma-3-27b-it,Uncertainty_Avoidance,2467,1,3,25.0,25.0,25.0
google_gemma-3-27b-it,Uncertainty_Avoidance,2468,1,1,50.0,50.0,50.0
google_gemma-3-27b-it,Uncertainty_Avoidance,2468,1,2,50.0,50.0,50.0
google_gemma-3-27b-it,Uncertainty_Avoidance,2468,1,3,50.0,50.0,50.0
google_gemma-3-27b-it,Uncertainty_Avoidance,2469,1,1,50.0,50.0,50.0
google_gemma-3-27b-it,Uncertainty_Avoidance,2469,1,2,50.0,50.0,50.0
google_gemma-3-27b-it,Uncertainty_Avoidance,2469,1,3,50.0,50.0,50.0
google_gemma-3-27b-it,Uncertainty_Avoidance,2471,1,1,25.0,25.0,25.0
google_gemma-3-27b-it,Uncertainty_Avoidance,2471,1,2,25.0,25.0,25.0
google_gemma-3-27b-it,Uncertainty_Avoidance,2471,1,3,25.0,25.0,25.0
google_gemma-3-27b-it,Uncertainty_Avoidance,2473,1,1,25.0,25.0,25.0
google_gemma-3-27b-it,Uncertainty_Avoidance,2473,1,2,25.0,25.0,25.0
google_gemma-3-27b-it,Uncertainty_Avoidance,2473,1,3,25.0,25.0,25.0
google_gemma-3-27b-it,Uncertainty_Avoidance,2474,1,1,50.0,50.0,50.0
google_gemma-3-27b-it,Uncertainty_Avoidance,2474,1,2,50.0,50.0,50.0
google_gemma-3-27b-it,Uncertainty_Avoidance,2474,1,3,50.0,50.0,50.0
google_gemma-3-27b-it,Uncertainty_Avoidance,2475,1,1,50.0,50.0,50.0
google_gemma-3-27b-it,Uncertainty_Avoidance,2475,1,2,50.0,50.0,50.0
google_gemma-3-27b-it,Uncertainty_Avoidance,2475,1,3,50.0,50.0,50.0
google_gemma-3-27b-it,Uncertainty_Avoidance,2476,1,1,0.0,0.0,0.0
google_gemma-3-27b-it,Uncertainty_Avoidance,2476,1,2,0.0,0.0,0.0
google_gemma-3-27b-it,Uncertainty_Avoidance,2476,1,3,0.0,0.0,0.0
google_gemma-3-27b-it,Uncertainty_Avoidance,2477,1,1,50.0,50.0,50.0
google_gemma-3-27b-it,Uncertainty_Avoidance,2477,1,2,50.0,50.0,50.0
google_gemma-3-27b-it,Uncertainty_Avoidance,2477,1,3,50.0,50.0,50.0
google_gemma-3-27b-it,Uncertainty_Avoidance,2478,1,1,50.0,50.0,50.0
google_gemma-3-27b-it,Uncertainty_Avoidance,2478,1,2,50.0,50.0,50.0
google_gemma-3-27b-it,Uncertainty_Avoidance,2478,1,3,50.0,50.0,50.0
google_gemma-3-27b-it,Uncertainty_Avoidance,2479,1,1,50.0,50.0,50.0
google_gemma-3-27b-it,Uncertainty_Avoidance,2479,1,2,50.0,50.0,50.0
google_gemma-3-27b-it,Uncertainty_Avoidance,2479,1,3,50.0,50.0,50.0
google_gemma-3-27b-it,Uncertainty_Avoidance,2482,1,1,25.0,25.0,25.0
google_gemma-3-27b-it,Uncertainty_Avoidance,2482,1,2,25.0,25.0,25.0
google_gemma-3-27b-it,Uncertainty_Avoidance,2482,1,3,25.0,25.0,25.0
google_gemma-3-27b-it,Uncertainty_Avoidance,2483,1,1,0.0,0.0,0.0
google_gemma-3-27b-it,Uncertainty_Avoidance,2483,1,2,0.0,0.0,0.0
google_gemma-3-27b-it,Uncertainty_Avoidance,2483,1,3,0.0,0.0,0.0
google_gemma-3-27b-it,Uncertainty_Avoidance,2484,1,1,25.0,25.0,25.0
google_gemma-3-27b-it,Uncertainty_Avoidance,2484,1,2,25.0,25.0,25.0
google_gemma-3-27b-it,Uncertainty_Avoidance,2484,1,3,25.0,25.0,25.0
google_gemma-3-27b-it,Uncertainty_Avoidance,2485,1,1,50.0,50.0,50.0
google_gemma-3-27b-it,Uncertainty_Avoidance,2485,1,2,50.0,50.0,50.0
google_gemma-3-27b-it,Uncertainty_Avoidance,2485,1,3,50.0,50.0,50.0
google_gemma-3-27b-it,Uncertainty_Avoidance,2487,1,1,0.0,0.0,0.0
google_gemma-3-27b-it,Uncertainty_Avoidance,2487,1,2,0.0,0.0,0.0
google_gemma-3-27b-it,Uncertainty_Avoidance,2487,1,3,0.0,0.0,0.0
google_gemma-3-27b-it,Uncertainty_Avoidance,2488,1,1,25.0,25.0,25.0
google_gemma-3-27b-it,Uncertainty_Avoidance,2488,1,2,25.0,25.0,25.0
google_gemma-3-27b-it,Uncertainty_Avoidance,2488,1,3,25.0,25.0,25.0
google_gemma-3-27b-it,Uncertainty_Avoidance,2489,1,1,25.0,25.0,25.0
google_gemma-3-27b-it,Uncertainty_Avoidance,2489,1,2,25.0,25.0,25.0
google_gemma-3-27b-it,Uncertainty_Avoidance,2489,1,3,25.0,25.0,25.0
google_gemma-3-27b-it,Uncertainty_Avoidance,2490,1,1,75.0,75.0,75.0
google_gemma-3-27b-it,Uncertainty_Avoidance,2490,1,2,75.0,75.0,75.0
google_gemma-3-27b-it,Uncertainty_Avoidance,2490,1,3,75.0,75.0,75.0
google_gemma-3-27b-it,Uncertainty_Avoidance,2492,1,1,50.0,50.0,50.0
google_gemma-3-27b-it,Uncertainty_Avoidance,2492,1,2,50.0,50.0,50.0
google_gemma-3-27b-it,Uncertainty_Avoidance,2492,1,3,50.0,50.0,25.0
google_gemma-3-27b-it,Uncertainty_Avoidance,2493,1,1,75.0,75.0,75.0
google_gemma-3-27b-it,Uncertainty_Avoidance,2493,1,2,75.0,75.0,75.0
google_gemma-3-27b-it,Uncertainty_Avoidance,2493,1,3,75.0,75.0,75.0
google_gemma-3-27b-it,Uncertainty_Avoidance,2494,1,1,50.0,50.0,50.0
google_gemma-3-27b-it,Uncertainty_Avoidance,2494,1,2,50.0,50.0,50.0
google_gemma-3-27b-it,Uncertainty_Avoidance,2494,1,3,50.0,50.0,50.0
google_gemma-3-27b-it,Uncertainty_Avoidance,2495,1,1,50.0,50.0,0.0
google_gemma-3-27b-it,Uncertainty_Avoidance,2495,1,2,50.0,50.0,50.0
google_gemma-3-27b-it,Uncertainty_Avoidance,2495,1,3,50.0,50.0,50.0
google_gemma-3-27b-it,Uncertainty_Avoidance,2497,1,1,50.0,50.0,50.0
google_gemma-3-27b-it,Uncertainty_Avoidance,2497,1,2,50.0,50.0,50.0
google_gemma-3-27b-it,Uncertainty_Avoidance,2497,1,3,50.0,50.0,50.0
google_gemma-3-27b-it,Uncertainty_Avoidance,2501,1,1,50.0,50.0,50.0
google_gemma-3-27b-it,Uncertainty_Avoidance,2501,1,2,50.0,50.0,50.0
google_gemma-3-27b-it,Uncertainty_Avoidance,2501,1,3,50.0,50.0,50.0
google_gemma-3-27b-it,Uncertainty_Avoidance,2503,1,1,25.0,25.0,25.0
google_gemma-3-27b-it,Uncertainty_Avoidance,2503,1,2,25.0,25.0,25.0
google_gemma-3-27b-it,Uncertainty_Avoidance,2503,1,3,25.0,25.0,25.0
google_gemma-3-27b-it,Uncertainty_Avoidance,2505,1,1,50.0,50.0,50.0
google_gemma-3-27b-it,Uncertainty_Avoidance,2505,1,2,50.0,50.0,50.0
google_gemma-3-27b-it,Uncertainty_Avoidance,2505,1,3,50.0,50.0,50.0
google_gemma-3-27b-it,Uncertainty_Avoidance,2506,1,1,50.0,50.0,50.0
google_gemma-3-27b-it,Uncertainty_Avoidance,2506,1,2,50.0,50.0,50.0
google_gemma-3-27b-it,Uncertainty_Avoidance,2506,1,3,50.0,50.0,50.0
google_gemma-3-27b-it,Uncertainty_Avoidance,2508,1,1,0.0,0.0,0.0
google_gemma-3-27b-it,Uncertainty_Avoidance,2508,1,2,0.0,0.0,0.0
google_gemma-3-27b-it,Uncertainty_Avoidance,2508,1,3,0.0,0.0,0.0
google_gemma-3-27b-it,Uncertainty_Avoidance,2511,1,1,75.0,75.0,75.0
google_gemma-3-27b-it,Uncertainty_Avoidance,2511,1,2,75.0,75.0,75.0
google_gemma-3-27b-it,Uncertainty_Avoidance,2511,1,3,75.0,75.0,75.0
google_gemma-3-27b-it,Uncertainty_Avoidance,2513,1,1,25.0,25.0,25.0
google_gemma-3-27b-it,Uncertainty_Avoidance,2513,1,2,25.0,25.0,25.0
google_gemma-3-27b-it,Uncertainty_Avoidance,2513,1,3,25.0,25.0,25.0
google_gemma-3-27b-it,Uncertainty_Avoidance,2514,1,1,25.0,25.0,25.0
google_gemma-3-27b-it,Uncertainty_Avoidance,2514,1,2,25.0,25.0,25.0
google_gemma-3-27b-it,Uncertainty_Avoidance,2514,1,3,25.0,25.0,25.0
google_gemma-3-27b-it,Uncertainty_Avoidance,2516,1,1,25.0,25.0,25.0
google_gemma-3-27b-it,Uncertainty_Avoidance,2516,1,2,25.0,25.0,25.0
google_gemma-3-27b-it,Uncertainty_Avoidance,2516,1,3,25.0,25.0,25.0
google_gemma-3-27b-it,Uncertainty_Avoidance,2518,1,1,25.0,25.0,25.0
google_gemma-3-27b-it,Uncertainty_Avoidance,2518,1,2,25.0,25.0,25.0
google_gemma-3-27b-it,Uncertainty_Avoidance,2518,1,3,25.0,25.0,25.0
google_gemma-3-27b-it,Uncertainty_Avoidance,2520,1,1,50.0,50.0,50.0
google_gemma-3-27b-it,Uncertainty_Avoidance,2520,1,2,50.0,50.0,50.0
google_gemma-3-27b-it,Uncertainty_Avoidance,2520,1,3,50.0,50.0,50.0
google_gemma-3-27b-it,Uncertainty_Avoidance,2521,1,1,25.0,25.0,25.0
google_gemma-3-27b-it,Uncertainty_Avoidance,2521,1,2,25.0,25.0,25.0
google_gemma-3-27b-it,Uncertainty_Avoidance,2521,1,3,25.0,25.0,25.0
google_gemma-3-27b-it,Uncertainty_Avoidance,2523,1,1,25.0,25.0,25.0
google_gemma-3-27b-it,Uncertainty_Avoidance,2523,1,2,25.0,25.0,25.0
google_gemma-3-27b-it,Uncertainty_Avoidance,2523,1,3,25.0,25.0,25.0
google_gemma-3-27b-it,Uncertainty_Avoidance,2524,1,1,50.0,50.0,50.0
google_gemma-3-27b-it,Uncertainty_Avoidance,2524,1,2,50.0,50.0,50.0
google_gemma-3-27b-it,Uncertainty_Avoidance,2524,1,3,50.0,50.0,50.0
google_gemma-3-27b-it,Uncertainty_Avoidance,2525,1,1,50.0,50.0,50.0
google_gemma-3-27b-it,Uncertainty_Avoidance,2525,1,2,50.0,50.0,50.0
google_gemma-3-27b-it,Uncertainty_Avoidance,2525,1,3,50.0,50.0,50.0
google_gemma-3-27b-it,Uncertainty_Avoidance,2526,1,1,25.0,25.0,25.0
google_gemma-3-27b-it,Uncertainty_Avoidance,2526,1,2,25.0,25.0,25.0
google_gemma-3-27b-it,Uncertainty_Avoidance,2526,1,3,25.0,25.0,25.0
google_gemma-3-27b-it,Uncertainty_Avoidance,2528,1,1,25.0,25.0,25.0
google_gemma-3-27b-it,Uncertainty_Avoidance,2528,1,2,25.0,25.0,25.0
google_gemma-3-27b-it,Uncertainty_Avoidance,2528,1,3,25.0,25.0,25.0
google_gemma-3-27b-it,Uncertainty_Avoidance,2529,1,1,25.0,25.0,25.0
google_gemma-3-27b-it,Uncertainty_Avoidance,2529,1,2,25.0,25.0,25.0
google_gemma-3-27b-it,Uncertainty_Avoidance,2529,1,3,25.0,25.0,25.0
google_gemma-3-27b-it,Uncertainty_Avoidance,2530,1,1,75.0,75.0,75.0
google_gemma-3-27b-it,Uncertainty_Avoidance,2530,1,2,75.0,75.0,75.0
google_gemma-3-27b-it,Uncertainty_Avoidance,2530,1,3,75.0,75.0,75.0
google_gemma-3-27b-it,Uncertainty_Avoidance,2532,1,1,25.0,25.0,25.0
google_gemma-3-27b-it,Uncertainty_Avoidance,2532,1,2,25.0,25.0,25.0
google_gemma-3-27b-it,Uncertainty_Avoidance,2532,1,3,25.0,25.0,25.0
google_gemma-3-27b-it,Uncertainty_Avoidance,2533,1,1,50.0,50.0,50.0
google_gemma-3-27b-it,Uncertainty_Avoidance,2533,1,2,50.0,50.0,50.0
google_gemma-3-27b-it,Uncertainty_Avoidance,2533,1,3,50.0,50.0,50.0
google_gemma-3-27b-it,Uncertainty_Avoidance,2534,1,1,75.0,75.0,75.0
google_gemma-3-27b-it,Uncertainty_Avoidance,2534,1,2,75.0,75.0,75.0
google_gemma-3-27b-it,Uncertainty_Avoidance,2534,1,3,75.0,75.0,75.0
google_gemma-3-27b-it,Uncertainty_Avoidance,2535,1,1,50.0,50.0,50.0
google_gemma-3-27b-it,Uncertainty_Avoidance,2535,1,2,50.0,50.0,50.0
google_gemma-3-27b-it,Uncertainty_Avoidance,2535,1,3,50.0,50.0,50.0
google_gemma-3-27b-it,Uncertainty_Avoidance,2536,1,1,50.0,50.0,50.0
google_gemma-3-27b-it,Uncertainty_Avoidance,2536,1,2,50.0,50.0,50.0
google_gemma-3-27b-it,Uncertainty_Avoidance,2536,1,3,50.0,50.0,50.0
google_gemma-3-27b-it,Uncertainty_Avoidance,2537,1,1,50.0,50.0,50.0
google_gemma-3-27b-it,Uncertainty_Avoidance,2537,1,2,50.0,50.0,50.0
google_gemma-3-27b-it,Uncertainty_Avoidance,2537,1,3,50.0,50.0,50.0
google_gemma-3-27b-it,Uncertainty_Avoidance,2538,1,1,50.0,50.0,50.0
google_gemma-3-27b-it,Uncertainty_Avoidance,2538,1,2,50.0,50.0,50.0
google_gemma-3-27b-it,Uncertainty_Avoidance,2538,1,3,50.0,50.0,50.0
google_gemma-3-27b-it,Uncertainty_Avoidance,2539,1,1,50.0,50.0,50.0
google_gemma-3-27b-it,Uncertainty_Avoidance,2539,1,2,50.0,50.0,50.0
google_gemma-3-27b-it,Uncertainty_Avoidance,2539,1,3,50.0,50.0,50.0
google_gemma-3-27b-it,Uncertainty_Avoidance,2542,1,1,50.0,50.0,50.0
google_gemma-3-27b-it,Uncertainty_Avoidance,2542,1,2,50.0,50.0,50.0
google_gemma-3-27b-it,Uncertainty_Avoidance,2542,1,3,50.0,50.0,50.0
google_gemma-3-27b-it,Uncertainty_Avoidance,2543,1,1,50.0,50.0,50.0
google_gemma-3-27b-it,Uncertainty_Avoidance,2543,1,2,50.0,50.0,50.0
google_gemma-3-27b-it,Uncertainty_Avoidance,2543,1,3,50.0,50.0,25.0
google_gemma-3-27b-it,Uncertainty_Avoidance,2544,1,1,25.0,25.0,25.0
google_gemma-3-27b-it,Uncertainty_Avoidance,2544,1,2,25.0,25.0,25.0
google_gemma-3-27b-it,Uncertainty_Avoidance,2544,1,3,25.0,25.0,25.0
google_gemma-3-27b-it,Uncertainty_Avoidance,2545,1,1,25.0,25.0,25.0
google_gemma-3-27b-it,Uncertainty_Avoidance,2545,1,2,25.0,25.0,25.0
google_gemma-3-27b-it,Uncertainty_Avoidance,2545,1,3,25.0,25.0,25.0
google_gemma-3-27b-it,Uncertainty_Avoidance,2546,1,1,50.0,50.0,50.0
google_gemma-3-27b-it,Uncertainty_Avoidance,2546,1,2,50.0,50.0,50.0
google_gemma-3-27b-it,Uncertainty_Avoidance,2546,1,3,50.0,50.0,50.0
google_gemma-3-27b-it,Uncertainty_Avoidance,2548,1,1,50.0,50.0,50.0
google_gemma-3-27b-it,Uncertainty_Avoidance,2548,1,2,50.0,50.0,50.0
google_gemma-3-27b-it,Uncertainty_Avoidance,2548,1,3,50.0,50.0,50.0
google_gemma-3-27b-it,Uncertainty_Avoidance,2549,1,1,50.0,50.0,50.0
google_gemma-3-27b-it,Uncertainty_Avoidance,2549,1,2,50.0,50.0,50.0
google_gemma-3-27b-it,Uncertainty_Avoidance,2549,1,3,50.0,50.0,50.0
google_gemma-3-27b-it,Uncertainty_Avoidance,2550,1,1,75.0,75.0,75.0
google_gemma-3-27b-it,Uncertainty_Avoidance,2550,1,2,75.0,75.0,75.0
google_gemma-3-27b-it,Uncertainty_Avoidance,2550,1,3,75.0,75.0,75.0
google_gemma-3-27b-it,Uncertainty_Avoidance,2553,1,1,50.0,50.0,50.0
google_gemma-3-27b-it,Uncertainty_Avoidance,2553,1,2,50.0,50.0,50.0
google_gemma-3-27b-it,Uncertainty_Avoidance,2553,1,3,50.0,50.0,50.0
google_gemma-3-27b-it,Uncertainty_Avoidance,2554,1,1,50.0,50.0,50.0
google_gemma-3-27b-it,Uncertainty_Avoidance,2554,1,2,50.0,50.0,50.0
google_gemma-3-27b-it,Uncertainty_Avoidance,2554,1,3,50.0,50.0,50.0
google_gemma-3-27b-it,Uncertainty_Avoidance,2556,1,1,25.0,25.0,25.0
google_gemma-3-27b-it,Uncertainty_Avoidance,2556,1,2,25.0,25.0,25.0
google_gemma-3-27b-it,Uncertainty_Avoidance,2556,1,3,25.0,25.0,25.0
google_gemma-3-27b-it,Uncertainty_Avoidance,2557,1,1,0.0,0.0,0.0
google_gemma-3-27b-it,Uncertainty_Avoidance,2557,1,2,0.0,0.0,0.0
google_gemma-3-27b-it,Uncertainty_Avoidance,2557,1,3,0.0,0.0,0.0
google_gemma-3-27b-it,Uncertainty_Avoidance,2558,1,1,25.0,25.0,25.0
google_gemma-3-27b-it,Uncertainty_Avoidance,2558,1,2,25.0,25.0,25.0
google_gemma-3-27b-it,Uncertainty_Avoidance,2558,1,3,25.0,25.0,25.0
google_gemma-3-27b-it,Uncertainty_Avoidance,2559,1,1,50.0,50.0,50.0
google_gemma-3-27b-it,Uncertainty_Avoidance,2559,1,2,50.0,50.0,50.0
google_gemma-3-27b-it,Uncertainty_Avoidance,2559,1,3,50.0,50.0,50.0
google_gemma-3-27b-it,Uncertainty_Avoidance,2562,1,1,25.0,25.0,25.0
google_gemma-3-27b-it,Uncertainty_Avoidance,2562,1,2,25.0,25.0,25.0
google_gemma-3-27b-it,Uncertainty_Avoidance,2562,1,3,25.0,25.0,25.0
google_gemma-3-27b-it,Uncertainty_Avoidance,2563,1,1,75.0,75.0,75.0
google_gemma-3-27b-it,Uncertainty_Avoidance,2563,1,2,75.0,75.0,75.0
google_gemma-3-27b-it,Uncertainty_Avoidance,2563,1,3,75.0,75.0,75.0
google_gemma-3-27b-it,Uncertainty_Avoidance,2564,1,1,25.0,25.0,25.0
google_gemma-3-27b-it,Uncertainty_Avoidance,2564,1,2,25.0,25.0,25.0
google_gemma-3-27b-it,Uncertainty_Avoidance,2564,1,3,25.0,25.0,25.0
google_gemma-3-27b-it,Uncertainty_Avoidance,2565,1,1,50.0,50.0,50.0
google_gemma-3-27b-it,Uncertainty_Avoidance,2565,1,2,50.0,50.0,50.0
google_gemma-3-27b-it,Uncertainty_Avoidance,2565,1,3,50.0,50.0,50.0
google_gemma-3-27b-it,Uncertainty_Avoidance,2566,1,1,25.0,25.0,25.0
google_gemma-3-27b-it,Uncertainty_Avoidance,2566,1,2,25.0,25.0,25.0
google_gemma-3-27b-it,Uncertainty_Avoidance,2566,1,3,25.0,25.0,25.0
google_gemma-3-27b-it,Uncertainty_Avoidance,2567,1,1,25.0,25.0,25.0
google_gemma-3-27b-it,Uncertainty_Avoidance,2567,1,2,25.0,25.0,25.0
google_gemma-3-27b-it,Uncertainty_Avoidance,2567,1,3,25.0,25.0,25.0
google_gemma-3-27b-it,Uncertainty_Avoidance,2568,1,1,50.0,50.0,50.0
google_gemma-3-27b-it,Uncertainty_Avoidance,2568,1,2,50.0,50.0,50.0
google_gemma-3-27b-it,Uncertainty_Avoidance,2568,1,3,50.0,50.0,50.0
google_gemma-3-27b-it,Uncertainty_Avoidance,2569,1,1,50.0,50.0,50.0
google_gemma-3-27b-it,Uncertainty_Avoidance,2569,1,2,50.0,50.0,50.0
google_gemma-3-27b-it,Uncertainty_Avoidance,2569,1,3,50.0,50.0,50.0
google_gemma-3-27b-it,Uncertainty_Avoidance,2570,1,1,25.0,25.0,25.0
google_gemma-3-27b-it,Uncertainty_Avoidance,2570,1,2,25.0,25.0,25.0
google_gemma-3-27b-it,Uncertainty_Avoidance,2570,1,3,25.0,25.0,25.0
google_gemma-3-27b-it,Uncertainty_Avoidance,2571,1,1,75.0,75.0,75.0
google_gemma-3-27b-it,Uncertainty_Avoidance,2571,1,2,75.0,75.0,75.0
google_gemma-3-27b-it,Uncertainty_Avoidance,2571,1,3,75.0,75.0,75.0
google_gemma-3-27b-it,Uncertainty_Avoidance,2573,1,1,25.0,25.0,25.0
google_gemma-3-27b-it,Uncertainty_Avoidance,2573,1,2,25.0,25.0,25.0
google_gemma-3-27b-it,Uncertainty_Avoidance,2573,1,3,25.0,25.0,25.0
google_gemma-3-27b-it,Uncertainty_Avoidance,2575,1,1,25.0,25.0,25.0
google_gemma-3-27b-it,Uncertainty_Avoidance,2575,1,2,25.0,25.0,25.0
google_gemma-3-27b-it,Uncertainty_Avoidance,2575,1,3,25.0,25.0,25.0
google_gemma-3-27b-it,Uncertainty_Avoidance,2577,1,1,50.0,50.0,50.0
google_gemma-3-27b-it,Uncertainty_Avoidance,2577,1,2,50.0,50.0,50.0
google_gemma-3-27b-it,Uncertainty_Avoidance,2577,1,3,50.0,50.0,50.0
google_gemma-3-27b-it,Uncertainty_Avoidance,2578,1,1,0.0,0.0,0.0
google_gemma-3-27b-it,Uncertainty_Avoidance,2578,1,2,0.0,0.0,0.0
google_gemma-3-27b-it,Uncertainty_Avoidance,2578,1,3,0.0,0.0,0.0
google_gemma-3-27b-it,Uncertainty_Avoidance,2579,1,1,75.0,75.0,75.0
google_gemma-3-27b-it,Uncertainty_Avoidance,2579,1,2,75.0,75.0,75.0
google_gemma-3-27b-it,Uncertainty_Avoidance,2579,1,3,75.0,75.0,75.0
google_gemma-3-27b-it,Uncertainty_Avoidance,2580,1,1,25.0,25.0,25.0
google_gemma-3-27b-it,Uncertainty_Avoidance,2580,1,2,25.0,25.0,25.0
google_gemma-3-27b-it,Uncertainty_Avoidance,2580,1,3,25.0,25.0,50.0
google_gemma-3-27b-it,Uncertainty_Avoidance,2581,1,1,25.0,25.0,25.0
google_gemma-3-27b-it,Uncertainty_Avoidance,2581,1,2,25.0,25.0,25.0
google_gemma-3-27b-it,Uncertainty_Avoidance,2581,1,3,25.0,25.0,25.0
google_gemma-3-27b-it,Uncertainty_Avoidance,2583,1,1,50.0,50.0,50.0
google_gemma-3-27b-it,Uncertainty_Avoidance,2583,1,2,50.0,50.0,50.0
google_gemma-3-27b-it,Uncertainty_Avoidance,2583,1,3,50.0,50.0,50.0
google_gemma-3-27b-it,Uncertainty_Avoidance,2584,1,1,50.0,50.0,50.0
google_gemma-3-27b-it,Uncertainty_Avoidance,2584,1,2,50.0,50.0,50.0
google_gemma-3-27b-it,Uncertainty_Avoidance,2584,1,3,50.0,50.0,50.0
google_gemma-3-27b-it,Uncertainty_Avoidance,2585,1,1,25.0,25.0,25.0
google_gemma-3-27b-it,Uncertainty_Avoidance,2585,1,2,25.0,25.0,25.0
google_gemma-3-27b-it,Uncertainty_Avoidance,2585,1,3,25.0,25.0,25.0
google_gemma-3-27b-it,Uncertainty_Avoidance,2587,1,1,25.0,25.0,25.0
google_gemma-3-27b-it,Uncertainty_Avoidance,2587,1,2,25.0,25.0,25.0
google_gemma-3-27b-it,Uncertainty_Avoidance,2587,1,3,25.0,25.0,25.0
google_gemma-3-27b-it,Uncertainty_Avoidance,2588,1,1,25.0,25.0,25.0
google_gemma-3-27b-it,Uncertainty_Avoidance,2588,1,2,25.0,25.0,25.0
google_gemma-3-27b-it,Uncertainty_Avoidance,2588,1,3,25.0,25.0,25.0
google_gemma-3-27b-it,Uncertainty_Avoidance,2589,1,1,25.0,25.0,25.0
google_gemma-3-27b-it,Uncertainty_Avoidance,2589,1,2,25.0,25.0,25.0
google_gemma-3-27b-it,Uncertainty_Avoidance,2589,1,3,25.0,25.0,25.0
google_gemma-3-27b-it,Uncertainty_Avoidance,2591,1,1,75.0,75.0,75.0
google_gemma-3-27b-it,Uncertainty_Avoidance,2591,1,2,75.0,75.0,75.0
google_gemma-3-27b-it,Uncertainty_Avoidance,2591,1,3,75.0,75.0,75.0
google_gemma-3-27b-it,Uncertainty_Avoidance,2592,1,1,25.0,25.0,25.0
google_gemma-3-27b-it,Uncertainty_Avoidance,2592,1,2,25.0,25.0,25.0
google_gemma-3-27b-it,Uncertainty_Avoidance,2592,1,3,25.0,25.0,25.0
google_gemma-3-27b-it,Uncertainty_Avoidance,2594,1,1,25.0,25.0,25.0
google_gemma-3-27b-it,Uncertainty_Avoidance,2594,1,2,25.0,25.0,25.0
google_gemma-3-27b-it,Uncertainty_Avoidance,2594,1,3,25.0,25.0,25.0
google_gemma-3-27b-it,Uncertainty_Avoidance,2595,1,1,25.0,25.0,25.0
google_gemma-3-27b-it,Uncertainty_Avoidance,2595,1,2,25.0,25.0,50.0
google_gemma-3-27b-it,Uncertainty_Avoidance,2595,1,3,25.0,25.0,25.0
google_gemma-3-27b-it,Uncertainty_Avoidance,2596,1,1,50.0,50.0,50.0
google_gemma-3-27b-it,Uncertainty_Avoidance,2596,1,2,50.0,50.0,50.0
google_gemma-3-27b-it,Uncertainty_Avoidance,2596,1,3,50.0,50.0,50.0
google_gemma-3-27b-it,Uncertainty_Avoidance,2598,1,1,50.0,50.0,50.0
google_gemma-3-27b-it,Uncertainty_Avoidance,2598,1,2,50.0,50.0,50.0
google_gemma-3-27b-it,Uncertainty_Avoidance,2598,1,3,50.0,50.0,50.0
google_gemma-3-27b-it,Uncertainty_Avoidance,2599,1,1,50.0,50.0,50.0
google_gemma-3-27b-it,Uncertainty_Avoidance,2599,1,2,50.0,50.0,50.0
google_gemma-3-27b-it,Uncertainty_Avoidance,2599,1,3,50.0,50.0,50.0
google_gemma-3-27b-it,Uncertainty_Avoidance,2601,1,1,50.0,50.0,50.0
google_gemma-3-27b-it,Uncertainty_Avoidance,2601,1,2,50.0,50.0,50.0
google_gemma-3-27b-it,Uncertainty_Avoidance,2601,1,3,50.0,50.0,50.0
google_gemma-3-27b-it,Uncertainty_Avoidance,2604,1,1,50.0,50.0,50.0
google_gemma-3-27b-it,Uncertainty_Avoidance,2604,1,2,50.0,50.0,50.0
google_gemma-3-27b-it,Uncertainty_Avoidance,2604,1,3,50.0,50.0,50.0
google_gemma-3-27b-it,Uncertainty_Avoidance,2605,1,1,50.0,50.0,50.0
google_gemma-3-27b-it,Uncertainty_Avoidance,2605,1,2,50.0,50.0,50.0
google_gemma-3-27b-it,Uncertainty_Avoidance,2605,1,3,50.0,50.0,50.0
google_gemma-3-27b-it,Uncertainty_Avoidance,2608,1,1,25.0,25.0,25.0
google_gemma-3-27b-it,Uncertainty_Avoidance,2608,1,2,25.0,25.0,25.0
google_gemma-3-27b-it,Uncertainty_Avoidance,2608,1,3,25.0,25.0,25.0
google_gemma-3-27b-it,Uncertainty_Avoidance,2610,1,1,50.0,50.0,50.0
google_gemma-3-27b-it,Uncertainty_Avoidance,2610,1,2,50.0,50.0,50.0
google_gemma-3-27b-it,Uncertainty_Avoidance,2610,1,3,50.0,50.0,50.0
google_gemma-3-27b-it,Uncertainty_Avoidance,2612,1,1,25.0,25.0,25.0
google_gemma-3-27b-it,Uncertainty_Avoidance,2612,1,2,25.0,25.0,25.0
google_gemma-3-27b-it,Uncertainty_Avoidance,2612,1,3,25.0,25.0,25.0
google_gemma-3-27b-it,Uncertainty_Avoidance,2619,1,1,50.0,50.0,50.0
google_gemma-3-27b-it,Uncertainty_Avoidance,2619,1,2,50.0,50.0,50.0
google_gemma-3-27b-it,Uncertainty_Avoidance,2619,1,3,50.0,50.0,50.0
google_gemma-3-27b-it,Uncertainty_Avoidance,2620,1,1,25.0,25.0,25.0
google_gemma-3-27b-it,Uncertainty_Avoidance,2620,1,2,25.0,25.0,25.0
google_gemma-3-27b-it,Uncertainty_Avoidance,2620,1,3,25.0,25.0,25.0
google_gemma-3-27b-it,Uncertainty_Avoidance,2622,1,1,50.0,50.0,50.0
google_gemma-3-27b-it,Uncertainty_Avoidance,2622,1,2,50.0,50.0,50.0
google_gemma-3-27b-it,Uncertainty_Avoidance,2622,1,3,50.0,50.0,50.0
google_gemma-3-27b-it,Uncertainty_Avoidance,2623,1,1,25.0,25.0,25.0
google_gemma-3-27b-it,Uncertainty_Avoidance,2623,1,2,25.0,25.0,25.0
google_gemma-3-27b-it,Uncertainty_Avoidance,2623,1,3,25.0,25.0,25.0
google_gemma-3-27b-it,Uncertainty_Avoidance,2630,1,1,50.0,50.0,50.0
google_gemma-3-27b-it,Uncertainty_Avoidance,2630,1,2,50.0,50.0,50.0
google_gemma-3-27b-it,Uncertainty_Avoidance,2630,1,3,50.0,50.0,25.0
google_gemma-3-27b-it,Uncertainty_Avoidance,2634,1,1,25.0,25.0,25.0
google_gemma-3-27b-it,Uncertainty_Avoidance,2634,1,2,25.0,25.0,25.0
google_gemma-3-27b-it,Uncertainty_Avoidance,2634,1,3,25.0,25.0,25.0
google_gemma-3-27b-it,Uncertainty_Avoidance,2639,1,1,50.0,50.0,50.0
google_gemma-3-27b-it,Uncertainty_Avoidance,2639,1,2,50.0,50.0,50.0
google_gemma-3-27b-it,Uncertainty_Avoidance,2639,1,3,50.0,50.0,50.0
google_gemma-3-27b-it,Uncertainty_Avoidance,2640,1,1,25.0,25.0,25.0
google_gemma-3-27b-it,Uncertainty_Avoidance,2640,1,2,25.0,25.0,25.0
google_gemma-3-27b-it,Uncertainty_Avoidance,2640,1,3,25.0,25.0,25.0
google_gemma-3-27b-it,Uncertainty_Avoidance,2641,1,1,50.0,50.0,50.0
google_gemma-3-27b-it,Uncertainty_Avoidance,2641,1,2,50.0,50.0,50.0
google_gemma-3-27b-it,Uncertainty_Avoidance,2641,1,3,50.0,50.0,50.0
google_gemma-3-27b-it,Uncertainty_Avoidance,2644,1,1,25.0,25.0,25.0
google_gemma-3-27b-it,Uncertainty_Avoidance,2644,1,2,25.0,25.0,25.0
google_gemma-3-27b-it,Uncertainty_Avoidance,2644,1,3,25.0,25.0,25.0
google_gemma-3-27b-it,Uncertainty_Avoidance,2646,1,1,75.0,75.0,75.0
google_gemma-3-27b-it,Uncertainty_Avoidance,2646,1,2,75.0,75.0,75.0
google_gemma-3-27b-it,Uncertainty_Avoidance,2646,1,3,75.0,75.0,75.0
google_gemma-3-27b-it,Uncertainty_Avoidance,2651,1,1,100.0,100.0,100.0
google_gemma-3-27b-it,Uncertainty_Avoidance,2651,1,2,100.0,100.0,100.0
google_gemma-3-27b-it,Uncertainty_Avoidance,2651,1,3,100.0,100.0,100.0
google_gemma-3-27b-it,Uncertainty_Avoidance,2658,1,1,50.0,50.0,50.0
google_gemma-3-27b-it,Uncertainty_Avoidance,2658,1,2,50.0,50.0,50.0
google_gemma-3-27b-it,Uncertainty_Avoidance,2658,1,3,50.0,50.0,50.0
mistralai_Mistral-7B-Instruct-v0.3,Individualism,0,1,1,0.0,0.0,0.0
mistralai_Mistral-7B-Instruct-v0.3,Individualism,0,1,2,0.0,0.0,0.0
mistralai_Mistral-7B-Instruct-v0.3,Individualism,0,1,3,0.0,0.0,0.0
mistralai_Mistral-7B-Instruct-v0.3,Individualism,1,1,1,75.0,100.0,75.0
mistralai_Mistral-7B-Instruct-v0.3,Individualism,1,1,2,75.0,100.0,75.0
mistralai_Mistral-7B-Instruct-v0.3,Individualism,1,1,3,75.0,100.0,75.0
mistralai_Mistral-7B-Instruct-v0.3,Individualism,10,1,1,0.0,0.0,0.0
mistralai_Mistral-7B-Instruct-v0.3,Individualism,10,1,2,0.0,0.0,0.0
mistralai_Mistral-7B-Instruct-v0.3,Individualism,10,1,3,0.0,0.0,0.0
mistralai_Mistral-7B-Instruct-v0.3,Individualism,100,1,1,25.0,25.0,25.0
mistralai_Mistral-7B-Instruct-v0.3,Individualism,100,1,2,25.0,25.0,25.0
mistralai_Mistral-7B-Instruct-v0.3,Individualism,100,1,3,25.0,25.0,25.0
mistralai_Mistral-7B-Instruct-v0.3,Individualism,102,1,1,25.0,25.0,25.0
mistralai_Mistral-7B-Instruct-v0.3,Individualism,102,1,2,25.0,25.0,25.0
mistralai_Mistral-7B-Instruct-v0.3,Individualism,102,1,3,25.0,25.0,25.0
mistralai_Mistral-7B-Instruct-v0.3,Individualism,103,1,1,25.0,25.0,25.0
mistralai_Mistral-7B-Instruct-v0.3,Individualism,103,1,2,25.0,25.0,25.0
mistralai_Mistral-7B-Instruct-v0.3,Individualism,103,1,3,25.0,25.0,25.0
mistralai_Mistral-7B-Instruct-v0.3,Individualism,104,1,1,75.0,75.0,100.0
mistralai_Mistral-7B-Instruct-v0.3,Individualism,104,1,2,75.0,75.0,75.0
mistralai_Mistral-7B-Instruct-v0.3,Individualism,104,1,3,75.0,75.0,100.0
mistralai_Mistral-7B-Instruct-v0.3,Individualism,105,1,1,50.0,50.0,50.0
mistralai_Mistral-7B-Instruct-v0.3,Individualism,105,1,2,50.0,50.0,50.0
mistralai_Mistral-7B-Instruct-v0.3,Individualism,105,1,3,50.0,50.0,50.0
mistralai_Mistral-7B-Instruct-v0.3,Individualism,106,1,1,25.0,50.0,50.0
mistralai_Mistral-7B-Instruct-v0.3,Individualism,106,1,2,25.0,50.0,25.0
mistralai_Mistral-7B-Instruct-v0.3,Individualism,106,1,3,25.0,50.0,50.0
mistralai_Mistral-7B-Instruct-v0.3,Individualism,107,1,1,75.0,75.0,75.0
mistralai_Mistral-7B-Instruct-v0.3,Individualism,107,1,2,75.0,75.0,75.0
mistralai_Mistral-7B-Instruct-v0.3,Individualism,107,1,3,75.0,75.0,75.0
mistralai_Mistral-7B-Instruct-v0.3,Individualism,109,1,1,100.0,100.0,100.0
mistralai_Mistral-7B-Instruct-v0.3,Individualism,109,1,2,100.0,100.0,100.0
mistralai_Mistral-7B-Instruct-v0.3,Individualism,109,1,3,100.0,100.0,100.0
mistralai_Mistral-7B-Instruct-v0.3,Individualism,11,1,1,0.0,0.0,0.0
mistralai_Mistral-7B-Instruct-v0.3,Individualism,11,1,2,0.0,0.0,0.0
mistralai_Mistral-7B-Instruct-v0.3,Individualism,11,1,3,0.0,0.0,0.0
mistralai_Mistral-7B-Instruct-v0.3,Individualism,110,1,1,0.0,25.0,25.0
mistralai_Mistral-7B-Instruct-v0.3,Individualism,110,1,2,0.0,25.0,25.0
mistralai_Mistral-7B-Instruct-v0.3,Individualism,110,1,3,0.0,25.0,0.0
mistralai_Mistral-7B-Instruct-v0.3,Individualism,113,1,1,50.0,50.0,50.0
mistralai_Mistral-7B-Instruct-v0.3,Individualism,113,1,2,50.0,50.0,50.0
mistralai_Mistral-7B-Instruct-v0.3,Individualism,113,1,3,50.0,50.0,50.0
mistralai_Mistral-7B-Instruct-v0.3,Individualism,114,1,1,0.0,50.0,0.0
mistralai_Mistral-7B-Instruct-v0.3,Individualism,114,1,2,0.0,0.0,50.0
mistralai_Mistral-7B-Instruct-v0.3,Individualism,114,1,3,0.0,50.0,50.0
mistralai_Mistral-7B-Instruct-v0.3,Individualism,118,1,1,25.0,25.0,25.0
mistralai_Mistral-7B-Instruct-v0.3,Individualism,118,1,2,25.0,25.0,25.0
mistralai_Mistral-7B-Instruct-v0.3,Individualism,118,1,3,25.0,25.0,25.0
mistralai_Mistral-7B-Instruct-v0.3,Individualism,119,1,1,25.0,25.0,25.0
mistralai_Mistral-7B-Instruct-v0.3,Individualism,119,1,2,25.0,25.0,25.0
mistralai_Mistral-7B-Instruct-v0.3,Individualism,119,1,3,25.0,25.0,25.0
mistralai_Mistral-7B-Instruct-v0.3,Individualism,12,1,1,50.0,50.0,0.0
mistralai_Mistral-7B-Instruct-v0.3,Individualism,12,1,2,50.0,50.0,50.0
mistralai_Mistral-7B-Instruct-v0.3,Individualism,12,1,3,50.0,50.0,50.0
mistralai_Mistral-7B-Instruct-v0.3,Individualism,121,1,1,25.0,25.0,25.0
mistralai_Mistral-7B-Instruct-v0.3,Individualism,121,1,2,25.0,25.0,0.0
mistralai_Mistral-7B-Instruct-v0.3,Individualism,121,1,3,25.0,25.0,25.0
mistralai_Mistral-7B-Instruct-v0.3,Individualism,122,1,1,25.0,25.0,0.0
mistralai_Mistral-7B-Instruct-v0.3,Individualism,122,1,2,25.0,0.0,0.0
mistralai_Mistral-7B-Instruct-v0.3,Individualism,122,1,3,25.0,0.0,25.0
mistralai_Mistral-7B-Instruct-v0.3,Individualism,123,1,1,25.0,25.0,50.0
mistralai_Mistral-7B-Instruct-v0.3,Individualism,123,1,2,25.0,25.0,50.0
mistralai_Mistral-7B-Instruct-v0.3,Individualism,123,1,3,25.0,25.0,25.0
mistralai_Mistral-7B-Instruct-v0.3,Individualism,126,1,1,50.0,50.0,50.0
mistralai_Mistral-7B-Instruct-v0.3,Individualism,126,1,2,50.0,50.0,25.0
mistralai_Mistral-7B-Instruct-v0.3,Individualism,126,1,3,50.0,50.0,50.0
mistralai_Mistral-7B-Instruct-v0.3,Individualism,127,1,1,75.0,75.0,75.0
mistralai_Mistral-7B-Instruct-v0.3,Individualism,127,1,2,75.0,75.0,75.0
mistralai_Mistral-7B-Instruct-v0.3,Individualism,127,1,3,75.0,75.0,75.0
mistralai_Mistral-7B-Instruct-v0.3,Individualism,128,1,1,75.0,75.0,75.0
mistralai_Mistral-7B-Instruct-v0.3,Individualism,128,1,2,75.0,75.0,75.0
mistralai_Mistral-7B-Instruct-v0.3,Individualism,128,1,3,75.0,75.0,100.0
mistralai_Mistral-7B-Instruct-v0.3,Individualism,129,1,1,100.0,100.0,100.0
mistralai_Mistral-7B-Instruct-v0.3,Individualism,129,1,2,100.0,100.0,100.0
mistralai_Mistral-7B-Instruct-v0.3,Individualism,129,1,3,100.0,100.0,100.0
mistralai_Mistral-7B-Instruct-v0.3,Individualism,130,1,1,50.0,50.0,50.0
mistralai_Mistral-7B-Instruct-v0.3,Individualism,130,1,2,50.0,50.0,50.0
mistralai_Mistral-7B-Instruct-v0.3,Individualism,130,1,3,50.0,50.0,50.0
mistralai_Mistral-7B-Instruct-v0.3,Individualism,131,1,1,0.0,0.0,50.0
mistralai_Mistral-7B-Instruct-v0.3,Individualism,131,1,2,0.0,0.0,0.0
mistralai_Mistral-7B-Instruct-v0.3,Individualism,131,1,3,0.0,50.0,0.0
mistralai_Mistral-7B-Instruct-v0.3,Individualism,134,1,1,50.0,50.0,50.0
mistralai_Mistral-7B-Instruct-v0.3,Individualism,134,1,2,50.0,50.0,50.0
mistralai_Mistral-7B-Instruct-v0.3,Individualism,134,1,3,50.0,50.0,75.0
mistralai_Mistral-7B-Instruct-v0.3,Individualism,135,1,1,50.0,50.0,50.0
mistralai_Mistral-7B-Instruct-v0.3,Individualism,135,1,2,50.0,50.0,50.0
mistralai_Mistral-7B-Instruct-v0.3,Individualism,135,1,3,50.0,50.0,75.0
mistralai_Mistral-7B-Instruct-v0.3,Individualism,136,1,1,50.0,50.0,50.0
mistralai_Mistral-7B-Instruct-v0.3,Individualism,136,1,2,50.0,50.0,50.0
mistralai_Mistral-7B-Instruct-v0.3,Individualism,136,1,3,50.0,50.0,50.0
mistralai_Mistral-7B-Instruct-v0.3,Individualism,138,1,1,0.0,0.0,0.0
mistralai_Mistral-7B-Instruct-v0.3,Individualism,138,1,2,0.0,0.0,0.0
mistralai_Mistral-7B-Instruct-v0.3,Individualism,138,1,3,0.0,0.0,0.0
mistralai_Mistral-7B-Instruct-v0.3,Individualism,139,1,1,0.0,0.0,0.0
mistralai_Mistral-7B-Instruct-v0.3,Individualism,139,1,2,0.0,0.0,0.0
mistralai_Mistral-7B-Instruct-v0.3,Individualism,139,1,3,0.0,0.0,0.0
mistralai_Mistral-7B-Instruct-v0.3,Individualism,140,1,1,25.0,25.0,75.0
mistralai_Mistral-7B-Instruct-v0.3,Individualism,140,1,2,25.0,25.0,50.0
mistralai_Mistral-7B-Instruct-v0.3,Individualism,140,1,3,25.0,25.0,25.0
mistralai_Mistral-7B-Instruct-v0.3,Individualism,145,1,1,0.0,0.0,0.0
mistralai_Mistral-7B-Instruct-v0.3,Individualism,145,1,2,0.0,0.0,0.0
mistralai_Mistral-7B-Instruct-v0.3,Individualism,145,1,3,0.0,0.0,0.0
mistralai_Mistral-7B-Instruct-v0.3,Individualism,147,1,1,0.0,0.0,0.0
mistralai_Mistral-7B-Instruct-v0.3,Individualism,147,1,2,0.0,0.0,0.0
mistralai_Mistral-7B-Instruct-v0.3,Individualism,147,1,3,0.0,25.0,0.0
mistralai_Mistral-7B-Instruct-v0.3,Individualism,149,1,1,0.0,0.0,0.0
mistralai_Mistral-7B-Instruct-v0.3,Individualism,149,1,2,0.0,0.0,0.0
mistralai_Mistral-7B-Instruct-v0.3,Individualism,149,1,3,0.0,0.0,0.0
mistralai_Mistral-7B-Instruct-v0.3,Individualism,15,1,1,0.0,0.0,0.0
mistralai_Mistral-7B-Instruct-v0.3,Individualism,15,1,2,0.0,0.0,0.0
mistralai_Mistral-7B-Instruct-v0.3,Individualism,15,1,3,0.0,0.0,0.0
mistralai_Mistral-7B-Instruct-v0.3,Individualism,151,1,1,75.0,75.0,75.0
mistralai_Mistral-7B-Instruct-v0.3,Individualism,151,1,2,75.0,75.0,75.0
mistralai_Mistral-7B-Instruct-v0.3,Individualism,151,1,3,75.0,75.0,75.0
mistralai_Mistral-7B-Instruct-v0.3,Individualism,152,1,1,25.0,0.0,25.0
mistralai_Mistral-7B-Instruct-v0.3,Individualism,152,1,2,25.0,0.0,25.0
mistralai_Mistral-7B-Instruct-v0.3,Individualism,152,1,3,25.0,25.0,50.0
mistralai_Mistral-7B-Instruct-v0.3,Individualism,158,1,1,25.0,25.0,0.0
mistralai_Mistral-7B-Instruct-v0.3,Individualism,158,1,2,25.0,25.0,25.0
mistralai_Mistral-7B-Instruct-v0.3,Individualism,158,1,3,25.0,25.0,50.0
mistralai_Mistral-7B-Instruct-v0.3,Individualism,159,1,1,25.0,25.0,25.0
mistralai_Mistral-7B-Instruct-v0.3,Individualism,159,1,2,25.0,0.0,0.0
mistralai_Mistral-7B-Instruct-v0.3,Individualism,159,1,3,25.0,25.0,0.0
mistralai_Mistral-7B-Instruct-v0.3,Individualism,16,1,1,0.0,25.0,0.0
mistralai_Mistral-7B-Instruct-v0.3,Individualism,16,1,2,0.0,0.0,25.0
mistralai_Mistral-7B-Instruct-v0.3,Individualism,16,1,3,0.0,0.0,0.0
mistralai_Mistral-7B-Instruct-v0.3,Individualism,163,1,1,75.0,75.0,75.0
mistralai_Mistral-7B-Instruct-v0.3,Individualism,163,1,2,75.0,75.0,75.0
mistralai_Mistral-7B-Instruct-v0.3,Individualism,163,1,3,75.0,75.0,75.0
mistralai_Mistral-7B-Instruct-v0.3,Individualism,165,1,1,25.0,25.0,25.0
mistralai_Mistral-7B-Instruct-v0.3,Individualism,165,1,2,25.0,25.0,25.0
mistralai_Mistral-7B-Instruct-v0.3,Individualism,165,1,3,25.0,25.0,25.0
mistralai_Mistral-7B-Instruct-v0.3,Individualism,166,1,1,25.0,25.0,0.0
mistralai_Mistral-7B-Instruct-v0.3,Individualism,166,1,2,25.0,25.0,25.0
mistralai_Mistral-7B-Instruct-v0.3,Individualism,166,1,3,25.0,25.0,25.0
mistralai_Mistral-7B-Instruct-v0.3,Individualism,167,1,1,50.0,25.0,25.0
mistralai_Mistral-7B-Instruct-v0.3,Individualism,167,1,2,50.0,25.0,25.0
mistralai_Mistral-7B-Instruct-v0.3,Individualism,167,1,3,50.0,50.0,50.0
mistralai_Mistral-7B-Instruct-v0.3,Individualism,169,1,1,75.0,50.0,75.0
mistralai_Mistral-7B-Instruct-v0.3,Individualism,169,1,2,75.0,50.0,50.0
mistralai_Mistral-7B-Instruct-v0.3,Individualism,169,1,3,75.0,50.0,50.0
mistralai_Mistral-7B-Instruct-v0.3,Individualism,17,1,1,100.0,100.0,100.0
mistralai_Mistral-7B-Instruct-v0.3,Individualism,17,1,2,100.0,100.0,100.0
mistralai_Mistral-7B-Instruct-v0.3,Individualism,17,1,3,100.0,100.0,100.0
mistralai_Mistral-7B-Instruct-v0.3,Individualism,171,1,1,50.0,0.0,50.0
mistralai_Mistral-7B-Instruct-v0.3,Individualism,171,1,2,50.0,0.0,0.0
mistralai_Mistral-7B-Instruct-v0.3,Individualism,171,1,3,50.0,25.0,50.0
mistralai_Mistral-7B-Instruct-v0.3,Individualism,173,1,1,25.0,0.0,25.0
mistralai_Mistral-7B-Instruct-v0.3,Individualism,173,1,2,25.0,25.0,0.0
mistralai_Mistral-7B-Instruct-v0.3,Individualism,173,1,3,25.0,0.0,25.0
mistralai_Mistral-7B-Instruct-v0.3,Individualism,176,1,1,100.0,100.0,100.0
mistralai_Mistral-7B-Instruct-v0.3,Individualism,176,1,2,100.0,100.0,100.0
mistralai_Mistral-7B-Instruct-v0.3,Individualism,176,1,3,100.0,100.0,100.0
mistralai_Mistral-7B-Instruct-v0.3,Individualism,178,1,1,50.0,50.0,50.0
mistralai_Mistral-7B-Instruct-v0.3,Individualism,178,1,2,50.0,50.0,25.0
mistralai_Mistral-7B-Instruct-v0.3,Individualism,178,1,3,50.0,50.0,25.0
mistralai_Mistral-7B-Instruct-v0.3,Individualism,179,1,1,100.0,25.0,100.0
mistralai_Mistral-7B-Instruct-v0.3,Individualism,179,1,2,100.0,25.0,0.0
mistralai_Mistral-7B-Instruct-v0.3,Individualism,179,1,3,100.0,100.0,100.0
mistralai_Mistral-7B-Instruct-v0.3,Individualism,18,1,1,25.0,25.0,25.0
mistralai_Mistral-7B-Instruct-v0.3,Individualism,18,1,2,25.0,25.0,0.0
mistralai_Mistral-7B-Instruct-v0.3,Individualism,18,1,3,25.0,25.0,25.0
mistralai_Mistral-7B-Instruct-v0.3,Individualism,180,1,1,75.0,100.0,75.0
mistralai_Mistral-7B-Instruct-v0.3,Individualism,180,1,2,75.0,100.0,75.0
mistralai_Mistral-7B-Instruct-v0.3,Individualism,180,1,3,75.0,100.0,100.0
mistralai_Mistral-7B-Instruct-v0.3,Individualism,182,1,1,50.0,50.0,50.0
mistralai_Mistral-7B-Instruct-v0.3,Individualism,182,1,2,50.0,50.0,75.0
mistralai_Mistral-7B-Instruct-v0.3,Individualism,182,1,3,50.0,50.0,50.0
mistralai_Mistral-7B-Instruct-v0.3,Individualism,184,1,1,50.0,50.0,50.0
mistralai_Mistral-7B-Instruct-v0.3,Individualism,184,1,2,50.0,100.0,100.0
mistralai_Mistral-7B-Instruct-v0.3,Individualism,184,1,3,50.0,100.0,25.0
mistralai_Mistral-7B-Instruct-v0.3,Individualism,187,1,1,75.0,75.0,75.0
mistralai_Mistral-7B-Instruct-v0.3,Individualism,187,1,2,75.0,75.0,75.0
mistralai_Mistral-7B-Instruct-v0.3,Individualism,187,1,3,75.0,75.0,100.0
mistralai_Mistral-7B-Instruct-v0.3,Individualism,189,1,1,75.0,75.0,75.0
mistralai_Mistral-7B-Instruct-v0.3,Individualism,189,1,2,75.0,75.0,75.0
mistralai_Mistral-7B-Instruct-v0.3,Individualism,189,1,3,75.0,75.0,75.0
mistralai_Mistral-7B-Instruct-v0.3,Individualism,19,1,1,75.0,75.0,75.0
mistralai_Mistral-7B-Instruct-v0.3,Individualism,19,1,2,75.0,75.0,75.0
mistralai_Mistral-7B-Instruct-v0.3,Individualism,19,1,3,75.0,75.0,75.0
mistralai_Mistral-7B-Instruct-v0.3,Individualism,190,1,1,50.0,50.0,50.0
mistralai_Mistral-7B-Instruct-v0.3,Individualism,190,1,2,50.0,50.0,50.0
mistralai_Mistral-7B-Instruct-v0.3,Individualism,190,1,3,50.0,50.0,50.0
mistralai_Mistral-7B-Instruct-v0.3,Individualism,192,1,1,25.0,25.0,25.0
mistralai_Mistral-7B-Instruct-v0.3,Individualism,192,1,2,25.0,25.0,25.0
mistralai_Mistral-7B-Instruct-v0.3,Individualism,192,1,3,25.0,25.0,25.0
mistralai_Mistral-7B-Instruct-v0.3,Individualism,195,1,1,100.0,100.0,100.0
mistralai_Mistral-7B-Instruct-v0.3,Individualism,195,1,2,100.0,100.0,100.0
mistralai_Mistral-7B-Instruct-v0.3,Individualism,195,1,3,100.0,100.0,100.0
mistralai_Mistral-7B-Instruct-v0.3,Individualism,197,1,1,50.0,75.0,50.0
mistralai_Mistral-7B-Instruct-v0.3,Individualism,197,1,2,50.0,50.0,100.0
mistralai_Mistral-7B-Instruct-v0.3,Individualism,197,1,3,50.0,50.0,75.0
mistralai_Mistral-7B-Instruct-v0.3,Individualism,198,1,1,50.0,50.0,50.0
mistralai_Mistral-7B-Instruct-v0.3,Individualism,198,1,2,50.0,50.0,50.0
mistralai_Mistral-7B-Instruct-v0.3,Individualism,198,1,3,50.0,50.0,50.0
mistralai_Mistral-7B-Instruct-v0.3,Individualism,2,1,1,25.0,25.0,50.0
mistralai_Mistral-7B-Instruct-v0.3,Individualism,2,1,2,25.0,25.0,50.0
mistralai_Mistral-7B-Instruct-v0.3,Individualism,2,1,3,25.0,25.0,25.0
mistralai_Mistral-7B-Instruct-v0.3,Individualism,20,1,1,25.0,25.0,0.0
mistralai_Mistral-7B-Instruct-v0.3,Individualism,20,1,2,25.0,25.0,25.0
mistralai_Mistral-7B-Instruct-v0.3,Individualism,20,1,3,25.0,25.0,25.0
mistralai_Mistral-7B-Instruct-v0.3,Individualism,202,1,1,50.0,50.0,50.0
mistralai_Mistral-7B-Instruct-v0.3,Individualism,202,1,2,50.0,50.0,50.0
mistralai_Mistral-7B-Instruct-v0.3,Individualism,202,1,3,50.0,50.0,50.0
mistralai_Mistral-7B-Instruct-v0.3,Individualism,203,1,1,50.0,50.0,50.0
mistralai_Mistral-7B-Instruct-v0.3,Individualism,203,1,2,50.0,50.0,100.0
mistralai_Mistral-7B-Instruct-v0.3,Individualism,203,1,3,50.0,50.0,50.0
mistralai_Mistral-7B-Instruct-v0.3,Individualism,204,1,1,25.0,75.0,25.0
mistralai_Mistral-7B-Instruct-v0.3,Individualism,204,1,2,25.0,75.0,25.0
mistralai_Mistral-7B-Instruct-v0.3,Individualism,204,1,3,25.0,75.0,25.0
mistralai_Mistral-7B-Instruct-v0.3,Individualism,207,1,1,50.0,100.0,100.0
mistralai_Mistral-7B-Instruct-v0.3,Individualism,207,1,2,50.0,50.0,100.0
mistralai_Mistral-7B-Instruct-v0.3,Individualism,207,1,3,50.0,50.0,75.0
mistralai_Mistral-7B-Instruct-v0.3,Individualism,208,1,1,0.0,25.0,0.0
mistralai_Mistral-7B-Instruct-v0.3,Individualism,208,1,2,0.0,25.0,25.0
mistralai_Mistral-7B-Instruct-v0.3,Individualism,208,1,3,0.0,25.0,0.0
mistralai_Mistral-7B-Instruct-v0.3,Individualism,21,1,1,25.0,75.0,0.0
mistralai_Mistral-7B-Instruct-v0.3,Individualism,21,1,2,25.0,25.0,25.0
mistralai_Mistral-7B-Instruct-v0.3,Individualism,21,1,3,25.0,0.0,25.0
mistralai_Mistral-7B-Instruct-v0.3,Individualism,216,1,1,75.0,75.0,75.0
mistralai_Mistral-7B-Instruct-v0.3,Individualism,216,1,2,75.0,75.0,75.0
mistralai_Mistral-7B-Instruct-v0.3,Individualism,216,1,3,75.0,75.0,75.0
mistralai_Mistral-7B-Instruct-v0.3,Individualism,217,1,1,100.0,100.0,100.0
mistralai_Mistral-7B-Instruct-v0.3,Individualism,217,1,2,100.0,100.0,100.0
mistralai_Mistral-7B-Instruct-v0.3,Individualism,217,1,3,100.0,100.0,100.0
mistralai_Mistral-7B-Instruct-v0.3,Individualism,223,1,1,50.0,50.0,50.0
mistralai_Mistral-7B-Instruct-v0.3,Individualism,223,1,2,50.0,50.0,75.0
mistralai_Mistral-7B-Instruct-v0.3,Individualism,223,1,3,50.0,50.0,75.0
mistralai_Mistral-7B-Instruct-v0.3,Individualism,226,1,1,50.0,100.0,50.0
mistralai_Mistral-7B-Instruct-v0.3,Individualism,226,1,2,50.0,50.0,50.0
mistralai_Mistral-7B-Instruct-v0.3,Individualism,226,1,3,50.0,50.0,50.0
mistralai_Mistral-7B-Instruct-v0.3,Individualism,228,1,1,25.0,25.0,25.0
mistralai_Mistral-7B-Instruct-v0.3,Individualism,228,1,2,25.0,25.0,25.0
mistralai_Mistral-7B-Instruct-v0.3,Individualism,228,1,3,25.0,25.0,25.0
mistralai_Mistral-7B-Instruct-v0.3,Individualism,232,1,1,25.0,25.0,25.0
mistralai_Mistral-7B-Instruct-v0.3,Individualism,232,1,2,25.0,25.0,0.0
mistralai_Mistral-7B-Instruct-v0.3,Individualism,232,1,3,25.0,0.0,25.0
mistralai_Mistral-7B-Instruct-v0.3,Individualism,235,1,1,75.0,75.0,75.0
mistralai_Mistral-7B-Instruct-v0.3,Individualism,235,1,2,75.0,75.0,75.0
mistralai_Mistral-7B-Instruct-v0.3,Individualism,235,1,3,75.0,75.0,75.0
mistralai_Mistral-7B-Instruct-v0.3,Individualism,24,1,1,0.0,0.0,0.0
mistralai_Mistral-7B-Instruct-v0.3,Individualism,24,1,2,0.0,0.0,0.0
mistralai_Mistral-7B-Instruct-v0.3,Individualism,24,1,3,0.0,0.0,0.0
mistralai_Mistral-7B-Instruct-v0.3,Individualism,242,1,1,25.0,25.0,25.0
mistralai_Mistral-7B-Instruct-v0.3,Individualism,242,1,2,25.0,25.0,25.0
mistralai_Mistral-7B-Instruct-v0.3,Individualism,242,1,3,25.0,25.0,25.0
mistralai_Mistral-7B-Instruct-v0.3,Individualism,27,1,1,50.0,50.0,75.0
mistralai_Mistral-7B-Instruct-v0.3,Individualism,27,1,2,50.0,50.0,50.0
mistralai_Mistral-7B-Instruct-v0.3,Individualism,27,1,3,50.0,50.0,50.0
mistralai_Mistral-7B-Instruct-v0.3,Individualism,29,1,1,50.0,50.0,50.0
mistralai_Mistral-7B-Instruct-v0.3,Individualism,29,1,2,50.0,50.0,50.0
mistralai_Mistral-7B-Instruct-v0.3,Individualism,29,1,3,50.0,50.0,50.0
mistralai_Mistral-7B-Instruct-v0.3,Individualism,3,1,1,25.0,25.0,75.0
mistralai_Mistral-7B-Instruct-v0.3,Individualism,3,1,2,25.0,50.0,25.0
mistralai_Mistral-7B-Instruct-v0.3,Individualism,3,1,3,25.0,25.0,75.0
mistralai_Mistral-7B-Instruct-v0.3,Individualism,31,1,1,25.0,25.0,0.0
mistralai_Mistral-7B-Instruct-v0.3,Individualism,31,1,2,25.0,25.0,25.0
mistralai_Mistral-7B-Instruct-v0.3,Individualism,31,1,3,25.0,25.0,25.0
mistralai_Mistral-7B-Instruct-v0.3,Individualism,34,1,1,25.0,25.0,25.0
mistralai_Mistral-7B-Instruct-v0.3,Individualism,34,1,2,25.0,25.0,25.0
mistralai_Mistral-7B-Instruct-v0.3,Individualism,34,1,3,25.0,0.0,50.0
mistralai_Mistral-7B-Instruct-v0.3,Individualism,36,1,1,75.0,75.0,75.0
mistralai_Mistral-7B-Instruct-v0.3,Individualism,36,1,2,75.0,50.0,50.0
mistralai_Mistral-7B-Instruct-v0.3,Individualism,36,1,3,75.0,75.0,50.0
mistralai_Mistral-7B-Instruct-v0.3,Individualism,37,1,1,50.0,75.0,50.0
mistralai_Mistral-7B-Instruct-v0.3,Individualism,37,1,2,50.0,50.0,100.0
mistralai_Mistral-7B-Instruct-v0.3,Individualism,37,1,3,50.0,50.0,75.0
mistralai_Mistral-7B-Instruct-v0.3,Individualism,38,1,1,25.0,25.0,25.0
mistralai_Mistral-7B-Instruct-v0.3,Individualism,38,1,2,25.0,25.0,50.0
mistralai_Mistral-7B-Instruct-v0.3,Individualism,38,1,3,25.0,25.0,25.0
mistralai_Mistral-7B-Instruct-v0.3,Individualism,39,1,1,50.0,50.0,50.0
mistralai_Mistral-7B-Instruct-v0.3,Individualism,39,1,2,50.0,50.0,50.0
mistralai_Mistral-7B-Instruct-v0.3,Individualism,39,1,3,50.0,50.0,50.0
mistralai_Mistral-7B-Instruct-v0.3,Individualism,4,1,1,50.0,25.0,25.0
mistralai_Mistral-7B-Instruct-v0.3,Individualism,4,1,2,50.0,25.0,50.0
mistralai_Mistral-7B-Instruct-v0.3,Individualism,4,1,3,50.0,50.0,25.0
mistralai_Mistral-7B-Instruct-v0.3,Individualism,40,1,1,0.0,0.0,0.0
mistralai_Mistral-7B-Instruct-v0.3,Individualism,40,1,2,0.0,0.0,0.0
mistralai_Mistral-7B-Instruct-v0.3,Individualism,40,1,3,0.0,0.0,0.0
mistralai_Mistral-7B-Instruct-v0.3,Individualism,42,1,1,50.0,50.0,50.0
mistralai_Mistral-7B-Instruct-v0.3,Individualism,42,1,2,50.0,50.0,50.0
mistralai_Mistral-7B-Instruct-v0.3,Individualism,42,1,3,50.0,50.0,50.0
mistralai_Mistral-7B-Instruct-v0.3,Individualism,43,1,1,50.0,50.0,25.0
mistralai_Mistral-7B-Instruct-v0.3,Individualism,43,1,2,50.0,50.0,100.0
mistralai_Mistral-7B-Instruct-v0.3,Individualism,43,1,3,50.0,100.0,50.0
mistralai_Mistral-7B-Instruct-v0.3,Individualism,44,1,1,0.0,0.0,0.0
mistralai_Mistral-7B-Instruct-v0.3,Individualism,44,1,2,0.0,25.0,25.0
mistralai_Mistral-7B-Instruct-v0.3,Individualism,44,1,3,0.0,0.0,50.0
mistralai_Mistral-7B-Instruct-v0.3,Individualism,47,1,1,25.0,50.0,25.0
mistralai_Mistral-7B-Instruct-v0.3,Individualism,47,1,2,25.0,25.0,25.0
mistralai_Mistral-7B-Instruct-v0.3,Individualism,47,1,3,25.0,25.0,25.0
mistralai_Mistral-7B-Instruct-v0.3,Individualism,48,1,1,75.0,75.0,100.0
mistralai_Mistral-7B-Instruct-v0.3,Individualism,48,1,2,75.0,75.0,75.0
mistralai_Mistral-7B-Instruct-v0.3,Individualism,48,1,3,75.0,75.0,75.0
mistralai_Mistral-7B-Instruct-v0.3,Individualism,49,1,1,50.0,50.0,50.0
mistralai_Mistral-7B-Instruct-v0.3,Individualism,49,1,2,50.0,50.0,50.0
mistralai_Mistral-7B-Instruct-v0.3,Individualism,49,1,3,50.0,50.0,50.0
mistralai_Mistral-7B-Instruct-v0.3,Individualism,5,1,1,25.0,25.0,25.0
mistralai_Mistral-7B-Instruct-v0.3,Individualism,5,1,2,25.0,25.0,25.0
mistralai_Mistral-7B-Instruct-v0.3,Individualism,5,1,3,25.0,25.0,25.0
mistralai_Mistral-7B-Instruct-v0.3,Individualism,50,1,1,50.0,50.0,50.0
mistralai_Mistral-7B-Instruct-v0.3,Individualism,50,1,2,50.0,50.0,50.0
mistralai_Mistral-7B-Instruct-v0.3,Individualism,50,1,3,50.0,50.0,50.0
mistralai_Mistral-7B-Instruct-v0.3,Individualism,51,1,1,50.0,50.0,50.0
mistralai_Mistral-7B-Instruct-v0.3,Individualism,51,1,2,50.0,50.0,50.0
mistralai_Mistral-7B-Instruct-v0.3,Individualism,51,1,3,50.0,50.0,50.0
mistralai_Mistral-7B-Instruct-v0.3,Individualism,53,1,1,25.0,25.0,25.0
mistralai_Mistral-7B-Instruct-v0.3,Individualism,53,1,2,25.0,25.0,25.0
mistralai_Mistral-7B-Instruct-v0.3,Individualism,53,1,3,25.0,25.0,25.0
mistralai_Mistral-7B-Instruct-v0.3,Individualism,54,1,1,25.0,25.0,25.0
mistralai_Mistral-7B-Instruct-v0.3,Individualism,54,1,2,25.0,25.0,75.0
mistralai_Mistral-7B-Instruct-v0.3,Individualism,54,1,3,25.0,25.0,25.0
mistralai_Mistral-7B-Instruct-v0.3,Individualism,55,1,1,50.0,50.0,50.0
mistralai_Mistral-7B-Instruct-v0.3,Individualism,55,1,2,50.0,50.0,50.0
mistralai_Mistral-7B-Instruct-v0.3,Individualism,55,1,3,50.0,50.0,50.0
mistralai_Mistral-7B-Instruct-v0.3,Individualism,56,1,1,75.0,75.0,75.0
mistralai_Mistral-7B-Instruct-v0.3,Individualism,56,1,2,75.0,75.0,75.0
mistralai_Mistral-7B-Instruct-v0.3,Individualism,56,1,3,75.0,75.0,75.0
mistralai_Mistral-7B-Instruct-v0.3,Individualism,57,1,1,100.0,100.0,100.0
mistralai_Mistral-7B-Instruct-v0.3,Individualism,57,1,2,100.0,100.0,100.0
mistralai_Mistral-7B-Instruct-v0.3,Individualism,57,1,3,100.0,100.0,100.0
mistralai_Mistral-7B-Instruct-v0.3,Individualism,58,1,1,0.0,0.0,0.0
mistralai_Mistral-7B-Instruct-v0.3,Individualism,58,1,2,0.0,0.0,0.0
mistralai_Mistral-7B-Instruct-v0.3,Individualism,58,1,3,0.0,0.0,25.0
mistralai_Mistral-7B-Instruct-v0.3,Individualism,59,1,1,75.0,75.0,75.0
mistralai_Mistral-7B-Instruct-v0.3,Individualism,59,1,2,75.0,75.0,75.0
mistralai_Mistral-7B-Instruct-v0.3,Individualism,59,1,3,75.0,75.0,75.0
mistralai_Mistral-7B-Instruct-v0.3,Individualism,60,1,1,0.0,0.0,0.0
mistralai_Mistral-7B-Instruct-v0.3,Individualism,60,1,2,0.0,0.0,0.0
mistralai_Mistral-7B-Instruct-v0.3,Individualism,60,1,3,0.0,0.0,0.0
mistralai_Mistral-7B-Instruct-v0.3,Individualism,61,1,1,75.0,75.0,75.0
mistralai_Mistral-7B-Instruct-v0.3,Individualism,61,1,2,75.0,75.0,75.0
mistralai_Mistral-7B-Instruct-v0.3,Individualism,61,1,3,75.0,75.0,75.0
mistralai_Mistral-7B-Instruct-v0.3,Individualism,62,1,1,0.0,50.0,50.0
mistralai_Mistral-7B-Instruct-v0.3,Individualism,62,1,2,0.0,0.0,50.0
mistralai_Mistral-7B-Instruct-v0.3,Individualism,62,1,3,0.0,25.0,25.0
mistralai_Mistral-7B-Instruct-v0.3,Individualism,63,1,1,25.0,0.0,0.0
mistralai_Mistral-7B-Instruct-v0.3,Individualism,63,1,2,25.0,0.0,25.0
mistralai_Mistral-7B-Instruct-v0.3,Individualism,63,1,3,25.0,0.0,0.0
mistralai_Mistral-7B-Instruct-v0.3,Individualism,64,1,1,75.0,75.0,75.0
mistralai_Mistral-7B-Instruct-v0.3,Individualism,64,1,2,75.0,75.0,75.0
mistralai_Mistral-7B-Instruct-v0.3,Individualism,64,1,3,75.0,75.0,75.0
mistralai_Mistral-7B-Instruct-v0.3,Individualism,66,1,1,50.0,50.0,50.0
mistralai_Mistral-7B-Instruct-v0.3,Individualism,66,1,2,50.0,50.0,50.0
mistralai_Mistral-7B-Instruct-v0.3,Individualism,66,1,3,50.0,50.0,50.0
mistralai_Mistral-7B-Instruct-v0.3,Individualism,67,1,1,25.0,25.0,25.0
mistralai_Mistral-7B-Instruct-v0.3,Individualism,67,1,2,25.0,25.0,25.0
mistralai_Mistral-7B-Instruct-v0.3,Individualism,67,1,3,25.0,25.0,25.0
mistralai_Mistral-7B-Instruct-v0.3,Individualism,70,1,1,0.0,0.0,0.0
mistralai_Mistral-7B-Instruct-v0.3,Individualism,70,1,2,0.0,0.0,0.0
mistralai_Mistral-7B-Instruct-v0.3,Individualism,70,1,3,0.0,0.0,25.0
mistralai_Mistral-7B-Instruct-v0.3,Individualism,72,1,1,0.0,0.0,0.0
mistralai_Mistral-7B-Instruct-v0.3,Individualism,72,1,2,0.0,0.0,0.0
mistralai_Mistral-7B-Instruct-v0.3,Individualism,72,1,3,0.0,0.0,0.0
mistralai_Mistral-7B-Instruct-v0.3,Individualism,73,1,1,0.0,0.0,0.0
mistralai_Mistral-7B-Instruct-v0.3,Individualism,73,1,2,0.0,25.0,25.0
mistralai_Mistral-7B-Instruct-v0.3,Individualism,73,1,3,0.0,0.0,0.0
mistralai_Mistral-7B-Instruct-v0.3,Individualism,78,1,1,50.0,50.0,25.0
mistralai_Mistral-7B-Instruct-v0.3,Individualism,78,1,2,50.0,50.0,50.0
mistralai_Mistral-7B-Instruct-v0.3,Individualism,78,1,3,50.0,50.0,50.0
mistralai_Mistral-7B-Instruct-v0.3,Individualism,79,1,1,25.0,25.0,25.0
mistralai_Mistral-7B-Instruct-v0.3,Individualism,79,1,2,25.0,25.0,25.0
mistralai_Mistral-7B-Instruct-v0.3,Individualism,79,1,3,25.0,25.0,25.0
mistralai_Mistral-7B-Instruct-v0.3,Individualism,8,1,1,0.0,0.0,0.0
mistralai_Mistral-7B-Instruct-v0.3,Individualism,8,1,2,0.0,0.0,0.0
mistralai_Mistral-7B-Instruct-v0.3,Individualism,8,1,3,0.0,0.0,0.0
mistralai_Mistral-7B-Instruct-v0.3,Individualism,80,1,1,50.0,50.0,50.0
mistralai_Mistral-7B-Instruct-v0.3,Individualism,80,1,2,50.0,50.0,50.0
mistralai_Mistral-7B-Instruct-v0.3,Individualism,80,1,3,50.0,50.0,50.0
mistralai_Mistral-7B-Instruct-v0.3,Individualism,81,1,1,0.0,50.0,0.0
mistralai_Mistral-7B-Instruct-v0.3,Individualism,81,1,2,0.0,0.0,0.0
mistralai_Mistral-7B-Instruct-v0.3,Individualism,81,1,3,0.0,0.0,50.0
mistralai_Mistral-7B-Instruct-v0.3,Individualism,84,1,1,50.0,50.0,50.0
mistralai_Mistral-7B-Instruct-v0.3,Individualism,84,1,2,50.0,50.0,50.0
mistralai_Mistral-7B-Instruct-v0.3,Individualism,84,1,3,50.0,50.0,50.0
mistralai_Mistral-7B-Instruct-v0.3,Individualism,85,1,1,50.0,75.0,50.0
mistralai_Mistral-7B-Instruct-v0.3,Individualism,85,1,2,50.0,50.0,75.0
mistralai_Mistral-7B-Instruct-v0.3,Individualism,85,1,3,50.0,75.0,75.0
mistralai_Mistral-7B-Instruct-v0.3,Individualism,88,1,1,25.0,25.0,25.0
mistralai_Mistral-7B-Instruct-v0.3,Individualism,88,1,2,25.0,25.0,25.0
mistralai_Mistral-7B-Instruct-v0.3,Individualism,88,1,3,25.0,25.0,25.0
mistralai_Mistral-7B-Instruct-v0.3,Individualism,9,1,1,0.0,0.0,0.0
mistralai_Mistral-7B-Instruct-v0.3,Individualism,9,1,2,0.0,0.0,0.0
mistralai_Mistral-7B-Instruct-v0.3,Individualism,9,1,3,0.0,0.0,0.0
mistralai_Mistral-7B-Instruct-v0.3,Individualism,90,1,1,50.0,50.0,50.0
mistralai_Mistral-7B-Instruct-v0.3,Individualism,90,1,2,50.0,50.0,50.0
mistralai_Mistral-7B-Instruct-v0.3,Individualism,90,1,3,50.0,50.0,100.0
mistralai_Mistral-7B-Instruct-v0.3,Individualism,97,1,1,75.0,75.0,50.0
mistralai_Mistral-7B-Instruct-v0.3,Individualism,97,1,2,75.0,75.0,75.0
mistralai_Mistral-7B-Instruct-v0.3,Individualism,97,1,3,75.0,75.0,50.0
mistralai_Mistral-7B-Instruct-v0.3,Individualism,98,1,1,25.0,25.0,25.0
mistralai_Mistral-7B-Instruct-v0.3,Individualism,98,1,2,25.0,25.0,0.0
mistralai_Mistral-7B-Instruct-v0.3,Individualism,98,1,3,25.0,25.0,25.0
mistralai_Mistral-7B-Instruct-v0.3,Individualism,99,1,1,25.0,25.0,25.0
mistralai_Mistral-7B-Instruct-v0.3,Individualism,99,1,2,25.0,25.0,25.0
mistralai_Mistral-7B-Instruct-v0.3,Individualism,99,1,3,25.0,50.0,25.0
mistralai_Mistral-7B-Instruct-v0.3,Indulgence,474,1,1,0.0,0.0,0.0
mistralai_Mistral-7B-Instruct-v0.3,Indulgence,474,1,2,0.0,0.0,0.0
mistralai_Mistral-7B-Instruct-v0.3,Indulgence,474,1,3,0.0,0.0,0.0
mistralai_Mistral-7B-Instruct-v0.3,Indulgence,476,1,1,0.0,0.0,0.0
mistralai_Mistral-7B-Instruct-v0.3,Indulgence,476,1,2,0.0,0.0,0.0
mistralai_Mistral-7B-Instruct-v0.3,Indulgence,476,1,3,0.0,25.0,0.0
mistralai_Mistral-7B-Instruct-v0.3,Indulgence,477,1,1,25.0,25.0,25.0
mistralai_Mistral-7B-Instruct-v0.3,Indulgence,477,1,2,25.0,25.0,50.0
mistralai_Mistral-7B-Instruct-v0.3,Indulgence,477,1,3,25.0,25.0,50.0
mistralai_Mistral-7B-Instruct-v0.3,Indulgence,478,1,1,0.0,0.0,0.0
mistralai_Mistral-7B-Instruct-v0.3,Indulgence,478,1,2,0.0,0.0,0.0
mistralai_Mistral-7B-Instruct-v0.3,Indulgence,478,1,3,0.0,0.0,0.0
mistralai_Mistral-7B-Instruct-v0.3,Indulgence,479,1,1,25.0,25.0,25.0
mistralai_Mistral-7B-Instruct-v0.3,Indulgence,479,1,2,25.0,25.0,25.0
mistralai_Mistral-7B-Instruct-v0.3,Indulgence,479,1,3,25.0,25.0,25.0
mistralai_Mistral-7B-Instruct-v0.3,Indulgence,481,1,1,25.0,25.0,25.0
mistralai_Mistral-7B-Instruct-v0.3,Indulgence,481,1,2,25.0,25.0,25.0
mistralai_Mistral-7B-Instruct-v0.3,Indulgence,481,1,3,25.0,25.0,25.0
mistralai_Mistral-7B-Instruct-v0.3,Indulgence,482,1,1,25.0,25.0,25.0
mistralai_Mistral-7B-Instruct-v0.3,Indulgence,482,1,2,25.0,25.0,25.0
mistralai_Mistral-7B-Instruct-v0.3,Indulgence,482,1,3,25.0,25.0,25.0
mistralai_Mistral-7B-Instruct-v0.3,Indulgence,483,1,1,50.0,50.0,50.0
mistralai_Mistral-7B-Instruct-v0.3,Indulgence,483,1,2,50.0,50.0,50.0
mistralai_Mistral-7B-Instruct-v0.3,Indulgence,483,1,3,50.0,50.0,50.0
mistralai_Mistral-7B-Instruct-v0.3,Indulgence,484,1,1,25.0,25.0,25.0
mistralai_Mistral-7B-Instruct-v0.3,Indulgence,484,1,2,25.0,25.0,25.0
mistralai_Mistral-7B-Instruct-v0.3,Indulgence,484,1,3,25.0,25.0,25.0
mistralai_Mistral-7B-Instruct-v0.3,Indulgence,485,1,1,25.0,25.0,25.0
mistralai_Mistral-7B-Instruct-v0.3,Indulgence,485,1,2,25.0,25.0,25.0
mistralai_Mistral-7B-Instruct-v0.3,Indulgence,485,1,3,25.0,25.0,25.0
mistralai_Mistral-7B-Instruct-v0.3,Indulgence,486,1,1,25.0,25.0,25.0
mistralai_Mistral-7B-Instruct-v0.3,Indulgence,486,1,2,25.0,25.0,25.0
mistralai_Mistral-7B-Instruct-v0.3,Indulgence,486,1,3,25.0,25.0,25.0
mistralai_Mistral-7B-Instruct-v0.3,Indulgence,487,1,1,25.0,25.0,25.0
mistralai_Mistral-7B-Instruct-v0.3,Indulgence,487,1,2,25.0,25.0,25.0
mistralai_Mistral-7B-Instruct-v0.3,Indulgence,487,1,3,25.0,25.0,25.0
mistralai_Mistral-7B-Instruct-v0.3,Indulgence,490,1,1,75.0,75.0,75.0
mistralai_Mistral-7B-Instruct-v0.3,Indulgence,490,1,2,75.0,75.0,75.0
mistralai_Mistral-7B-Instruct-v0.3,Indulgence,490,1,3,75.0,75.0,75.0
mistralai_Mistral-7B-Instruct-v0.3,Indulgence,492,1,1,25.0,25.0,25.0
mistralai_Mistral-7B-Instruct-v0.3,Indulgence,492,1,2,25.0,25.0,25.0
mistralai_Mistral-7B-Instruct-v0.3,Indulgence,492,1,3,25.0,25.0,25.0
mistralai_Mistral-7B-Instruct-v0.3,Indulgence,493,1,1,25.0,25.0,25.0
mistralai_Mistral-7B-Instruct-v0.3,Indulgence,493,1,2,25.0,25.0,25.0
mistralai_Mistral-7B-Instruct-v0.3,Indulgence,493,1,3,25.0,25.0,25.0
mistralai_Mistral-7B-Instruct-v0.3,Indulgence,494,1,1,25.0,25.0,0.0
mistralai_Mistral-7B-Instruct-v0.3,Indulgence,494,1,2,25.0,25.0,25.0
mistralai_Mistral-7B-Instruct-v0.3,Indulgence,494,1,3,25.0,25.0,25.0
mistralai_Mistral-7B-Instruct-v0.3,Indulgence,495,1,1,25.0,25.0,25.0
mistralai_Mistral-7B-Instruct-v0.3,Indulgence,495,1,2,25.0,25.0,25.0
mistralai_Mistral-7B-Instruct-v0.3,Indulgence,495,1,3,25.0,25.0,25.0
mistralai_Mistral-7B-Instruct-v0.3,Indulgence,496,1,1,25.0,25.0,25.0
mistralai_Mistral-7B-Instruct-v0.3,Indulgence,496,1,2,25.0,25.0,25.0
mistralai_Mistral-7B-Instruct-v0.3,Indulgence,496,1,3,25.0,25.0,25.0
mistralai_Mistral-7B-Instruct-v0.3,Indulgence,497,1,1,25.0,25.0,25.0
mistralai_Mistral-7B-Instruct-v0.3,Indulgence,497,1,2,25.0,25.0,25.0
mistralai_Mistral-7B-Instruct-v0.3,Indulgence,497,1,3,25.0,25.0,25.0
mistralai_Mistral-7B-Instruct-v0.3,Indulgence,498,1,1,25.0,25.0,25.0
mistralai_Mistral-7B-Instruct-v0.3,Indulgence,498,1,2,25.0,25.0,25.0
mistralai_Mistral-7B-Instruct-v0.3,Indulgence,498,1,3,25.0,25.0,25.0
mistralai_Mistral-7B-Instruct-v0.3,Indulgence,499,1,1,25.0,25.0,25.0
mistralai_Mistral-7B-Instruct-v0.3,Indulgence,499,1,2,25.0,25.0,25.0
mistralai_Mistral-7B-Instruct-v0.3,Indulgence,499,1,3,25.0,25.0,25.0
mistralai_Mistral-7B-Instruct-v0.3,Indulgence,500,1,1,25.0,25.0,25.0
mistralai_Mistral-7B-Instruct-v0.3,Indulgence,500,1,2,25.0,25.0,25.0
mistralai_Mistral-7B-Instruct-v0.3,Indulgence,500,1,3,25.0,25.0,25.0
mistralai_Mistral-7B-Instruct-v0.3,Indulgence,503,1,1,50.0,50.0,50.0
mistralai_Mistral-7B-Instruct-v0.3,Indulgence,503,1,2,50.0,50.0,50.0
mistralai_Mistral-7B-Instruct-v0.3,Indulgence,503,1,3,50.0,50.0,50.0
mistralai_Mistral-7B-Instruct-v0.3,Indulgence,505,1,1,0.0,0.0,0.0
mistralai_Mistral-7B-Instruct-v0.3,Indulgence,505,1,2,0.0,0.0,0.0
mistralai_Mistral-7B-Instruct-v0.3,Indulgence,505,1,3,0.0,0.0,0.0
mistralai_Mistral-7B-Instruct-v0.3,Indulgence,508,1,1,25.0,25.0,25.0
mistralai_Mistral-7B-Instruct-v0.3,Indulgence,508,1,2,25.0,25.0,25.0
mistralai_Mistral-7B-Instruct-v0.3,Indulgence,508,1,3,25.0,25.0,25.0
mistralai_Mistral-7B-Instruct-v0.3,Indulgence,509,1,1,0.0,0.0,0.0
mistralai_Mistral-7B-Instruct-v0.3,Indulgence,509,1,2,0.0,0.0,0.0
mistralai_Mistral-7B-Instruct-v0.3,Indulgence,509,1,3,0.0,0.0,0.0
mistralai_Mistral-7B-Instruct-v0.3,Indulgence,510,1,1,0.0,0.0,0.0
mistralai_Mistral-7B-Instruct-v0.3,Indulgence,510,1,2,0.0,0.0,0.0
mistralai_Mistral-7B-Instruct-v0.3,Indulgence,510,1,3,0.0,0.0,0.0
mistralai_Mistral-7B-Instruct-v0.3,Indulgence,511,1,1,25.0,25.0,25.0
mistralai_Mistral-7B-Instruct-v0.3,Indulgence,511,1,2,25.0,25.0,25.0
mistralai_Mistral-7B-Instruct-v0.3,Indulgence,511,1,3,25.0,25.0,50.0
mistralai_Mistral-7B-Instruct-v0.3,Indulgence,512,1,1,25.0,25.0,25.0
mistralai_Mistral-7B-Instruct-v0.3,Indulgence,512,1,2,25.0,25.0,25.0
mistralai_Mistral-7B-Instruct-v0.3,Indulgence,512,1,3,25.0,25.0,25.0
mistralai_Mistral-7B-Instruct-v0.3,Indulgence,514,1,1,25.0,25.0,25.0
mistralai_Mistral-7B-Instruct-v0.3,Indulgence,514,1,2,25.0,25.0,25.0
mistralai_Mistral-7B-Instruct-v0.3,Indulgence,514,1,3,25.0,25.0,50.0
mistralai_Mistral-7B-Instruct-v0.3,Indulgence,517,1,1,0.0,0.0,0.0
mistralai_Mistral-7B-Instruct-v0.3,Indulgence,517,1,2,0.0,0.0,0.0
mistralai_Mistral-7B-Instruct-v0.3,Indulgence,517,1,3,0.0,0.0,0.0
mistralai_Mistral-7B-Instruct-v0.3,Indulgence,518,1,1,25.0,25.0,25.0
mistralai_Mistral-7B-Instruct-v0.3,Indulgence,518,1,2,25.0,25.0,25.0
mistralai_Mistral-7B-Instruct-v0.3,Indulgence,518,1,3,25.0,25.0,25.0
mistralai_Mistral-7B-Instruct-v0.3,Indulgence,521,1,1,25.0,25.0,25.0
mistralai_Mistral-7B-Instruct-v0.3,Indulgence,521,1,2,25.0,0.0,50.0
mistralai_Mistral-7B-Instruct-v0.3,Indulgence,521,1,3,25.0,25.0,0.0
mistralai_Mistral-7B-Instruct-v0.3,Indulgence,522,1,1,25.0,25.0,25.0
mistralai_Mistral-7B-Instruct-v0.3,Indulgence,522,1,2,25.0,25.0,25.0
mistralai_Mistral-7B-Instruct-v0.3,Indulgence,522,1,3,25.0,25.0,25.0
mistralai_Mistral-7B-Instruct-v0.3,Indulgence,523,1,1,50.0,50.0,50.0
mistralai_Mistral-7B-Instruct-v0.3,Indulgence,523,1,2,50.0,50.0,50.0
mistralai_Mistral-7B-Instruct-v0.3,Indulgence,523,1,3,50.0,50.0,50.0
mistralai_Mistral-7B-Instruct-v0.3,Indulgence,524,1,1,25.0,25.0,25.0
mistralai_Mistral-7B-Instruct-v0.3,Indulgence,524,1,2,25.0,25.0,0.0
mistralai_Mistral-7B-Instruct-v0.3,Indulgence,524,1,3,25.0,25.0,25.0
mistralai_Mistral-7B-Instruct-v0.3,Indulgence,526,1,1,25.0,25.0,25.0
mistralai_Mistral-7B-Instruct-v0.3,Indulgence,526,1,2,25.0,25.0,25.0
mistralai_Mistral-7B-Instruct-v0.3,Indulgence,526,1,3,25.0,25.0,25.0
mistralai_Mistral-7B-Instruct-v0.3,Indulgence,527,1,1,0.0,0.0,0.0
mistralai_Mistral-7B-Instruct-v0.3,Indulgence,527,1,2,0.0,0.0,0.0
mistralai_Mistral-7B-Instruct-v0.3,Indulgence,527,1,3,0.0,0.0,0.0
mistralai_Mistral-7B-Instruct-v0.3,Indulgence,530,1,1,0.0,0.0,0.0
mistralai_Mistral-7B-Instruct-v0.3,Indulgence,530,1,2,0.0,0.0,0.0
mistralai_Mistral-7B-Instruct-v0.3,Indulgence,530,1,3,0.0,0.0,0.0
mistralai_Mistral-7B-Instruct-v0.3,Indulgence,531,1,1,25.0,25.0,25.0
mistralai_Mistral-7B-Instruct-v0.3,Indulgence,531,1,2,25.0,25.0,25.0
mistralai_Mistral-7B-Instruct-v0.3,Indulgence,531,1,3,25.0,25.0,50.0
mistralai_Mistral-7B-Instruct-v0.3,Indulgence,532,1,1,25.0,25.0,25.0
mistralai_Mistral-7B-Instruct-v0.3,Indulgence,532,1,2,25.0,25.0,25.0
mistralai_Mistral-7B-Instruct-v0.3,Indulgence,532,1,3,25.0,25.0,25.0
mistralai_Mistral-7B-Instruct-v0.3,Indulgence,534,1,1,25.0,25.0,25.0
mistralai_Mistral-7B-Instruct-v0.3,Indulgence,534,1,2,25.0,25.0,25.0
mistralai_Mistral-7B-Instruct-v0.3,Indulgence,534,1,3,25.0,25.0,25.0
mistralai_Mistral-7B-Instruct-v0.3,Indulgence,539,1,1,0.0,0.0,0.0
mistralai_Mistral-7B-Instruct-v0.3,Indulgence,539,1,2,0.0,0.0,0.0
mistralai_Mistral-7B-Instruct-v0.3,Indulgence,539,1,3,0.0,0.0,0.0
mistralai_Mistral-7B-Instruct-v0.3,Indulgence,540,1,1,50.0,50.0,50.0
mistralai_Mistral-7B-Instruct-v0.3,Indulgence,540,1,2,50.0,50.0,50.0
mistralai_Mistral-7B-Instruct-v0.3,Indulgence,540,1,3,50.0,50.0,50.0
mistralai_Mistral-7B-Instruct-v0.3,Indulgence,541,1,1,25.0,25.0,25.0
mistralai_Mistral-7B-Instruct-v0.3,Indulgence,541,1,2,25.0,25.0,25.0
mistralai_Mistral-7B-Instruct-v0.3,Indulgence,541,1,3,25.0,25.0,25.0
mistralai_Mistral-7B-Instruct-v0.3,Indulgence,543,1,1,25.0,25.0,25.0
mistralai_Mistral-7B-Instruct-v0.3,Indulgence,543,1,2,25.0,25.0,25.0
mistralai_Mistral-7B-Instruct-v0.3,Indulgence,543,1,3,25.0,25.0,50.0
mistralai_Mistral-7B-Instruct-v0.3,Indulgence,545,1,1,25.0,25.0,25.0
mistralai_Mistral-7B-Instruct-v0.3,Indulgence,545,1,2,25.0,25.0,25.0
mistralai_Mistral-7B-Instruct-v0.3,Indulgence,545,1,3,25.0,25.0,25.0
mistralai_Mistral-7B-Instruct-v0.3,Indulgence,546,1,1,0.0,0.0,0.0
mistralai_Mistral-7B-Instruct-v0.3,Indulgence,546,1,2,0.0,0.0,0.0
mistralai_Mistral-7B-Instruct-v0.3,Indulgence,546,1,3,0.0,0.0,0.0
mistralai_Mistral-7B-Instruct-v0.3,Indulgence,550,1,1,25.0,25.0,25.0
mistralai_Mistral-7B-Instruct-v0.3,Indulgence,550,1,2,25.0,25.0,25.0
mistralai_Mistral-7B-Instruct-v0.3,Indulgence,550,1,3,25.0,25.0,25.0
mistralai_Mistral-7B-Instruct-v0.3,Indulgence,551,1,1,0.0,0.0,25.0
mistralai_Mistral-7B-Instruct-v0.3,Indulgence,551,1,2,0.0,25.0,0.0
mistralai_Mistral-7B-Instruct-v0.3,Indulgence,551,1,3,0.0,25.0,25.0
mistralai_Mistral-7B-Instruct-v0.3,Indulgence,552,1,1,25.0,75.0,75.0
mistralai_Mistral-7B-Instruct-v0.3,Indulgence,552,1,2,25.0,75.0,75.0
mistralai_Mistral-7B-Instruct-v0.3,Indulgence,552,1,3,25.0,75.0,75.0
mistralai_Mistral-7B-Instruct-v0.3,Indulgence,553,1,1,25.0,25.0,25.0
mistralai_Mistral-7B-Instruct-v0.3,Indulgence,553,1,2,25.0,25.0,25.0
mistralai_Mistral-7B-Instruct-v0.3,Indulgence,553,1,3,25.0,25.0,25.0
mistralai_Mistral-7B-Instruct-v0.3,Indulgence,554,1,1,25.0,25.0,25.0
mistralai_Mistral-7B-Instruct-v0.3,Indulgence,554,1,2,25.0,25.0,25.0
mistralai_Mistral-7B-Instruct-v0.3,Indulgence,554,1,3,25.0,25.0,50.0
mistralai_Mistral-7B-Instruct-v0.3,Indulgence,555,1,1,75.0,75.0,75.0
mistralai_Mistral-7B-Instruct-v0.3,Indulgence,555,1,2,75.0,75.0,75.0
mistralai_Mistral-7B-Instruct-v0.3,Indulgence,555,1,3,75.0,75.0,100.0
mistralai_Mistral-7B-Instruct-v0.3,Indulgence,557,1,1,0.0,0.0,0.0
mistralai_Mistral-7B-Instruct-v0.3,Indulgence,557,1,2,0.0,0.0,0.0
mistralai_Mistral-7B-Instruct-v0.3,Indulgence,557,1,3,0.0,0.0,0.0
mistralai_Mistral-7B-Instruct-v0.3,Indulgence,558,1,1,25.0,25.0,25.0
mistralai_Mistral-7B-Instruct-v0.3,Indulgence,558,1,2,25.0,25.0,25.0
mistralai_Mistral-7B-Instruct-v0.3,Indulgence,558,1,3,25.0,25.0,25.0
mistralai_Mistral-7B-Instruct-v0.3,Indulgence,560,1,1,25.0,0.0,25.0
mistralai_Mistral-7B-Instruct-v0.3,Indulgence,560,1,2,25.0,25.0,0.0
mistralai_Mistral-7B-Instruct-v0.3,Indulgence,560,1,3,25.0,25.0,0.0
mistralai_Mistral-7B-Instruct-v0.3,Indulgence,561,1,1,50.0,50.0,50.0
mistralai_Mistral-7B-Instruct-v0.3,Indulgence,561,1,2,50.0,50.0,25.0
mistralai_Mistral-7B-Instruct-v0.3,Indulgence,561,1,3,50.0,50.0,50.0
mistralai_Mistral-7B-Instruct-v0.3,Indulgence,563,1,1,25.0,25.0,100.0
mistralai_Mistral-7B-Instruct-v0.3,Indulgence,563,1,2,25.0,25.0,25.0
mistralai_Mistral-7B-Instruct-v0.3,Indulgence,563,1,3,25.0,25.0,100.0
mistralai_Mistral-7B-Instruct-v0.3,Indulgence,564,1,1,0.0,0.0,0.0
mistralai_Mistral-7B-Instruct-v0.3,Indulgence,564,1,2,0.0,0.0,0.0
mistralai_Mistral-7B-Instruct-v0.3,Indulgence,564,1,3,0.0,0.0,0.0
mistralai_Mistral-7B-Instruct-v0.3,Indulgence,565,1,1,0.0,0.0,0.0
mistralai_Mistral-7B-Instruct-v0.3,Indulgence,565,1,2,0.0,0.0,0.0
mistralai_Mistral-7B-Instruct-v0.3,Indulgence,565,1,3,0.0,25.0,0.0
mistralai_Mistral-7B-Instruct-v0.3,Indulgence,566,1,1,0.0,0.0,0.0
mistralai_Mistral-7B-Instruct-v0.3,Indulgence,566,1,2,0.0,0.0,0.0
mistralai_Mistral-7B-Instruct-v0.3,Indulgence,566,1,3,0.0,0.0,0.0
mistralai_Mistral-7B-Instruct-v0.3,Indulgence,567,1,1,25.0,25.0,25.0
mistralai_Mistral-7B-Instruct-v0.3,Indulgence,567,1,2,25.0,25.0,25.0
mistralai_Mistral-7B-Instruct-v0.3,Indulgence,567,1,3,25.0,25.0,25.0
mistralai_Mistral-7B-Instruct-v0.3,Indulgence,568,1,1,0.0,0.0,0.0
mistralai_Mistral-7B-Instruct-v0.3,Indulgence,568,1,2,0.0,0.0,0.0
mistralai_Mistral-7B-Instruct-v0.3,Indulgence,568,1,3,0.0,0.0,0.0
mistralai_Mistral-7B-Instruct-v0.3,Indulgence,569,1,1,25.0,25.0,25.0
mistralai_Mistral-7B-Instruct-v0.3,Indulgence,569,1,2,25.0,25.0,25.0
mistralai_Mistral-7B-Instruct-v0.3,Indulgence,569,1,3,25.0,25.0,25.0
mistralai_Mistral-7B-Instruct-v0.3,Indulgence,570,1,1,75.0,75.0,75.0
mistralai_Mistral-7B-Instruct-v0.3,Indulgence,570,1,2,75.0,75.0,75.0
mistralai_Mistral-7B-Instruct-v0.3,Indulgence,570,1,3,75.0,75.0,75.0
mistralai_Mistral-7B-Instruct-v0.3,Indulgence,571,1,1,25.0,25.0,25.0
mistralai_Mistral-7B-Instruct-v0.3,Indulgence,571,1,2,25.0,25.0,0.0
mistralai_Mistral-7B-Instruct-v0.3,Indulgence,571,1,3,25.0,25.0,25.0
mistralai_Mistral-7B-Instruct-v0.3,Indulgence,572,1,1,25.0,25.0,25.0
mistralai_Mistral-7B-Instruct-v0.3,Indulgence,572,1,2,25.0,25.0,25.0
mistralai_Mistral-7B-Instruct-v0.3,Indulgence,572,1,3,25.0,25.0,25.0
mistralai_Mistral-7B-Instruct-v0.3,Indulgence,573,1,1,25.0,25.0,25.0
mistralai_Mistral-7B-Instruct-v0.3,Indulgence,573,1,2,25.0,25.0,25.0
mistralai_Mistral-7B-Instruct-v0.3,Indulgence,573,1,3,25.0,25.0,25.0
mistralai_Mistral-7B-Instruct-v0.3,Indulgence,574,1,1,25.0,25.0,25.0
mistralai_Mistral-7B-Instruct-v0.3,Indulgence,574,1,2,25.0,25.0,25.0
mistralai_Mistral-7B-Instruct-v0.3,Indulgence,574,1,3,25.0,25.0,25.0
mistralai_Mistral-7B-Instruct-v0.3,Indulgence,575,1,1,25.0,25.0,25.0
mistralai_Mistral-7B-Instruct-v0.3,Indulgence,575,1,2,25.0,25.0,25.0
mistralai_Mistral-7B-Instruct-v0.3,Indulgence,575,1,3,25.0,25.0,25.0
mistralai_Mistral-7B-Instruct-v0.3,Indulgence,576,1,1,25.0,25.0,25.0
mistralai_Mistral-7B-Instruct-v0.3,Indulgence,576,1,2,25.0,25.0,50.0
mistralai_Mistral-7B-Instruct-v0.3,Indulgence,576,1,3,25.0,25.0,25.0
mistralai_Mistral-7B-Instruct-v0.3,Indulgence,578,1,1,0.0,0.0,0.0
mistralai_Mistral-7B-Instruct-v0.3,Indulgence,578,1,2,0.0,0.0,0.0
mistralai_Mistral-7B-Instruct-v0.3,Indulgence,578,1,3,0.0,0.0,0.0
mistralai_Mistral-7B-Instruct-v0.3,Indulgence,579,1,1,25.0,25.0,25.0
mistralai_Mistral-7B-Instruct-v0.3,Indulgence,579,1,2,25.0,25.0,25.0
mistralai_Mistral-7B-Instruct-v0.3,Indulgence,579,1,3,25.0,25.0,25.0
mistralai_Mistral-7B-Instruct-v0.3,Indulgence,581,1,1,25.0,25.0,25.0
mistralai_Mistral-7B-Instruct-v0.3,Indulgence,581,1,2,25.0,25.0,25.0
mistralai_Mistral-7B-Instruct-v0.3,Indulgence,581,1,3,25.0,25.0,25.0
mistralai_Mistral-7B-Instruct-v0.3,Indulgence,582,1,1,25.0,25.0,25.0
mistralai_Mistral-7B-Instruct-v0.3,Indulgence,582,1,2,25.0,25.0,25.0
mistralai_Mistral-7B-Instruct-v0.3,Indulgence,582,1,3,25.0,25.0,25.0
mistralai_Mistral-7B-Instruct-v0.3,Indulgence,584,1,1,0.0,0.0,0.0
mistralai_Mistral-7B-Instruct-v0.3,Indulgence,584,1,2,0.0,0.0,0.0
mistralai_Mistral-7B-Instruct-v0.3,Indulgence,584,1,3,0.0,0.0,0.0
mistralai_Mistral-7B-Instruct-v0.3,Indulgence,585,1,1,25.0,25.0,25.0
mistralai_Mistral-7B-Instruct-v0.3,Indulgence,585,1,2,25.0,25.0,25.0
mistralai_Mistral-7B-Instruct-v0.3,Indulgence,585,1,3,25.0,25.0,25.0
mistralai_Mistral-7B-Instruct-v0.3,Indulgence,589,1,1,25.0,25.0,0.0
mistralai_Mistral-7B-Instruct-v0.3,Indulgence,589,1,2,25.0,25.0,25.0
mistralai_Mistral-7B-Instruct-v0.3,Indulgence,589,1,3,25.0,25.0,25.0
mistralai_Mistral-7B-Instruct-v0.3,Indulgence,590,1,1,75.0,75.0,75.0
mistralai_Mistral-7B-Instruct-v0.3,Indulgence,590,1,2,75.0,75.0,75.0
mistralai_Mistral-7B-Instruct-v0.3,Indulgence,590,1,3,75.0,75.0,75.0
mistralai_Mistral-7B-Instruct-v0.3,Indulgence,591,1,1,25.0,25.0,25.0
mistralai_Mistral-7B-Instruct-v0.3,Indulgence,591,1,2,25.0,25.0,25.0
mistralai_Mistral-7B-Instruct-v0.3,Indulgence,591,1,3,25.0,25.0,25.0
mistralai_Mistral-7B-Instruct-v0.3,Indulgence,592,1,1,50.0,50.0,50.0
mistralai_Mistral-7B-Instruct-v0.3,Indulgence,592,1,2,50.0,25.0,50.0
mistralai_Mistral-7B-Instruct-v0.3,Indulgence,592,1,3,50.0,50.0,50.0
mistralai_Mistral-7B-Instruct-v0.3,Indulgence,594,1,1,50.0,50.0,50.0
mistralai_Mistral-7B-Instruct-v0.3,Indulgence,594,1,2,50.0,50.0,50.0
mistralai_Mistral-7B-Instruct-v0.3,Indulgence,594,1,3,50.0,50.0,50.0
mistralai_Mistral-7B-Instruct-v0.3,Indulgence,596,1,1,50.0,50.0,50.0
mistralai_Mistral-7B-Instruct-v0.3,Indulgence,596,1,2,50.0,50.0,50.0
mistralai_Mistral-7B-Instruct-v0.3,Indulgence,596,1,3,50.0,50.0,50.0
mistralai_Mistral-7B-Instruct-v0.3,Indulgence,597,1,1,50.0,50.0,50.0
mistralai_Mistral-7B-Instruct-v0.3,Indulgence,597,1,2,50.0,50.0,25.0
mistralai_Mistral-7B-Instruct-v0.3,Indulgence,597,1,3,50.0,50.0,50.0
mistralai_Mistral-7B-Instruct-v0.3,Indulgence,599,1,1,25.0,0.0,25.0
mistralai_Mistral-7B-Instruct-v0.3,Indulgence,599,1,2,25.0,25.0,0.0
mistralai_Mistral-7B-Instruct-v0.3,Indulgence,599,1,3,25.0,25.0,25.0
mistralai_Mistral-7B-Instruct-v0.3,Indulgence,601,1,1,50.0,50.0,25.0
mistralai_Mistral-7B-Instruct-v0.3,Indulgence,601,1,2,50.0,50.0,50.0
mistralai_Mistral-7B-Instruct-v0.3,Indulgence,601,1,3,50.0,50.0,50.0
mistralai_Mistral-7B-Instruct-v0.3,Indulgence,602,1,1,25.0,25.0,25.0
mistralai_Mistral-7B-Instruct-v0.3,Indulgence,602,1,2,25.0,25.0,25.0
mistralai_Mistral-7B-Instruct-v0.3,Indulgence,602,1,3,25.0,25.0,25.0
mistralai_Mistral-7B-Instruct-v0.3,Indulgence,605,1,1,25.0,25.0,25.0
mistralai_Mistral-7B-Instruct-v0.3,Indulgence,605,1,2,25.0,25.0,25.0
mistralai_Mistral-7B-Instruct-v0.3,Indulgence,605,1,3,25.0,25.0,0.0
mistralai_Mistral-7B-Instruct-v0.3,Indulgence,608,1,1,25.0,25.0,25.0
mistralai_Mistral-7B-Instruct-v0.3,Indulgence,608,1,2,25.0,25.0,0.0
mistralai_Mistral-7B-Instruct-v0.3,Indulgence,608,1,3,25.0,25.0,25.0
mistralai_Mistral-7B-Instruct-v0.3,Indulgence,609,1,1,0.0,0.0,0.0
mistralai_Mistral-7B-Instruct-v0.3,Indulgence,609,1,2,0.0,0.0,0.0
mistralai_Mistral-7B-Instruct-v0.3,Indulgence,609,1,3,0.0,0.0,0.0
mistralai_Mistral-7B-Instruct-v0.3,Indulgence,611,1,1,25.0,25.0,25.0
mistralai_Mistral-7B-Instruct-v0.3,Indulgence,611,1,2,25.0,25.0,25.0
mistralai_Mistral-7B-Instruct-v0.3,Indulgence,611,1,3,25.0,25.0,25.0
mistralai_Mistral-7B-Instruct-v0.3,Indulgence,612,1,1,25.0,25.0,25.0
mistralai_Mistral-7B-Instruct-v0.3,Indulgence,612,1,2,25.0,0.0,0.0
mistralai_Mistral-7B-Instruct-v0.3,Indulgence,612,1,3,25.0,25.0,0.0
mistralai_Mistral-7B-Instruct-v0.3,Indulgence,614,1,1,75.0,75.0,50.0
mistralai_Mistral-7B-Instruct-v0.3,Indulgence,614,1,2,75.0,75.0,75.0
mistralai_Mistral-7B-Instruct-v0.3,Indulgence,614,1,3,75.0,50.0,50.0
mistralai_Mistral-7B-Instruct-v0.3,Indulgence,618,1,1,25.0,25.0,25.0
mistralai_Mistral-7B-Instruct-v0.3,Indulgence,618,1,2,25.0,25.0,25.0
mistralai_Mistral-7B-Instruct-v0.3,Indulgence,618,1,3,25.0,25.0,50.0
mistralai_Mistral-7B-Instruct-v0.3,Indulgence,619,1,1,25.0,25.0,25.0
mistralai_Mistral-7B-Instruct-v0.3,Indulgence,619,1,2,25.0,25.0,25.0
mistralai_Mistral-7B-Instruct-v0.3,Indulgence,619,1,3,25.0,25.0,25.0
mistralai_Mistral-7B-Instruct-v0.3,Indulgence,620,1,1,25.0,25.0,25.0
mistralai_Mistral-7B-Instruct-v0.3,Indulgence,620,1,2,25.0,25.0,25.0
mistralai_Mistral-7B-Instruct-v0.3,Indulgence,620,1,3,25.0,25.0,25.0
mistralai_Mistral-7B-Instruct-v0.3,Indulgence,621,1,1,25.0,25.0,25.0
mistralai_Mistral-7B-Instruct-v0.3,Indulgence,621,1,2,25.0,25.0,25.0
mistralai_Mistral-7B-Instruct-v0.3,Indulgence,621,1,3,25.0,25.0,25.0
mistralai_Mistral-7B-Instruct-v0.3,Indulgence,622,1,1,25.0,25.0,50.0
mistralai_Mistral-7B-Instruct-v0.3,Indulgence,622,1,2,25.0,25.0,25.0
mistralai_Mistral-7B-Instruct-v0.3,Indulgence,622,1,3,25.0,25.0,25.0
mistralai_Mistral-7B-Instruct-v0.3,Indulgence,623,1,1,25.0,25.0,50.0
mistralai_Mistral-7B-Instruct-v0.3,Indulgence,623,1,2,25.0,25.0,75.0
mistralai_Mistral-7B-Instruct-v0.3,Indulgence,623,1,3,25.0,25.0,75.0
mistralai_Mistral-7B-Instruct-v0.3,Indulgence,624,1,1,25.0,25.0,25.0
mistralai_Mistral-7B-Instruct-v0.3,Indulgence,624,1,2,25.0,25.0,25.0
mistralai_Mistral-7B-Instruct-v0.3,Indulgence,624,1,3,25.0,25.0,25.0
mistralai_Mistral-7B-Instruct-v0.3,Indulgence,627,1,1,25.0,25.0,25.0
mistralai_Mistral-7B-Instruct-v0.3,Indulgence,627,1,2,25.0,25.0,25.0
mistralai_Mistral-7B-Instruct-v0.3,Indulgence,627,1,3,25.0,25.0,25.0
mistralai_Mistral-7B-Instruct-v0.3,Indulgence,630,1,1,0.0,0.0,0.0
mistralai_Mistral-7B-Instruct-v0.3,Indulgence,630,1,2,0.0,0.0,0.0
mistralai_Mistral-7B-Instruct-v0.3,Indulgence,630,1,3,0.0,0.0,0.0
mistralai_Mistral-7B-Instruct-v0.3,Indulgence,636,1,1,25.0,25.0,0.0
mistralai_Mistral-7B-Instruct-v0.3,Indulgence,636,1,2,25.0,0.0,0.0
mistralai_Mistral-7B-Instruct-v0.3,Indulgence,636,1,3,25.0,25.0,25.0
mistralai_Mistral-7B-Instruct-v0.3,Indulgence,637,1,1,25.0,25.0,50.0
mistralai_Mistral-7B-Instruct-v0.3,Indulgence,637,1,2,25.0,25.0,25.0
mistralai_Mistral-7B-Instruct-v0.3,Indulgence,637,1,3,25.0,25.0,50.0
mistralai_Mistral-7B-Instruct-v0.3,Indulgence,639,1,1,25.0,25.0,25.0
mistralai_Mistral-7B-Instruct-v0.3,Indulgence,639,1,2,25.0,25.0,25.0
mistralai_Mistral-7B-Instruct-v0.3,Indulgence,639,1,3,25.0,25.0,25.0
mistralai_Mistral-7B-Instruct-v0.3,Indulgence,641,1,1,25.0,25.0,25.0
mistralai_Mistral-7B-Instruct-v0.3,Indulgence,641,1,2,25.0,25.0,25.0
mistralai_Mistral-7B-Instruct-v0.3,Indulgence,641,1,3,25.0,25.0,25.0
mistralai_Mistral-7B-Instruct-v0.3,Indulgence,642,1,1,25.0,25.0,25.0
mistralai_Mistral-7B-Instruct-v0.3,Indulgence,642,1,2,25.0,25.0,25.0
mistralai_Mistral-7B-Instruct-v0.3,Indulgence,642,1,3,25.0,25.0,25.0
mistralai_Mistral-7B-Instruct-v0.3,Indulgence,643,1,1,25.0,25.0,25.0
mistralai_Mistral-7B-Instruct-v0.3,Indulgence,643,1,2,25.0,25.0,25.0
mistralai_Mistral-7B-Instruct-v0.3,Indulgence,643,1,3,25.0,25.0,25.0
mistralai_Mistral-7B-Instruct-v0.3,Indulgence,644,1,1,25.0,25.0,25.0
mistralai_Mistral-7B-Instruct-v0.3,Indulgence,644,1,2,25.0,25.0,25.0
mistralai_Mistral-7B-Instruct-v0.3,Indulgence,644,1,3,25.0,25.0,25.0
mistralai_Mistral-7B-Instruct-v0.3,Indulgence,646,1,1,25.0,25.0,25.0
mistralai_Mistral-7B-Instruct-v0.3,Indulgence,646,1,2,25.0,25.0,25.0
mistralai_Mistral-7B-Instruct-v0.3,Indulgence,646,1,3,25.0,25.0,25.0
mistralai_Mistral-7B-Instruct-v0.3,Indulgence,647,1,1,25.0,25.0,25.0
mistralai_Mistral-7B-Instruct-v0.3,Indulgence,647,1,2,25.0,25.0,25.0
mistralai_Mistral-7B-Instruct-v0.3,Indulgence,647,1,3,25.0,25.0,25.0
mistralai_Mistral-7B-Instruct-v0.3,Indulgence,649,1,1,25.0,25.0,25.0
mistralai_Mistral-7B-Instruct-v0.3,Indulgence,649,1,2,25.0,25.0,25.0
mistralai_Mistral-7B-Instruct-v0.3,Indulgence,649,1,3,25.0,25.0,25.0
mistralai_Mistral-7B-Instruct-v0.3,Indulgence,650,1,1,50.0,25.0,75.0
mistralai_Mistral-7B-Instruct-v0.3,Indulgence,650,1,2,50.0,50.0,50.0
mistralai_Mistral-7B-Instruct-v0.3,Indulgence,650,1,3,50.0,50.0,50.0
mistralai_Mistral-7B-Instruct-v0.3,Indulgence,653,1,1,100.0,100.0,100.0
mistralai_Mistral-7B-Instruct-v0.3,Indulgence,653,1,2,100.0,100.0,100.0
mistralai_Mistral-7B-Instruct-v0.3,Indulgence,653,1,3,100.0,100.0,100.0
mistralai_Mistral-7B-Instruct-v0.3,Indulgence,655,1,1,25.0,25.0,25.0
mistralai_Mistral-7B-Instruct-v0.3,Indulgence,655,1,2,25.0,25.0,25.0
mistralai_Mistral-7B-Instruct-v0.3,Indulgence,655,1,3,25.0,25.0,25.0
mistralai_Mistral-7B-Instruct-v0.3,Indulgence,656,1,1,25.0,25.0,25.0
mistralai_Mistral-7B-Instruct-v0.3,Indulgence,656,1,2,25.0,25.0,25.0
mistralai_Mistral-7B-Instruct-v0.3,Indulgence,656,1,3,25.0,25.0,25.0
mistralai_Mistral-7B-Instruct-v0.3,Indulgence,658,1,1,0.0,0.0,0.0
mistralai_Mistral-7B-Instruct-v0.3,Indulgence,658,1,2,0.0,0.0,0.0
mistralai_Mistral-7B-Instruct-v0.3,Indulgence,658,1,3,0.0,0.0,0.0
mistralai_Mistral-7B-Instruct-v0.3,Indulgence,661,1,1,25.0,25.0,25.0
mistralai_Mistral-7B-Instruct-v0.3,Indulgence,661,1,2,25.0,50.0,25.0
mistralai_Mistral-7B-Instruct-v0.3,Indulgence,661,1,3,25.0,50.0,50.0
mistralai_Mistral-7B-Instruct-v0.3,Indulgence,664,1,1,25.0,25.0,25.0
mistralai_Mistral-7B-Instruct-v0.3,Indulgence,664,1,2,25.0,25.0,25.0
mistralai_Mistral-7B-Instruct-v0.3,Indulgence,664,1,3,25.0,25.0,25.0
mistralai_Mistral-7B-Instruct-v0.3,Indulgence,665,1,1,25.0,25.0,50.0
mistralai_Mistral-7B-Instruct-v0.3,Indulgence,665,1,2,25.0,25.0,25.0
mistralai_Mistral-7B-Instruct-v0.3,Indulgence,665,1,3,25.0,25.0,50.0
mistralai_Mistral-7B-Instruct-v0.3,Indulgence,666,1,1,25.0,25.0,25.0
mistralai_Mistral-7B-Instruct-v0.3,Indulgence,666,1,2,25.0,25.0,50.0
mistralai_Mistral-7B-Instruct-v0.3,Indulgence,666,1,3,25.0,25.0,25.0
mistralai_Mistral-7B-Instruct-v0.3,Indulgence,667,1,1,50.0,25.0,50.0
mistralai_Mistral-7B-Instruct-v0.3,Indulgence,667,1,2,50.0,25.0,50.0
mistralai_Mistral-7B-Instruct-v0.3,Indulgence,667,1,3,50.0,50.0,50.0
mistralai_Mistral-7B-Instruct-v0.3,Indulgence,668,1,1,50.0,50.0,50.0
mistralai_Mistral-7B-Instruct-v0.3,Indulgence,668,1,2,50.0,50.0,50.0
mistralai_Mistral-7B-Instruct-v0.3,Indulgence,668,1,3,50.0,50.0,50.0
mistralai_Mistral-7B-Instruct-v0.3,Indulgence,670,1,1,75.0,75.0,75.0
mistralai_Mistral-7B-Instruct-v0.3,Indulgence,670,1,2,75.0,75.0,75.0
mistralai_Mistral-7B-Instruct-v0.3,Indulgence,670,1,3,75.0,75.0,75.0
mistralai_Mistral-7B-Instruct-v0.3,Indulgence,674,1,1,25.0,25.0,25.0
mistralai_Mistral-7B-Instruct-v0.3,Indulgence,674,1,2,25.0,25.0,25.0
mistralai_Mistral-7B-Instruct-v0.3,Indulgence,674,1,3,25.0,25.0,25.0
mistralai_Mistral-7B-Instruct-v0.3,Indulgence,675,1,1,0.0,0.0,0.0
mistralai_Mistral-7B-Instruct-v0.3,Indulgence,675,1,2,0.0,0.0,25.0
mistralai_Mistral-7B-Instruct-v0.3,Indulgence,675,1,3,0.0,0.0,0.0
mistralai_Mistral-7B-Instruct-v0.3,Indulgence,678,1,1,25.0,25.0,25.0
mistralai_Mistral-7B-Instruct-v0.3,Indulgence,678,1,2,25.0,25.0,25.0
mistralai_Mistral-7B-Instruct-v0.3,Indulgence,678,1,3,25.0,25.0,25.0
mistralai_Mistral-7B-Instruct-v0.3,Indulgence,679,1,1,25.0,25.0,25.0
mistralai_Mistral-7B-Instruct-v0.3,Indulgence,679,1,2,25.0,25.0,25.0
mistralai_Mistral-7B-Instruct-v0.3,Indulgence,679,1,3,25.0,25.0,25.0
mistralai_Mistral-7B-Instruct-v0.3,Indulgence,686,1,1,25.0,25.0,25.0
mistralai_Mistral-7B-Instruct-v0.3,Indulgence,686,1,2,25.0,25.0,25.0
mistralai_Mistral-7B-Instruct-v0.3,Indulgence,686,1,3,25.0,25.0,25.0
mistralai_Mistral-7B-Instruct-v0.3,Indulgence,687,1,1,50.0,50.0,50.0
mistralai_Mistral-7B-Instruct-v0.3,Indulgence,687,1,2,50.0,50.0,50.0
mistralai_Mistral-7B-Instruct-v0.3,Indulgence,687,1,3,50.0,50.0,25.0
mistralai_Mistral-7B-Instruct-v0.3,Indulgence,693,1,1,25.0,25.0,25.0
mistralai_Mistral-7B-Instruct-v0.3,Indulgence,693,1,2,25.0,25.0,25.0
mistralai_Mistral-7B-Instruct-v0.3,Indulgence,693,1,3,25.0,25.0,25.0
mistralai_Mistral-7B-Instruct-v0.3,Indulgence,694,1,1,25.0,25.0,25.0
mistralai_Mistral-7B-Instruct-v0.3,Indulgence,694,1,2,25.0,25.0,25.0
mistralai_Mistral-7B-Instruct-v0.3,Indulgence,694,1,3,25.0,25.0,25.0
mistralai_Mistral-7B-Instruct-v0.3,Indulgence,695,1,1,25.0,25.0,25.0
mistralai_Mistral-7B-Instruct-v0.3,Indulgence,695,1,2,25.0,25.0,25.0
mistralai_Mistral-7B-Instruct-v0.3,Indulgence,695,1,3,25.0,25.0,25.0
mistralai_Mistral-7B-Instruct-v0.3,Indulgence,696,1,1,0.0,0.0,0.0
mistralai_Mistral-7B-Instruct-v0.3,Indulgence,696,1,2,0.0,0.0,0.0
mistralai_Mistral-7B-Instruct-v0.3,Indulgence,696,1,3,0.0,0.0,0.0
mistralai_Mistral-7B-Instruct-v0.3,Indulgence,697,1,1,25.0,25.0,25.0
mistralai_Mistral-7B-Instruct-v0.3,Indulgence,697,1,2,25.0,25.0,25.0
mistralai_Mistral-7B-Instruct-v0.3,Indulgence,697,1,3,25.0,25.0,25.0
mistralai_Mistral-7B-Instruct-v0.3,Indulgence,703,1,1,50.0,50.0,50.0
mistralai_Mistral-7B-Instruct-v0.3,Indulgence,703,1,2,50.0,50.0,50.0
mistralai_Mistral-7B-Instruct-v0.3,Indulgence,703,1,3,50.0,50.0,50.0
mistralai_Mistral-7B-Instruct-v0.3,Indulgence,705,1,1,25.0,25.0,25.0
mistralai_Mistral-7B-Instruct-v0.3,Indulgence,705,1,2,25.0,25.0,25.0
mistralai_Mistral-7B-Instruct-v0.3,Indulgence,705,1,3,25.0,25.0,25.0
mistralai_Mistral-7B-Instruct-v0.3,Indulgence,706,1,1,25.0,25.0,25.0
mistralai_Mistral-7B-Instruct-v0.3,Indulgence,706,1,2,25.0,25.0,25.0
mistralai_Mistral-7B-Instruct-v0.3,Indulgence,706,1,3,25.0,25.0,0.0
mistralai_Mistral-7B-Instruct-v0.3,Long_Term_Orientation,1000,1,1,25.0,0.0,0.0
mistralai_Mistral-7B-Instruct-v0.3,Long_Term_Orientation,1000,1,2,25.0,25.0,25.0
mistralai_Mistral-7B-Instruct-v0.3,Long_Term_Orientation,1000,1,3,25.0,25.0,25.0
mistralai_Mistral-7B-Instruct-v0.3,Long_Term_Orientation,1001,1,1,0.0,0.0,0.0
mistralai_Mistral-7B-Instruct-v0.3,Long_Term_Orientation,1001,1,2,0.0,0.0,0.0
mistralai_Mistral-7B-Instruct-v0.3,Long_Term_Orientation,1001,1,3,0.0,0.0,0.0
mistralai_Mistral-7B-Instruct-v0.3,Long_Term_Orientation,1002,1,1,0.0,0.0,25.0
mistralai_Mistral-7B-Instruct-v0.3,Long_Term_Orientation,1002,1,2,0.0,0.0,0.0
mistralai_Mistral-7B-Instruct-v0.3,Long_Term_Orientation,1002,1,3,0.0,0.0,25.0
mistralai_Mistral-7B-Instruct-v0.3,Long_Term_Orientation,1003,1,1,25.0,25.0,25.0
mistralai_Mistral-7B-Instruct-v0.3,Long_Term_Orientation,1003,1,2,25.0,25.0,25.0
mistralai_Mistral-7B-Instruct-v0.3,Long_Term_Orientation,1003,1,3,25.0,25.0,25.0
mistralai_Mistral-7B-Instruct-v0.3,Long_Term_Orientation,1004,1,1,0.0,0.0,0.0
mistralai_Mistral-7B-Instruct-v0.3,Long_Term_Orientation,1004,1,2,0.0,0.0,0.0
mistralai_Mistral-7B-Instruct-v0.3,Long_Term_Orientation,1004,1,3,0.0,0.0,0.0
mistralai_Mistral-7B-Instruct-v0.3,Long_Term_Orientation,1005,1,1,25.0,25.0,0.0
mistralai_Mistral-7B-Instruct-v0.3,Long_Term_Orientation,1005,1,2,25.0,25.0,25.0
mistralai_Mistral-7B-Instruct-v0.3,Long_Term_Orientation,1005,1,3,25.0,25.0,0.0
mistralai_Mistral-7B-Instruct-v0.3,Long_Term_Orientation,1006,1,1,25.0,25.0,25.0
mistralai_Mistral-7B-Instruct-v0.3,Long_Term_Orientation,1006,1,2,25.0,25.0,25.0
mistralai_Mistral-7B-Instruct-v0.3,Long_Term_Orientation,1006,1,3,25.0,25.0,0.0
mistralai_Mistral-7B-Instruct-v0.3,Long_Term_Orientation,1007,1,1,0.0,0.0,0.0
mistralai_Mistral-7B-Instruct-v0.3,Long_Term_Orientation,1007,1,2,0.0,0.0,0.0
mistralai_Mistral-7B-Instruct-v0.3,Long_Term_Orientation,1007,1,3,0.0,0.0,25.0
mistralai_Mistral-7B-Instruct-v0.3,Long_Term_Orientation,1008,1,1,75.0,75.0,25.0
mistralai_Mistral-7B-Instruct-v0.3,Long_Term_Orientation,1008,1,2,75.0,75.0,25.0
mistralai_Mistral-7B-Instruct-v0.3,Long_Term_Orientation,1008,1,3,75.0,25.0,75.0
mistralai_Mistral-7B-Instruct-v0.3,Long_Term_Orientation,1009,1,1,50.0,50.0,50.0
mistralai_Mistral-7B-Instruct-v0.3,Long_Term_Orientation,1009,1,2,50.0,50.0,50.0
mistralai_Mistral-7B-Instruct-v0.3,Long_Term_Orientation,1009,1,3,50.0,50.0,50.0
mistralai_Mistral-7B-Instruct-v0.3,Long_Term_Orientation,1010,1,1,25.0,25.0,25.0
mistralai_Mistral-7B-Instruct-v0.3,Long_Term_Orientation,1010,1,2,25.0,25.0,25.0
mistralai_Mistral-7B-Instruct-v0.3,Long_Term_Orientation,1010,1,3,25.0,25.0,25.0
mistralai_Mistral-7B-Instruct-v0.3,Long_Term_Orientation,1011,1,1,0.0,0.0,0.0
mistralai_Mistral-7B-Instruct-v0.3,Long_Term_Orientation,1011,1,2,0.0,0.0,0.0
mistralai_Mistral-7B-Instruct-v0.3,Long_Term_Orientation,1011,1,3,0.0,0.0,0.0
mistralai_Mistral-7B-Instruct-v0.3,Long_Term_Orientation,1013,1,1,0.0,0.0,0.0
mistralai_Mistral-7B-Instruct-v0.3,Long_Term_Orientation,1013,1,2,0.0,0.0,0.0
mistralai_Mistral-7B-Instruct-v0.3,Long_Term_Orientation,1013,1,3,0.0,0.0,0.0
mistralai_Mistral-7B-Instruct-v0.3,Long_Term_Orientation,1015,1,1,50.0,50.0,50.0
mistralai_Mistral-7B-Instruct-v0.3,Long_Term_Orientation,1015,1,2,50.0,50.0,50.0
mistralai_Mistral-7B-Instruct-v0.3,Long_Term_Orientation,1015,1,3,50.0,50.0,50.0
mistralai_Mistral-7B-Instruct-v0.3,Long_Term_Orientation,1016,1,1,0.0,0.0,0.0
mistralai_Mistral-7B-Instruct-v0.3,Long_Term_Orientation,1016,1,2,0.0,0.0,0.0
mistralai_Mistral-7B-Instruct-v0.3,Long_Term_Orientation,1016,1,3,0.0,0.0,0.0
mistralai_Mistral-7B-Instruct-v0.3,Long_Term_Orientation,1017,1,1,25.0,25.0,25.0
mistralai_Mistral-7B-Instruct-v0.3,Long_Term_Orientation,1017,1,2,25.0,25.0,25.0
mistralai_Mistral-7B-Instruct-v0.3,Long_Term_Orientation,1017,1,3,25.0,25.0,25.0
mistralai_Mistral-7B-Instruct-v0.3,Long_Term_Orientation,1019,1,1,50.0,25.0,50.0
mistralai_Mistral-7B-Instruct-v0.3,Long_Term_Orientation,1019,1,2,50.0,50.0,50.0
mistralai_Mistral-7B-Instruct-v0.3,Long_Term_Orientation,1019,1,3,50.0,50.0,50.0
mistralai_Mistral-7B-Instruct-v0.3,Long_Term_Orientation,1020,1,1,25.0,25.0,0.0
mistralai_Mistral-7B-Instruct-v0.3,Long_Term_Orientation,1020,1,2,25.0,25.0,100.0
mistralai_Mistral-7B-Instruct-v0.3,Long_Term_Orientation,1020,1,3,25.0,0.0,25.0
mistralai_Mistral-7B-Instruct-v0.3,Long_Term_Orientation,1021,1,1,25.0,25.0,25.0
mistralai_Mistral-7B-Instruct-v0.3,Long_Term_Orientation,1021,1,2,25.0,25.0,25.0
mistralai_Mistral-7B-Instruct-v0.3,Long_Term_Orientation,1021,1,3,25.0,25.0,25.0
mistralai_Mistral-7B-Instruct-v0.3,Long_Term_Orientation,1024,1,1,0.0,0.0,0.0
mistralai_Mistral-7B-Instruct-v0.3,Long_Term_Orientation,1024,1,2,0.0,0.0,0.0
mistralai_Mistral-7B-Instruct-v0.3,Long_Term_Orientation,1024,1,3,0.0,0.0,0.0
mistralai_Mistral-7B-Instruct-v0.3,Long_Term_Orientation,1025,1,1,25.0,25.0,25.0
mistralai_Mistral-7B-Instruct-v0.3,Long_Term_Orientation,1025,1,2,25.0,25.0,25.0
mistralai_Mistral-7B-Instruct-v0.3,Long_Term_Orientation,1025,1,3,25.0,0.0,25.0
mistralai_Mistral-7B-Instruct-v0.3,Long_Term_Orientation,1026,1,1,25.0,25.0,25.0
mistralai_Mistral-7B-Instruct-v0.3,Long_Term_Orientation,1026,1,2,25.0,25.0,25.0
mistralai_Mistral-7B-Instruct-v0.3,Long_Term_Orientation,1026,1,3,25.0,25.0,25.0
mistralai_Mistral-7B-Instruct-v0.3,Long_Term_Orientation,1027,1,1,50.0,50.0,50.0
mistralai_Mistral-7B-Instruct-v0.3,Long_Term_Orientation,1027,1,2,50.0,50.0,50.0
mistralai_Mistral-7B-Instruct-v0.3,Long_Term_Orientation,1027,1,3,50.0,50.0,50.0
mistralai_Mistral-7B-Instruct-v0.3,Long_Term_Orientation,1031,1,1,0.0,50.0,25.0
mistralai_Mistral-7B-Instruct-v0.3,Long_Term_Orientation,1031,1,2,0.0,50.0,0.0
mistralai_Mistral-7B-Instruct-v0.3,Long_Term_Orientation,1031,1,3,0.0,50.0,0.0
mistralai_Mistral-7B-Instruct-v0.3,Long_Term_Orientation,1032,1,1,0.0,0.0,0.0
mistralai_Mistral-7B-Instruct-v0.3,Long_Term_Orientation,1032,1,2,0.0,0.0,0.0
mistralai_Mistral-7B-Instruct-v0.3,Long_Term_Orientation,1032,1,3,0.0,0.0,0.0
mistralai_Mistral-7B-Instruct-v0.3,Long_Term_Orientation,1033,1,1,25.0,25.0,25.0
mistralai_Mistral-7B-Instruct-v0.3,Long_Term_Orientation,1033,1,2,25.0,25.0,25.0
mistralai_Mistral-7B-Instruct-v0.3,Long_Term_Orientation,1033,1,3,25.0,25.0,25.0
mistralai_Mistral-7B-Instruct-v0.3,Long_Term_Orientation,1035,1,1,50.0,50.0,50.0
mistralai_Mistral-7B-Instruct-v0.3,Long_Term_Orientation,1035,1,2,50.0,50.0,50.0
mistralai_Mistral-7B-Instruct-v0.3,Long_Term_Orientation,1035,1,3,50.0,50.0,50.0
mistralai_Mistral-7B-Instruct-v0.3,Long_Term_Orientation,1036,1,1,25.0,25.0,25.0
mistralai_Mistral-7B-Instruct-v0.3,Long_Term_Orientation,1036,1,2,25.0,25.0,25.0
mistralai_Mistral-7B-Instruct-v0.3,Long_Term_Orientation,1036,1,3,25.0,25.0,0.0
mistralai_Mistral-7B-Instruct-v0.3,Long_Term_Orientation,1039,1,1,50.0,50.0,50.0
mistralai_Mistral-7B-Instruct-v0.3,Long_Term_Orientation,1039,1,2,50.0,50.0,50.0
mistralai_Mistral-7B-Instruct-v0.3,Long_Term_Orientation,1039,1,3,50.0,50.0,50.0
mistralai_Mistral-7B-Instruct-v0.3,Long_Term_Orientation,1040,1,1,25.0,25.0,25.0
mistralai_Mistral-7B-Instruct-v0.3,Long_Term_Orientation,1040,1,2,25.0,25.0,50.0
mistralai_Mistral-7B-Instruct-v0.3,Long_Term_Orientation,1040,1,3,25.0,25.0,25.0
mistralai_Mistral-7B-Instruct-v0.3,Long_Term_Orientation,1041,1,1,25.0,25.0,25.0
mistralai_Mistral-7B-Instruct-v0.3,Long_Term_Orientation,1041,1,2,25.0,25.0,25.0
mistralai_Mistral-7B-Instruct-v0.3,Long_Term_Orientation,1041,1,3,25.0,25.0,25.0
mistralai_Mistral-7B-Instruct-v0.3,Long_Term_Orientation,1042,1,1,25.0,25.0,25.0
mistralai_Mistral-7B-Instruct-v0.3,Long_Term_Orientation,1042,1,2,25.0,25.0,25.0
mistralai_Mistral-7B-Instruct-v0.3,Long_Term_Orientation,1042,1,3,25.0,25.0,25.0
mistralai_Mistral-7B-Instruct-v0.3,Long_Term_Orientation,1043,1,1,25.0,25.0,25.0
mistralai_Mistral-7B-Instruct-v0.3,Long_Term_Orientation,1043,1,2,25.0,25.0,25.0
mistralai_Mistral-7B-Instruct-v0.3,Long_Term_Orientation,1043,1,3,25.0,25.0,25.0
mistralai_Mistral-7B-Instruct-v0.3,Long_Term_Orientation,1048,1,1,25.0,25.0,25.0
mistralai_Mistral-7B-Instruct-v0.3,Long_Term_Orientation,1048,1,2,25.0,25.0,25.0
mistralai_Mistral-7B-Instruct-v0.3,Long_Term_Orientation,1048,1,3,25.0,25.0,25.0
mistralai_Mistral-7B-Instruct-v0.3,Long_Term_Orientation,1049,1,1,25.0,25.0,25.0
mistralai_Mistral-7B-Instruct-v0.3,Long_Term_Orientation,1049,1,2,25.0,25.0,25.0
mistralai_Mistral-7B-Instruct-v0.3,Long_Term_Orientation,1049,1,3,25.0,25.0,25.0
mistralai_Mistral-7B-Instruct-v0.3,Long_Term_Orientation,1050,1,1,25.0,25.0,25.0
mistralai_Mistral-7B-Instruct-v0.3,Long_Term_Orientation,1050,1,2,25.0,25.0,25.0
mistralai_Mistral-7B-Instruct-v0.3,Long_Term_Orientation,1050,1,3,25.0,25.0,0.0
mistralai_Mistral-7B-Instruct-v0.3,Long_Term_Orientation,1052,1,1,50.0,50.0,25.0
mistralai_Mistral-7B-Instruct-v0.3,Long_Term_Orientation,1052,1,2,50.0,25.0,100.0
mistralai_Mistral-7B-Instruct-v0.3,Long_Term_Orientation,1052,1,3,50.0,50.0,0.0
mistralai_Mistral-7B-Instruct-v0.3,Long_Term_Orientation,1053,1,1,0.0,0.0,0.0
mistralai_Mistral-7B-Instruct-v0.3,Long_Term_Orientation,1053,1,2,0.0,0.0,0.0
mistralai_Mistral-7B-Instruct-v0.3,Long_Term_Orientation,1053,1,3,0.0,0.0,0.0
mistralai_Mistral-7B-Instruct-v0.3,Long_Term_Orientation,1054,1,1,0.0,0.0,0.0
mistralai_Mistral-7B-Instruct-v0.3,Long_Term_Orientation,1054,1,2,0.0,0.0,0.0
mistralai_Mistral-7B-Instruct-v0.3,Long_Term_Orientation,1054,1,3,0.0,0.0,0.0
mistralai_Mistral-7B-Instruct-v0.3,Long_Term_Orientation,1055,1,1,0.0,0.0,0.0
mistralai_Mistral-7B-Instruct-v0.3,Long_Term_Orientation,1055,1,2,0.0,0.0,25.0
mistralai_Mistral-7B-Instruct-v0.3,Long_Term_Orientation,1055,1,3,0.0,0.0,0.0
mistralai_Mistral-7B-Instruct-v0.3,Long_Term_Orientation,1056,1,1,25.0,25.0,25.0
mistralai_Mistral-7B-Instruct-v0.3,Long_Term_Orientation,1056,1,2,25.0,25.0,25.0
mistralai_Mistral-7B-Instruct-v0.3,Long_Term_Orientation,1056,1,3,25.0,25.0,25.0
mistralai_Mistral-7B-Instruct-v0.3,Long_Term_Orientation,1057,1,1,25.0,25.0,25.0
mistralai_Mistral-7B-Instruct-v0.3,Long_Term_Orientation,1057,1,2,25.0,25.0,25.0
mistralai_Mistral-7B-Instruct-v0.3,Long_Term_Orientation,1057,1,3,25.0,25.0,25.0
mistralai_Mistral-7B-Instruct-v0.3,Long_Term_Orientation,1059,1,1,25.0,25.0,25.0
mistralai_Mistral-7B-Instruct-v0.3,Long_Term_Orientation,1059,1,2,25.0,25.0,25.0
mistralai_Mistral-7B-Instruct-v0.3,Long_Term_Orientation,1059,1,3,25.0,25.0,25.0
mistralai_Mistral-7B-Instruct-v0.3,Long_Term_Orientation,1060,1,1,25.0,25.0,25.0
mistralai_Mistral-7B-Instruct-v0.3,Long_Term_Orientation,1060,1,2,25.0,25.0,50.0
mistralai_Mistral-7B-Instruct-v0.3,Long_Term_Orientation,1060,1,3,25.0,25.0,25.0
mistralai_Mistral-7B-Instruct-v0.3,Long_Term_Orientation,1061,1,1,25.0,25.0,0.0
mistralai_Mistral-7B-Instruct-v0.3,Long_Term_Orientation,1061,1,2,25.0,0.0,25.0
mistralai_Mistral-7B-Instruct-v0.3,Long_Term_Orientation,1061,1,3,25.0,0.0,0.0
mistralai_Mistral-7B-Instruct-v0.3,Long_Term_Orientation,1062,1,1,0.0,25.0,0.0
mistralai_Mistral-7B-Instruct-v0.3,Long_Term_Orientation,1062,1,2,0.0,0.0,0.0
mistralai_Mistral-7B-Instruct-v0.3,Long_Term_Orientation,1062,1,3,0.0,25.0,25.0
mistralai_Mistral-7B-Instruct-v0.3,Long_Term_Orientation,1064,1,1,50.0,50.0,50.0
mistralai_Mistral-7B-Instruct-v0.3,Long_Term_Orientation,1064,1,2,50.0,50.0,50.0
mistralai_Mistral-7B-Instruct-v0.3,Long_Term_Orientation,1064,1,3,50.0,50.0,50.0
mistralai_Mistral-7B-Instruct-v0.3,Long_Term_Orientation,1065,1,1,0.0,25.0,25.0
mistralai_Mistral-7B-Instruct-v0.3,Long_Term_Orientation,1065,1,2,0.0,0.0,25.0
mistralai_Mistral-7B-Instruct-v0.3,Long_Term_Orientation,1065,1,3,0.0,25.0,0.0
mistralai_Mistral-7B-Instruct-v0.3,Long_Term_Orientation,1066,1,1,25.0,25.0,25.0
mistralai_Mistral-7B-Instruct-v0.3,Long_Term_Orientation,1066,1,2,25.0,25.0,25.0
mistralai_Mistral-7B-Instruct-v0.3,Long_Term_Orientation,1066,1,3,25.0,50.0,50.0
mistralai_Mistral-7B-Instruct-v0.3,Long_Term_Orientation,1070,1,1,25.0,25.0,50.0
mistralai_Mistral-7B-Instruct-v0.3,Long_Term_Orientation,1070,1,2,25.0,50.0,25.0
mistralai_Mistral-7B-Instruct-v0.3,Long_Term_Orientation,1070,1,3,25.0,50.0,50.0
mistralai_Mistral-7B-Instruct-v0.3,Long_Term_Orientation,1071,1,1,0.0,0.0,0.0
mistralai_Mistral-7B-Instruct-v0.3,Long_Term_Orientation,1071,1,2,0.0,0.0,0.0
mistralai_Mistral-7B-Instruct-v0.3,Long_Term_Orientation,1071,1,3,0.0,0.0,0.0
mistralai_Mistral-7B-Instruct-v0.3,Long_Term_Orientation,1075,1,1,75.0,75.0,75.0
mistralai_Mistral-7B-Instruct-v0.3,Long_Term_Orientation,1075,1,2,75.0,75.0,75.0
mistralai_Mistral-7B-Instruct-v0.3,Long_Term_Orientation,1075,1,3,75.0,75.0,75.0
mistralai_Mistral-7B-Instruct-v0.3,Long_Term_Orientation,1076,1,1,25.0,25.0,25.0
mistralai_Mistral-7B-Instruct-v0.3,Long_Term_Orientation,1076,1,2,25.0,25.0,25.0
mistralai_Mistral-7B-Instruct-v0.3,Long_Term_Orientation,1076,1,3,25.0,25.0,25.0
mistralai_Mistral-7B-Instruct-v0.3,Long_Term_Orientation,1077,1,1,25.0,25.0,25.0
mistralai_Mistral-7B-Instruct-v0.3,Long_Term_Orientation,1077,1,2,25.0,25.0,25.0
mistralai_Mistral-7B-Instruct-v0.3,Long_Term_Orientation,1077,1,3,25.0,25.0,25.0
mistralai_Mistral-7B-Instruct-v0.3,Long_Term_Orientation,1078,1,1,50.0,50.0,50.0
mistralai_Mistral-7B-Instruct-v0.3,Long_Term_Orientation,1078,1,2,50.0,50.0,50.0
mistralai_Mistral-7B-Instruct-v0.3,Long_Term_Orientation,1078,1,3,50.0,50.0,50.0
mistralai_Mistral-7B-Instruct-v0.3,Long_Term_Orientation,1079,1,1,0.0,0.0,0.0
mistralai_Mistral-7B-Instruct-v0.3,Long_Term_Orientation,1079,1,2,0.0,0.0,0.0
mistralai_Mistral-7B-Instruct-v0.3,Long_Term_Orientation,1079,1,3,0.0,0.0,0.0
mistralai_Mistral-7B-Instruct-v0.3,Long_Term_Orientation,1080,1,1,25.0,25.0,25.0
mistralai_Mistral-7B-Instruct-v0.3,Long_Term_Orientation,1080,1,2,25.0,25.0,25.0
mistralai_Mistral-7B-Instruct-v0.3,Long_Term_Orientation,1080,1,3,25.0,25.0,25.0
mistralai_Mistral-7B-Instruct-v0.3,Long_Term_Orientation,1082,1,1,25.0,25.0,25.0
mistralai_Mistral-7B-Instruct-v0.3,Long_Term_Orientation,1082,1,2,25.0,25.0,25.0
mistralai_Mistral-7B-Instruct-v0.3,Long_Term_Orientation,1082,1,3,25.0,25.0,25.0
mistralai_Mistral-7B-Instruct-v0.3,Long_Term_Orientation,1083,1,1,25.0,25.0,25.0
mistralai_Mistral-7B-Instruct-v0.3,Long_Term_Orientation,1083,1,2,25.0,25.0,25.0
mistralai_Mistral-7B-Instruct-v0.3,Long_Term_Orientation,1083,1,3,25.0,25.0,25.0
mistralai_Mistral-7B-Instruct-v0.3,Long_Term_Orientation,1084,1,1,25.0,25.0,25.0
mistralai_Mistral-7B-Instruct-v0.3,Long_Term_Orientation,1084,1,2,25.0,25.0,25.0
mistralai_Mistral-7B-Instruct-v0.3,Long_Term_Orientation,1084,1,3,25.0,25.0,25.0
mistralai_Mistral-7B-Instruct-v0.3,Long_Term_Orientation,1085,1,1,25.0,25.0,25.0
mistralai_Mistral-7B-Instruct-v0.3,Long_Term_Orientation,1085,1,2,25.0,25.0,25.0
mistralai_Mistral-7B-Instruct-v0.3,Long_Term_Orientation,1085,1,3,25.0,25.0,25.0
mistralai_Mistral-7B-Instruct-v0.3,Long_Term_Orientation,1086,1,1,25.0,50.0,25.0
mistralai_Mistral-7B-Instruct-v0.3,Long_Term_Orientation,1086,1,2,25.0,50.0,25.0
mistralai_Mistral-7B-Instruct-v0.3,Long_Term_Orientation,1086,1,3,25.0,25.0,25.0
mistralai_Mistral-7B-Instruct-v0.3,Long_Term_Orientation,1087,1,1,25.0,25.0,25.0
mistralai_Mistral-7B-Instruct-v0.3,Long_Term_Orientation,1087,1,2,25.0,25.0,25.0
mistralai_Mistral-7B-Instruct-v0.3,Long_Term_Orientation,1087,1,3,25.0,25.0,25.0
mistralai_Mistral-7B-Instruct-v0.3,Long_Term_Orientation,1088,1,1,0.0,0.0,0.0
mistralai_Mistral-7B-Instruct-v0.3,Long_Term_Orientation,1088,1,2,0.0,0.0,0.0
mistralai_Mistral-7B-Instruct-v0.3,Long_Term_Orientation,1088,1,3,0.0,0.0,0.0
mistralai_Mistral-7B-Instruct-v0.3,Long_Term_Orientation,1089,1,1,100.0,50.0,50.0
mistralai_Mistral-7B-Instruct-v0.3,Long_Term_Orientation,1089,1,2,100.0,100.0,25.0
mistralai_Mistral-7B-Instruct-v0.3,Long_Term_Orientation,1089,1,3,100.0,50.0,100.0
mistralai_Mistral-7B-Instruct-v0.3,Long_Term_Orientation,1091,1,1,0.0,0.0,0.0
mistralai_Mistral-7B-Instruct-v0.3,Long_Term_Orientation,1091,1,2,0.0,0.0,0.0
mistralai_Mistral-7B-Instruct-v0.3,Long_Term_Orientation,1091,1,3,0.0,0.0,0.0
mistralai_Mistral-7B-Instruct-v0.3,Long_Term_Orientation,1092,1,1,25.0,25.0,25.0
mistralai_Mistral-7B-Instruct-v0.3,Long_Term_Orientation,1092,1,2,25.0,25.0,25.0
mistralai_Mistral-7B-Instruct-v0.3,Long_Term_Orientation,1092,1,3,25.0,25.0,25.0
mistralai_Mistral-7B-Instruct-v0.3,Long_Term_Orientation,1094,1,1,25.0,25.0,25.0
mistralai_Mistral-7B-Instruct-v0.3,Long_Term_Orientation,1094,1,2,25.0,25.0,25.0
mistralai_Mistral-7B-Instruct-v0.3,Long_Term_Orientation,1094,1,3,25.0,25.0,25.0
mistralai_Mistral-7B-Instruct-v0.3,Long_Term_Orientation,1096,1,1,25.0,50.0,50.0
mistralai_Mistral-7B-Instruct-v0.3,Long_Term_Orientation,1096,1,2,25.0,25.0,50.0
mistralai_Mistral-7B-Instruct-v0.3,Long_Term_Orientation,1096,1,3,25.0,50.0,50.0
mistralai_Mistral-7B-Instruct-v0.3,Long_Term_Orientation,1098,1,1,0.0,0.0,25.0
mistralai_Mistral-7B-Instruct-v0.3,Long_Term_Orientation,1098,1,2,0.0,0.0,0.0
mistralai_Mistral-7B-Instruct-v0.3,Long_Term_Orientation,1098,1,3,0.0,0.0,0.0
mistralai_Mistral-7B-Instruct-v0.3,Long_Term_Orientation,1099,1,1,25.0,25.0,25.0
mistralai_Mistral-7B-Instruct-v0.3,Long_Term_Orientation,1099,1,2,25.0,25.0,25.0
mistralai_Mistral-7B-Instruct-v0.3,Long_Term_Orientation,1099,1,3,25.0,25.0,25.0
mistralai_Mistral-7B-Instruct-v0.3,Long_Term_Orientation,1100,1,1,25.0,25.0,25.0
mistralai_Mistral-7B-Instruct-v0.3,Long_Term_Orientation,1100,1,2,25.0,25.0,25.0
mistralai_Mistral-7B-Instruct-v0.3,Long_Term_Orientation,1100,1,3,25.0,25.0,25.0
mistralai_Mistral-7B-Instruct-v0.3,Long_Term_Orientation,1101,1,1,50.0,25.0,25.0
mistralai_Mistral-7B-Instruct-v0.3,Long_Term_Orientation,1101,1,2,50.0,50.0,50.0
mistralai_Mistral-7B-Instruct-v0.3,Long_Term_Orientation,1101,1,3,50.0,50.0,25.0
mistralai_Mistral-7B-Instruct-v0.3,Long_Term_Orientation,1102,1,1,0.0,0.0,0.0
mistralai_Mistral-7B-Instruct-v0.3,Long_Term_Orientation,1102,1,2,0.0,0.0,0.0
mistralai_Mistral-7B-Instruct-v0.3,Long_Term_Orientation,1102,1,3,0.0,0.0,0.0
mistralai_Mistral-7B-Instruct-v0.3,Long_Term_Orientation,1103,1,1,25.0,25.0,25.0
mistralai_Mistral-7B-Instruct-v0.3,Long_Term_Orientation,1103,1,2,25.0,25.0,25.0
mistralai_Mistral-7B-Instruct-v0.3,Long_Term_Orientation,1103,1,3,25.0,25.0,25.0
mistralai_Mistral-7B-Instruct-v0.3,Long_Term_Orientation,1106,1,1,25.0,25.0,25.0
mistralai_Mistral-7B-Instruct-v0.3,Long_Term_Orientation,1106,1,2,25.0,25.0,25.0
mistralai_Mistral-7B-Instruct-v0.3,Long_Term_Orientation,1106,1,3,25.0,25.0,25.0
mistralai_Mistral-7B-Instruct-v0.3,Long_Term_Orientation,1107,1,1,0.0,25.0,0.0
mistralai_Mistral-7B-Instruct-v0.3,Long_Term_Orientation,1107,1,2,0.0,0.0,25.0
mistralai_Mistral-7B-Instruct-v0.3,Long_Term_Orientation,1107,1,3,0.0,0.0,0.0
mistralai_Mistral-7B-Instruct-v0.3,Long_Term_Orientation,1109,1,1,50.0,50.0,50.0
mistralai_Mistral-7B-Instruct-v0.3,Long_Term_Orientation,1109,1,2,50.0,50.0,50.0
mistralai_Mistral-7B-Instruct-v0.3,Long_Term_Orientation,1109,1,3,50.0,50.0,50.0
mistralai_Mistral-7B-Instruct-v0.3,Long_Term_Orientation,1110,1,1,50.0,50.0,50.0
mistralai_Mistral-7B-Instruct-v0.3,Long_Term_Orientation,1110,1,2,50.0,50.0,50.0
mistralai_Mistral-7B-Instruct-v0.3,Long_Term_Orientation,1110,1,3,50.0,50.0,50.0
mistralai_Mistral-7B-Instruct-v0.3,Long_Term_Orientation,1112,1,1,0.0,0.0,0.0
mistralai_Mistral-7B-Instruct-v0.3,Long_Term_Orientation,1112,1,2,0.0,0.0,0.0
mistralai_Mistral-7B-Instruct-v0.3,Long_Term_Orientation,1112,1,3,0.0,0.0,0.0
mistralai_Mistral-7B-Instruct-v0.3,Long_Term_Orientation,1113,1,1,50.0,50.0,50.0
mistralai_Mistral-7B-Instruct-v0.3,Long_Term_Orientation,1113,1,2,50.0,50.0,50.0
mistralai_Mistral-7B-Instruct-v0.3,Long_Term_Orientation,1113,1,3,50.0,50.0,50.0
mistralai_Mistral-7B-Instruct-v0.3,Long_Term_Orientation,1115,1,1,25.0,25.0,25.0
mistralai_Mistral-7B-Instruct-v0.3,Long_Term_Orientation,1115,1,2,25.0,25.0,25.0
mistralai_Mistral-7B-Instruct-v0.3,Long_Term_Orientation,1115,1,3,25.0,25.0,25.0
mistralai_Mistral-7B-Instruct-v0.3,Long_Term_Orientation,1117,1,1,25.0,0.0,0.0
mistralai_Mistral-7B-Instruct-v0.3,Long_Term_Orientation,1117,1,2,25.0,0.0,0.0
mistralai_Mistral-7B-Instruct-v0.3,Long_Term_Orientation,1117,1,3,25.0,0.0,0.0
mistralai_Mistral-7B-Instruct-v0.3,Long_Term_Orientation,1119,1,1,25.0,25.0,25.0
mistralai_Mistral-7B-Instruct-v0.3,Long_Term_Orientation,1119,1,2,25.0,25.0,25.0
mistralai_Mistral-7B-Instruct-v0.3,Long_Term_Orientation,1119,1,3,25.0,25.0,25.0
mistralai_Mistral-7B-Instruct-v0.3,Long_Term_Orientation,1120,1,1,25.0,25.0,0.0
mistralai_Mistral-7B-Instruct-v0.3,Long_Term_Orientation,1120,1,2,25.0,25.0,25.0
mistralai_Mistral-7B-Instruct-v0.3,Long_Term_Orientation,1120,1,3,25.0,25.0,25.0
mistralai_Mistral-7B-Instruct-v0.3,Long_Term_Orientation,1121,1,1,0.0,0.0,0.0
mistralai_Mistral-7B-Instruct-v0.3,Long_Term_Orientation,1121,1,2,0.0,0.0,0.0
mistralai_Mistral-7B-Instruct-v0.3,Long_Term_Orientation,1121,1,3,0.0,0.0,0.0
mistralai_Mistral-7B-Instruct-v0.3,Long_Term_Orientation,1125,1,1,75.0,75.0,75.0
mistralai_Mistral-7B-Instruct-v0.3,Long_Term_Orientation,1125,1,2,75.0,50.0,75.0
mistralai_Mistral-7B-Instruct-v0.3,Long_Term_Orientation,1125,1,3,75.0,75.0,75.0
mistralai_Mistral-7B-Instruct-v0.3,Long_Term_Orientation,1126,1,1,0.0,0.0,0.0
mistralai_Mistral-7B-Instruct-v0.3,Long_Term_Orientation,1126,1,2,0.0,0.0,0.0
mistralai_Mistral-7B-Instruct-v0.3,Long_Term_Orientation,1126,1,3,0.0,0.0,0.0
mistralai_Mistral-7B-Instruct-v0.3,Long_Term_Orientation,1128,1,1,25.0,25.0,25.0
mistralai_Mistral-7B-Instruct-v0.3,Long_Term_Orientation,1128,1,2,25.0,25.0,25.0
mistralai_Mistral-7B-Instruct-v0.3,Long_Term_Orientation,1128,1,3,25.0,25.0,50.0
mistralai_Mistral-7B-Instruct-v0.3,Long_Term_Orientation,1129,1,1,75.0,75.0,100.0
mistralai_Mistral-7B-Instruct-v0.3,Long_Term_Orientation,1129,1,2,75.0,75.0,100.0
mistralai_Mistral-7B-Instruct-v0.3,Long_Term_Orientation,1129,1,3,75.0,75.0,75.0
mistralai_Mistral-7B-Instruct-v0.3,Long_Term_Orientation,1136,1,1,50.0,50.0,50.0
mistralai_Mistral-7B-Instruct-v0.3,Long_Term_Orientation,1136,1,2,50.0,50.0,50.0
mistralai_Mistral-7B-Instruct-v0.3,Long_Term_Orientation,1136,1,3,50.0,50.0,50.0
mistralai_Mistral-7B-Instruct-v0.3,Long_Term_Orientation,1137,1,1,50.0,50.0,50.0
mistralai_Mistral-7B-Instruct-v0.3,Long_Term_Orientation,1137,1,2,50.0,50.0,50.0
mistralai_Mistral-7B-Instruct-v0.3,Long_Term_Orientation,1137,1,3,50.0,50.0,50.0
mistralai_Mistral-7B-Instruct-v0.3,Long_Term_Orientation,1139,1,1,25.0,25.0,25.0
mistralai_Mistral-7B-Instruct-v0.3,Long_Term_Orientation,1139,1,2,25.0,25.0,25.0
mistralai_Mistral-7B-Instruct-v0.3,Long_Term_Orientation,1139,1,3,25.0,0.0,25.0
mistralai_Mistral-7B-Instruct-v0.3,Long_Term_Orientation,1141,1,1,0.0,0.0,0.0
mistralai_Mistral-7B-Instruct-v0.3,Long_Term_Orientation,1141,1,2,0.0,0.0,0.0
mistralai_Mistral-7B-Instruct-v0.3,Long_Term_Orientation,1141,1,3,0.0,0.0,0.0
mistralai_Mistral-7B-Instruct-v0.3,Long_Term_Orientation,1143,1,1,25.0,25.0,25.0
mistralai_Mistral-7B-Instruct-v0.3,Long_Term_Orientation,1143,1,2,25.0,25.0,25.0
mistralai_Mistral-7B-Instruct-v0.3,Long_Term_Orientation,1143,1,3,25.0,25.0,25.0
mistralai_Mistral-7B-Instruct-v0.3,Long_Term_Orientation,1146,1,1,25.0,25.0,25.0
mistralai_Mistral-7B-Instruct-v0.3,Long_Term_Orientation,1146,1,2,25.0,25.0,25.0
mistralai_Mistral-7B-Instruct-v0.3,Long_Term_Orientation,1146,1,3,25.0,50.0,25.0
mistralai_Mistral-7B-Instruct-v0.3,Long_Term_Orientation,1148,1,1,0.0,0.0,0.0
mistralai_Mistral-7B-Instruct-v0.3,Long_Term_Orientation,1148,1,2,0.0,0.0,0.0
mistralai_Mistral-7B-Instruct-v0.3,Long_Term_Orientation,1148,1,3,0.0,0.0,0.0
mistralai_Mistral-7B-Instruct-v0.3,Long_Term_Orientation,1151,1,1,25.0,25.0,25.0
mistralai_Mistral-7B-Instruct-v0.3,Long_Term_Orientation,1151,1,2,25.0,25.0,25.0
mistralai_Mistral-7B-Instruct-v0.3,Long_Term_Orientation,1151,1,3,25.0,25.0,0.0
mistralai_Mistral-7B-Instruct-v0.3,Long_Term_Orientation,1152,1,1,0.0,0.0,0.0
mistralai_Mistral-7B-Instruct-v0.3,Long_Term_Orientation,1152,1,2,0.0,0.0,0.0
mistralai_Mistral-7B-Instruct-v0.3,Long_Term_Orientation,1152,1,3,0.0,0.0,0.0
mistralai_Mistral-7B-Instruct-v0.3,Long_Term_Orientation,1153,1,1,50.0,50.0,50.0
mistralai_Mistral-7B-Instruct-v0.3,Long_Term_Orientation,1153,1,2,50.0,50.0,50.0
mistralai_Mistral-7B-Instruct-v0.3,Long_Term_Orientation,1153,1,3,50.0,50.0,50.0
mistralai_Mistral-7B-Instruct-v0.3,Long_Term_Orientation,1154,1,1,25.0,25.0,50.0
mistralai_Mistral-7B-Instruct-v0.3,Long_Term_Orientation,1154,1,2,25.0,25.0,50.0
mistralai_Mistral-7B-Instruct-v0.3,Long_Term_Orientation,1154,1,3,25.0,25.0,25.0
mistralai_Mistral-7B-Instruct-v0.3,Long_Term_Orientation,1155,1,1,75.0,75.0,75.0
mistralai_Mistral-7B-Instruct-v0.3,Long_Term_Orientation,1155,1,2,75.0,75.0,75.0
mistralai_Mistral-7B-Instruct-v0.3,Long_Term_Orientation,1155,1,3,75.0,75.0,75.0
mistralai_Mistral-7B-Instruct-v0.3,Long_Term_Orientation,1156,1,1,25.0,25.0,25.0
mistralai_Mistral-7B-Instruct-v0.3,Long_Term_Orientation,1156,1,2,25.0,25.0,25.0
mistralai_Mistral-7B-Instruct-v0.3,Long_Term_Orientation,1156,1,3,25.0,25.0,25.0
mistralai_Mistral-7B-Instruct-v0.3,Long_Term_Orientation,1158,1,1,25.0,25.0,25.0
mistralai_Mistral-7B-Instruct-v0.3,Long_Term_Orientation,1158,1,2,25.0,25.0,25.0
mistralai_Mistral-7B-Instruct-v0.3,Long_Term_Orientation,1158,1,3,25.0,25.0,25.0
mistralai_Mistral-7B-Instruct-v0.3,Long_Term_Orientation,1159,1,1,0.0,0.0,0.0
mistralai_Mistral-7B-Instruct-v0.3,Long_Term_Orientation,1159,1,2,0.0,0.0,0.0
mistralai_Mistral-7B-Instruct-v0.3,Long_Term_Orientation,1159,1,3,0.0,0.0,0.0
mistralai_Mistral-7B-Instruct-v0.3,Long_Term_Orientation,1160,1,1,50.0,50.0,50.0
mistralai_Mistral-7B-Instruct-v0.3,Long_Term_Orientation,1160,1,2,50.0,50.0,25.0
mistralai_Mistral-7B-Instruct-v0.3,Long_Term_Orientation,1160,1,3,50.0,25.0,50.0
mistralai_Mistral-7B-Instruct-v0.3,Long_Term_Orientation,1164,1,1,25.0,25.0,25.0
mistralai_Mistral-7B-Instruct-v0.3,Long_Term_Orientation,1164,1,2,25.0,25.0,25.0
mistralai_Mistral-7B-Instruct-v0.3,Long_Term_Orientation,1164,1,3,25.0,25.0,25.0
mistralai_Mistral-7B-Instruct-v0.3,Long_Term_Orientation,1166,1,1,0.0,0.0,0.0
mistralai_Mistral-7B-Instruct-v0.3,Long_Term_Orientation,1166,1,2,0.0,0.0,0.0
mistralai_Mistral-7B-Instruct-v0.3,Long_Term_Orientation,1166,1,3,0.0,0.0,0.0
mistralai_Mistral-7B-Instruct-v0.3,Long_Term_Orientation,1168,1,1,25.0,25.0,25.0
mistralai_Mistral-7B-Instruct-v0.3,Long_Term_Orientation,1168,1,2,25.0,25.0,25.0
mistralai_Mistral-7B-Instruct-v0.3,Long_Term_Orientation,1168,1,3,25.0,25.0,25.0
mistralai_Mistral-7B-Instruct-v0.3,Long_Term_Orientation,1172,1,1,25.0,25.0,25.0
mistralai_Mistral-7B-Instruct-v0.3,Long_Term_Orientation,1172,1,2,25.0,25.0,25.0
mistralai_Mistral-7B-Instruct-v0.3,Long_Term_Orientation,1172,1,3,25.0,25.0,25.0
mistralai_Mistral-7B-Instruct-v0.3,Long_Term_Orientation,1173,1,1,25.0,25.0,25.0
mistralai_Mistral-7B-Instruct-v0.3,Long_Term_Orientation,1173,1,2,25.0,25.0,25.0
mistralai_Mistral-7B-Instruct-v0.3,Long_Term_Orientation,1173,1,3,25.0,25.0,25.0
mistralai_Mistral-7B-Instruct-v0.3,Long_Term_Orientation,1179,1,1,25.0,25.0,0.0
mistralai_Mistral-7B-Instruct-v0.3,Long_Term_Orientation,1179,1,2,25.0,0.0,25.0
mistralai_Mistral-7B-Instruct-v0.3,Long_Term_Orientation,1179,1,3,25.0,0.0,25.0
mistralai_Mistral-7B-Instruct-v0.3,Long_Term_Orientation,1180,1,1,50.0,50.0,50.0
mistralai_Mistral-7B-Instruct-v0.3,Long_Term_Orientation,1180,1,2,50.0,50.0,50.0
mistralai_Mistral-7B-Instruct-v0.3,Long_Term_Orientation,1180,1,3,50.0,50.0,50.0
mistralai_Mistral-7B-Instruct-v0.3,Long_Term_Orientation,1181,1,1,25.0,25.0,25.0
mistralai_Mistral-7B-Instruct-v0.3,Long_Term_Orientation,1181,1,2,25.0,25.0,0.0
mistralai_Mistral-7B-Instruct-v0.3,Long_Term_Orientation,1181,1,3,25.0,25.0,0.0
mistralai_Mistral-7B-Instruct-v0.3,Long_Term_Orientation,1187,1,1,25.0,25.0,0.0
mistralai_Mistral-7B-Instruct-v0.3,Long_Term_Orientation,1187,1,2,25.0,25.0,25.0
mistralai_Mistral-7B-Instruct-v0.3,Long_Term_Orientation,1187,1,3,25.0,25.0,25.0
mistralai_Mistral-7B-Instruct-v0.3,Long_Term_Orientation,1189,1,1,25.0,25.0,25.0
mistralai_Mistral-7B-Instruct-v0.3,Long_Term_Orientation,1189,1,2,25.0,25.0,25.0
mistralai_Mistral-7B-Instruct-v0.3,Long_Term_Orientation,1189,1,3,25.0,25.0,25.0
mistralai_Mistral-7B-Instruct-v0.3,Long_Term_Orientation,1194,1,1,0.0,0.0,0.0
mistralai_Mistral-7B-Instruct-v0.3,Long_Term_Orientation,1194,1,2,0.0,0.0,0.0
mistralai_Mistral-7B-Instruct-v0.3,Long_Term_Orientation,1194,1,3,0.0,25.0,0.0
mistralai_Mistral-7B-Instruct-v0.3,Long_Term_Orientation,1218,1,1,100.0,100.0,100.0
mistralai_Mistral-7B-Instruct-v0.3,Long_Term_Orientation,1218,1,2,100.0,100.0,100.0
mistralai_Mistral-7B-Instruct-v0.3,Long_Term_Orientation,1218,1,3,100.0,100.0,100.0
mistralai_Mistral-7B-Instruct-v0.3,Long_Term_Orientation,1239,1,1,50.0,50.0,50.0
mistralai_Mistral-7B-Instruct-v0.3,Long_Term_Orientation,1239,1,2,50.0,50.0,50.0
mistralai_Mistral-7B-Instruct-v0.3,Long_Term_Orientation,1239,1,3,50.0,50.0,50.0
mistralai_Mistral-7B-Instruct-v0.3,Long_Term_Orientation,1240,1,1,25.0,100.0,100.0
mistralai_Mistral-7B-Instruct-v0.3,Long_Term_Orientation,1240,1,2,25.0,25.0,50.0
mistralai_Mistral-7B-Instruct-v0.3,Long_Term_Orientation,1240,1,3,25.0,100.0,25.0
mistralai_Mistral-7B-Instruct-v0.3,Long_Term_Orientation,975,1,1,50.0,50.0,50.0
mistralai_Mistral-7B-Instruct-v0.3,Long_Term_Orientation,975,1,2,50.0,50.0,50.0
mistralai_Mistral-7B-Instruct-v0.3,Long_Term_Orientation,975,1,3,50.0,50.0,50.0
mistralai_Mistral-7B-Instruct-v0.3,Long_Term_Orientation,976,1,1,0.0,0.0,0.0
mistralai_Mistral-7B-Instruct-v0.3,Long_Term_Orientation,976,1,2,0.0,0.0,25.0
mistralai_Mistral-7B-Instruct-v0.3,Long_Term_Orientation,976,1,3,0.0,0.0,25.0
mistralai_Mistral-7B-Instruct-v0.3,Long_Term_Orientation,977,1,1,0.0,25.0,0.0
mistralai_Mistral-7B-Instruct-v0.3,Long_Term_Orientation,977,1,2,0.0,0.0,0.0
mistralai_Mistral-7B-Instruct-v0.3,Long_Term_Orientation,977,1,3,0.0,0.0,0.0
mistralai_Mistral-7B-Instruct-v0.3,Long_Term_Orientation,978,1,1,0.0,0.0,0.0
mistralai_Mistral-7B-Instruct-v0.3,Long_Term_Orientation,978,1,2,0.0,0.0,0.0
mistralai_Mistral-7B-Instruct-v0.3,Long_Term_Orientation,978,1,3,0.0,0.0,0.0
mistralai_Mistral-7B-Instruct-v0.3,Long_Term_Orientation,979,1,1,0.0,0.0,0.0
mistralai_Mistral-7B-Instruct-v0.3,Long_Term_Orientation,979,1,2,0.0,0.0,0.0
mistralai_Mistral-7B-Instruct-v0.3,Long_Term_Orientation,979,1,3,0.0,0.0,0.0
mistralai_Mistral-7B-Instruct-v0.3,Long_Term_Orientation,980,1,1,0.0,0.0,0.0
mistralai_Mistral-7B-Instruct-v0.3,Long_Term_Orientation,980,1,2,0.0,0.0,0.0
mistralai_Mistral-7B-Instruct-v0.3,Long_Term_Orientation,980,1,3,0.0,0.0,0.0
mistralai_Mistral-7B-Instruct-v0.3,Long_Term_Orientation,981,1,1,25.0,25.0,25.0
mistralai_Mistral-7B-Instruct-v0.3,Long_Term_Orientation,981,1,2,25.0,25.0,25.0
mistralai_Mistral-7B-Instruct-v0.3,Long_Term_Orientation,981,1,3,25.0,25.0,25.0
mistralai_Mistral-7B-Instruct-v0.3,Long_Term_Orientation,982,1,1,50.0,50.0,50.0
mistralai_Mistral-7B-Instruct-v0.3,Long_Term_Orientation,982,1,2,50.0,50.0,50.0
mistralai_Mistral-7B-Instruct-v0.3,Long_Term_Orientation,982,1,3,50.0,50.0,50.0
mistralai_Mistral-7B-Instruct-v0.3,Long_Term_Orientation,983,1,1,0.0,0.0,0.0
mistralai_Mistral-7B-Instruct-v0.3,Long_Term_Orientation,983,1,2,0.0,0.0,0.0
mistralai_Mistral-7B-Instruct-v0.3,Long_Term_Orientation,983,1,3,0.0,0.0,0.0
mistralai_Mistral-7B-Instruct-v0.3,Long_Term_Orientation,984,1,1,25.0,25.0,25.0
mistralai_Mistral-7B-Instruct-v0.3,Long_Term_Orientation,984,1,2,25.0,25.0,25.0
mistralai_Mistral-7B-Instruct-v0.3,Long_Term_Orientation,984,1,3,25.0,25.0,25.0
mistralai_Mistral-7B-Instruct-v0.3,Long_Term_Orientation,985,1,1,0.0,0.0,0.0
mistralai_Mistral-7B-Instruct-v0.3,Long_Term_Orientation,985,1,2,0.0,0.0,0.0
mistralai_Mistral-7B-Instruct-v0.3,Long_Term_Orientation,985,1,3,0.0,0.0,0.0
mistralai_Mistral-7B-Instruct-v0.3,Long_Term_Orientation,987,1,1,100.0,100.0,100.0
mistralai_Mistral-7B-Instruct-v0.3,Long_Term_Orientation,987,1,2,100.0,100.0,100.0
mistralai_Mistral-7B-Instruct-v0.3,Long_Term_Orientation,987,1,3,100.0,100.0,100.0
mistralai_Mistral-7B-Instruct-v0.3,Long_Term_Orientation,989,1,1,75.0,75.0,75.0
mistralai_Mistral-7B-Instruct-v0.3,Long_Term_Orientation,989,1,2,75.0,75.0,75.0
mistralai_Mistral-7B-Instruct-v0.3,Long_Term_Orientation,989,1,3,75.0,100.0,75.0
mistralai_Mistral-7B-Instruct-v0.3,Long_Term_Orientation,990,1,1,0.0,0.0,0.0
mistralai_Mistral-7B-Instruct-v0.3,Long_Term_Orientation,990,1,2,0.0,0.0,0.0
mistralai_Mistral-7B-Instruct-v0.3,Long_Term_Orientation,990,1,3,0.0,0.0,0.0
mistralai_Mistral-7B-Instruct-v0.3,Long_Term_Orientation,991,1,1,25.0,50.0,50.0
mistralai_Mistral-7B-Instruct-v0.3,Long_Term_Orientation,991,1,2,25.0,50.0,25.0
mistralai_Mistral-7B-Instruct-v0.3,Long_Term_Orientation,991,1,3,25.0,25.0,25.0
mistralai_Mistral-7B-Instruct-v0.3,Long_Term_Orientation,992,1,1,50.0,50.0,50.0
mistralai_Mistral-7B-Instruct-v0.3,Long_Term_Orientation,992,1,2,50.0,50.0,50.0
mistralai_Mistral-7B-Instruct-v0.3,Long_Term_Orientation,992,1,3,50.0,50.0,50.0
mistralai_Mistral-7B-Instruct-v0.3,Long_Term_Orientation,994,1,1,25.0,25.0,25.0
mistralai_Mistral-7B-Instruct-v0.3,Long_Term_Orientation,994,1,2,25.0,25.0,25.0
mistralai_Mistral-7B-Instruct-v0.3,Long_Term_Orientation,994,1,3,25.0,25.0,25.0
mistralai_Mistral-7B-Instruct-v0.3,Long_Term_Orientation,995,1,1,25.0,25.0,25.0
mistralai_Mistral-7B-Instruct-v0.3,Long_Term_Orientation,995,1,2,25.0,25.0,25.0
mistralai_Mistral-7B-Instruct-v0.3,Long_Term_Orientation,995,1,3,25.0,25.0,25.0
mistralai_Mistral-7B-Instruct-v0.3,Long_Term_Orientation,996,1,1,25.0,25.0,25.0
mistralai_Mistral-7B-Instruct-v0.3,Long_Term_Orientation,996,1,2,25.0,25.0,25.0
mistralai_Mistral-7B-Instruct-v0.3,Long_Term_Orientation,996,1,3,25.0,25.0,25.0
mistralai_Mistral-7B-Instruct-v0.3,Long_Term_Orientation,997,1,1,25.0,25.0,25.0
mistralai_Mistral-7B-Instruct-v0.3,Long_Term_Orientation,997,1,2,25.0,25.0,25.0
mistralai_Mistral-7B-Instruct-v0.3,Long_Term_Orientation,997,1,3,25.0,25.0,25.0
mistralai_Mistral-7B-Instruct-v0.3,Long_Term_Orientation,998,1,1,25.0,25.0,25.0
mistralai_Mistral-7B-Instruct-v0.3,Long_Term_Orientation,998,1,2,25.0,25.0,25.0
mistralai_Mistral-7B-Instruct-v0.3,Long_Term_Orientation,998,1,3,25.0,25.0,25.0
mistralai_Mistral-7B-Instruct-v0.3,Masculinity,1459,1,1,50.0,50.0,50.0
mistralai_Mistral-7B-Instruct-v0.3,Masculinity,1459,1,2,50.0,50.0,50.0
mistralai_Mistral-7B-Instruct-v0.3,Masculinity,1459,1,3,50.0,50.0,50.0
mistralai_Mistral-7B-Instruct-v0.3,Masculinity,1461,1,1,75.0,75.0,75.0
mistralai_Mistral-7B-Instruct-v0.3,Masculinity,1461,1,2,75.0,75.0,75.0
mistralai_Mistral-7B-Instruct-v0.3,Masculinity,1461,1,3,75.0,75.0,75.0
mistralai_Mistral-7B-Instruct-v0.3,Masculinity,1463,1,1,50.0,50.0,50.0
mistralai_Mistral-7B-Instruct-v0.3,Masculinity,1463,1,2,50.0,50.0,50.0
mistralai_Mistral-7B-Instruct-v0.3,Masculinity,1463,1,3,50.0,50.0,50.0
mistralai_Mistral-7B-Instruct-v0.3,Masculinity,1464,1,1,50.0,50.0,50.0
mistralai_Mistral-7B-Instruct-v0.3,Masculinity,1464,1,2,50.0,50.0,50.0
mistralai_Mistral-7B-Instruct-v0.3,Masculinity,1464,1,3,50.0,50.0,50.0
mistralai_Mistral-7B-Instruct-v0.3,Masculinity,1465,1,1,50.0,50.0,50.0
mistralai_Mistral-7B-Instruct-v0.3,Masculinity,1465,1,2,50.0,50.0,50.0
mistralai_Mistral-7B-Instruct-v0.3,Masculinity,1465,1,3,50.0,50.0,50.0
mistralai_Mistral-7B-Instruct-v0.3,Masculinity,1466,1,1,0.0,0.0,25.0
mistralai_Mistral-7B-Instruct-v0.3,Masculinity,1466,1,2,0.0,0.0,0.0
mistralai_Mistral-7B-Instruct-v0.3,Masculinity,1466,1,3,0.0,0.0,0.0
mistralai_Mistral-7B-Instruct-v0.3,Masculinity,1467,1,1,25.0,25.0,25.0
mistralai_Mistral-7B-Instruct-v0.3,Masculinity,1467,1,2,25.0,25.0,25.0
mistralai_Mistral-7B-Instruct-v0.3,Masculinity,1467,1,3,25.0,25.0,25.0
mistralai_Mistral-7B-Instruct-v0.3,Masculinity,1468,1,1,25.0,25.0,25.0
mistralai_Mistral-7B-Instruct-v0.3,Masculinity,1468,1,2,25.0,25.0,25.0
mistralai_Mistral-7B-Instruct-v0.3,Masculinity,1468,1,3,25.0,25.0,25.0
mistralai_Mistral-7B-Instruct-v0.3,Masculinity,1470,1,1,50.0,75.0,50.0
mistralai_Mistral-7B-Instruct-v0.3,Masculinity,1470,1,2,50.0,50.0,75.0
mistralai_Mistral-7B-Instruct-v0.3,Masculinity,1470,1,3,50.0,75.0,75.0
mistralai_Mistral-7B-Instruct-v0.3,Masculinity,1471,1,1,50.0,25.0,50.0
mistralai_Mistral-7B-Instruct-v0.3,Masculinity,1471,1,2,50.0,100.0,50.0
mistralai_Mistral-7B-Instruct-v0.3,Masculinity,1471,1,3,50.0,50.0,50.0
mistralai_Mistral-7B-Instruct-v0.3,Masculinity,1472,1,1,25.0,25.0,25.0
mistralai_Mistral-7B-Instruct-v0.3,Masculinity,1472,1,2,25.0,25.0,25.0
mistralai_Mistral-7B-Instruct-v0.3,Masculinity,1472,1,3,25.0,25.0,25.0
mistralai_Mistral-7B-Instruct-v0.3,Masculinity,1473,1,1,50.0,50.0,50.0
mistralai_Mistral-7B-Instruct-v0.3,Masculinity,1473,1,2,50.0,50.0,50.0
mistralai_Mistral-7B-Instruct-v0.3,Masculinity,1473,1,3,50.0,50.0,50.0
mistralai_Mistral-7B-Instruct-v0.3,Masculinity,1474,1,1,50.0,50.0,50.0
mistralai_Mistral-7B-Instruct-v0.3,Masculinity,1474,1,2,50.0,50.0,75.0
mistralai_Mistral-7B-Instruct-v0.3,Masculinity,1474,1,3,50.0,50.0,50.0
mistralai_Mistral-7B-Instruct-v0.3,Masculinity,1475,1,1,50.0,25.0,25.0
mistralai_Mistral-7B-Instruct-v0.3,Masculinity,1475,1,2,50.0,50.0,25.0
mistralai_Mistral-7B-Instruct-v0.3,Masculinity,1475,1,3,50.0,50.0,25.0
mistralai_Mistral-7B-Instruct-v0.3,Masculinity,1476,1,1,25.0,25.0,25.0
mistralai_Mistral-7B-Instruct-v0.3,Masculinity,1476,1,2,25.0,25.0,25.0
mistralai_Mistral-7B-Instruct-v0.3,Masculinity,1476,1,3,25.0,25.0,25.0
mistralai_Mistral-7B-Instruct-v0.3,Masculinity,1477,1,1,25.0,25.0,25.0
mistralai_Mistral-7B-Instruct-v0.3,Masculinity,1477,1,2,25.0,25.0,25.0
mistralai_Mistral-7B-Instruct-v0.3,Masculinity,1477,1,3,25.0,25.0,25.0
mistralai_Mistral-7B-Instruct-v0.3,Masculinity,1478,1,1,25.0,25.0,25.0
mistralai_Mistral-7B-Instruct-v0.3,Masculinity,1478,1,2,25.0,25.0,25.0
mistralai_Mistral-7B-Instruct-v0.3,Masculinity,1478,1,3,25.0,25.0,25.0
mistralai_Mistral-7B-Instruct-v0.3,Masculinity,1480,1,1,0.0,0.0,0.0
mistralai_Mistral-7B-Instruct-v0.3,Masculinity,1480,1,2,0.0,0.0,0.0
mistralai_Mistral-7B-Instruct-v0.3,Masculinity,1480,1,3,0.0,0.0,0.0
mistralai_Mistral-7B-Instruct-v0.3,Masculinity,1481,1,1,25.0,25.0,25.0
mistralai_Mistral-7B-Instruct-v0.3,Masculinity,1481,1,2,25.0,25.0,25.0
mistralai_Mistral-7B-Instruct-v0.3,Masculinity,1481,1,3,25.0,25.0,25.0
mistralai_Mistral-7B-Instruct-v0.3,Masculinity,1482,1,1,50.0,50.0,50.0
mistralai_Mistral-7B-Instruct-v0.3,Masculinity,1482,1,2,50.0,50.0,50.0
mistralai_Mistral-7B-Instruct-v0.3,Masculinity,1482,1,3,50.0,50.0,50.0
mistralai_Mistral-7B-Instruct-v0.3,Masculinity,1486,1,1,75.0,75.0,75.0
mistralai_Mistral-7B-Instruct-v0.3,Masculinity,1486,1,2,75.0,75.0,75.0
mistralai_Mistral-7B-Instruct-v0.3,Masculinity,1486,1,3,75.0,75.0,75.0
mistralai_Mistral-7B-Instruct-v0.3,Masculinity,1487,1,1,25.0,25.0,25.0
mistralai_Mistral-7B-Instruct-v0.3,Masculinity,1487,1,2,25.0,25.0,25.0
mistralai_Mistral-7B-Instruct-v0.3,Masculinity,1487,1,3,25.0,25.0,25.0
mistralai_Mistral-7B-Instruct-v0.3,Masculinity,1490,1,1,100.0,100.0,100.0
mistralai_Mistral-7B-Instruct-v0.3,Masculinity,1490,1,2,100.0,100.0,100.0
mistralai_Mistral-7B-Instruct-v0.3,Masculinity,1490,1,3,100.0,100.0,50.0
mistralai_Mistral-7B-Instruct-v0.3,Masculinity,1492,1,1,0.0,0.0,0.0
mistralai_Mistral-7B-Instruct-v0.3,Masculinity,1492,1,2,0.0,0.0,0.0
mistralai_Mistral-7B-Instruct-v0.3,Masculinity,1492,1,3,0.0,0.0,0.0
mistralai_Mistral-7B-Instruct-v0.3,Masculinity,1493,1,1,25.0,25.0,25.0
mistralai_Mistral-7B-Instruct-v0.3,Masculinity,1493,1,2,25.0,25.0,25.0
mistralai_Mistral-7B-Instruct-v0.3,Masculinity,1493,1,3,25.0,25.0,25.0
mistralai_Mistral-7B-Instruct-v0.3,Masculinity,1495,1,1,25.0,25.0,25.0
mistralai_Mistral-7B-Instruct-v0.3,Masculinity,1495,1,2,25.0,25.0,25.0
mistralai_Mistral-7B-Instruct-v0.3,Masculinity,1495,1,3,25.0,25.0,25.0
mistralai_Mistral-7B-Instruct-v0.3,Masculinity,1497,1,1,50.0,50.0,50.0
mistralai_Mistral-7B-Instruct-v0.3,Masculinity,1497,1,2,50.0,50.0,50.0
mistralai_Mistral-7B-Instruct-v0.3,Masculinity,1497,1,3,50.0,50.0,50.0
mistralai_Mistral-7B-Instruct-v0.3,Masculinity,1498,1,1,100.0,100.0,100.0
mistralai_Mistral-7B-Instruct-v0.3,Masculinity,1498,1,2,100.0,100.0,100.0
mistralai_Mistral-7B-Instruct-v0.3,Masculinity,1498,1,3,100.0,100.0,100.0
mistralai_Mistral-7B-Instruct-v0.3,Masculinity,1499,1,1,25.0,25.0,0.0
mistralai_Mistral-7B-Instruct-v0.3,Masculinity,1499,1,2,25.0,0.0,0.0
mistralai_Mistral-7B-Instruct-v0.3,Masculinity,1499,1,3,25.0,25.0,25.0
mistralai_Mistral-7B-Instruct-v0.3,Masculinity,1500,1,1,25.0,25.0,25.0
mistralai_Mistral-7B-Instruct-v0.3,Masculinity,1500,1,2,25.0,25.0,25.0
mistralai_Mistral-7B-Instruct-v0.3,Masculinity,1500,1,3,25.0,25.0,25.0
mistralai_Mistral-7B-Instruct-v0.3,Masculinity,1501,1,1,25.0,25.0,25.0
mistralai_Mistral-7B-Instruct-v0.3,Masculinity,1501,1,2,25.0,25.0,25.0
mistralai_Mistral-7B-Instruct-v0.3,Masculinity,1501,1,3,25.0,25.0,25.0
mistralai_Mistral-7B-Instruct-v0.3,Masculinity,1502,1,1,50.0,50.0,50.0
mistralai_Mistral-7B-Instruct-v0.3,Masculinity,1502,1,2,50.0,50.0,50.0
mistralai_Mistral-7B-Instruct-v0.3,Masculinity,1502,1,3,50.0,50.0,50.0
mistralai_Mistral-7B-Instruct-v0.3,Masculinity,1504,1,1,75.0,75.0,75.0
mistralai_Mistral-7B-Instruct-v0.3,Masculinity,1504,1,2,75.0,75.0,75.0
mistralai_Mistral-7B-Instruct-v0.3,Masculinity,1504,1,3,75.0,75.0,75.0
mistralai_Mistral-7B-Instruct-v0.3,Masculinity,1505,1,1,50.0,50.0,50.0
mistralai_Mistral-7B-Instruct-v0.3,Masculinity,1505,1,2,50.0,50.0,50.0
mistralai_Mistral-7B-Instruct-v0.3,Masculinity,1505,1,3,50.0,50.0,50.0
mistralai_Mistral-7B-Instruct-v0.3,Masculinity,1506,1,1,75.0,75.0,75.0
mistralai_Mistral-7B-Instruct-v0.3,Masculinity,1506,1,2,75.0,75.0,75.0
mistralai_Mistral-7B-Instruct-v0.3,Masculinity,1506,1,3,75.0,75.0,75.0
mistralai_Mistral-7B-Instruct-v0.3,Masculinity,1508,1,1,75.0,75.0,75.0
mistralai_Mistral-7B-Instruct-v0.3,Masculinity,1508,1,2,75.0,75.0,75.0
mistralai_Mistral-7B-Instruct-v0.3,Masculinity,1508,1,3,75.0,75.0,75.0
mistralai_Mistral-7B-Instruct-v0.3,Masculinity,1509,1,1,25.0,25.0,25.0
mistralai_Mistral-7B-Instruct-v0.3,Masculinity,1509,1,2,25.0,25.0,25.0
mistralai_Mistral-7B-Instruct-v0.3,Masculinity,1509,1,3,25.0,25.0,25.0
mistralai_Mistral-7B-Instruct-v0.3,Masculinity,1511,1,1,50.0,50.0,50.0
mistralai_Mistral-7B-Instruct-v0.3,Masculinity,1511,1,2,50.0,50.0,50.0
mistralai_Mistral-7B-Instruct-v0.3,Masculinity,1511,1,3,50.0,50.0,50.0
mistralai_Mistral-7B-Instruct-v0.3,Masculinity,1512,1,1,75.0,75.0,50.0
mistralai_Mistral-7B-Instruct-v0.3,Masculinity,1512,1,2,75.0,75.0,75.0
mistralai_Mistral-7B-Instruct-v0.3,Masculinity,1512,1,3,75.0,75.0,50.0
mistralai_Mistral-7B-Instruct-v0.3,Masculinity,1515,1,1,50.0,50.0,50.0
mistralai_Mistral-7B-Instruct-v0.3,Masculinity,1515,1,2,50.0,50.0,50.0
mistralai_Mistral-7B-Instruct-v0.3,Masculinity,1515,1,3,50.0,50.0,50.0
mistralai_Mistral-7B-Instruct-v0.3,Masculinity,1519,1,1,50.0,50.0,75.0
mistralai_Mistral-7B-Instruct-v0.3,Masculinity,1519,1,2,50.0,50.0,75.0
mistralai_Mistral-7B-Instruct-v0.3,Masculinity,1519,1,3,50.0,50.0,25.0
mistralai_Mistral-7B-Instruct-v0.3,Masculinity,1520,1,1,25.0,0.0,50.0
mistralai_Mistral-7B-Instruct-v0.3,Masculinity,1520,1,2,25.0,25.0,25.0
mistralai_Mistral-7B-Instruct-v0.3,Masculinity,1520,1,3,25.0,25.0,25.0
mistralai_Mistral-7B-Instruct-v0.3,Masculinity,1522,1,1,25.0,25.0,25.0
mistralai_Mistral-7B-Instruct-v0.3,Masculinity,1522,1,2,25.0,25.0,50.0
mistralai_Mistral-7B-Instruct-v0.3,Masculinity,1522,1,3,25.0,25.0,50.0
mistralai_Mistral-7B-Instruct-v0.3,Masculinity,1523,1,1,100.0,100.0,100.0
mistralai_Mistral-7B-Instruct-v0.3,Masculinity,1523,1,2,100.0,100.0,100.0
mistralai_Mistral-7B-Instruct-v0.3,Masculinity,1523,1,3,100.0,100.0,100.0
mistralai_Mistral-7B-Instruct-v0.3,Masculinity,1524,1,1,50.0,50.0,50.0
mistralai_Mistral-7B-Instruct-v0.3,Masculinity,1524,1,2,50.0,50.0,50.0
mistralai_Mistral-7B-Instruct-v0.3,Masculinity,1524,1,3,50.0,50.0,50.0
mistralai_Mistral-7B-Instruct-v0.3,Masculinity,1525,1,1,25.0,25.0,50.0
mistralai_Mistral-7B-Instruct-v0.3,Masculinity,1525,1,2,25.0,25.0,50.0
mistralai_Mistral-7B-Instruct-v0.3,Masculinity,1525,1,3,25.0,50.0,25.0
mistralai_Mistral-7B-Instruct-v0.3,Masculinity,1526,1,1,0.0,0.0,0.0
mistralai_Mistral-7B-Instruct-v0.3,Masculinity,1526,1,2,0.0,0.0,0.0
mistralai_Mistral-7B-Instruct-v0.3,Masculinity,1526,1,3,0.0,0.0,0.0
mistralai_Mistral-7B-Instruct-v0.3,Masculinity,1528,1,1,75.0,75.0,75.0
mistralai_Mistral-7B-Instruct-v0.3,Masculinity,1528,1,2,75.0,75.0,75.0
mistralai_Mistral-7B-Instruct-v0.3,Masculinity,1528,1,3,75.0,75.0,75.0
mistralai_Mistral-7B-Instruct-v0.3,Masculinity,1529,1,1,50.0,50.0,50.0
mistralai_Mistral-7B-Instruct-v0.3,Masculinity,1529,1,2,50.0,25.0,50.0
mistralai_Mistral-7B-Instruct-v0.3,Masculinity,1529,1,3,50.0,75.0,75.0
mistralai_Mistral-7B-Instruct-v0.3,Masculinity,1532,1,1,75.0,75.0,75.0
mistralai_Mistral-7B-Instruct-v0.3,Masculinity,1532,1,2,75.0,75.0,75.0
mistralai_Mistral-7B-Instruct-v0.3,Masculinity,1532,1,3,75.0,75.0,75.0
mistralai_Mistral-7B-Instruct-v0.3,Masculinity,1533,1,1,50.0,50.0,50.0
mistralai_Mistral-7B-Instruct-v0.3,Masculinity,1533,1,2,50.0,100.0,50.0
mistralai_Mistral-7B-Instruct-v0.3,Masculinity,1533,1,3,50.0,100.0,50.0
mistralai_Mistral-7B-Instruct-v0.3,Masculinity,1534,1,1,50.0,50.0,50.0
mistralai_Mistral-7B-Instruct-v0.3,Masculinity,1534,1,2,50.0,50.0,50.0
mistralai_Mistral-7B-Instruct-v0.3,Masculinity,1534,1,3,50.0,50.0,50.0
mistralai_Mistral-7B-Instruct-v0.3,Masculinity,1538,1,1,50.0,50.0,50.0
mistralai_Mistral-7B-Instruct-v0.3,Masculinity,1538,1,2,50.0,50.0,50.0
mistralai_Mistral-7B-Instruct-v0.3,Masculinity,1538,1,3,50.0,50.0,50.0
mistralai_Mistral-7B-Instruct-v0.3,Masculinity,1539,1,1,25.0,25.0,25.0
mistralai_Mistral-7B-Instruct-v0.3,Masculinity,1539,1,2,25.0,25.0,25.0
mistralai_Mistral-7B-Instruct-v0.3,Masculinity,1539,1,3,25.0,25.0,25.0
mistralai_Mistral-7B-Instruct-v0.3,Masculinity,1541,1,1,50.0,50.0,50.0
mistralai_Mistral-7B-Instruct-v0.3,Masculinity,1541,1,2,50.0,75.0,50.0
mistralai_Mistral-7B-Instruct-v0.3,Masculinity,1541,1,3,50.0,75.0,50.0
mistralai_Mistral-7B-Instruct-v0.3,Masculinity,1542,1,1,25.0,25.0,25.0
mistralai_Mistral-7B-Instruct-v0.3,Masculinity,1542,1,2,25.0,25.0,25.0
mistralai_Mistral-7B-Instruct-v0.3,Masculinity,1542,1,3,25.0,25.0,25.0
mistralai_Mistral-7B-Instruct-v0.3,Masculinity,1543,1,1,25.0,25.0,25.0
mistralai_Mistral-7B-Instruct-v0.3,Masculinity,1543,1,2,25.0,25.0,25.0
mistralai_Mistral-7B-Instruct-v0.3,Masculinity,1543,1,3,25.0,25.0,50.0
mistralai_Mistral-7B-Instruct-v0.3,Masculinity,1544,1,1,25.0,50.0,50.0
mistralai_Mistral-7B-Instruct-v0.3,Masculinity,1544,1,2,25.0,25.0,50.0
mistralai_Mistral-7B-Instruct-v0.3,Masculinity,1544,1,3,25.0,25.0,25.0
mistralai_Mistral-7B-Instruct-v0.3,Masculinity,1546,1,1,50.0,50.0,50.0
mistralai_Mistral-7B-Instruct-v0.3,Masculinity,1546,1,2,50.0,75.0,50.0
mistralai_Mistral-7B-Instruct-v0.3,Masculinity,1546,1,3,50.0,50.0,50.0
mistralai_Mistral-7B-Instruct-v0.3,Masculinity,1548,1,1,25.0,25.0,25.0
mistralai_Mistral-7B-Instruct-v0.3,Masculinity,1548,1,2,25.0,25.0,25.0
mistralai_Mistral-7B-Instruct-v0.3,Masculinity,1548,1,3,25.0,25.0,25.0
mistralai_Mistral-7B-Instruct-v0.3,Masculinity,1549,1,1,50.0,50.0,50.0
mistralai_Mistral-7B-Instruct-v0.3,Masculinity,1549,1,2,50.0,50.0,50.0
mistralai_Mistral-7B-Instruct-v0.3,Masculinity,1549,1,3,50.0,50.0,50.0
mistralai_Mistral-7B-Instruct-v0.3,Masculinity,1551,1,1,25.0,25.0,25.0
mistralai_Mistral-7B-Instruct-v0.3,Masculinity,1551,1,2,25.0,25.0,25.0
mistralai_Mistral-7B-Instruct-v0.3,Masculinity,1551,1,3,25.0,25.0,25.0
mistralai_Mistral-7B-Instruct-v0.3,Masculinity,1552,1,1,25.0,25.0,25.0
mistralai_Mistral-7B-Instruct-v0.3,Masculinity,1552,1,2,25.0,25.0,75.0
mistralai_Mistral-7B-Instruct-v0.3,Masculinity,1552,1,3,25.0,25.0,25.0
mistralai_Mistral-7B-Instruct-v0.3,Masculinity,1553,1,1,75.0,75.0,75.0
mistralai_Mistral-7B-Instruct-v0.3,Masculinity,1553,1,2,75.0,75.0,75.0
mistralai_Mistral-7B-Instruct-v0.3,Masculinity,1553,1,3,75.0,75.0,75.0
mistralai_Mistral-7B-Instruct-v0.3,Masculinity,1554,1,1,50.0,50.0,50.0
mistralai_Mistral-7B-Instruct-v0.3,Masculinity,1554,1,2,50.0,50.0,50.0
mistralai_Mistral-7B-Instruct-v0.3,Masculinity,1554,1,3,50.0,50.0,50.0
mistralai_Mistral-7B-Instruct-v0.3,Masculinity,1555,1,1,25.0,25.0,25.0
mistralai_Mistral-7B-Instruct-v0.3,Masculinity,1555,1,2,25.0,25.0,25.0
mistralai_Mistral-7B-Instruct-v0.3,Masculinity,1555,1,3,25.0,25.0,25.0
mistralai_Mistral-7B-Instruct-v0.3,Masculinity,1556,1,1,25.0,25.0,25.0
mistralai_Mistral-7B-Instruct-v0.3,Masculinity,1556,1,2,25.0,25.0,25.0
mistralai_Mistral-7B-Instruct-v0.3,Masculinity,1556,1,3,25.0,25.0,25.0
mistralai_Mistral-7B-Instruct-v0.3,Masculinity,1557,1,1,50.0,50.0,50.0
mistralai_Mistral-7B-Instruct-v0.3,Masculinity,1557,1,2,50.0,50.0,50.0
mistralai_Mistral-7B-Instruct-v0.3,Masculinity,1557,1,3,50.0,50.0,50.0
mistralai_Mistral-7B-Instruct-v0.3,Masculinity,1560,1,1,50.0,75.0,75.0
mistralai_Mistral-7B-Instruct-v0.3,Masculinity,1560,1,2,50.0,75.0,75.0
mistralai_Mistral-7B-Instruct-v0.3,Masculinity,1560,1,3,50.0,50.0,50.0
mistralai_Mistral-7B-Instruct-v0.3,Masculinity,1561,1,1,75.0,75.0,75.0
mistralai_Mistral-7B-Instruct-v0.3,Masculinity,1561,1,2,75.0,75.0,75.0
mistralai_Mistral-7B-Instruct-v0.3,Masculinity,1561,1,3,75.0,75.0,75.0
mistralai_Mistral-7B-Instruct-v0.3,Masculinity,1562,1,1,50.0,50.0,50.0
mistralai_Mistral-7B-Instruct-v0.3,Masculinity,1562,1,2,50.0,50.0,50.0
mistralai_Mistral-7B-Instruct-v0.3,Masculinity,1562,1,3,50.0,50.0,50.0
mistralai_Mistral-7B-Instruct-v0.3,Masculinity,1563,1,1,50.0,50.0,50.0
mistralai_Mistral-7B-Instruct-v0.3,Masculinity,1563,1,2,50.0,50.0,0.0
mistralai_Mistral-7B-Instruct-v0.3,Masculinity,1563,1,3,50.0,25.0,25.0
mistralai_Mistral-7B-Instruct-v0.3,Masculinity,1564,1,1,50.0,25.0,25.0
mistralai_Mistral-7B-Instruct-v0.3,Masculinity,1564,1,2,50.0,50.0,50.0
mistralai_Mistral-7B-Instruct-v0.3,Masculinity,1564,1,3,50.0,50.0,50.0
mistralai_Mistral-7B-Instruct-v0.3,Masculinity,1565,1,1,100.0,100.0,100.0
mistralai_Mistral-7B-Instruct-v0.3,Masculinity,1565,1,2,100.0,100.0,100.0
mistralai_Mistral-7B-Instruct-v0.3,Masculinity,1565,1,3,100.0,100.0,100.0
mistralai_Mistral-7B-Instruct-v0.3,Masculinity,1566,1,1,25.0,25.0,25.0
mistralai_Mistral-7B-Instruct-v0.3,Masculinity,1566,1,2,25.0,25.0,25.0
mistralai_Mistral-7B-Instruct-v0.3,Masculinity,1566,1,3,25.0,25.0,25.0
mistralai_Mistral-7B-Instruct-v0.3,Masculinity,1568,1,1,50.0,50.0,50.0
mistralai_Mistral-7B-Instruct-v0.3,Masculinity,1568,1,2,50.0,50.0,50.0
mistralai_Mistral-7B-Instruct-v0.3,Masculinity,1568,1,3,50.0,50.0,50.0
mistralai_Mistral-7B-Instruct-v0.3,Masculinity,1569,1,1,0.0,0.0,0.0
mistralai_Mistral-7B-Instruct-v0.3,Masculinity,1569,1,2,0.0,0.0,0.0
mistralai_Mistral-7B-Instruct-v0.3,Masculinity,1569,1,3,0.0,0.0,0.0
mistralai_Mistral-7B-Instruct-v0.3,Masculinity,1570,1,1,25.0,25.0,25.0
mistralai_Mistral-7B-Instruct-v0.3,Masculinity,1570,1,2,25.0,25.0,50.0
mistralai_Mistral-7B-Instruct-v0.3,Masculinity,1570,1,3,25.0,50.0,50.0
mistralai_Mistral-7B-Instruct-v0.3,Masculinity,1571,1,1,75.0,75.0,75.0
mistralai_Mistral-7B-Instruct-v0.3,Masculinity,1571,1,2,75.0,75.0,75.0
mistralai_Mistral-7B-Instruct-v0.3,Masculinity,1571,1,3,75.0,50.0,75.0
mistralai_Mistral-7B-Instruct-v0.3,Masculinity,1572,1,1,0.0,0.0,0.0
mistralai_Mistral-7B-Instruct-v0.3,Masculinity,1572,1,2,0.0,0.0,0.0
mistralai_Mistral-7B-Instruct-v0.3,Masculinity,1572,1,3,0.0,0.0,0.0
mistralai_Mistral-7B-Instruct-v0.3,Masculinity,1573,1,1,100.0,100.0,100.0
mistralai_Mistral-7B-Instruct-v0.3,Masculinity,1573,1,2,100.0,100.0,100.0
mistralai_Mistral-7B-Instruct-v0.3,Masculinity,1573,1,3,100.0,100.0,100.0
mistralai_Mistral-7B-Instruct-v0.3,Masculinity,1574,1,1,75.0,75.0,75.0
mistralai_Mistral-7B-Instruct-v0.3,Masculinity,1574,1,2,75.0,75.0,75.0
mistralai_Mistral-7B-Instruct-v0.3,Masculinity,1574,1,3,75.0,75.0,75.0
mistralai_Mistral-7B-Instruct-v0.3,Masculinity,1575,1,1,50.0,50.0,50.0
mistralai_Mistral-7B-Instruct-v0.3,Masculinity,1575,1,2,50.0,50.0,50.0
mistralai_Mistral-7B-Instruct-v0.3,Masculinity,1575,1,3,50.0,50.0,50.0
mistralai_Mistral-7B-Instruct-v0.3,Masculinity,1576,1,1,75.0,75.0,75.0
mistralai_Mistral-7B-Instruct-v0.3,Masculinity,1576,1,2,75.0,75.0,100.0
mistralai_Mistral-7B-Instruct-v0.3,Masculinity,1576,1,3,75.0,100.0,100.0
mistralai_Mistral-7B-Instruct-v0.3,Masculinity,1577,1,1,25.0,25.0,25.0
mistralai_Mistral-7B-Instruct-v0.3,Masculinity,1577,1,2,25.0,25.0,50.0
mistralai_Mistral-7B-Instruct-v0.3,Masculinity,1577,1,3,25.0,25.0,25.0
mistralai_Mistral-7B-Instruct-v0.3,Masculinity,1579,1,1,75.0,75.0,75.0
mistralai_Mistral-7B-Instruct-v0.3,Masculinity,1579,1,2,75.0,75.0,100.0
mistralai_Mistral-7B-Instruct-v0.3,Masculinity,1579,1,3,75.0,75.0,75.0
mistralai_Mistral-7B-Instruct-v0.3,Masculinity,1580,1,1,25.0,25.0,25.0
mistralai_Mistral-7B-Instruct-v0.3,Masculinity,1580,1,2,25.0,25.0,25.0
mistralai_Mistral-7B-Instruct-v0.3,Masculinity,1580,1,3,25.0,25.0,25.0
mistralai_Mistral-7B-Instruct-v0.3,Masculinity,1581,1,1,25.0,0.0,25.0
mistralai_Mistral-7B-Instruct-v0.3,Masculinity,1581,1,2,25.0,0.0,0.0
mistralai_Mistral-7B-Instruct-v0.3,Masculinity,1581,1,3,25.0,25.0,25.0
mistralai_Mistral-7B-Instruct-v0.3,Masculinity,1582,1,1,25.0,25.0,25.0
mistralai_Mistral-7B-Instruct-v0.3,Masculinity,1582,1,2,25.0,25.0,25.0
mistralai_Mistral-7B-Instruct-v0.3,Masculinity,1582,1,3,25.0,25.0,25.0
mistralai_Mistral-7B-Instruct-v0.3,Masculinity,1586,1,1,50.0,50.0,50.0
mistralai_Mistral-7B-Instruct-v0.3,Masculinity,1586,1,2,50.0,50.0,50.0
mistralai_Mistral-7B-Instruct-v0.3,Masculinity,1586,1,3,50.0,50.0,50.0
mistralai_Mistral-7B-Instruct-v0.3,Masculinity,1587,1,1,50.0,50.0,50.0
mistralai_Mistral-7B-Instruct-v0.3,Masculinity,1587,1,2,50.0,50.0,50.0
mistralai_Mistral-7B-Instruct-v0.3,Masculinity,1587,1,3,50.0,50.0,50.0
mistralai_Mistral-7B-Instruct-v0.3,Masculinity,1588,1,1,75.0,50.0,50.0
mistralai_Mistral-7B-Instruct-v0.3,Masculinity,1588,1,2,75.0,50.0,50.0
mistralai_Mistral-7B-Instruct-v0.3,Masculinity,1588,1,3,75.0,75.0,75.0
mistralai_Mistral-7B-Instruct-v0.3,Masculinity,1589,1,1,75.0,100.0,75.0
mistralai_Mistral-7B-Instruct-v0.3,Masculinity,1589,1,2,75.0,75.0,100.0
mistralai_Mistral-7B-Instruct-v0.3,Masculinity,1589,1,3,75.0,100.0,100.0
mistralai_Mistral-7B-Instruct-v0.3,Masculinity,1591,1,1,25.0,25.0,25.0
mistralai_Mistral-7B-Instruct-v0.3,Masculinity,1591,1,2,25.0,25.0,25.0
mistralai_Mistral-7B-Instruct-v0.3,Masculinity,1591,1,3,25.0,25.0,25.0
mistralai_Mistral-7B-Instruct-v0.3,Masculinity,1592,1,1,25.0,25.0,25.0
mistralai_Mistral-7B-Instruct-v0.3,Masculinity,1592,1,2,25.0,25.0,0.0
mistralai_Mistral-7B-Instruct-v0.3,Masculinity,1592,1,3,25.0,25.0,0.0
mistralai_Mistral-7B-Instruct-v0.3,Masculinity,1593,1,1,100.0,75.0,100.0
mistralai_Mistral-7B-Instruct-v0.3,Masculinity,1593,1,2,100.0,100.0,100.0
mistralai_Mistral-7B-Instruct-v0.3,Masculinity,1593,1,3,100.0,100.0,100.0
mistralai_Mistral-7B-Instruct-v0.3,Masculinity,1594,1,1,75.0,50.0,75.0
mistralai_Mistral-7B-Instruct-v0.3,Masculinity,1594,1,2,75.0,75.0,50.0
mistralai_Mistral-7B-Instruct-v0.3,Masculinity,1594,1,3,75.0,75.0,75.0
mistralai_Mistral-7B-Instruct-v0.3,Masculinity,1595,1,1,25.0,25.0,25.0
mistralai_Mistral-7B-Instruct-v0.3,Masculinity,1595,1,2,25.0,25.0,25.0
mistralai_Mistral-7B-Instruct-v0.3,Masculinity,1595,1,3,25.0,25.0,25.0
mistralai_Mistral-7B-Instruct-v0.3,Masculinity,1597,1,1,25.0,25.0,25.0
mistralai_Mistral-7B-Instruct-v0.3,Masculinity,1597,1,2,25.0,25.0,25.0
mistralai_Mistral-7B-Instruct-v0.3,Masculinity,1597,1,3,25.0,25.0,25.0
mistralai_Mistral-7B-Instruct-v0.3,Masculinity,1598,1,1,50.0,50.0,50.0
mistralai_Mistral-7B-Instruct-v0.3,Masculinity,1598,1,2,50.0,50.0,50.0
mistralai_Mistral-7B-Instruct-v0.3,Masculinity,1598,1,3,50.0,50.0,50.0
mistralai_Mistral-7B-Instruct-v0.3,Masculinity,1600,1,1,75.0,75.0,75.0
mistralai_Mistral-7B-Instruct-v0.3,Masculinity,1600,1,2,75.0,75.0,50.0
mistralai_Mistral-7B-Instruct-v0.3,Masculinity,1600,1,3,75.0,50.0,75.0
mistralai_Mistral-7B-Instruct-v0.3,Masculinity,1601,1,1,100.0,100.0,100.0
mistralai_Mistral-7B-Instruct-v0.3,Masculinity,1601,1,2,100.0,100.0,100.0
mistralai_Mistral-7B-Instruct-v0.3,Masculinity,1601,1,3,100.0,100.0,100.0
mistralai_Mistral-7B-Instruct-v0.3,Masculinity,1603,1,1,75.0,75.0,75.0
mistralai_Mistral-7B-Instruct-v0.3,Masculinity,1603,1,2,75.0,25.0,25.0
mistralai_Mistral-7B-Instruct-v0.3,Masculinity,1603,1,3,75.0,75.0,75.0
mistralai_Mistral-7B-Instruct-v0.3,Masculinity,1606,1,1,50.0,50.0,50.0
mistralai_Mistral-7B-Instruct-v0.3,Masculinity,1606,1,2,50.0,50.0,50.0
mistralai_Mistral-7B-Instruct-v0.3,Masculinity,1606,1,3,50.0,50.0,50.0
mistralai_Mistral-7B-Instruct-v0.3,Masculinity,1607,1,1,75.0,75.0,75.0
mistralai_Mistral-7B-Instruct-v0.3,Masculinity,1607,1,2,75.0,75.0,75.0
mistralai_Mistral-7B-Instruct-v0.3,Masculinity,1607,1,3,75.0,75.0,75.0
mistralai_Mistral-7B-Instruct-v0.3,Masculinity,1608,1,1,25.0,0.0,25.0
mistralai_Mistral-7B-Instruct-v0.3,Masculinity,1608,1,2,25.0,25.0,25.0
mistralai_Mistral-7B-Instruct-v0.3,Masculinity,1608,1,3,25.0,25.0,25.0
mistralai_Mistral-7B-Instruct-v0.3,Masculinity,1609,1,1,50.0,50.0,50.0
mistralai_Mistral-7B-Instruct-v0.3,Masculinity,1609,1,2,50.0,50.0,50.0
mistralai_Mistral-7B-Instruct-v0.3,Masculinity,1609,1,3,50.0,50.0,50.0
mistralai_Mistral-7B-Instruct-v0.3,Masculinity,1610,1,1,50.0,75.0,50.0
mistralai_Mistral-7B-Instruct-v0.3,Masculinity,1610,1,2,50.0,75.0,50.0
mistralai_Mistral-7B-Instruct-v0.3,Masculinity,1610,1,3,50.0,50.0,75.0
mistralai_Mistral-7B-Instruct-v0.3,Masculinity,1611,1,1,75.0,75.0,75.0
mistralai_Mistral-7B-Instruct-v0.3,Masculinity,1611,1,2,75.0,75.0,75.0
mistralai_Mistral-7B-Instruct-v0.3,Masculinity,1611,1,3,75.0,50.0,50.0
mistralai_Mistral-7B-Instruct-v0.3,Masculinity,1613,1,1,50.0,50.0,50.0
mistralai_Mistral-7B-Instruct-v0.3,Masculinity,1613,1,2,50.0,50.0,50.0
mistralai_Mistral-7B-Instruct-v0.3,Masculinity,1613,1,3,50.0,50.0,50.0
mistralai_Mistral-7B-Instruct-v0.3,Masculinity,1614,1,1,50.0,50.0,50.0
mistralai_Mistral-7B-Instruct-v0.3,Masculinity,1614,1,2,50.0,50.0,50.0
mistralai_Mistral-7B-Instruct-v0.3,Masculinity,1614,1,3,50.0,50.0,50.0
mistralai_Mistral-7B-Instruct-v0.3,Masculinity,1615,1,1,0.0,0.0,25.0
mistralai_Mistral-7B-Instruct-v0.3,Masculinity,1615,1,2,0.0,0.0,0.0
mistralai_Mistral-7B-Instruct-v0.3,Masculinity,1615,1,3,0.0,0.0,25.0
mistralai_Mistral-7B-Instruct-v0.3,Masculinity,1616,1,1,50.0,50.0,50.0
mistralai_Mistral-7B-Instruct-v0.3,Masculinity,1616,1,2,50.0,50.0,50.0
mistralai_Mistral-7B-Instruct-v0.3,Masculinity,1616,1,3,50.0,50.0,50.0
mistralai_Mistral-7B-Instruct-v0.3,Masculinity,1617,1,1,75.0,75.0,75.0
mistralai_Mistral-7B-Instruct-v0.3,Masculinity,1617,1,2,75.0,75.0,75.0
mistralai_Mistral-7B-Instruct-v0.3,Masculinity,1617,1,3,75.0,75.0,75.0
mistralai_Mistral-7B-Instruct-v0.3,Masculinity,1618,1,1,50.0,75.0,75.0
mistralai_Mistral-7B-Instruct-v0.3,Masculinity,1618,1,2,50.0,50.0,50.0
mistralai_Mistral-7B-Instruct-v0.3,Masculinity,1618,1,3,50.0,75.0,50.0
mistralai_Mistral-7B-Instruct-v0.3,Masculinity,1622,1,1,25.0,25.0,25.0
mistralai_Mistral-7B-Instruct-v0.3,Masculinity,1622,1,2,25.0,25.0,25.0
mistralai_Mistral-7B-Instruct-v0.3,Masculinity,1622,1,3,25.0,25.0,25.0
mistralai_Mistral-7B-Instruct-v0.3,Masculinity,1628,1,1,50.0,50.0,50.0
mistralai_Mistral-7B-Instruct-v0.3,Masculinity,1628,1,2,50.0,50.0,50.0
mistralai_Mistral-7B-Instruct-v0.3,Masculinity,1628,1,3,50.0,50.0,50.0
mistralai_Mistral-7B-Instruct-v0.3,Masculinity,1629,1,1,75.0,75.0,75.0
mistralai_Mistral-7B-Instruct-v0.3,Masculinity,1629,1,2,75.0,75.0,75.0
mistralai_Mistral-7B-Instruct-v0.3,Masculinity,1629,1,3,75.0,75.0,75.0
mistralai_Mistral-7B-Instruct-v0.3,Masculinity,1632,1,1,25.0,25.0,25.0
mistralai_Mistral-7B-Instruct-v0.3,Masculinity,1632,1,2,25.0,25.0,25.0
mistralai_Mistral-7B-Instruct-v0.3,Masculinity,1632,1,3,25.0,25.0,25.0
mistralai_Mistral-7B-Instruct-v0.3,Masculinity,1633,1,1,0.0,0.0,0.0
mistralai_Mistral-7B-Instruct-v0.3,Masculinity,1633,1,2,0.0,0.0,25.0
mistralai_Mistral-7B-Instruct-v0.3,Masculinity,1633,1,3,0.0,0.0,0.0
mistralai_Mistral-7B-Instruct-v0.3,Masculinity,1634,1,1,25.0,25.0,25.0
mistralai_Mistral-7B-Instruct-v0.3,Masculinity,1634,1,2,25.0,25.0,25.0
mistralai_Mistral-7B-Instruct-v0.3,Masculinity,1634,1,3,25.0,25.0,25.0
mistralai_Mistral-7B-Instruct-v0.3,Masculinity,1641,1,1,0.0,0.0,0.0
mistralai_Mistral-7B-Instruct-v0.3,Masculinity,1641,1,2,0.0,0.0,0.0
mistralai_Mistral-7B-Instruct-v0.3,Masculinity,1641,1,3,0.0,0.0,75.0
mistralai_Mistral-7B-Instruct-v0.3,Masculinity,1644,1,1,50.0,50.0,25.0
mistralai_Mistral-7B-Instruct-v0.3,Masculinity,1644,1,2,50.0,50.0,50.0
mistralai_Mistral-7B-Instruct-v0.3,Masculinity,1644,1,3,50.0,50.0,50.0
mistralai_Mistral-7B-Instruct-v0.3,Masculinity,1646,1,1,0.0,0.0,0.0
mistralai_Mistral-7B-Instruct-v0.3,Masculinity,1646,1,2,0.0,0.0,0.0
mistralai_Mistral-7B-Instruct-v0.3,Masculinity,1646,1,3,0.0,0.0,0.0
mistralai_Mistral-7B-Instruct-v0.3,Masculinity,1654,1,1,100.0,100.0,100.0
mistralai_Mistral-7B-Instruct-v0.3,Masculinity,1654,1,2,100.0,100.0,100.0
mistralai_Mistral-7B-Instruct-v0.3,Masculinity,1654,1,3,100.0,100.0,100.0
mistralai_Mistral-7B-Instruct-v0.3,Masculinity,1656,1,1,50.0,50.0,50.0
mistralai_Mistral-7B-Instruct-v0.3,Masculinity,1656,1,2,50.0,50.0,50.0
mistralai_Mistral-7B-Instruct-v0.3,Masculinity,1656,1,3,50.0,50.0,50.0
mistralai_Mistral-7B-Instruct-v0.3,Masculinity,1657,1,1,50.0,50.0,50.0
mistralai_Mistral-7B-Instruct-v0.3,Masculinity,1657,1,2,50.0,50.0,50.0
mistralai_Mistral-7B-Instruct-v0.3,Masculinity,1657,1,3,50.0,50.0,50.0
mistralai_Mistral-7B-Instruct-v0.3,Masculinity,1659,1,1,50.0,50.0,100.0
mistralai_Mistral-7B-Instruct-v0.3,Masculinity,1659,1,2,50.0,100.0,100.0
mistralai_Mistral-7B-Instruct-v0.3,Masculinity,1659,1,3,50.0,50.0,50.0
mistralai_Mistral-7B-Instruct-v0.3,Masculinity,1660,1,1,50.0,50.0,50.0
mistralai_Mistral-7B-Instruct-v0.3,Masculinity,1660,1,2,50.0,50.0,50.0
mistralai_Mistral-7B-Instruct-v0.3,Masculinity,1660,1,3,50.0,50.0,50.0
mistralai_Mistral-7B-Instruct-v0.3,Masculinity,1661,1,1,100.0,100.0,100.0
mistralai_Mistral-7B-Instruct-v0.3,Masculinity,1661,1,2,100.0,100.0,100.0
mistralai_Mistral-7B-Instruct-v0.3,Masculinity,1661,1,3,100.0,100.0,100.0
mistralai_Mistral-7B-Instruct-v0.3,Masculinity,1663,1,1,100.0,75.0,100.0
mistralai_Mistral-7B-Instruct-v0.3,Masculinity,1663,1,2,100.0,75.0,100.0
mistralai_Mistral-7B-Instruct-v0.3,Masculinity,1663,1,3,100.0,100.0,75.0
mistralai_Mistral-7B-Instruct-v0.3,Masculinity,1664,1,1,0.0,0.0,25.0
mistralai_Mistral-7B-Instruct-v0.3,Masculinity,1664,1,2,0.0,0.0,0.0
mistralai_Mistral-7B-Instruct-v0.3,Masculinity,1664,1,3,0.0,0.0,0.0
mistralai_Mistral-7B-Instruct-v0.3,Masculinity,1668,1,1,75.0,75.0,75.0
mistralai_Mistral-7B-Instruct-v0.3,Masculinity,1668,1,2,75.0,75.0,75.0
mistralai_Mistral-7B-Instruct-v0.3,Masculinity,1668,1,3,75.0,50.0,50.0
mistralai_Mistral-7B-Instruct-v0.3,Masculinity,1670,1,1,0.0,0.0,0.0
mistralai_Mistral-7B-Instruct-v0.3,Masculinity,1670,1,2,0.0,25.0,0.0
mistralai_Mistral-7B-Instruct-v0.3,Masculinity,1670,1,3,0.0,0.0,0.0
mistralai_Mistral-7B-Instruct-v0.3,Masculinity,1671,1,1,25.0,25.0,25.0
mistralai_Mistral-7B-Instruct-v0.3,Masculinity,1671,1,2,25.0,25.0,25.0
mistralai_Mistral-7B-Instruct-v0.3,Masculinity,1671,1,3,25.0,25.0,25.0
mistralai_Mistral-7B-Instruct-v0.3,Masculinity,1672,1,1,25.0,25.0,25.0
mistralai_Mistral-7B-Instruct-v0.3,Masculinity,1672,1,2,25.0,25.0,50.0
mistralai_Mistral-7B-Instruct-v0.3,Masculinity,1672,1,3,25.0,25.0,25.0
mistralai_Mistral-7B-Instruct-v0.3,Masculinity,1673,1,1,50.0,50.0,50.0
mistralai_Mistral-7B-Instruct-v0.3,Masculinity,1673,1,2,50.0,50.0,25.0
mistralai_Mistral-7B-Instruct-v0.3,Masculinity,1673,1,3,50.0,50.0,50.0
mistralai_Mistral-7B-Instruct-v0.3,Masculinity,1677,1,1,50.0,50.0,50.0
mistralai_Mistral-7B-Instruct-v0.3,Masculinity,1677,1,2,50.0,50.0,50.0
mistralai_Mistral-7B-Instruct-v0.3,Masculinity,1677,1,3,50.0,50.0,50.0
mistralai_Mistral-7B-Instruct-v0.3,Masculinity,1678,1,1,100.0,50.0,50.0
mistralai_Mistral-7B-Instruct-v0.3,Masculinity,1678,1,2,100.0,50.0,100.0
mistralai_Mistral-7B-Instruct-v0.3,Masculinity,1678,1,3,100.0,100.0,75.0
mistralai_Mistral-7B-Instruct-v0.3,Masculinity,1679,1,1,0.0,0.0,0.0
mistralai_Mistral-7B-Instruct-v0.3,Masculinity,1679,1,2,0.0,0.0,0.0
mistralai_Mistral-7B-Instruct-v0.3,Masculinity,1679,1,3,0.0,0.0,0.0
mistralai_Mistral-7B-Instruct-v0.3,Masculinity,1681,1,1,50.0,50.0,50.0
mistralai_Mistral-7B-Instruct-v0.3,Masculinity,1681,1,2,50.0,50.0,50.0
mistralai_Mistral-7B-Instruct-v0.3,Masculinity,1681,1,3,50.0,50.0,50.0
mistralai_Mistral-7B-Instruct-v0.3,Masculinity,1682,1,1,25.0,25.0,25.0
mistralai_Mistral-7B-Instruct-v0.3,Masculinity,1682,1,2,25.0,25.0,25.0
mistralai_Mistral-7B-Instruct-v0.3,Masculinity,1682,1,3,25.0,25.0,25.0
mistralai_Mistral-7B-Instruct-v0.3,Masculinity,1683,1,1,25.0,25.0,25.0
mistralai_Mistral-7B-Instruct-v0.3,Masculinity,1683,1,2,25.0,25.0,25.0
mistralai_Mistral-7B-Instruct-v0.3,Masculinity,1683,1,3,25.0,25.0,25.0
mistralai_Mistral-7B-Instruct-v0.3,Masculinity,1685,1,1,25.0,25.0,25.0
mistralai_Mistral-7B-Instruct-v0.3,Masculinity,1685,1,2,25.0,25.0,25.0
mistralai_Mistral-7B-Instruct-v0.3,Masculinity,1685,1,3,25.0,25.0,25.0
mistralai_Mistral-7B-Instruct-v0.3,Masculinity,1692,1,1,50.0,50.0,50.0
mistralai_Mistral-7B-Instruct-v0.3,Masculinity,1692,1,2,50.0,50.0,75.0
mistralai_Mistral-7B-Instruct-v0.3,Masculinity,1692,1,3,50.0,50.0,75.0
mistralai_Mistral-7B-Instruct-v0.3,Power_Distance,1911,1,1,0.0,0.0,0.0
mistralai_Mistral-7B-Instruct-v0.3,Power_Distance,1911,1,2,0.0,0.0,25.0
mistralai_Mistral-7B-Instruct-v0.3,Power_Distance,1911,1,3,0.0,25.0,50.0
mistralai_Mistral-7B-Instruct-v0.3,Power_Distance,1912,1,1,50.0,50.0,50.0
mistralai_Mistral-7B-Instruct-v0.3,Power_Distance,1912,1,2,50.0,50.0,50.0
mistralai_Mistral-7B-Instruct-v0.3,Power_Distance,1912,1,3,50.0,50.0,50.0
mistralai_Mistral-7B-Instruct-v0.3,Power_Distance,1913,1,1,25.0,25.0,25.0
mistralai_Mistral-7B-Instruct-v0.3,Power_Distance,1913,1,2,25.0,25.0,25.0
mistralai_Mistral-7B-Instruct-v0.3,Power_Distance,1913,1,3,25.0,25.0,50.0
mistralai_Mistral-7B-Instruct-v0.3,Power_Distance,1914,1,1,0.0,0.0,0.0
mistralai_Mistral-7B-Instruct-v0.3,Power_Distance,1914,1,2,0.0,0.0,0.0
mistralai_Mistral-7B-Instruct-v0.3,Power_Distance,1914,1,3,0.0,0.0,0.0
mistralai_Mistral-7B-Instruct-v0.3,Power_Distance,1915,1,1,25.0,25.0,25.0
mistralai_Mistral-7B-Instruct-v0.3,Power_Distance,1915,1,2,25.0,25.0,25.0
mistralai_Mistral-7B-Instruct-v0.3,Power_Distance,1915,1,3,25.0,25.0,25.0
mistralai_Mistral-7B-Instruct-v0.3,Power_Distance,1916,1,1,0.0,0.0,25.0
mistralai_Mistral-7B-Instruct-v0.3,Power_Distance,1916,1,2,0.0,25.0,0.0
mistralai_Mistral-7B-Instruct-v0.3,Power_Distance,1916,1,3,0.0,0.0,0.0
mistralai_Mistral-7B-Instruct-v0.3,Power_Distance,1917,1,1,0.0,0.0,0.0
mistralai_Mistral-7B-Instruct-v0.3,Power_Distance,1917,1,2,0.0,0.0,0.0
mistralai_Mistral-7B-Instruct-v0.3,Power_Distance,1917,1,3,0.0,0.0,0.0
mistralai_Mistral-7B-Instruct-v0.3,Power_Distance,1919,1,1,25.0,25.0,25.0
mistralai_Mistral-7B-Instruct-v0.3,Power_Distance,1919,1,2,25.0,25.0,25.0
mistralai_Mistral-7B-Instruct-v0.3,Power_Distance,1919,1,3,25.0,25.0,25.0
mistralai_Mistral-7B-Instruct-v0.3,Power_Distance,1920,1,1,25.0,25.0,25.0
mistralai_Mistral-7B-Instruct-v0.3,Power_Distance,1920,1,2,25.0,25.0,25.0
mistralai_Mistral-7B-Instruct-v0.3,Power_Distance,1920,1,3,25.0,25.0,25.0
mistralai_Mistral-7B-Instruct-v0.3,Power_Distance,1921,1,1,25.0,25.0,25.0
mistralai_Mistral-7B-Instruct-v0.3,Power_Distance,1921,1,2,25.0,25.0,25.0
mistralai_Mistral-7B-Instruct-v0.3,Power_Distance,1921,1,3,25.0,25.0,25.0
mistralai_Mistral-7B-Instruct-v0.3,Power_Distance,1922,1,1,25.0,25.0,25.0
mistralai_Mistral-7B-Instruct-v0.3,Power_Distance,1922,1,2,25.0,25.0,25.0
mistralai_Mistral-7B-Instruct-v0.3,Power_Distance,1922,1,3,25.0,25.0,25.0
mistralai_Mistral-7B-Instruct-v0.3,Power_Distance,1923,1,1,25.0,25.0,25.0
mistralai_Mistral-7B-Instruct-v0.3,Power_Distance,1923,1,2,25.0,25.0,25.0
mistralai_Mistral-7B-Instruct-v0.3,Power_Distance,1923,1,3,25.0,25.0,25.0
mistralai_Mistral-7B-Instruct-v0.3,Power_Distance,1924,1,1,25.0,25.0,25.0
mistralai_Mistral-7B-Instruct-v0.3,Power_Distance,1924,1,2,25.0,25.0,25.0
mistralai_Mistral-7B-Instruct-v0.3,Power_Distance,1924,1,3,25.0,25.0,25.0
mistralai_Mistral-7B-Instruct-v0.3,Power_Distance,1926,1,1,25.0,25.0,25.0
mistralai_Mistral-7B-Instruct-v0.3,Power_Distance,1926,1,2,25.0,25.0,25.0
mistralai_Mistral-7B-Instruct-v0.3,Power_Distance,1926,1,3,25.0,25.0,25.0
mistralai_Mistral-7B-Instruct-v0.3,Power_Distance,1928,1,1,25.0,25.0,25.0
mistralai_Mistral-7B-Instruct-v0.3,Power_Distance,1928,1,2,25.0,25.0,25.0
mistralai_Mistral-7B-Instruct-v0.3,Power_Distance,1928,1,3,25.0,25.0,25.0
mistralai_Mistral-7B-Instruct-v0.3,Power_Distance,1930,1,1,25.0,25.0,25.0
mistralai_Mistral-7B-Instruct-v0.3,Power_Distance,1930,1,2,25.0,0.0,50.0
mistralai_Mistral-7B-Instruct-v0.3,Power_Distance,1930,1,3,25.0,25.0,25.0
mistralai_Mistral-7B-Instruct-v0.3,Power_Distance,1931,1,1,25.0,25.0,25.0
mistralai_Mistral-7B-Instruct-v0.3,Power_Distance,1931,1,2,25.0,25.0,25.0
mistralai_Mistral-7B-Instruct-v0.3,Power_Distance,1931,1,3,25.0,25.0,25.0
mistralai_Mistral-7B-Instruct-v0.3,Power_Distance,1932,1,1,75.0,75.0,75.0
mistralai_Mistral-7B-Instruct-v0.3,Power_Distance,1932,1,2,75.0,75.0,75.0
mistralai_Mistral-7B-Instruct-v0.3,Power_Distance,1932,1,3,75.0,75.0,75.0
mistralai_Mistral-7B-Instruct-v0.3,Power_Distance,1934,1,1,75.0,75.0,75.0
mistralai_Mistral-7B-Instruct-v0.3,Power_Distance,1934,1,2,75.0,75.0,50.0
mistralai_Mistral-7B-Instruct-v0.3,Power_Distance,1934,1,3,75.0,75.0,75.0
mistralai_Mistral-7B-Instruct-v0.3,Power_Distance,1935,1,1,25.0,25.0,25.0
mistralai_Mistral-7B-Instruct-v0.3,Power_Distance,1935,1,2,25.0,25.0,25.0
mistralai_Mistral-7B-Instruct-v0.3,Power_Distance,1935,1,3,25.0,25.0,25.0
mistralai_Mistral-7B-Instruct-v0.3,Power_Distance,1936,1,1,25.0,25.0,25.0
mistralai_Mistral-7B-Instruct-v0.3,Power_Distance,1936,1,2,25.0,25.0,25.0
mistralai_Mistral-7B-Instruct-v0.3,Power_Distance,1936,1,3,25.0,25.0,25.0
mistralai_Mistral-7B-Instruct-v0.3,Power_Distance,1940,1,1,50.0,50.0,25.0
mistralai_Mistral-7B-Instruct-v0.3,Power_Distance,1940,1,2,50.0,25.0,25.0
mistralai_Mistral-7B-Instruct-v0.3,Power_Distance,1940,1,3,50.0,25.0,25.0
mistralai_Mistral-7B-Instruct-v0.3,Power_Distance,1941,1,1,50.0,50.0,50.0
mistralai_Mistral-7B-Instruct-v0.3,Power_Distance,1941,1,2,50.0,50.0,50.0
mistralai_Mistral-7B-Instruct-v0.3,Power_Distance,1941,1,3,50.0,50.0,50.0
mistralai_Mistral-7B-Instruct-v0.3,Power_Distance,1942,1,1,25.0,25.0,25.0
mistralai_Mistral-7B-Instruct-v0.3,Power_Distance,1942,1,2,25.0,25.0,0.0
mistralai_Mistral-7B-Instruct-v0.3,Power_Distance,1942,1,3,25.0,0.0,25.0
mistralai_Mistral-7B-Instruct-v0.3,Power_Distance,1943,1,1,25.0,25.0,25.0
mistralai_Mistral-7B-Instruct-v0.3,Power_Distance,1943,1,2,25.0,25.0,25.0
mistralai_Mistral-7B-Instruct-v0.3,Power_Distance,1943,1,3,25.0,25.0,25.0
mistralai_Mistral-7B-Instruct-v0.3,Power_Distance,1944,1,1,25.0,25.0,25.0
mistralai_Mistral-7B-Instruct-v0.3,Power_Distance,1944,1,2,25.0,25.0,25.0
mistralai_Mistral-7B-Instruct-v0.3,Power_Distance,1944,1,3,25.0,25.0,25.0
mistralai_Mistral-7B-Instruct-v0.3,Power_Distance,1946,1,1,25.0,25.0,25.0
mistralai_Mistral-7B-Instruct-v0.3,Power_Distance,1946,1,2,25.0,25.0,25.0
mistralai_Mistral-7B-Instruct-v0.3,Power_Distance,1946,1,3,25.0,25.0,25.0
mistralai_Mistral-7B-Instruct-v0.3,Power_Distance,1947,1,1,0.0,0.0,0.0
mistralai_Mistral-7B-Instruct-v0.3,Power_Distance,1947,1,2,0.0,0.0,0.0
mistralai_Mistral-7B-Instruct-v0.3,Power_Distance,1947,1,3,0.0,0.0,0.0
mistralai_Mistral-7B-Instruct-v0.3,Power_Distance,1948,1,1,100.0,50.0,100.0
mistralai_Mistral-7B-Instruct-v0.3,Power_Distance,1948,1,2,100.0,100.0,100.0
mistralai_Mistral-7B-Instruct-v0.3,Power_Distance,1948,1,3,100.0,100.0,50.0
mistralai_Mistral-7B-Instruct-v0.3,Power_Distance,1949,1,1,25.0,25.0,25.0
mistralai_Mistral-7B-Instruct-v0.3,Power_Distance,1949,1,2,25.0,25.0,25.0
mistralai_Mistral-7B-Instruct-v0.3,Power_Distance,1949,1,3,25.0,25.0,25.0
mistralai_Mistral-7B-Instruct-v0.3,Power_Distance,1950,1,1,25.0,25.0,25.0
mistralai_Mistral-7B-Instruct-v0.3,Power_Distance,1950,1,2,25.0,25.0,25.0
mistralai_Mistral-7B-Instruct-v0.3,Power_Distance,1950,1,3,25.0,25.0,25.0
mistralai_Mistral-7B-Instruct-v0.3,Power_Distance,1952,1,1,0.0,0.0,0.0
mistralai_Mistral-7B-Instruct-v0.3,Power_Distance,1952,1,2,0.0,0.0,0.0
mistralai_Mistral-7B-Instruct-v0.3,Power_Distance,1952,1,3,0.0,0.0,0.0
mistralai_Mistral-7B-Instruct-v0.3,Power_Distance,1953,1,1,25.0,25.0,25.0
mistralai_Mistral-7B-Instruct-v0.3,Power_Distance,1953,1,2,25.0,25.0,25.0
mistralai_Mistral-7B-Instruct-v0.3,Power_Distance,1953,1,3,25.0,25.0,25.0
mistralai_Mistral-7B-Instruct-v0.3,Power_Distance,1954,1,1,25.0,25.0,25.0
mistralai_Mistral-7B-Instruct-v0.3,Power_Distance,1954,1,2,25.0,25.0,25.0
mistralai_Mistral-7B-Instruct-v0.3,Power_Distance,1954,1,3,25.0,25.0,25.0
mistralai_Mistral-7B-Instruct-v0.3,Power_Distance,1957,1,1,75.0,25.0,0.0
mistralai_Mistral-7B-Instruct-v0.3,Power_Distance,1957,1,2,75.0,25.0,25.0
mistralai_Mistral-7B-Instruct-v0.3,Power_Distance,1957,1,3,75.0,75.0,0.0
mistralai_Mistral-7B-Instruct-v0.3,Power_Distance,1959,1,1,75.0,75.0,75.0
mistralai_Mistral-7B-Instruct-v0.3,Power_Distance,1959,1,2,75.0,75.0,75.0
mistralai_Mistral-7B-Instruct-v0.3,Power_Distance,1959,1,3,75.0,75.0,75.0
mistralai_Mistral-7B-Instruct-v0.3,Power_Distance,1960,1,1,25.0,25.0,25.0
mistralai_Mistral-7B-Instruct-v0.3,Power_Distance,1960,1,2,25.0,25.0,25.0
mistralai_Mistral-7B-Instruct-v0.3,Power_Distance,1960,1,3,25.0,25.0,50.0
mistralai_Mistral-7B-Instruct-v0.3,Power_Distance,1961,1,1,50.0,50.0,50.0
mistralai_Mistral-7B-Instruct-v0.3,Power_Distance,1961,1,2,50.0,50.0,50.0
mistralai_Mistral-7B-Instruct-v0.3,Power_Distance,1961,1,3,50.0,50.0,50.0
mistralai_Mistral-7B-Instruct-v0.3,Power_Distance,1964,1,1,25.0,25.0,25.0
mistralai_Mistral-7B-Instruct-v0.3,Power_Distance,1964,1,2,25.0,25.0,25.0
mistralai_Mistral-7B-Instruct-v0.3,Power_Distance,1964,1,3,25.0,25.0,25.0
mistralai_Mistral-7B-Instruct-v0.3,Power_Distance,1965,1,1,25.0,25.0,25.0
mistralai_Mistral-7B-Instruct-v0.3,Power_Distance,1965,1,2,25.0,25.0,25.0
mistralai_Mistral-7B-Instruct-v0.3,Power_Distance,1965,1,3,25.0,25.0,25.0
mistralai_Mistral-7B-Instruct-v0.3,Power_Distance,1966,1,1,100.0,100.0,75.0
mistralai_Mistral-7B-Instruct-v0.3,Power_Distance,1966,1,2,100.0,100.0,100.0
mistralai_Mistral-7B-Instruct-v0.3,Power_Distance,1966,1,3,100.0,100.0,100.0
mistralai_Mistral-7B-Instruct-v0.3,Power_Distance,1967,1,1,75.0,75.0,75.0
mistralai_Mistral-7B-Instruct-v0.3,Power_Distance,1967,1,2,75.0,75.0,75.0
mistralai_Mistral-7B-Instruct-v0.3,Power_Distance,1967,1,3,75.0,75.0,75.0
mistralai_Mistral-7B-Instruct-v0.3,Power_Distance,1968,1,1,25.0,25.0,50.0
mistralai_Mistral-7B-Instruct-v0.3,Power_Distance,1968,1,2,25.0,25.0,25.0
mistralai_Mistral-7B-Instruct-v0.3,Power_Distance,1968,1,3,25.0,25.0,25.0
mistralai_Mistral-7B-Instruct-v0.3,Power_Distance,1969,1,1,50.0,25.0,50.0
mistralai_Mistral-7B-Instruct-v0.3,Power_Distance,1969,1,2,50.0,25.0,50.0
mistralai_Mistral-7B-Instruct-v0.3,Power_Distance,1969,1,3,50.0,50.0,25.0
mistralai_Mistral-7B-Instruct-v0.3,Power_Distance,1970,1,1,25.0,25.0,25.0
mistralai_Mistral-7B-Instruct-v0.3,Power_Distance,1970,1,2,25.0,25.0,25.0
mistralai_Mistral-7B-Instruct-v0.3,Power_Distance,1970,1,3,25.0,25.0,25.0
mistralai_Mistral-7B-Instruct-v0.3,Power_Distance,1971,1,1,0.0,0.0,0.0
mistralai_Mistral-7B-Instruct-v0.3,Power_Distance,1971,1,2,0.0,0.0,0.0
mistralai_Mistral-7B-Instruct-v0.3,Power_Distance,1971,1,3,0.0,0.0,0.0
mistralai_Mistral-7B-Instruct-v0.3,Power_Distance,1974,1,1,25.0,50.0,25.0
mistralai_Mistral-7B-Instruct-v0.3,Power_Distance,1974,1,2,25.0,25.0,25.0
mistralai_Mistral-7B-Instruct-v0.3,Power_Distance,1974,1,3,25.0,25.0,25.0
mistralai_Mistral-7B-Instruct-v0.3,Power_Distance,1975,1,1,25.0,25.0,25.0
mistralai_Mistral-7B-Instruct-v0.3,Power_Distance,1975,1,2,25.0,25.0,25.0
mistralai_Mistral-7B-Instruct-v0.3,Power_Distance,1975,1,3,25.0,25.0,25.0
mistralai_Mistral-7B-Instruct-v0.3,Power_Distance,1976,1,1,25.0,25.0,25.0
mistralai_Mistral-7B-Instruct-v0.3,Power_Distance,1976,1,2,25.0,25.0,50.0
mistralai_Mistral-7B-Instruct-v0.3,Power_Distance,1976,1,3,25.0,25.0,25.0
mistralai_Mistral-7B-Instruct-v0.3,Power_Distance,1977,1,1,0.0,0.0,25.0
mistralai_Mistral-7B-Instruct-v0.3,Power_Distance,1977,1,2,0.0,25.0,0.0
mistralai_Mistral-7B-Instruct-v0.3,Power_Distance,1977,1,3,0.0,0.0,0.0
mistralai_Mistral-7B-Instruct-v0.3,Power_Distance,1978,1,1,25.0,25.0,25.0
mistralai_Mistral-7B-Instruct-v0.3,Power_Distance,1978,1,2,25.0,25.0,25.0
mistralai_Mistral-7B-Instruct-v0.3,Power_Distance,1978,1,3,25.0,25.0,25.0
mistralai_Mistral-7B-Instruct-v0.3,Power_Distance,1979,1,1,25.0,25.0,25.0
mistralai_Mistral-7B-Instruct-v0.3,Power_Distance,1979,1,2,25.0,25.0,25.0
mistralai_Mistral-7B-Instruct-v0.3,Power_Distance,1979,1,3,25.0,50.0,50.0
mistralai_Mistral-7B-Instruct-v0.3,Power_Distance,1981,1,1,0.0,25.0,0.0
mistralai_Mistral-7B-Instruct-v0.3,Power_Distance,1981,1,2,0.0,0.0,25.0
mistralai_Mistral-7B-Instruct-v0.3,Power_Distance,1981,1,3,0.0,25.0,0.0
mistralai_Mistral-7B-Instruct-v0.3,Power_Distance,1983,1,1,25.0,25.0,25.0
mistralai_Mistral-7B-Instruct-v0.3,Power_Distance,1983,1,2,25.0,25.0,25.0
mistralai_Mistral-7B-Instruct-v0.3,Power_Distance,1983,1,3,25.0,25.0,25.0
mistralai_Mistral-7B-Instruct-v0.3,Power_Distance,1984,1,1,0.0,0.0,0.0
mistralai_Mistral-7B-Instruct-v0.3,Power_Distance,1984,1,2,0.0,0.0,0.0
mistralai_Mistral-7B-Instruct-v0.3,Power_Distance,1984,1,3,0.0,0.0,0.0
mistralai_Mistral-7B-Instruct-v0.3,Power_Distance,1985,1,1,0.0,0.0,0.0
mistralai_Mistral-7B-Instruct-v0.3,Power_Distance,1985,1,2,0.0,0.0,0.0
mistralai_Mistral-7B-Instruct-v0.3,Power_Distance,1985,1,3,0.0,0.0,0.0
mistralai_Mistral-7B-Instruct-v0.3,Power_Distance,1987,1,1,50.0,50.0,50.0
mistralai_Mistral-7B-Instruct-v0.3,Power_Distance,1987,1,2,50.0,50.0,50.0
mistralai_Mistral-7B-Instruct-v0.3,Power_Distance,1987,1,3,50.0,25.0,50.0
mistralai_Mistral-7B-Instruct-v0.3,Power_Distance,1988,1,1,50.0,50.0,50.0
mistralai_Mistral-7B-Instruct-v0.3,Power_Distance,1988,1,2,50.0,50.0,50.0
mistralai_Mistral-7B-Instruct-v0.3,Power_Distance,1988,1,3,50.0,50.0,50.0
mistralai_Mistral-7B-Instruct-v0.3,Power_Distance,1989,1,1,25.0,25.0,25.0
mistralai_Mistral-7B-Instruct-v0.3,Power_Distance,1989,1,2,25.0,25.0,25.0
mistralai_Mistral-7B-Instruct-v0.3,Power_Distance,1989,1,3,25.0,25.0,25.0
mistralai_Mistral-7B-Instruct-v0.3,Power_Distance,1990,1,1,25.0,25.0,25.0
mistralai_Mistral-7B-Instruct-v0.3,Power_Distance,1990,1,2,25.0,25.0,0.0
mistralai_Mistral-7B-Instruct-v0.3,Power_Distance,1990,1,3,25.0,25.0,25.0
mistralai_Mistral-7B-Instruct-v0.3,Power_Distance,1991,1,1,25.0,25.0,25.0
mistralai_Mistral-7B-Instruct-v0.3,Power_Distance,1991,1,2,25.0,25.0,25.0
mistralai_Mistral-7B-Instruct-v0.3,Power_Distance,1991,1,3,25.0,25.0,25.0
mistralai_Mistral-7B-Instruct-v0.3,Power_Distance,1993,1,1,50.0,50.0,25.0
mistralai_Mistral-7B-Instruct-v0.3,Power_Distance,1993,1,2,50.0,25.0,25.0
mistralai_Mistral-7B-Instruct-v0.3,Power_Distance,1993,1,3,50.0,50.0,50.0
mistralai_Mistral-7B-Instruct-v0.3,Power_Distance,1994,1,1,0.0,0.0,0.0
mistralai_Mistral-7B-Instruct-v0.3,Power_Distance,1994,1,2,0.0,0.0,0.0
mistralai_Mistral-7B-Instruct-v0.3,Power_Distance,1994,1,3,0.0,0.0,0.0
mistralai_Mistral-7B-Instruct-v0.3,Power_Distance,1995,1,1,25.0,25.0,25.0
mistralai_Mistral-7B-Instruct-v0.3,Power_Distance,1995,1,2,25.0,25.0,25.0
mistralai_Mistral-7B-Instruct-v0.3,Power_Distance,1995,1,3,25.0,25.0,25.0
mistralai_Mistral-7B-Instruct-v0.3,Power_Distance,1999,1,1,0.0,0.0,0.0
mistralai_Mistral-7B-Instruct-v0.3,Power_Distance,1999,1,2,0.0,0.0,0.0
mistralai_Mistral-7B-Instruct-v0.3,Power_Distance,1999,1,3,0.0,0.0,0.0
mistralai_Mistral-7B-Instruct-v0.3,Power_Distance,2000,1,1,25.0,0.0,0.0
mistralai_Mistral-7B-Instruct-v0.3,Power_Distance,2000,1,2,25.0,0.0,0.0
mistralai_Mistral-7B-Instruct-v0.3,Power_Distance,2000,1,3,25.0,25.0,0.0
mistralai_Mistral-7B-Instruct-v0.3,Power_Distance,2001,1,1,75.0,75.0,75.0
mistralai_Mistral-7B-Instruct-v0.3,Power_Distance,2001,1,2,75.0,75.0,75.0
mistralai_Mistral-7B-Instruct-v0.3,Power_Distance,2001,1,3,75.0,75.0,75.0
mistralai_Mistral-7B-Instruct-v0.3,Power_Distance,2002,1,1,0.0,0.0,0.0
mistralai_Mistral-7B-Instruct-v0.3,Power_Distance,2002,1,2,0.0,0.0,0.0
mistralai_Mistral-7B-Instruct-v0.3,Power_Distance,2002,1,3,0.0,0.0,0.0
mistralai_Mistral-7B-Instruct-v0.3,Power_Distance,2003,1,1,0.0,0.0,0.0
mistralai_Mistral-7B-Instruct-v0.3,Power_Distance,2003,1,2,0.0,0.0,0.0
mistralai_Mistral-7B-Instruct-v0.3,Power_Distance,2003,1,3,0.0,0.0,50.0
mistralai_Mistral-7B-Instruct-v0.3,Power_Distance,2004,1,1,25.0,25.0,25.0
mistralai_Mistral-7B-Instruct-v0.3,Power_Distance,2004,1,2,25.0,25.0,25.0
mistralai_Mistral-7B-Instruct-v0.3,Power_Distance,2004,1,3,25.0,25.0,25.0
mistralai_Mistral-7B-Instruct-v0.3,Power_Distance,2005,1,1,50.0,50.0,25.0
mistralai_Mistral-7B-Instruct-v0.3,Power_Distance,2005,1,2,50.0,25.0,50.0
mistralai_Mistral-7B-Instruct-v0.3,Power_Distance,2005,1,3,50.0,50.0,50.0
mistralai_Mistral-7B-Instruct-v0.3,Power_Distance,2006,1,1,25.0,25.0,25.0
mistralai_Mistral-7B-Instruct-v0.3,Power_Distance,2006,1,2,25.0,25.0,25.0
mistralai_Mistral-7B-Instruct-v0.3,Power_Distance,2006,1,3,25.0,25.0,25.0
mistralai_Mistral-7B-Instruct-v0.3,Power_Distance,2007,1,1,25.0,25.0,25.0
mistralai_Mistral-7B-Instruct-v0.3,Power_Distance,2007,1,2,25.0,25.0,25.0
mistralai_Mistral-7B-Instruct-v0.3,Power_Distance,2007,1,3,25.0,25.0,25.0
mistralai_Mistral-7B-Instruct-v0.3,Power_Distance,2008,1,1,25.0,25.0,50.0
mistralai_Mistral-7B-Instruct-v0.3,Power_Distance,2008,1,2,25.0,25.0,25.0
mistralai_Mistral-7B-Instruct-v0.3,Power_Distance,2008,1,3,25.0,25.0,50.0
mistralai_Mistral-7B-Instruct-v0.3,Power_Distance,2010,1,1,25.0,25.0,25.0
mistralai_Mistral-7B-Instruct-v0.3,Power_Distance,2010,1,2,25.0,25.0,25.0
mistralai_Mistral-7B-Instruct-v0.3,Power_Distance,2010,1,3,25.0,25.0,25.0
mistralai_Mistral-7B-Instruct-v0.3,Power_Distance,2011,1,1,100.0,100.0,100.0
mistralai_Mistral-7B-Instruct-v0.3,Power_Distance,2011,1,2,100.0,100.0,100.0
mistralai_Mistral-7B-Instruct-v0.3,Power_Distance,2011,1,3,100.0,100.0,100.0
mistralai_Mistral-7B-Instruct-v0.3,Power_Distance,2012,1,1,25.0,50.0,25.0
mistralai_Mistral-7B-Instruct-v0.3,Power_Distance,2012,1,2,25.0,25.0,25.0
mistralai_Mistral-7B-Instruct-v0.3,Power_Distance,2012,1,3,25.0,50.0,25.0
mistralai_Mistral-7B-Instruct-v0.3,Power_Distance,2013,1,1,25.0,25.0,25.0
mistralai_Mistral-7B-Instruct-v0.3,Power_Distance,2013,1,2,25.0,25.0,25.0
mistralai_Mistral-7B-Instruct-v0.3,Power_Distance,2013,1,3,25.0,25.0,25.0
mistralai_Mistral-7B-Instruct-v0.3,Power_Distance,2014,1,1,0.0,0.0,0.0
mistralai_Mistral-7B-Instruct-v0.3,Power_Distance,2014,1,2,0.0,0.0,0.0
mistralai_Mistral-7B-Instruct-v0.3,Power_Distance,2014,1,3,0.0,0.0,0.0
mistralai_Mistral-7B-Instruct-v0.3,Power_Distance,2015,1,1,0.0,0.0,0.0
mistralai_Mistral-7B-Instruct-v0.3,Power_Distance,2015,1,2,0.0,0.0,0.0
mistralai_Mistral-7B-Instruct-v0.3,Power_Distance,2015,1,3,0.0,0.0,25.0
mistralai_Mistral-7B-Instruct-v0.3,Power_Distance,2016,1,1,0.0,0.0,0.0
mistralai_Mistral-7B-Instruct-v0.3,Power_Distance,2016,1,2,0.0,0.0,0.0
mistralai_Mistral-7B-Instruct-v0.3,Power_Distance,2016,1,3,0.0,0.0,0.0
mistralai_Mistral-7B-Instruct-v0.3,Power_Distance,2017,1,1,25.0,25.0,25.0
mistralai_Mistral-7B-Instruct-v0.3,Power_Distance,2017,1,2,25.0,25.0,25.0
mistralai_Mistral-7B-Instruct-v0.3,Power_Distance,2017,1,3,25.0,25.0,25.0
mistralai_Mistral-7B-Instruct-v0.3,Power_Distance,2018,1,1,25.0,25.0,0.0
mistralai_Mistral-7B-Instruct-v0.3,Power_Distance,2018,1,2,25.0,25.0,25.0
mistralai_Mistral-7B-Instruct-v0.3,Power_Distance,2018,1,3,25.0,25.0,25.0
mistralai_Mistral-7B-Instruct-v0.3,Power_Distance,2024,1,1,25.0,0.0,0.0
mistralai_Mistral-7B-Instruct-v0.3,Power_Distance,2024,1,2,25.0,25.0,0.0
mistralai_Mistral-7B-Instruct-v0.3,Power_Distance,2024,1,3,25.0,25.0,25.0
mistralai_Mistral-7B-Instruct-v0.3,Power_Distance,2025,1,1,25.0,25.0,25.0
mistralai_Mistral-7B-Instruct-v0.3,Power_Distance,2025,1,2,25.0,25.0,25.0
mistralai_Mistral-7B-Instruct-v0.3,Power_Distance,2025,1,3,25.0,25.0,25.0
mistralai_Mistral-7B-Instruct-v0.3,Power_Distance,2026,1,1,25.0,25.0,25.0
mistralai_Mistral-7B-Instruct-v0.3,Power_Distance,2026,1,2,25.0,25.0,25.0
mistralai_Mistral-7B-Instruct-v0.3,Power_Distance,2026,1,3,25.0,25.0,25.0
mistralai_Mistral-7B-Instruct-v0.3,Power_Distance,2027,1,1,0.0,0.0,0.0
mistralai_Mistral-7B-Instruct-v0.3,Power_Distance,2027,1,2,0.0,0.0,0.0
mistralai_Mistral-7B-Instruct-v0.3,Power_Distance,2027,1,3,0.0,0.0,0.0
mistralai_Mistral-7B-Instruct-v0.3,Power_Distance,2030,1,1,25.0,0.0,25.0
mistralai_Mistral-7B-Instruct-v0.3,Power_Distance,2030,1,2,25.0,25.0,25.0
mistralai_Mistral-7B-Instruct-v0.3,Power_Distance,2030,1,3,25.0,25.0,25.0
mistralai_Mistral-7B-Instruct-v0.3,Power_Distance,2031,1,1,25.0,25.0,0.0
mistralai_Mistral-7B-Instruct-v0.3,Power_Distance,2031,1,2,25.0,25.0,25.0
mistralai_Mistral-7B-Instruct-v0.3,Power_Distance,2031,1,3,25.0,25.0,0.0
mistralai_Mistral-7B-Instruct-v0.3,Power_Distance,2033,1,1,25.0,25.0,25.0
mistralai_Mistral-7B-Instruct-v0.3,Power_Distance,2033,1,2,25.0,25.0,25.0
mistralai_Mistral-7B-Instruct-v0.3,Power_Distance,2033,1,3,25.0,25.0,25.0
mistralai_Mistral-7B-Instruct-v0.3,Power_Distance,2034,1,1,0.0,0.0,0.0
mistralai_Mistral-7B-Instruct-v0.3,Power_Distance,2034,1,2,0.0,0.0,0.0
mistralai_Mistral-7B-Instruct-v0.3,Power_Distance,2034,1,3,0.0,0.0,0.0
mistralai_Mistral-7B-Instruct-v0.3,Power_Distance,2035,1,1,75.0,75.0,100.0
mistralai_Mistral-7B-Instruct-v0.3,Power_Distance,2035,1,2,75.0,75.0,75.0
mistralai_Mistral-7B-Instruct-v0.3,Power_Distance,2035,1,3,75.0,75.0,75.0
mistralai_Mistral-7B-Instruct-v0.3,Power_Distance,2036,1,1,0.0,0.0,0.0
mistralai_Mistral-7B-Instruct-v0.3,Power_Distance,2036,1,2,0.0,0.0,0.0
mistralai_Mistral-7B-Instruct-v0.3,Power_Distance,2036,1,3,0.0,0.0,0.0
mistralai_Mistral-7B-Instruct-v0.3,Power_Distance,2039,1,1,0.0,0.0,0.0
mistralai_Mistral-7B-Instruct-v0.3,Power_Distance,2039,1,2,0.0,0.0,0.0
mistralai_Mistral-7B-Instruct-v0.3,Power_Distance,2039,1,3,0.0,0.0,0.0
mistralai_Mistral-7B-Instruct-v0.3,Power_Distance,2040,1,1,50.0,50.0,50.0
mistralai_Mistral-7B-Instruct-v0.3,Power_Distance,2040,1,2,50.0,25.0,25.0
mistralai_Mistral-7B-Instruct-v0.3,Power_Distance,2040,1,3,50.0,25.0,100.0
mistralai_Mistral-7B-Instruct-v0.3,Power_Distance,2043,1,1,0.0,0.0,0.0
mistralai_Mistral-7B-Instruct-v0.3,Power_Distance,2043,1,2,0.0,0.0,0.0
mistralai_Mistral-7B-Instruct-v0.3,Power_Distance,2043,1,3,0.0,0.0,0.0
mistralai_Mistral-7B-Instruct-v0.3,Power_Distance,2045,1,1,25.0,25.0,25.0
mistralai_Mistral-7B-Instruct-v0.3,Power_Distance,2045,1,2,25.0,25.0,25.0
mistralai_Mistral-7B-Instruct-v0.3,Power_Distance,2045,1,3,25.0,0.0,0.0
mistralai_Mistral-7B-Instruct-v0.3,Power_Distance,2046,1,1,25.0,25.0,25.0
mistralai_Mistral-7B-Instruct-v0.3,Power_Distance,2046,1,2,25.0,25.0,25.0
mistralai_Mistral-7B-Instruct-v0.3,Power_Distance,2046,1,3,25.0,25.0,50.0
mistralai_Mistral-7B-Instruct-v0.3,Power_Distance,2050,1,1,0.0,0.0,0.0
mistralai_Mistral-7B-Instruct-v0.3,Power_Distance,2050,1,2,0.0,0.0,0.0
mistralai_Mistral-7B-Instruct-v0.3,Power_Distance,2050,1,3,0.0,0.0,0.0
mistralai_Mistral-7B-Instruct-v0.3,Power_Distance,2051,1,1,25.0,25.0,25.0
mistralai_Mistral-7B-Instruct-v0.3,Power_Distance,2051,1,2,25.0,25.0,25.0
mistralai_Mistral-7B-Instruct-v0.3,Power_Distance,2051,1,3,25.0,25.0,25.0
mistralai_Mistral-7B-Instruct-v0.3,Power_Distance,2053,1,1,25.0,25.0,25.0
mistralai_Mistral-7B-Instruct-v0.3,Power_Distance,2053,1,2,25.0,25.0,25.0
mistralai_Mistral-7B-Instruct-v0.3,Power_Distance,2053,1,3,25.0,25.0,25.0
mistralai_Mistral-7B-Instruct-v0.3,Power_Distance,2054,1,1,25.0,25.0,25.0
mistralai_Mistral-7B-Instruct-v0.3,Power_Distance,2054,1,2,25.0,25.0,25.0
mistralai_Mistral-7B-Instruct-v0.3,Power_Distance,2054,1,3,25.0,25.0,50.0
mistralai_Mistral-7B-Instruct-v0.3,Power_Distance,2055,1,1,25.0,25.0,25.0
mistralai_Mistral-7B-Instruct-v0.3,Power_Distance,2055,1,2,25.0,25.0,25.0
mistralai_Mistral-7B-Instruct-v0.3,Power_Distance,2055,1,3,25.0,50.0,50.0
mistralai_Mistral-7B-Instruct-v0.3,Power_Distance,2056,1,1,25.0,25.0,25.0
mistralai_Mistral-7B-Instruct-v0.3,Power_Distance,2056,1,2,25.0,25.0,25.0
mistralai_Mistral-7B-Instruct-v0.3,Power_Distance,2056,1,3,25.0,25.0,25.0
mistralai_Mistral-7B-Instruct-v0.3,Power_Distance,2057,1,1,50.0,50.0,50.0
mistralai_Mistral-7B-Instruct-v0.3,Power_Distance,2057,1,2,50.0,50.0,50.0
mistralai_Mistral-7B-Instruct-v0.3,Power_Distance,2057,1,3,50.0,50.0,50.0
mistralai_Mistral-7B-Instruct-v0.3,Power_Distance,2058,1,1,100.0,100.0,100.0
mistralai_Mistral-7B-Instruct-v0.3,Power_Distance,2058,1,2,100.0,100.0,100.0
mistralai_Mistral-7B-Instruct-v0.3,Power_Distance,2058,1,3,100.0,100.0,100.0
mistralai_Mistral-7B-Instruct-v0.3,Power_Distance,2059,1,1,50.0,25.0,50.0
mistralai_Mistral-7B-Instruct-v0.3,Power_Distance,2059,1,2,50.0,50.0,50.0
mistralai_Mistral-7B-Instruct-v0.3,Power_Distance,2059,1,3,50.0,50.0,25.0
mistralai_Mistral-7B-Instruct-v0.3,Power_Distance,2060,1,1,25.0,25.0,25.0
mistralai_Mistral-7B-Instruct-v0.3,Power_Distance,2060,1,2,25.0,25.0,25.0
mistralai_Mistral-7B-Instruct-v0.3,Power_Distance,2060,1,3,25.0,25.0,25.0
mistralai_Mistral-7B-Instruct-v0.3,Power_Distance,2061,1,1,75.0,75.0,75.0
mistralai_Mistral-7B-Instruct-v0.3,Power_Distance,2061,1,2,75.0,75.0,75.0
mistralai_Mistral-7B-Instruct-v0.3,Power_Distance,2061,1,3,75.0,75.0,75.0
mistralai_Mistral-7B-Instruct-v0.3,Power_Distance,2062,1,1,25.0,25.0,25.0
mistralai_Mistral-7B-Instruct-v0.3,Power_Distance,2062,1,2,25.0,25.0,25.0
mistralai_Mistral-7B-Instruct-v0.3,Power_Distance,2062,1,3,25.0,25.0,25.0
mistralai_Mistral-7B-Instruct-v0.3,Power_Distance,2063,1,1,50.0,50.0,50.0
mistralai_Mistral-7B-Instruct-v0.3,Power_Distance,2063,1,2,50.0,50.0,75.0
mistralai_Mistral-7B-Instruct-v0.3,Power_Distance,2063,1,3,50.0,50.0,50.0
mistralai_Mistral-7B-Instruct-v0.3,Power_Distance,2064,1,1,0.0,25.0,25.0
mistralai_Mistral-7B-Instruct-v0.3,Power_Distance,2064,1,2,0.0,0.0,0.0
mistralai_Mistral-7B-Instruct-v0.3,Power_Distance,2064,1,3,0.0,0.0,0.0
mistralai_Mistral-7B-Instruct-v0.3,Power_Distance,2065,1,1,25.0,25.0,25.0
mistralai_Mistral-7B-Instruct-v0.3,Power_Distance,2065,1,2,25.0,25.0,25.0
mistralai_Mistral-7B-Instruct-v0.3,Power_Distance,2065,1,3,25.0,25.0,25.0
mistralai_Mistral-7B-Instruct-v0.3,Power_Distance,2066,1,1,25.0,25.0,25.0
mistralai_Mistral-7B-Instruct-v0.3,Power_Distance,2066,1,2,25.0,25.0,25.0
mistralai_Mistral-7B-Instruct-v0.3,Power_Distance,2066,1,3,25.0,25.0,25.0
mistralai_Mistral-7B-Instruct-v0.3,Power_Distance,2067,1,1,50.0,50.0,25.0
mistralai_Mistral-7B-Instruct-v0.3,Power_Distance,2067,1,2,50.0,50.0,50.0
mistralai_Mistral-7B-Instruct-v0.3,Power_Distance,2067,1,3,50.0,50.0,50.0
mistralai_Mistral-7B-Instruct-v0.3,Power_Distance,2069,1,1,25.0,25.0,25.0
mistralai_Mistral-7B-Instruct-v0.3,Power_Distance,2069,1,2,25.0,25.0,25.0
mistralai_Mistral-7B-Instruct-v0.3,Power_Distance,2069,1,3,25.0,25.0,25.0
mistralai_Mistral-7B-Instruct-v0.3,Power_Distance,2073,1,1,25.0,25.0,25.0
mistralai_Mistral-7B-Instruct-v0.3,Power_Distance,2073,1,2,25.0,25.0,25.0
mistralai_Mistral-7B-Instruct-v0.3,Power_Distance,2073,1,3,25.0,25.0,25.0
mistralai_Mistral-7B-Instruct-v0.3,Power_Distance,2074,1,1,75.0,75.0,75.0
mistralai_Mistral-7B-Instruct-v0.3,Power_Distance,2074,1,2,75.0,75.0,25.0
mistralai_Mistral-7B-Instruct-v0.3,Power_Distance,2074,1,3,75.0,75.0,75.0
mistralai_Mistral-7B-Instruct-v0.3,Power_Distance,2075,1,1,25.0,50.0,25.0
mistralai_Mistral-7B-Instruct-v0.3,Power_Distance,2075,1,2,25.0,25.0,25.0
mistralai_Mistral-7B-Instruct-v0.3,Power_Distance,2075,1,3,25.0,50.0,50.0
mistralai_Mistral-7B-Instruct-v0.3,Power_Distance,2076,1,1,25.0,25.0,0.0
mistralai_Mistral-7B-Instruct-v0.3,Power_Distance,2076,1,2,25.0,0.0,25.0
mistralai_Mistral-7B-Instruct-v0.3,Power_Distance,2076,1,3,25.0,25.0,25.0
mistralai_Mistral-7B-Instruct-v0.3,Power_Distance,2079,1,1,75.0,75.0,75.0
mistralai_Mistral-7B-Instruct-v0.3,Power_Distance,2079,1,2,75.0,50.0,75.0
mistralai_Mistral-7B-Instruct-v0.3,Power_Distance,2079,1,3,75.0,75.0,50.0
mistralai_Mistral-7B-Instruct-v0.3,Power_Distance,2080,1,1,0.0,0.0,25.0
mistralai_Mistral-7B-Instruct-v0.3,Power_Distance,2080,1,2,0.0,0.0,0.0
mistralai_Mistral-7B-Instruct-v0.3,Power_Distance,2080,1,3,0.0,25.0,25.0
mistralai_Mistral-7B-Instruct-v0.3,Power_Distance,2081,1,1,0.0,0.0,0.0
mistralai_Mistral-7B-Instruct-v0.3,Power_Distance,2081,1,2,0.0,0.0,0.0
mistralai_Mistral-7B-Instruct-v0.3,Power_Distance,2081,1,3,0.0,0.0,0.0
mistralai_Mistral-7B-Instruct-v0.3,Power_Distance,2083,1,1,50.0,25.0,50.0
mistralai_Mistral-7B-Instruct-v0.3,Power_Distance,2083,1,2,50.0,50.0,50.0
mistralai_Mistral-7B-Instruct-v0.3,Power_Distance,2083,1,3,50.0,50.0,50.0
mistralai_Mistral-7B-Instruct-v0.3,Power_Distance,2084,1,1,25.0,25.0,0.0
mistralai_Mistral-7B-Instruct-v0.3,Power_Distance,2084,1,2,25.0,25.0,0.0
mistralai_Mistral-7B-Instruct-v0.3,Power_Distance,2084,1,3,25.0,25.0,25.0
mistralai_Mistral-7B-Instruct-v0.3,Power_Distance,2085,1,1,100.0,100.0,100.0
mistralai_Mistral-7B-Instruct-v0.3,Power_Distance,2085,1,2,100.0,100.0,100.0
mistralai_Mistral-7B-Instruct-v0.3,Power_Distance,2085,1,3,100.0,100.0,100.0
mistralai_Mistral-7B-Instruct-v0.3,Power_Distance,2087,1,1,25.0,25.0,25.0
mistralai_Mistral-7B-Instruct-v0.3,Power_Distance,2087,1,2,25.0,25.0,25.0
mistralai_Mistral-7B-Instruct-v0.3,Power_Distance,2087,1,3,25.0,25.0,25.0
mistralai_Mistral-7B-Instruct-v0.3,Power_Distance,2088,1,1,25.0,25.0,25.0
mistralai_Mistral-7B-Instruct-v0.3,Power_Distance,2088,1,2,25.0,25.0,25.0
mistralai_Mistral-7B-Instruct-v0.3,Power_Distance,2088,1,3,25.0,25.0,25.0
mistralai_Mistral-7B-Instruct-v0.3,Power_Distance,2089,1,1,25.0,25.0,25.0
mistralai_Mistral-7B-Instruct-v0.3,Power_Distance,2089,1,2,25.0,25.0,25.0
mistralai_Mistral-7B-Instruct-v0.3,Power_Distance,2089,1,3,25.0,25.0,25.0
mistralai_Mistral-7B-Instruct-v0.3,Power_Distance,2090,1,1,0.0,0.0,0.0
mistralai_Mistral-7B-Instruct-v0.3,Power_Distance,2090,1,2,0.0,0.0,0.0
mistralai_Mistral-7B-Instruct-v0.3,Power_Distance,2090,1,3,0.0,0.0,0.0
mistralai_Mistral-7B-Instruct-v0.3,Power_Distance,2091,1,1,50.0,50.0,25.0
mistralai_Mistral-7B-Instruct-v0.3,Power_Distance,2091,1,2,50.0,25.0,25.0
mistralai_Mistral-7B-Instruct-v0.3,Power_Distance,2091,1,3,50.0,25.0,25.0
mistralai_Mistral-7B-Instruct-v0.3,Power_Distance,2093,1,1,25.0,25.0,25.0
mistralai_Mistral-7B-Instruct-v0.3,Power_Distance,2093,1,2,25.0,50.0,25.0
mistralai_Mistral-7B-Instruct-v0.3,Power_Distance,2093,1,3,25.0,25.0,50.0
mistralai_Mistral-7B-Instruct-v0.3,Power_Distance,2095,1,1,25.0,25.0,25.0
mistralai_Mistral-7B-Instruct-v0.3,Power_Distance,2095,1,2,25.0,0.0,25.0
mistralai_Mistral-7B-Instruct-v0.3,Power_Distance,2095,1,3,25.0,25.0,25.0
mistralai_Mistral-7B-Instruct-v0.3,Power_Distance,2096,1,1,25.0,25.0,25.0
mistralai_Mistral-7B-Instruct-v0.3,Power_Distance,2096,1,2,25.0,25.0,25.0
mistralai_Mistral-7B-Instruct-v0.3,Power_Distance,2096,1,3,25.0,25.0,25.0
mistralai_Mistral-7B-Instruct-v0.3,Power_Distance,2099,1,1,25.0,25.0,25.0
mistralai_Mistral-7B-Instruct-v0.3,Power_Distance,2099,1,2,25.0,25.0,25.0
mistralai_Mistral-7B-Instruct-v0.3,Power_Distance,2099,1,3,25.0,25.0,25.0
mistralai_Mistral-7B-Instruct-v0.3,Power_Distance,2100,1,1,0.0,0.0,0.0
mistralai_Mistral-7B-Instruct-v0.3,Power_Distance,2100,1,2,0.0,0.0,0.0
mistralai_Mistral-7B-Instruct-v0.3,Power_Distance,2100,1,3,0.0,0.0,0.0
mistralai_Mistral-7B-Instruct-v0.3,Power_Distance,2102,1,1,25.0,25.0,25.0
mistralai_Mistral-7B-Instruct-v0.3,Power_Distance,2102,1,2,25.0,0.0,0.0
mistralai_Mistral-7B-Instruct-v0.3,Power_Distance,2102,1,3,25.0,0.0,0.0
mistralai_Mistral-7B-Instruct-v0.3,Power_Distance,2103,1,1,25.0,25.0,25.0
mistralai_Mistral-7B-Instruct-v0.3,Power_Distance,2103,1,2,25.0,25.0,25.0
mistralai_Mistral-7B-Instruct-v0.3,Power_Distance,2103,1,3,25.0,25.0,25.0
mistralai_Mistral-7B-Instruct-v0.3,Power_Distance,2105,1,1,25.0,25.0,25.0
mistralai_Mistral-7B-Instruct-v0.3,Power_Distance,2105,1,2,25.0,25.0,25.0
mistralai_Mistral-7B-Instruct-v0.3,Power_Distance,2105,1,3,25.0,25.0,25.0
mistralai_Mistral-7B-Instruct-v0.3,Power_Distance,2107,1,1,0.0,0.0,0.0
mistralai_Mistral-7B-Instruct-v0.3,Power_Distance,2107,1,2,0.0,0.0,0.0
mistralai_Mistral-7B-Instruct-v0.3,Power_Distance,2107,1,3,0.0,0.0,0.0
mistralai_Mistral-7B-Instruct-v0.3,Power_Distance,2108,1,1,0.0,0.0,0.0
mistralai_Mistral-7B-Instruct-v0.3,Power_Distance,2108,1,2,0.0,0.0,0.0
mistralai_Mistral-7B-Instruct-v0.3,Power_Distance,2108,1,3,0.0,0.0,0.0
mistralai_Mistral-7B-Instruct-v0.3,Power_Distance,2109,1,1,0.0,0.0,25.0
mistralai_Mistral-7B-Instruct-v0.3,Power_Distance,2109,1,2,0.0,0.0,0.0
mistralai_Mistral-7B-Instruct-v0.3,Power_Distance,2109,1,3,0.0,0.0,0.0
mistralai_Mistral-7B-Instruct-v0.3,Power_Distance,2112,1,1,0.0,0.0,0.0
mistralai_Mistral-7B-Instruct-v0.3,Power_Distance,2112,1,2,0.0,0.0,0.0
mistralai_Mistral-7B-Instruct-v0.3,Power_Distance,2112,1,3,0.0,25.0,0.0
mistralai_Mistral-7B-Instruct-v0.3,Power_Distance,2113,1,1,50.0,50.0,50.0
mistralai_Mistral-7B-Instruct-v0.3,Power_Distance,2113,1,2,50.0,50.0,50.0
mistralai_Mistral-7B-Instruct-v0.3,Power_Distance,2113,1,3,50.0,50.0,50.0
mistralai_Mistral-7B-Instruct-v0.3,Power_Distance,2116,1,1,50.0,50.0,50.0
mistralai_Mistral-7B-Instruct-v0.3,Power_Distance,2116,1,2,50.0,50.0,50.0
mistralai_Mistral-7B-Instruct-v0.3,Power_Distance,2116,1,3,50.0,50.0,50.0
mistralai_Mistral-7B-Instruct-v0.3,Power_Distance,2123,1,1,25.0,0.0,0.0
mistralai_Mistral-7B-Instruct-v0.3,Power_Distance,2123,1,2,25.0,0.0,25.0
mistralai_Mistral-7B-Instruct-v0.3,Power_Distance,2123,1,3,25.0,75.0,75.0
mistralai_Mistral-7B-Instruct-v0.3,Power_Distance,2125,1,1,100.0,100.0,100.0
mistralai_Mistral-7B-Instruct-v0.3,Power_Distance,2125,1,2,100.0,100.0,100.0
mistralai_Mistral-7B-Instruct-v0.3,Power_Distance,2125,1,3,100.0,100.0,100.0
mistralai_Mistral-7B-Instruct-v0.3,Power_Distance,2130,1,1,0.0,0.0,0.0
mistralai_Mistral-7B-Instruct-v0.3,Power_Distance,2130,1,2,0.0,0.0,0.0
mistralai_Mistral-7B-Instruct-v0.3,Power_Distance,2130,1,3,0.0,0.0,0.0
mistralai_Mistral-7B-Instruct-v0.3,Power_Distance,2132,1,1,25.0,25.0,25.0
mistralai_Mistral-7B-Instruct-v0.3,Power_Distance,2132,1,2,25.0,25.0,25.0
mistralai_Mistral-7B-Instruct-v0.3,Power_Distance,2132,1,3,25.0,25.0,25.0
mistralai_Mistral-7B-Instruct-v0.3,Power_Distance,2134,1,1,25.0,25.0,25.0
mistralai_Mistral-7B-Instruct-v0.3,Power_Distance,2134,1,2,25.0,25.0,25.0
mistralai_Mistral-7B-Instruct-v0.3,Power_Distance,2134,1,3,25.0,25.0,25.0
mistralai_Mistral-7B-Instruct-v0.3,Uncertainty_Avoidance,2423,1,1,75.0,75.0,75.0
mistralai_Mistral-7B-Instruct-v0.3,Uncertainty_Avoidance,2423,1,2,75.0,75.0,25.0
mistralai_Mistral-7B-Instruct-v0.3,Uncertainty_Avoidance,2423,1,3,75.0,75.0,50.0
mistralai_Mistral-7B-Instruct-v0.3,Uncertainty_Avoidance,2424,1,1,25.0,25.0,25.0
mistralai_Mistral-7B-Instruct-v0.3,Uncertainty_Avoidance,2424,1,2,25.0,25.0,25.0
mistralai_Mistral-7B-Instruct-v0.3,Uncertainty_Avoidance,2424,1,3,25.0,25.0,25.0
mistralai_Mistral-7B-Instruct-v0.3,Uncertainty_Avoidance,2425,1,1,0.0,0.0,0.0
mistralai_Mistral-7B-Instruct-v0.3,Uncertainty_Avoidance,2425,1,2,0.0,0.0,0.0
mistralai_Mistral-7B-Instruct-v0.3,Uncertainty_Avoidance,2425,1,3,0.0,0.0,0.0
mistralai_Mistral-7B-Instruct-v0.3,Uncertainty_Avoidance,2426,1,1,25.0,25.0,0.0
mistralai_Mistral-7B-Instruct-v0.3,Uncertainty_Avoidance,2426,1,2,25.0,0.0,25.0
mistralai_Mistral-7B-Instruct-v0.3,Uncertainty_Avoidance,2426,1,3,25.0,25.0,25.0
mistralai_Mistral-7B-Instruct-v0.3,Uncertainty_Avoidance,2427,1,1,50.0,50.0,25.0
mistralai_Mistral-7B-Instruct-v0.3,Uncertainty_Avoidance,2427,1,2,50.0,75.0,75.0
mistralai_Mistral-7B-Instruct-v0.3,Uncertainty_Avoidance,2427,1,3,50.0,75.0,50.0
mistralai_Mistral-7B-Instruct-v0.3,Uncertainty_Avoidance,2428,1,1,50.0,50.0,50.0
mistralai_Mistral-7B-Instruct-v0.3,Uncertainty_Avoidance,2428,1,2,50.0,25.0,50.0
mistralai_Mistral-7B-Instruct-v0.3,Uncertainty_Avoidance,2428,1,3,50.0,25.0,50.0
mistralai_Mistral-7B-Instruct-v0.3,Uncertainty_Avoidance,2429,1,1,50.0,50.0,50.0
mistralai_Mistral-7B-Instruct-v0.3,Uncertainty_Avoidance,2429,1,2,50.0,50.0,50.0
mistralai_Mistral-7B-Instruct-v0.3,Uncertainty_Avoidance,2429,1,3,50.0,50.0,50.0
mistralai_Mistral-7B-Instruct-v0.3,Uncertainty_Avoidance,2430,1,1,0.0,0.0,25.0
mistralai_Mistral-7B-Instruct-v0.3,Uncertainty_Avoidance,2430,1,2,0.0,25.0,25.0
mistralai_Mistral-7B-Instruct-v0.3,Uncertainty_Avoidance,2430,1,3,0.0,0.0,0.0
mistralai_Mistral-7B-Instruct-v0.3,Uncertainty_Avoidance,2431,1,1,25.0,25.0,25.0
mistralai_Mistral-7B-Instruct-v0.3,Uncertainty_Avoidance,2431,1,2,25.0,25.0,25.0
mistralai_Mistral-7B-Instruct-v0.3,Uncertainty_Avoidance,2431,1,3,25.0,25.0,25.0
mistralai_Mistral-7B-Instruct-v0.3,Uncertainty_Avoidance,2432,1,1,25.0,25.0,25.0
mistralai_Mistral-7B-Instruct-v0.3,Uncertainty_Avoidance,2432,1,2,25.0,25.0,25.0
mistralai_Mistral-7B-Instruct-v0.3,Uncertainty_Avoidance,2432,1,3,25.0,25.0,25.0
mistralai_Mistral-7B-Instruct-v0.3,Uncertainty_Avoidance,2433,1,1,50.0,50.0,50.0
mistralai_Mistral-7B-Instruct-v0.3,Uncertainty_Avoidance,2433,1,2,50.0,50.0,50.0
mistralai_Mistral-7B-Instruct-v0.3,Uncertainty_Avoidance,2433,1,3,50.0,50.0,50.0
mistralai_Mistral-7B-Instruct-v0.3,Uncertainty_Avoidance,2434,1,1,25.0,25.0,50.0
mistralai_Mistral-7B-Instruct-v0.3,Uncertainty_Avoidance,2434,1,2,25.0,25.0,50.0
mistralai_Mistral-7B-Instruct-v0.3,Uncertainty_Avoidance,2434,1,3,25.0,25.0,50.0
mistralai_Mistral-7B-Instruct-v0.3,Uncertainty_Avoidance,2435,1,1,0.0,0.0,0.0
mistralai_Mistral-7B-Instruct-v0.3,Uncertainty_Avoidance,2435,1,2,0.0,0.0,0.0
mistralai_Mistral-7B-Instruct-v0.3,Uncertainty_Avoidance,2435,1,3,0.0,0.0,0.0
mistralai_Mistral-7B-Instruct-v0.3,Uncertainty_Avoidance,2436,1,1,50.0,50.0,50.0
mistralai_Mistral-7B-Instruct-v0.3,Uncertainty_Avoidance,2436,1,2,50.0,50.0,50.0
mistralai_Mistral-7B-Instruct-v0.3,Uncertainty_Avoidance,2436,1,3,50.0,50.0,50.0
mistralai_Mistral-7B-Instruct-v0.3,Uncertainty_Avoidance,2437,1,1,25.0,25.0,25.0
mistralai_Mistral-7B-Instruct-v0.3,Uncertainty_Avoidance,2437,1,2,25.0,25.0,25.0
mistralai_Mistral-7B-Instruct-v0.3,Uncertainty_Avoidance,2437,1,3,25.0,25.0,25.0
mistralai_Mistral-7B-Instruct-v0.3,Uncertainty_Avoidance,2438,1,1,25.0,25.0,25.0
mistralai_Mistral-7B-Instruct-v0.3,Uncertainty_Avoidance,2438,1,2,25.0,25.0,25.0
mistralai_Mistral-7B-Instruct-v0.3,Uncertainty_Avoidance,2438,1,3,25.0,25.0,25.0
mistralai_Mistral-7B-Instruct-v0.3,Uncertainty_Avoidance,2439,1,1,25.0,25.0,25.0
mistralai_Mistral-7B-Instruct-v0.3,Uncertainty_Avoidance,2439,1,2,25.0,25.0,25.0
mistralai_Mistral-7B-Instruct-v0.3,Uncertainty_Avoidance,2439,1,3,25.0,25.0,25.0
mistralai_Mistral-7B-Instruct-v0.3,Uncertainty_Avoidance,2440,1,1,75.0,75.0,75.0
mistralai_Mistral-7B-Instruct-v0.3,Uncertainty_Avoidance,2440,1,2,75.0,75.0,75.0
mistralai_Mistral-7B-Instruct-v0.3,Uncertainty_Avoidance,2440,1,3,75.0,75.0,75.0
mistralai_Mistral-7B-Instruct-v0.3,Uncertainty_Avoidance,2445,1,1,50.0,50.0,50.0
mistralai_Mistral-7B-Instruct-v0.3,Uncertainty_Avoidance,2445,1,2,50.0,50.0,50.0
mistralai_Mistral-7B-Instruct-v0.3,Uncertainty_Avoidance,2445,1,3,50.0,50.0,50.0
mistralai_Mistral-7B-Instruct-v0.3,Uncertainty_Avoidance,2446,1,1,50.0,50.0,50.0
mistralai_Mistral-7B-Instruct-v0.3,Uncertainty_Avoidance,2446,1,2,50.0,50.0,50.0
mistralai_Mistral-7B-Instruct-v0.3,Uncertainty_Avoidance,2446,1,3,50.0,50.0,50.0
mistralai_Mistral-7B-Instruct-v0.3,Uncertainty_Avoidance,2447,1,1,25.0,25.0,25.0
mistralai_Mistral-7B-Instruct-v0.3,Uncertainty_Avoidance,2447,1,2,25.0,25.0,25.0
mistralai_Mistral-7B-Instruct-v0.3,Uncertainty_Avoidance,2447,1,3,25.0,25.0,25.0
mistralai_Mistral-7B-Instruct-v0.3,Uncertainty_Avoidance,2449,1,1,25.0,25.0,25.0
mistralai_Mistral-7B-Instruct-v0.3,Uncertainty_Avoidance,2449,1,2,25.0,25.0,25.0
mistralai_Mistral-7B-Instruct-v0.3,Uncertainty_Avoidance,2449,1,3,25.0,25.0,25.0
mistralai_Mistral-7B-Instruct-v0.3,Uncertainty_Avoidance,2450,1,1,25.0,25.0,25.0
mistralai_Mistral-7B-Instruct-v0.3,Uncertainty_Avoidance,2450,1,2,25.0,25.0,25.0
mistralai_Mistral-7B-Instruct-v0.3,Uncertainty_Avoidance,2450,1,3,25.0,25.0,25.0
mistralai_Mistral-7B-Instruct-v0.3,Uncertainty_Avoidance,2452,1,1,0.0,0.0,0.0
mistralai_Mistral-7B-Instruct-v0.3,Uncertainty_Avoidance,2452,1,2,0.0,0.0,0.0
mistralai_Mistral-7B-Instruct-v0.3,Uncertainty_Avoidance,2452,1,3,0.0,0.0,0.0
mistralai_Mistral-7B-Instruct-v0.3,Uncertainty_Avoidance,2453,1,1,0.0,0.0,0.0
mistralai_Mistral-7B-Instruct-v0.3,Uncertainty_Avoidance,2453,1,2,0.0,0.0,0.0
mistralai_Mistral-7B-Instruct-v0.3,Uncertainty_Avoidance,2453,1,3,0.0,0.0,0.0
mistralai_Mistral-7B-Instruct-v0.3,Uncertainty_Avoidance,2454,1,1,25.0,25.0,25.0
mistralai_Mistral-7B-Instruct-v0.3,Uncertainty_Avoidance,2454,1,2,25.0,25.0,25.0
mistralai_Mistral-7B-Instruct-v0.3,Uncertainty_Avoidance,2454,1,3,25.0,25.0,25.0
mistralai_Mistral-7B-Instruct-v0.3,Uncertainty_Avoidance,2456,1,1,25.0,25.0,25.0
mistralai_Mistral-7B-Instruct-v0.3,Uncertainty_Avoidance,2456,1,2,25.0,25.0,25.0
mistralai_Mistral-7B-Instruct-v0.3,Uncertainty_Avoidance,2456,1,3,25.0,25.0,25.0
mistralai_Mistral-7B-Instruct-v0.3,Uncertainty_Avoidance,2457,1,1,0.0,0.0,0.0
mistralai_Mistral-7B-Instruct-v0.3,Uncertainty_Avoidance,2457,1,2,0.0,0.0,0.0
mistralai_Mistral-7B-Instruct-v0.3,Uncertainty_Avoidance,2457,1,3,0.0,0.0,0.0
mistralai_Mistral-7B-Instruct-v0.3,Uncertainty_Avoidance,2459,1,1,50.0,50.0,50.0
mistralai_Mistral-7B-Instruct-v0.3,Uncertainty_Avoidance,2459,1,2,50.0,50.0,50.0
mistralai_Mistral-7B-Instruct-v0.3,Uncertainty_Avoidance,2459,1,3,50.0,50.0,50.0
mistralai_Mistral-7B-Instruct-v0.3,Uncertainty_Avoidance,2460,1,1,25.0,25.0,25.0
mistralai_Mistral-7B-Instruct-v0.3,Uncertainty_Avoidance,2460,1,2,25.0,25.0,25.0
mistralai_Mistral-7B-Instruct-v0.3,Uncertainty_Avoidance,2460,1,3,25.0,50.0,25.0
mistralai_Mistral-7B-Instruct-v0.3,Uncertainty_Avoidance,2461,1,1,25.0,25.0,25.0
mistralai_Mistral-7B-Instruct-v0.3,Uncertainty_Avoidance,2461,1,2,25.0,25.0,25.0
mistralai_Mistral-7B-Instruct-v0.3,Uncertainty_Avoidance,2461,1,3,25.0,25.0,25.0
mistralai_Mistral-7B-Instruct-v0.3,Uncertainty_Avoidance,2463,1,1,0.0,0.0,0.0
mistralai_Mistral-7B-Instruct-v0.3,Uncertainty_Avoidance,2463,1,2,0.0,0.0,0.0
mistralai_Mistral-7B-Instruct-v0.3,Uncertainty_Avoidance,2463,1,3,0.0,0.0,0.0
mistralai_Mistral-7B-Instruct-v0.3,Uncertainty_Avoidance,2464,1,1,100.0,75.0,100.0
mistralai_Mistral-7B-Instruct-v0.3,Uncertainty_Avoidance,2464,1,2,100.0,75.0,75.0
mistralai_Mistral-7B-Instruct-v0.3,Uncertainty_Avoidance,2464,1,3,100.0,100.0,100.0
mistralai_Mistral-7B-Instruct-v0.3,Uncertainty_Avoidance,2466,1,1,25.0,75.0,50.0
mistralai_Mistral-7B-Instruct-v0.3,Uncertainty_Avoidance,2466,1,2,25.0,25.0,75.0
mistralai_Mistral-7B-Instruct-v0.3,Uncertainty_Avoidance,2466,1,3,25.0,25.0,75.0
mistralai_Mistral-7B-Instruct-v0.3,Uncertainty_Avoidance,2467,1,1,50.0,50.0,50.0
mistralai_Mistral-7B-Instruct-v0.3,Uncertainty_Avoidance,2467,1,2,50.0,50.0,25.0
mistralai_Mistral-7B-Instruct-v0.3,Uncertainty_Avoidance,2467,1,3,50.0,50.0,50.0
mistralai_Mistral-7B-Instruct-v0.3,Uncertainty_Avoidance,2468,1,1,50.0,50.0,50.0
mistralai_Mistral-7B-Instruct-v0.3,Uncertainty_Avoidance,2468,1,2,50.0,50.0,50.0
mistralai_Mistral-7B-Instruct-v0.3,Uncertainty_Avoidance,2468,1,3,50.0,50.0,50.0
mistralai_Mistral-7B-Instruct-v0.3,Uncertainty_Avoidance,2469,1,1,25.0,25.0,25.0
mistralai_Mistral-7B-Instruct-v0.3,Uncertainty_Avoidance,2469,1,2,25.0,25.0,25.0
mistralai_Mistral-7B-Instruct-v0.3,Uncertainty_Avoidance,2469,1,3,25.0,25.0,25.0
mistralai_Mistral-7B-Instruct-v0.3,Uncertainty_Avoidance,2471,1,1,25.0,25.0,25.0
mistralai_Mistral-7B-Instruct-v0.3,Uncertainty_Avoidance,2471,1,2,25.0,25.0,25.0
mistralai_Mistral-7B-Instruct-v0.3,Uncertainty_Avoidance,2471,1,3,25.0,25.0,25.0
mistralai_Mistral-7B-Instruct-v0.3,Uncertainty_Avoidance,2473,1,1,25.0,25.0,25.0
mistralai_Mistral-7B-Instruct-v0.3,Uncertainty_Avoidance,2473,1,2,25.0,25.0,25.0
mistralai_Mistral-7B-Instruct-v0.3,Uncertainty_Avoidance,2473,1,3,25.0,25.0,25.0
mistralai_Mistral-7B-Instruct-v0.3,Uncertainty_Avoidance,2474,1,1,50.0,50.0,50.0
mistralai_Mistral-7B-Instruct-v0.3,Uncertainty_Avoidance,2474,1,2,50.0,50.0,50.0
mistralai_Mistral-7B-Instruct-v0.3,Uncertainty_Avoidance,2474,1,3,50.0,50.0,50.0
mistralai_Mistral-7B-Instruct-v0.3,Uncertainty_Avoidance,2475,1,1,50.0,50.0,50.0
mistralai_Mistral-7B-Instruct-v0.3,Uncertainty_Avoidance,2475,1,2,50.0,50.0,50.0
mistralai_Mistral-7B-Instruct-v0.3,Uncertainty_Avoidance,2475,1,3,50.0,50.0,50.0
mistralai_Mistral-7B-Instruct-v0.3,Uncertainty_Avoidance,2476,1,1,0.0,0.0,0.0
mistralai_Mistral-7B-Instruct-v0.3,Uncertainty_Avoidance,2476,1,2,0.0,0.0,0.0
mistralai_Mistral-7B-Instruct-v0.3,Uncertainty_Avoidance,2476,1,3,0.0,0.0,0.0
mistralai_Mistral-7B-Instruct-v0.3,Uncertainty_Avoidance,2477,1,1,25.0,25.0,25.0
mistralai_Mistral-7B-Instruct-v0.3,Uncertainty_Avoidance,2477,1,2,25.0,25.0,25.0
mistralai_Mistral-7B-Instruct-v0.3,Uncertainty_Avoidance,2477,1,3,25.0,25.0,0.0
mistralai_Mistral-7B-Instruct-v0.3,Uncertainty_Avoidance,2478,1,1,50.0,50.0,50.0
mistralai_Mistral-7B-Instruct-v0.3,Uncertainty_Avoidance,2478,1,2,50.0,50.0,50.0
mistralai_Mistral-7B-Instruct-v0.3,Uncertainty_Avoidance,2478,1,3,50.0,50.0,50.0
mistralai_Mistral-7B-Instruct-v0.3,Uncertainty_Avoidance,2479,1,1,25.0,25.0,25.0
mistralai_Mistral-7B-Instruct-v0.3,Uncertainty_Avoidance,2479,1,2,25.0,25.0,25.0
mistralai_Mistral-7B-Instruct-v0.3,Uncertainty_Avoidance,2479,1,3,25.0,25.0,50.0
mistralai_Mistral-7B-Instruct-v0.3,Uncertainty_Avoidance,2482,1,1,25.0,25.0,25.0
mistralai_Mistral-7B-Instruct-v0.3,Uncertainty_Avoidance,2482,1,2,25.0,25.0,25.0
mistralai_Mistral-7B-Instruct-v0.3,Uncertainty_Avoidance,2482,1,3,25.0,25.0,25.0
mistralai_Mistral-7B-Instruct-v0.3,Uncertainty_Avoidance,2483,1,1,25.0,25.0,25.0
mistralai_Mistral-7B-Instruct-v0.3,Uncertainty_Avoidance,2483,1,2,25.0,25.0,25.0
mistralai_Mistral-7B-Instruct-v0.3,Uncertainty_Avoidance,2483,1,3,25.0,25.0,0.0
mistralai_Mistral-7B-Instruct-v0.3,Uncertainty_Avoidance,2484,1,1,25.0,25.0,25.0
mistralai_Mistral-7B-Instruct-v0.3,Uncertainty_Avoidance,2484,1,2,25.0,25.0,25.0
mistralai_Mistral-7B-Instruct-v0.3,Uncertainty_Avoidance,2484,1,3,25.0,25.0,25.0
mistralai_Mistral-7B-Instruct-v0.3,Uncertainty_Avoidance,2485,1,1,25.0,25.0,25.0
mistralai_Mistral-7B-Instruct-v0.3,Uncertainty_Avoidance,2485,1,2,25.0,25.0,25.0
mistralai_Mistral-7B-Instruct-v0.3,Uncertainty_Avoidance,2485,1,3,25.0,25.0,25.0
mistralai_Mistral-7B-Instruct-v0.3,Uncertainty_Avoidance,2487,1,1,0.0,0.0,0.0
mistralai_Mistral-7B-Instruct-v0.3,Uncertainty_Avoidance,2487,1,2,0.0,0.0,0.0
mistralai_Mistral-7B-Instruct-v0.3,Uncertainty_Avoidance,2487,1,3,0.0,0.0,0.0
mistralai_Mistral-7B-Instruct-v0.3,Uncertainty_Avoidance,2488,1,1,25.0,25.0,25.0
mistralai_Mistral-7B-Instruct-v0.3,Uncertainty_Avoidance,2488,1,2,25.0,25.0,25.0
mistralai_Mistral-7B-Instruct-v0.3,Uncertainty_Avoidance,2488,1,3,25.0,25.0,25.0
mistralai_Mistral-7B-Instruct-v0.3,Uncertainty_Avoidance,2489,1,1,25.0,25.0,25.0
mistralai_Mistral-7B-Instruct-v0.3,Uncertainty_Avoidance,2489,1,2,25.0,25.0,25.0
mistralai_Mistral-7B-Instruct-v0.3,Uncertainty_Avoidance,2489,1,3,25.0,25.0,25.0
mistralai_Mistral-7B-Instruct-v0.3,Uncertainty_Avoidance,2490,1,1,75.0,75.0,75.0
mistralai_Mistral-7B-Instruct-v0.3,Uncertainty_Avoidance,2490,1,2,75.0,75.0,75.0
mistralai_Mistral-7B-Instruct-v0.3,Uncertainty_Avoidance,2490,1,3,75.0,75.0,75.0
mistralai_Mistral-7B-Instruct-v0.3,Uncertainty_Avoidance,2492,1,1,50.0,25.0,25.0
mistralai_Mistral-7B-Instruct-v0.3,Uncertainty_Avoidance,2492,1,2,50.0,50.0,50.0
mistralai_Mistral-7B-Instruct-v0.3,Uncertainty_Avoidance,2492,1,3,50.0,50.0,25.0
mistralai_Mistral-7B-Instruct-v0.3,Uncertainty_Avoidance,2493,1,1,75.0,75.0,100.0
mistralai_Mistral-7B-Instruct-v0.3,Uncertainty_Avoidance,2493,1,2,75.0,75.0,75.0
mistralai_Mistral-7B-Instruct-v0.3,Uncertainty_Avoidance,2493,1,3,75.0,75.0,75.0
mistralai_Mistral-7B-Instruct-v0.3,Uncertainty_Avoidance,2494,1,1,25.0,25.0,25.0
mistralai_Mistral-7B-Instruct-v0.3,Uncertainty_Avoidance,2494,1,2,25.0,25.0,25.0
mistralai_Mistral-7B-Instruct-v0.3,Uncertainty_Avoidance,2494,1,3,25.0,25.0,0.0
mistralai_Mistral-7B-Instruct-v0.3,Uncertainty_Avoidance,2495,1,1,75.0,75.0,75.0
mistralai_Mistral-7B-Instruct-v0.3,Uncertainty_Avoidance,2495,1,2,75.0,75.0,75.0
mistralai_Mistral-7B-Instruct-v0.3,Uncertainty_Avoidance,2495,1,3,75.0,75.0,75.0
mistralai_Mistral-7B-Instruct-v0.3,Uncertainty_Avoidance,2497,1,1,25.0,25.0,25.0
mistralai_Mistral-7B-Instruct-v0.3,Uncertainty_Avoidance,2497,1,2,25.0,25.0,25.0
mistralai_Mistral-7B-Instruct-v0.3,Uncertainty_Avoidance,2497,1,3,25.0,25.0,25.0
mistralai_Mistral-7B-Instruct-v0.3,Uncertainty_Avoidance,2501,1,1,25.0,25.0,25.0
mistralai_Mistral-7B-Instruct-v0.3,Uncertainty_Avoidance,2501,1,2,25.0,25.0,50.0
mistralai_Mistral-7B-Instruct-v0.3,Uncertainty_Avoidance,2501,1,3,25.0,25.0,50.0
mistralai_Mistral-7B-Instruct-v0.3,Uncertainty_Avoidance,2503,1,1,25.0,25.0,25.0
mistralai_Mistral-7B-Instruct-v0.3,Uncertainty_Avoidance,2503,1,2,25.0,25.0,50.0
mistralai_Mistral-7B-Instruct-v0.3,Uncertainty_Avoidance,2503,1,3,25.0,25.0,50.0
mistralai_Mistral-7B-Instruct-v0.3,Uncertainty_Avoidance,2505,1,1,25.0,25.0,25.0
mistralai_Mistral-7B-Instruct-v0.3,Uncertainty_Avoidance,2505,1,2,25.0,25.0,25.0
mistralai_Mistral-7B-Instruct-v0.3,Uncertainty_Avoidance,2505,1,3,25.0,25.0,25.0
mistralai_Mistral-7B-Instruct-v0.3,Uncertainty_Avoidance,2506,1,1,25.0,50.0,25.0
mistralai_Mistral-7B-Instruct-v0.3,Uncertainty_Avoidance,2506,1,2,25.0,50.0,25.0
mistralai_Mistral-7B-Instruct-v0.3,Uncertainty_Avoidance,2506,1,3,25.0,50.0,25.0
mistralai_Mistral-7B-Instruct-v0.3,Uncertainty_Avoidance,2508,1,1,25.0,25.0,25.0
mistralai_Mistral-7B-Instruct-v0.3,Uncertainty_Avoidance,2508,1,2,25.0,25.0,50.0
mistralai_Mistral-7B-Instruct-v0.3,Uncertainty_Avoidance,2508,1,3,25.0,25.0,50.0
mistralai_Mistral-7B-Instruct-v0.3,Uncertainty_Avoidance,2511,1,1,50.0,50.0,50.0
mistralai_Mistral-7B-Instruct-v0.3,Uncertainty_Avoidance,2511,1,2,50.0,75.0,25.0
mistralai_Mistral-7B-Instruct-v0.3,Uncertainty_Avoidance,2511,1,3,50.0,50.0,75.0
mistralai_Mistral-7B-Instruct-v0.3,Uncertainty_Avoidance,2513,1,1,25.0,0.0,25.0
mistralai_Mistral-7B-Instruct-v0.3,Uncertainty_Avoidance,2513,1,2,25.0,0.0,25.0
mistralai_Mistral-7B-Instruct-v0.3,Uncertainty_Avoidance,2513,1,3,25.0,25.0,0.0
mistralai_Mistral-7B-Instruct-v0.3,Uncertainty_Avoidance,2514,1,1,25.0,50.0,25.0
mistralai_Mistral-7B-Instruct-v0.3,Uncertainty_Avoidance,2514,1,2,25.0,50.0,75.0
mistralai_Mistral-7B-Instruct-v0.3,Uncertainty_Avoidance,2514,1,3,25.0,25.0,25.0
mistralai_Mistral-7B-Instruct-v0.3,Uncertainty_Avoidance,2516,1,1,25.0,25.0,25.0
mistralai_Mistral-7B-Instruct-v0.3,Uncertainty_Avoidance,2516,1,2,25.0,25.0,25.0
mistralai_Mistral-7B-Instruct-v0.3,Uncertainty_Avoidance,2516,1,3,25.0,50.0,50.0
mistralai_Mistral-7B-Instruct-v0.3,Uncertainty_Avoidance,2518,1,1,25.0,25.0,25.0
mistralai_Mistral-7B-Instruct-v0.3,Uncertainty_Avoidance,2518,1,2,25.0,25.0,0.0
mistralai_Mistral-7B-Instruct-v0.3,Uncertainty_Avoidance,2518,1,3,25.0,25.0,25.0
mistralai_Mistral-7B-Instruct-v0.3,Uncertainty_Avoidance,2520,1,1,100.0,100.0,100.0
mistralai_Mistral-7B-Instruct-v0.3,Uncertainty_Avoidance,2520,1,2,100.0,100.0,100.0
mistralai_Mistral-7B-Instruct-v0.3,Uncertainty_Avoidance,2520,1,3,100.0,100.0,100.0
mistralai_Mistral-7B-Instruct-v0.3,Uncertainty_Avoidance,2521,1,1,25.0,25.0,25.0
mistralai_Mistral-7B-Instruct-v0.3,Uncertainty_Avoidance,2521,1,2,25.0,25.0,25.0
mistralai_Mistral-7B-Instruct-v0.3,Uncertainty_Avoidance,2521,1,3,25.0,25.0,25.0
mistralai_Mistral-7B-Instruct-v0.3,Uncertainty_Avoidance,2523,1,1,25.0,25.0,25.0
mistralai_Mistral-7B-Instruct-v0.3,Uncertainty_Avoidance,2523,1,2,25.0,25.0,25.0
mistralai_Mistral-7B-Instruct-v0.3,Uncertainty_Avoidance,2523,1,3,25.0,25.0,25.0
mistralai_Mistral-7B-Instruct-v0.3,Uncertainty_Avoidance,2524,1,1,75.0,50.0,75.0
mistralai_Mistral-7B-Instruct-v0.3,Uncertainty_Avoidance,2524,1,2,75.0,75.0,50.0
mistralai_Mistral-7B-Instruct-v0.3,Uncertainty_Avoidance,2524,1,3,75.0,50.0,75.0
mistralai_Mistral-7B-Instruct-v0.3,Uncertainty_Avoidance,2525,1,1,50.0,50.0,50.0
mistralai_Mistral-7B-Instruct-v0.3,Uncertainty_Avoidance,2525,1,2,50.0,50.0,50.0
mistralai_Mistral-7B-Instruct-v0.3,Uncertainty_Avoidance,2525,1,3,50.0,50.0,50.0
mistralai_Mistral-7B-Instruct-v0.3,Uncertainty_Avoidance,2526,1,1,25.0,25.0,25.0
mistralai_Mistral-7B-Instruct-v0.3,Uncertainty_Avoidance,2526,1,2,25.0,25.0,25.0
mistralai_Mistral-7B-Instruct-v0.3,Uncertainty_Avoidance,2526,1,3,25.0,25.0,25.0
mistralai_Mistral-7B-Instruct-v0.3,Uncertainty_Avoidance,2528,1,1,25.0,25.0,25.0
mistralai_Mistral-7B-Instruct-v0.3,Uncertainty_Avoidance,2528,1,2,25.0,25.0,25.0
mistralai_Mistral-7B-Instruct-v0.3,Uncertainty_Avoidance,2528,1,3,25.0,25.0,25.0
mistralai_Mistral-7B-Instruct-v0.3,Uncertainty_Avoidance,2529,1,1,25.0,25.0,25.0
mistralai_Mistral-7B-Instruct-v0.3,Uncertainty_Avoidance,2529,1,2,25.0,25.0,25.0
mistralai_Mistral-7B-Instruct-v0.3,Uncertainty_Avoidance,2529,1,3,25.0,25.0,25.0
mistralai_Mistral-7B-Instruct-v0.3,Uncertainty_Avoidance,2530,1,1,75.0,75.0,75.0
mistralai_Mistral-7B-Instruct-v0.3,Uncertainty_Avoidance,2530,1,2,75.0,75.0,75.0
mistralai_Mistral-7B-Instruct-v0.3,Uncertainty_Avoidance,2530,1,3,75.0,75.0,75.0
mistralai_Mistral-7B-Instruct-v0.3,Uncertainty_Avoidance,2532,1,1,25.0,25.0,25.0
mistralai_Mistral-7B-Instruct-v0.3,Uncertainty_Avoidance,2532,1,2,25.0,25.0,25.0
mistralai_Mistral-7B-Instruct-v0.3,Uncertainty_Avoidance,2532,1,3,25.0,25.0,25.0
mistralai_Mistral-7B-Instruct-v0.3,Uncertainty_Avoidance,2533,1,1,25.0,25.0,25.0
mistralai_Mistral-7B-Instruct-v0.3,Uncertainty_Avoidance,2533,1,2,25.0,25.0,25.0
mistralai_Mistral-7B-Instruct-v0.3,Uncertainty_Avoidance,2533,1,3,25.0,25.0,25.0
mistralai_Mistral-7B-Instruct-v0.3,Uncertainty_Avoidance,2534,1,1,75.0,100.0,75.0
mistralai_Mistral-7B-Instruct-v0.3,Uncertainty_Avoidance,2534,1,2,75.0,75.0,75.0
mistralai_Mistral-7B-Instruct-v0.3,Uncertainty_Avoidance,2534,1,3,75.0,75.0,100.0
mistralai_Mistral-7B-Instruct-v0.3,Uncertainty_Avoidance,2535,1,1,25.0,25.0,25.0
mistralai_Mistral-7B-Instruct-v0.3,Uncertainty_Avoidance,2535,1,2,25.0,25.0,25.0
mistralai_Mistral-7B-Instruct-v0.3,Uncertainty_Avoidance,2535,1,3,25.0,25.0,25.0
mistralai_Mistral-7B-Instruct-v0.3,Uncertainty_Avoidance,2536,1,1,25.0,25.0,50.0
mistralai_Mistral-7B-Instruct-v0.3,Uncertainty_Avoidance,2536,1,2,25.0,25.0,25.0
mistralai_Mistral-7B-Instruct-v0.3,Uncertainty_Avoidance,2536,1,3,25.0,25.0,25.0
mistralai_Mistral-7B-Instruct-v0.3,Uncertainty_Avoidance,2537,1,1,50.0,50.0,100.0
mistralai_Mistral-7B-Instruct-v0.3,Uncertainty_Avoidance,2537,1,2,50.0,50.0,50.0
mistralai_Mistral-7B-Instruct-v0.3,Uncertainty_Avoidance,2537,1,3,50.0,50.0,100.0
mistralai_Mistral-7B-Instruct-v0.3,Uncertainty_Avoidance,2538,1,1,50.0,50.0,50.0
mistralai_Mistral-7B-Instruct-v0.3,Uncertainty_Avoidance,2538,1,2,50.0,50.0,50.0
mistralai_Mistral-7B-Instruct-v0.3,Uncertainty_Avoidance,2538,1,3,50.0,50.0,50.0
mistralai_Mistral-7B-Instruct-v0.3,Uncertainty_Avoidance,2539,1,1,75.0,75.0,75.0
mistralai_Mistral-7B-Instruct-v0.3,Uncertainty_Avoidance,2539,1,2,75.0,75.0,75.0
mistralai_Mistral-7B-Instruct-v0.3,Uncertainty_Avoidance,2539,1,3,75.0,75.0,75.0
mistralai_Mistral-7B-Instruct-v0.3,Uncertainty_Avoidance,2542,1,1,50.0,50.0,50.0
mistralai_Mistral-7B-Instruct-v0.3,Uncertainty_Avoidance,2542,1,2,50.0,50.0,50.0
mistralai_Mistral-7B-Instruct-v0.3,Uncertainty_Avoidance,2542,1,3,50.0,50.0,50.0
mistralai_Mistral-7B-Instruct-v0.3,Uncertainty_Avoidance,2543,1,1,25.0,25.0,25.0
mistralai_Mistral-7B-Instruct-v0.3,Uncertainty_Avoidance,2543,1,2,25.0,0.0,0.0
mistralai_Mistral-7B-Instruct-v0.3,Uncertainty_Avoidance,2543,1,3,25.0,0.0,0.0
mistralai_Mistral-7B-Instruct-v0.3,Uncertainty_Avoidance,2544,1,1,25.0,25.0,25.0
mistralai_Mistral-7B-Instruct-v0.3,Uncertainty_Avoidance,2544,1,2,25.0,25.0,25.0
mistralai_Mistral-7B-Instruct-v0.3,Uncertainty_Avoidance,2544,1,3,25.0,25.0,25.0
mistralai_Mistral-7B-Instruct-v0.3,Uncertainty_Avoidance,2545,1,1,75.0,75.0,75.0
mistralai_Mistral-7B-Instruct-v0.3,Uncertainty_Avoidance,2545,1,2,75.0,75.0,75.0
mistralai_Mistral-7B-Instruct-v0.3,Uncertainty_Avoidance,2545,1,3,75.0,75.0,75.0
mistralai_Mistral-7B-Instruct-v0.3,Uncertainty_Avoidance,2546,1,1,25.0,25.0,25.0
mistralai_Mistral-7B-Instruct-v0.3,Uncertainty_Avoidance,2546,1,2,25.0,25.0,25.0
mistralai_Mistral-7B-Instruct-v0.3,Uncertainty_Avoidance,2546,1,3,25.0,50.0,50.0
mistralai_Mistral-7B-Instruct-v0.3,Uncertainty_Avoidance,2548,1,1,25.0,25.0,25.0
mistralai_Mistral-7B-Instruct-v0.3,Uncertainty_Avoidance,2548,1,2,25.0,25.0,50.0
mistralai_Mistral-7B-Instruct-v0.3,Uncertainty_Avoidance,2548,1,3,25.0,25.0,25.0
mistralai_Mistral-7B-Instruct-v0.3,Uncertainty_Avoidance,2549,1,1,75.0,75.0,75.0
mistralai_Mistral-7B-Instruct-v0.3,Uncertainty_Avoidance,2549,1,2,75.0,75.0,25.0
mistralai_Mistral-7B-Instruct-v0.3,Uncertainty_Avoidance,2549,1,3,75.0,50.0,50.0
mistralai_Mistral-7B-Instruct-v0.3,Uncertainty_Avoidance,2550,1,1,100.0,100.0,100.0
mistralai_Mistral-7B-Instruct-v0.3,Uncertainty_Avoidance,2550,1,2,100.0,75.0,100.0
mistralai_Mistral-7B-Instruct-v0.3,Uncertainty_Avoidance,2550,1,3,100.0,100.0,100.0
mistralai_Mistral-7B-Instruct-v0.3,Uncertainty_Avoidance,2553,1,1,75.0,75.0,75.0
mistralai_Mistral-7B-Instruct-v0.3,Uncertainty_Avoidance,2553,1,2,75.0,75.0,75.0
mistralai_Mistral-7B-Instruct-v0.3,Uncertainty_Avoidance,2553,1,3,75.0,75.0,100.0
mistralai_Mistral-7B-Instruct-v0.3,Uncertainty_Avoidance,2554,1,1,50.0,50.0,25.0
mistralai_Mistral-7B-Instruct-v0.3,Uncertainty_Avoidance,2554,1,2,50.0,50.0,50.0
mistralai_Mistral-7B-Instruct-v0.3,Uncertainty_Avoidance,2554,1,3,50.0,25.0,50.0
mistralai_Mistral-7B-Instruct-v0.3,Uncertainty_Avoidance,2556,1,1,25.0,25.0,25.0
mistralai_Mistral-7B-Instruct-v0.3,Uncertainty_Avoidance,2556,1,2,25.0,25.0,25.0
mistralai_Mistral-7B-Instruct-v0.3,Uncertainty_Avoidance,2556,1,3,25.0,25.0,25.0
mistralai_Mistral-7B-Instruct-v0.3,Uncertainty_Avoidance,2557,1,1,0.0,0.0,0.0
mistralai_Mistral-7B-Instruct-v0.3,Uncertainty_Avoidance,2557,1,2,0.0,0.0,0.0
mistralai_Mistral-7B-Instruct-v0.3,Uncertainty_Avoidance,2557,1,3,0.0,0.0,0.0
mistralai_Mistral-7B-Instruct-v0.3,Uncertainty_Avoidance,2558,1,1,0.0,0.0,0.0
mistralai_Mistral-7B-Instruct-v0.3,Uncertainty_Avoidance,2558,1,2,0.0,0.0,0.0
mistralai_Mistral-7B-Instruct-v0.3,Uncertainty_Avoidance,2558,1,3,0.0,0.0,0.0
mistralai_Mistral-7B-Instruct-v0.3,Uncertainty_Avoidance,2559,1,1,50.0,50.0,75.0
mistralai_Mistral-7B-Instruct-v0.3,Uncertainty_Avoidance,2559,1,2,50.0,50.0,50.0
mistralai_Mistral-7B-Instruct-v0.3,Uncertainty_Avoidance,2559,1,3,50.0,50.0,50.0
mistralai_Mistral-7B-Instruct-v0.3,Uncertainty_Avoidance,2562,1,1,25.0,25.0,25.0
mistralai_Mistral-7B-Instruct-v0.3,Uncertainty_Avoidance,2562,1,2,25.0,25.0,25.0
mistralai_Mistral-7B-Instruct-v0.3,Uncertainty_Avoidance,2562,1,3,25.0,25.0,25.0
mistralai_Mistral-7B-Instruct-v0.3,Uncertainty_Avoidance,2563,1,1,100.0,100.0,100.0
mistralai_Mistral-7B-Instruct-v0.3,Uncertainty_Avoidance,2563,1,2,100.0,100.0,100.0
mistralai_Mistral-7B-Instruct-v0.3,Uncertainty_Avoidance,2563,1,3,100.0,100.0,100.0
mistralai_Mistral-7B-Instruct-v0.3,Uncertainty_Avoidance,2564,1,1,25.0,25.0,0.0
mistralai_Mistral-7B-Instruct-v0.3,Uncertainty_Avoidance,2564,1,2,25.0,0.0,25.0
mistralai_Mistral-7B-Instruct-v0.3,Uncertainty_Avoidance,2564,1,3,25.0,0.0,25.0
mistralai_Mistral-7B-Instruct-v0.3,Uncertainty_Avoidance,2565,1,1,75.0,75.0,75.0
mistralai_Mistral-7B-Instruct-v0.3,Uncertainty_Avoidance,2565,1,2,75.0,75.0,75.0
mistralai_Mistral-7B-Instruct-v0.3,Uncertainty_Avoidance,2565,1,3,75.0,75.0,75.0
mistralai_Mistral-7B-Instruct-v0.3,Uncertainty_Avoidance,2566,1,1,25.0,25.0,0.0
mistralai_Mistral-7B-Instruct-v0.3,Uncertainty_Avoidance,2566,1,2,25.0,25.0,25.0
mistralai_Mistral-7B-Instruct-v0.3,Uncertainty_Avoidance,2566,1,3,25.0,25.0,25.0
mistralai_Mistral-7B-Instruct-v0.3,Uncertainty_Avoidance,2567,1,1,25.0,25.0,25.0
mistralai_Mistral-7B-Instruct-v0.3,Uncertainty_Avoidance,2567,1,2,25.0,25.0,25.0
mistralai_Mistral-7B-Instruct-v0.3,Uncertainty_Avoidance,2567,1,3,25.0,25.0,25.0
mistralai_Mistral-7B-Instruct-v0.3,Uncertainty_Avoidance,2568,1,1,25.0,75.0,50.0
mistralai_Mistral-7B-Instruct-v0.3,Uncertainty_Avoidance,2568,1,2,25.0,50.0,50.0
mistralai_Mistral-7B-Instruct-v0.3,Uncertainty_Avoidance,2568,1,3,25.0,75.0,50.0
mistralai_Mistral-7B-Instruct-v0.3,Uncertainty_Avoidance,2569,1,1,50.0,25.0,50.0
mistralai_Mistral-7B-Instruct-v0.3,Uncertainty_Avoidance,2569,1,2,50.0,50.0,50.0
mistralai_Mistral-7B-Instruct-v0.3,Uncertainty_Avoidance,2569,1,3,50.0,50.0,50.0
mistralai_Mistral-7B-Instruct-v0.3,Uncertainty_Avoidance,2570,1,1,25.0,25.0,25.0
mistralai_Mistral-7B-Instruct-v0.3,Uncertainty_Avoidance,2570,1,2,25.0,25.0,25.0
mistralai_Mistral-7B-Instruct-v0.3,Uncertainty_Avoidance,2570,1,3,25.0,25.0,50.0
mistralai_Mistral-7B-Instruct-v0.3,Uncertainty_Avoidance,2571,1,1,50.0,75.0,50.0
mistralai_Mistral-7B-Instruct-v0.3,Uncertainty_Avoidance,2571,1,2,50.0,50.0,25.0
mistralai_Mistral-7B-Instruct-v0.3,Uncertainty_Avoidance,2571,1,3,50.0,50.0,75.0
mistralai_Mistral-7B-Instruct-v0.3,Uncertainty_Avoidance,2573,1,1,25.0,25.0,25.0
mistralai_Mistral-7B-Instruct-v0.3,Uncertainty_Avoidance,2573,1,2,25.0,25.0,25.0
mistralai_Mistral-7B-Instruct-v0.3,Uncertainty_Avoidance,2573,1,3,25.0,25.0,25.0
mistralai_Mistral-7B-Instruct-v0.3,Uncertainty_Avoidance,2575,1,1,25.0,25.0,25.0
mistralai_Mistral-7B-Instruct-v0.3,Uncertainty_Avoidance,2575,1,2,25.0,25.0,25.0
mistralai_Mistral-7B-Instruct-v0.3,Uncertainty_Avoidance,2575,1,3,25.0,25.0,25.0
mistralai_Mistral-7B-Instruct-v0.3,Uncertainty_Avoidance,2577,1,1,25.0,25.0,25.0
mistralai_Mistral-7B-Instruct-v0.3,Uncertainty_Avoidance,2577,1,2,25.0,25.0,50.0
mistralai_Mistral-7B-Instruct-v0.3,Uncertainty_Avoidance,2577,1,3,25.0,25.0,50.0
mistralai_Mistral-7B-Instruct-v0.3,Uncertainty_Avoidance,2578,1,1,0.0,0.0,0.0
mistralai_Mistral-7B-Instruct-v0.3,Uncertainty_Avoidance,2578,1,2,0.0,0.0,0.0
mistralai_Mistral-7B-Instruct-v0.3,Uncertainty_Avoidance,2578,1,3,0.0,0.0,0.0
mistralai_Mistral-7B-Instruct-v0.3,Uncertainty_Avoidance,2579,1,1,25.0,25.0,25.0
mistralai_Mistral-7B-Instruct-v0.3,Uncertainty_Avoidance,2579,1,2,25.0,25.0,75.0
mistralai_Mistral-7B-Instruct-v0.3,Uncertainty_Avoidance,2579,1,3,25.0,25.0,25.0
mistralai_Mistral-7B-Instruct-v0.3,Uncertainty_Avoidance,2580,1,1,25.0,25.0,25.0
mistralai_Mistral-7B-Instruct-v0.3,Uncertainty_Avoidance,2580,1,2,25.0,25.0,25.0
mistralai_Mistral-7B-Instruct-v0.3,Uncertainty_Avoidance,2580,1,3,25.0,25.0,50.0
mistralai_Mistral-7B-Instruct-v0.3,Uncertainty_Avoidance,2581,1,1,25.0,25.0,25.0
mistralai_Mistral-7B-Instruct-v0.3,Uncertainty_Avoidance,2581,1,2,25.0,25.0,25.0
mistralai_Mistral-7B-Instruct-v0.3,Uncertainty_Avoidance,2581,1,3,25.0,25.0,25.0
mistralai_Mistral-7B-Instruct-v0.3,Uncertainty_Avoidance,2583,1,1,100.0,100.0,75.0
mistralai_Mistral-7B-Instruct-v0.3,Uncertainty_Avoidance,2583,1,2,100.0,100.0,100.0
mistralai_Mistral-7B-Instruct-v0.3,Uncertainty_Avoidance,2583,1,3,100.0,100.0,75.0
mistralai_Mistral-7B-Instruct-v0.3,Uncertainty_Avoidance,2584,1,1,50.0,50.0,50.0
mistralai_Mistral-7B-Instruct-v0.3,Uncertainty_Avoidance,2584,1,2,50.0,50.0,50.0
mistralai_Mistral-7B-Instruct-v0.3,Uncertainty_Avoidance,2584,1,3,50.0,50.0,50.0
mistralai_Mistral-7B-Instruct-v0.3,Uncertainty_Avoidance,2585,1,1,0.0,0.0,0.0
mistralai_Mistral-7B-Instruct-v0.3,Uncertainty_Avoidance,2585,1,2,0.0,0.0,0.0
mistralai_Mistral-7B-Instruct-v0.3,Uncertainty_Avoidance,2585,1,3,0.0,0.0,0.0
mistralai_Mistral-7B-Instruct-v0.3,Uncertainty_Avoidance,2587,1,1,0.0,0.0,25.0
mistralai_Mistral-7B-Instruct-v0.3,Uncertainty_Avoidance,2587,1,2,0.0,25.0,0.0
mistralai_Mistral-7B-Instruct-v0.3,Uncertainty_Avoidance,2587,1,3,0.0,0.0,25.0
mistralai_Mistral-7B-Instruct-v0.3,Uncertainty_Avoidance,2588,1,1,25.0,25.0,25.0
mistralai_Mistral-7B-Instruct-v0.3,Uncertainty_Avoidance,2588,1,2,25.0,25.0,25.0
mistralai_Mistral-7B-Instruct-v0.3,Uncertainty_Avoidance,2588,1,3,25.0,25.0,25.0
mistralai_Mistral-7B-Instruct-v0.3,Uncertainty_Avoidance,2589,1,1,50.0,50.0,50.0
mistralai_Mistral-7B-Instruct-v0.3,Uncertainty_Avoidance,2589,1,2,50.0,50.0,50.0
mistralai_Mistral-7B-Instruct-v0.3,Uncertainty_Avoidance,2589,1,3,50.0,50.0,50.0
mistralai_Mistral-7B-Instruct-v0.3,Uncertainty_Avoidance,2591,1,1,100.0,75.0,100.0
mistralai_Mistral-7B-Instruct-v0.3,Uncertainty_Avoidance,2591,1,2,100.0,75.0,100.0
mistralai_Mistral-7B-Instruct-v0.3,Uncertainty_Avoidance,2591,1,3,100.0,75.0,100.0
mistralai_Mistral-7B-Instruct-v0.3,Uncertainty_Avoidance,2592,1,1,25.0,25.0,25.0
mistralai_Mistral-7B-Instruct-v0.3,Uncertainty_Avoidance,2592,1,2,25.0,25.0,25.0
mistralai_Mistral-7B-Instruct-v0.3,Uncertainty_Avoidance,2592,1,3,25.0,25.0,25.0
mistralai_Mistral-7B-Instruct-v0.3,Uncertainty_Avoidance,2594,1,1,25.0,25.0,25.0
mistralai_Mistral-7B-Instruct-v0.3,Uncertainty_Avoidance,2594,1,2,25.0,25.0,25.0
mistralai_Mistral-7B-Instruct-v0.3,Uncertainty_Avoidance,2594,1,3,25.0,25.0,25.0
mistralai_Mistral-7B-Instruct-v0.3,Uncertainty_Avoidance,2595,1,1,25.0,25.0,75.0
mistralai_Mistral-7B-Instruct-v0.3,Uncertainty_Avoidance,2595,1,2,25.0,25.0,50.0
mistralai_Mistral-7B-Instruct-v0.3,Uncertainty_Avoidance,2595,1,3,25.0,25.0,25.0
mistralai_Mistral-7B-Instruct-v0.3,Uncertainty_Avoidance,2596,1,1,50.0,50.0,50.0
mistralai_Mistral-7B-Instruct-v0.3,Uncertainty_Avoidance,2596,1,2,50.0,50.0,75.0
mistralai_Mistral-7B-Instruct-v0.3,Uncertainty_Avoidance,2596,1,3,50.0,50.0,50.0
mistralai_Mistral-7B-Instruct-v0.3,Uncertainty_Avoidance,2598,1,1,50.0,50.0,50.0
mistralai_Mistral-7B-Instruct-v0.3,Uncertainty_Avoidance,2598,1,2,50.0,50.0,50.0
mistralai_Mistral-7B-Instruct-v0.3,Uncertainty_Avoidance,2598,1,3,50.0,50.0,50.0
mistralai_Mistral-7B-Instruct-v0.3,Uncertainty_Avoidance,2599,1,1,50.0,50.0,50.0
mistralai_Mistral-7B-Instruct-v0.3,Uncertainty_Avoidance,2599,1,2,50.0,50.0,50.0
mistralai_Mistral-7B-Instruct-v0.3,Uncertainty_Avoidance,2599,1,3,50.0,50.0,50.0
mistralai_Mistral-7B-Instruct-v0.3,Uncertainty_Avoidance,2601,1,1,25.0,25.0,25.0
mistralai_Mistral-7B-Instruct-v0.3,Uncertainty_Avoidance,2601,1,2,25.0,0.0,0.0
mistralai_Mistral-7B-Instruct-v0.3,Uncertainty_Avoidance,2601,1,3,25.0,0.0,25.0
mistralai_Mistral-7B-Instruct-v0.3,Uncertainty_Avoidance,2604,1,1,25.0,25.0,25.0
mistralai_Mistral-7B-Instruct-v0.3,Uncertainty_Avoidance,2604,1,2,25.0,25.0,25.0
mistralai_Mistral-7B-Instruct-v0.3,Uncertainty_Avoidance,2604,1,3,25.0,25.0,25.0
mistralai_Mistral-7B-Instruct-v0.3,Uncertainty_Avoidance,2605,1,1,25.0,25.0,25.0
mistralai_Mistral-7B-Instruct-v0.3,Uncertainty_Avoidance,2605,1,2,25.0,25.0,50.0
mistralai_Mistral-7B-Instruct-v0.3,Uncertainty_Avoidance,2605,1,3,25.0,25.0,25.0
mistralai_Mistral-7B-Instruct-v0.3,Uncertainty_Avoidance,2608,1,1,75.0,75.0,75.0
mistralai_Mistral-7B-Instruct-v0.3,Uncertainty_Avoidance,2608,1,2,75.0,75.0,75.0
mistralai_Mistral-7B-Instruct-v0.3,Uncertainty_Avoidance,2608,1,3,75.0,75.0,75.0
mistralai_Mistral-7B-Instruct-v0.3,Uncertainty_Avoidance,2610,1,1,75.0,50.0,50.0
mistralai_Mistral-7B-Instruct-v0.3,Uncertainty_Avoidance,2610,1,2,75.0,50.0,75.0
mistralai_Mistral-7B-Instruct-v0.3,Uncertainty_Avoidance,2610,1,3,75.0,75.0,75.0
mistralai_Mistral-7B-Instruct-v0.3,Uncertainty_Avoidance,2612,1,1,25.0,25.0,25.0
mistralai_Mistral-7B-Instruct-v0.3,Uncertainty_Avoidance,2612,1,2,25.0,25.0,25.0
mistralai_Mistral-7B-Instruct-v0.3,Uncertainty_Avoidance,2612,1,3,25.0,25.0,25.0
mistralai_Mistral-7B-Instruct-v0.3,Uncertainty_Avoidance,2619,1,1,50.0,25.0,50.0
mistralai_Mistral-7B-Instruct-v0.3,Uncertainty_Avoidance,2619,1,2,50.0,50.0,50.0
mistralai_Mistral-7B-Instruct-v0.3,Uncertainty_Avoidance,2619,1,3,50.0,50.0,50.0
mistralai_Mistral-7B-Instruct-v0.3,Uncertainty_Avoidance,2620,1,1,0.0,0.0,25.0
mistralai_Mistral-7B-Instruct-v0.3,Uncertainty_Avoidance,2620,1,2,0.0,0.0,0.0
mistralai_Mistral-7B-Instruct-v0.3,Uncertainty_Avoidance,2620,1,3,0.0,0.0,0.0
mistralai_Mistral-7B-Instruct-v0.3,Uncertainty_Avoidance,2622,1,1,50.0,50.0,50.0
mistralai_Mistral-7B-Instruct-v0.3,Uncertainty_Avoidance,2622,1,2,50.0,50.0,50.0
mistralai_Mistral-7B-Instruct-v0.3,Uncertainty_Avoidance,2622,1,3,50.0,50.0,50.0
mistralai_Mistral-7B-Instruct-v0.3,Uncertainty_Avoidance,2623,1,1,75.0,75.0,75.0
mistralai_Mistral-7B-Instruct-v0.3,Uncertainty_Avoidance,2623,1,2,75.0,75.0,75.0
mistralai_Mistral-7B-Instruct-v0.3,Uncertainty_Avoidance,2623,1,3,75.0,75.0,75.0
mistralai_Mistral-7B-Instruct-v0.3,Uncertainty_Avoidance,2630,1,1,25.0,25.0,25.0
mistralai_Mistral-7B-Instruct-v0.3,Uncertainty_Avoidance,2630,1,2,25.0,25.0,25.0
mistralai_Mistral-7B-Instruct-v0.3,Uncertainty_Avoidance,2630,1,3,25.0,25.0,25.0
mistralai_Mistral-7B-Instruct-v0.3,Uncertainty_Avoidance,2634,1,1,25.0,25.0,25.0
mistralai_Mistral-7B-Instruct-v0.3,Uncertainty_Avoidance,2634,1,2,25.0,25.0,75.0
mistralai_Mistral-7B-Instruct-v0.3,Uncertainty_Avoidance,2634,1,3,25.0,25.0,75.0
mistralai_Mistral-7B-Instruct-v0.3,Uncertainty_Avoidance,2639,1,1,50.0,50.0,50.0
mistralai_Mistral-7B-Instruct-v0.3,Uncertainty_Avoidance,2639,1,2,50.0,50.0,50.0
mistralai_Mistral-7B-Instruct-v0.3,Uncertainty_Avoidance,2639,1,3,50.0,50.0,50.0
mistralai_Mistral-7B-Instruct-v0.3,Uncertainty_Avoidance,2640,1,1,25.0,25.0,25.0
mistralai_Mistral-7B-Instruct-v0.3,Uncertainty_Avoidance,2640,1,2,25.0,25.0,25.0
mistralai_Mistral-7B-Instruct-v0.3,Uncertainty_Avoidance,2640,1,3,25.0,25.0,25.0
mistralai_Mistral-7B-Instruct-v0.3,Uncertainty_Avoidance,2641,1,1,25.0,25.0,50.0
mistralai_Mistral-7B-Instruct-v0.3,Uncertainty_Avoidance,2641,1,2,25.0,25.0,25.0
mistralai_Mistral-7B-Instruct-v0.3,Uncertainty_Avoidance,2641,1,3,25.0,50.0,25.0
mistralai_Mistral-7B-Instruct-v0.3,Uncertainty_Avoidance,2644,1,1,25.0,25.0,25.0
mistralai_Mistral-7B-Instruct-v0.3,Uncertainty_Avoidance,2644,1,2,25.0,25.0,25.0
mistralai_Mistral-7B-Instruct-v0.3,Uncertainty_Avoidance,2644,1,3,25.0,25.0,25.0
mistralai_Mistral-7B-Instruct-v0.3,Uncertainty_Avoidance,2646,1,1,25.0,25.0,25.0
mistralai_Mistral-7B-Instruct-v0.3,Uncertainty_Avoidance,2646,1,2,25.0,75.0,25.0
mistralai_Mistral-7B-Instruct-v0.3,Uncertainty_Avoidance,2646,1,3,25.0,75.0,50.0
mistralai_Mistral-7B-Instruct-v0.3,Uncertainty_Avoidance,2651,1,1,100.0,100.0,100.0
mistralai_Mistral-7B-Instruct-v0.3,Uncertainty_Avoidance,2651,1,2,100.0,100.0,100.0
mistralai_Mistral-7B-Instruct-v0.3,Uncertainty_Avoidance,2651,1,3,100.0,100.0,100.0
mistralai_Mistral-7B-Instruct-v0.3,Uncertainty_Avoidance,2658,1,1,50.0,50.0,50.0
mistralai_Mistral-7B-Instruct-v0.3,Uncertainty_Avoidance,2658,1,2,50.0,50.0,50.0
mistralai_Mistral-7B-Instruct-v0.3,Uncertainty_Avoidance,2658,1,3,50.0,50.0,50.0
