family,dimension,item_id,prompt_id,run_id,0.6,1.0,1.5,1.7,2.0,4.0,7.0,8.0,12.0,14.0,27.0,32.0
deepseek-qwen,Individualism,0,1,1,,,75.0,,,,0.0,50.0,,0.0,,0.0
deepseek-qwen,Individualism,0,1,2,,,75.0,,,,0.0,50.0,,0.0,,0.0
deepseek-qwen,Individualism,0,1,3,,,75.0,,,,0.0,50.0,,0.0,,0.0
deepseek-qwen,Individualism,1,1,1,,,25.0,,,,75.0,75.0,,50.0,,75.0
deepseek-qwen,Individualism,1,1,2,,,25.0,,,,75.0,75.0,,50.0,,75.0
deepseek-qwen,Individualism,1,1,3,,,25.0,,,,75.0,75.0,,50.0,,75.0
deepseek-qwen,Individualism,10,1,1,,,50.0,,,,75.0,25.0,,50.0,,75.0
deepseek-qwen,Individualism,10,1,2,,,50.0,,,,75.0,25.0,,50.0,,75.0
deepseek-qwen,Individualism,10,1,3,,,50.0,,,,75.0,25.0,,50.0,,75.0
deepseek-qwen,Individualism,100,1,1,,,50.0,,,,50.0,50.0,,50.0,,50.0
deepseek-qwen,Individualism,100,1,2,,,50.0,,,,50.0,50.0,,50.0,,50.0
deepseek-qwen,Individualism,100,1,3,,,50.0,,,,50.0,50.0,,50.0,,50.0
deepseek-qwen,Individualism,102,1,1,,,25.0,,,,50.0,50.0,,50.0,,50.0
deepseek-qwen,Individualism,102,1,2,,,25.0,,,,50.0,50.0,,50.0,,50.0
deepseek-qwen,Individualism,102,1,3,,,25.0,,,,50.0,50.0,,50.0,,50.0
deepseek-qwen,Individualism,103,1,1,,,25.0,,,,75.0,25.0,,50.0,,25.0
deepseek-qwen,Individualism,103,1,2,,,25.0,,,,75.0,25.0,,50.0,,25.0
deepseek-qwen,Individualism,103,1,3,,,25.0,,,,75.0,25.0,,50.0,,25.0
deepseek-qwen,Individualism,104,1,1,,,25.0,,,,75.0,25.0,,25.0,,0.0
deepseek-qwen,Individualism,104,1,2,,,25.0,,,,75.0,25.0,,25.0,,0.0
deepseek-qwen,Individualism,104,1,3,,,25.0,,,,75.0,25.0,,25.0,,0.0
deepseek-qwen,Individualism,105,1,1,,,100.0,,,,50.0,100.0,,50.0,,100.0
deepseek-qwen,Individualism,105,1,2,,,100.0,,,,50.0,100.0,,50.0,,100.0
deepseek-qwen,Individualism,105,1,3,,,100.0,,,,50.0,100.0,,50.0,,100.0
deepseek-qwen,Individualism,106,1,1,,,50.0,,,,50.0,50.0,,50.0,,50.0
deepseek-qwen,Individualism,106,1,2,,,50.0,,,,50.0,50.0,,50.0,,50.0
deepseek-qwen,Individualism,106,1,3,,,50.0,,,,50.0,50.0,,50.0,,50.0
deepseek-qwen,Individualism,107,1,1,,,75.0,,,,75.0,75.0,,75.0,,75.0
deepseek-qwen,Individualism,107,1,2,,,75.0,,,,75.0,75.0,,75.0,,75.0
deepseek-qwen,Individualism,107,1,3,,,75.0,,,,75.0,75.0,,75.0,,75.0
deepseek-qwen,Individualism,109,1,1,,,100.0,,,,100.0,50.0,,50.0,,100.0
deepseek-qwen,Individualism,109,1,2,,,100.0,,,,100.0,50.0,,50.0,,100.0
deepseek-qwen,Individualism,109,1,3,,,100.0,,,,100.0,50.0,,50.0,,100.0
deepseek-qwen,Individualism,11,1,1,,,75.0,,,,50.0,50.0,,50.0,,50.0
deepseek-qwen,Individualism,11,1,2,,,75.0,,,,50.0,50.0,,50.0,,50.0
deepseek-qwen,Individualism,11,1,3,,,75.0,,,,50.0,50.0,,50.0,,50.0
deepseek-qwen,Individualism,110,1,1,,,25.0,,,,100.0,25.0,,50.0,,50.0
deepseek-qwen,Individualism,110,1,2,,,25.0,,,,100.0,25.0,,50.0,,50.0
deepseek-qwen,Individualism,110,1,3,,,25.0,,,,100.0,25.0,,50.0,,50.0
deepseek-qwen,Individualism,113,1,1,,,25.0,,,,50.0,50.0,,50.0,,50.0
deepseek-qwen,Individualism,113,1,2,,,25.0,,,,50.0,50.0,,50.0,,50.0
deepseek-qwen,Individualism,113,1,3,,,25.0,,,,50.0,50.0,,50.0,,50.0
deepseek-qwen,Individualism,114,1,1,,,25.0,,,,50.0,50.0,,50.0,,50.0
deepseek-qwen,Individualism,114,1,2,,,25.0,,,,50.0,50.0,,50.0,,50.0
deepseek-qwen,Individualism,114,1,3,,,25.0,,,,50.0,50.0,,50.0,,50.0
deepseek-qwen,Individualism,118,1,1,,,75.0,,,,50.0,100.0,,50.0,,50.0
deepseek-qwen,Individualism,118,1,2,,,75.0,,,,50.0,100.0,,50.0,,50.0
deepseek-qwen,Individualism,118,1,3,,,75.0,,,,50.0,100.0,,50.0,,50.0
deepseek-qwen,Individualism,119,1,1,,,75.0,,,,100.0,25.0,,25.0,,25.0
deepseek-qwen,Individualism,119,1,2,,,75.0,,,,100.0,25.0,,25.0,,25.0
deepseek-qwen,Individualism,119,1,3,,,75.0,,,,100.0,25.0,,25.0,,25.0
deepseek-qwen,Individualism,12,1,1,,,50.0,,,,50.0,100.0,,50.0,,50.0
deepseek-qwen,Individualism,12,1,2,,,50.0,,,,50.0,100.0,,50.0,,50.0
deepseek-qwen,Individualism,12,1,3,,,50.0,,,,50.0,100.0,,50.0,,50.0
deepseek-qwen,Individualism,121,1,1,,,100.0,,,,0.0,,,25.0,,
deepseek-qwen,Individualism,121,1,2,,,100.0,,,,0.0,,,25.0,,
deepseek-qwen,Individualism,121,1,3,,,100.0,,,,0.0,,,25.0,,
deepseek-qwen,Individualism,122,1,1,,,75.0,,,,50.0,50.0,,50.0,,50.0
deepseek-qwen,Individualism,122,1,2,,,75.0,,,,50.0,50.0,,50.0,,50.0
deepseek-qwen,Individualism,122,1,3,,,75.0,,,,50.0,50.0,,50.0,,50.0
deepseek-qwen,Individualism,123,1,1,,,50.0,,,,50.0,50.0,,50.0,,50.0
deepseek-qwen,Individualism,123,1,2,,,50.0,,,,50.0,50.0,,50.0,,50.0
deepseek-qwen,Individualism,123,1,3,,,50.0,,,,50.0,50.0,,50.0,,50.0
deepseek-qwen,Individualism,126,1,1,,,50.0,,,,50.0,50.0,,50.0,,50.0
deepseek-qwen,Individualism,126,1,2,,,50.0,,,,50.0,50.0,,50.0,,50.0
deepseek-qwen,Individualism,126,1,3,,,50.0,,,,50.0,50.0,,50.0,,50.0
deepseek-qwen,Individualism,127,1,1,,,75.0,,,,75.0,50.0,,50.0,,50.0
deepseek-qwen,Individualism,127,1,2,,,75.0,,,,75.0,50.0,,50.0,,50.0
deepseek-qwen,Individualism,127,1,3,,,75.0,,,,75.0,50.0,,50.0,,50.0
deepseek-qwen,Individualism,128,1,1,,,50.0,,,,50.0,50.0,,50.0,,50.0
deepseek-qwen,Individualism,128,1,2,,,50.0,,,,50.0,50.0,,50.0,,50.0
deepseek-qwen,Individualism,128,1,3,,,50.0,,,,50.0,50.0,,50.0,,50.0
deepseek-qwen,Individualism,129,1,1,,,50.0,,,,50.0,75.0,,100.0,,75.0
deepseek-qwen,Individualism,129,1,2,,,50.0,,,,50.0,75.0,,100.0,,75.0
deepseek-qwen,Individualism,129,1,3,,,50.0,,,,50.0,75.0,,100.0,,75.0
deepseek-qwen,Individualism,130,1,1,,,50.0,,,,50.0,50.0,,50.0,,50.0
deepseek-qwen,Individualism,130,1,2,,,50.0,,,,50.0,50.0,,50.0,,50.0
deepseek-qwen,Individualism,130,1,3,,,50.0,,,,50.0,50.0,,50.0,,50.0
deepseek-qwen,Individualism,131,1,1,,,0.0,,,,100.0,25.0,,50.0,,25.0
deepseek-qwen,Individualism,131,1,2,,,0.0,,,,100.0,25.0,,50.0,,25.0
deepseek-qwen,Individualism,131,1,3,,,0.0,,,,100.0,25.0,,50.0,,25.0
deepseek-qwen,Individualism,134,1,1,,,75.0,,,,100.0,75.0,,50.0,,75.0
deepseek-qwen,Individualism,134,1,2,,,75.0,,,,100.0,75.0,,50.0,,75.0
deepseek-qwen,Individualism,134,1,3,,,75.0,,,,100.0,75.0,,50.0,,75.0
deepseek-qwen,Individualism,135,1,1,,,100.0,,,,25.0,,,100.0,,75.0
deepseek-qwen,Individualism,135,1,2,,,100.0,,,,25.0,,,100.0,,75.0
deepseek-qwen,Individualism,135,1,3,,,100.0,,,,25.0,,,100.0,,75.0
deepseek-qwen,Individualism,136,1,1,,,0.0,,,,50.0,50.0,,50.0,,50.0
deepseek-qwen,Individualism,136,1,2,,,0.0,,,,50.0,50.0,,50.0,,50.0
deepseek-qwen,Individualism,136,1,3,,,0.0,,,,50.0,50.0,,50.0,,50.0
deepseek-qwen,Individualism,138,1,1,,,50.0,,,,100.0,25.0,,50.0,,0.0
deepseek-qwen,Individualism,138,1,2,,,50.0,,,,100.0,25.0,,50.0,,0.0
deepseek-qwen,Individualism,138,1,3,,,50.0,,,,100.0,25.0,,50.0,,0.0
deepseek-qwen,Individualism,139,1,1,,,25.0,,,,100.0,25.0,,25.0,,25.0
deepseek-qwen,Individualism,139,1,2,,,25.0,,,,100.0,25.0,,25.0,,25.0
deepseek-qwen,Individualism,139,1,3,,,25.0,,,,100.0,25.0,,25.0,,25.0
deepseek-qwen,Individualism,140,1,1,,,50.0,,,,25.0,100.0,,50.0,,50.0
deepseek-qwen,Individualism,140,1,2,,,50.0,,,,25.0,100.0,,50.0,,50.0
deepseek-qwen,Individualism,140,1,3,,,50.0,,,,25.0,100.0,,50.0,,50.0
deepseek-qwen,Individualism,145,1,1,,,25.0,,,,25.0,0.0,,0.0,,0.0
deepseek-qwen,Individualism,145,1,2,,,25.0,,,,25.0,0.0,,0.0,,0.0
deepseek-qwen,Individualism,145,1,3,,,25.0,,,,25.0,0.0,,0.0,,0.0
deepseek-qwen,Individualism,147,1,1,,,100.0,,,,100.0,25.0,,0.0,,50.0
deepseek-qwen,Individualism,147,1,2,,,100.0,,,,100.0,25.0,,0.0,,50.0
deepseek-qwen,Individualism,147,1,3,,,100.0,,,,100.0,25.0,,0.0,,50.0
deepseek-qwen,Individualism,149,1,1,,,100.0,,,,100.0,75.0,,50.0,,50.0
deepseek-qwen,Individualism,149,1,2,,,100.0,,,,100.0,75.0,,50.0,,50.0
deepseek-qwen,Individualism,149,1,3,,,100.0,,,,100.0,75.0,,50.0,,50.0
deepseek-qwen,Individualism,15,1,1,,,25.0,,,,25.0,0.0,,25.0,,25.0
deepseek-qwen,Individualism,15,1,2,,,25.0,,,,25.0,0.0,,25.0,,25.0
deepseek-qwen,Individualism,15,1,3,,,25.0,,,,25.0,0.0,,25.0,,25.0
deepseek-qwen,Individualism,151,1,1,,,100.0,,,,100.0,100.0,,100.0,,100.0
deepseek-qwen,Individualism,151,1,2,,,100.0,,,,100.0,100.0,,100.0,,100.0
deepseek-qwen,Individualism,151,1,3,,,100.0,,,,100.0,100.0,,100.0,,100.0
deepseek-qwen,Individualism,152,1,1,,,0.0,,,,50.0,50.0,,50.0,,50.0
deepseek-qwen,Individualism,152,1,2,,,0.0,,,,50.0,50.0,,50.0,,50.0
deepseek-qwen,Individualism,152,1,3,,,0.0,,,,50.0,50.0,,50.0,,50.0
deepseek-qwen,Individualism,158,1,1,,,50.0,,,,50.0,50.0,,50.0,,25.0
deepseek-qwen,Individualism,158,1,2,,,50.0,,,,50.0,50.0,,50.0,,25.0
deepseek-qwen,Individualism,158,1,3,,,50.0,,,,50.0,50.0,,50.0,,25.0
deepseek-qwen,Individualism,159,1,1,,,50.0,,,,0.0,75.0,,50.0,,25.0
deepseek-qwen,Individualism,159,1,2,,,50.0,,,,0.0,75.0,,50.0,,25.0
deepseek-qwen,Individualism,159,1,3,,,50.0,,,,0.0,75.0,,50.0,,25.0
deepseek-qwen,Individualism,16,1,1,,,100.0,,,,100.0,100.0,,100.0,,25.0
deepseek-qwen,Individualism,16,1,2,,,100.0,,,,100.0,100.0,,100.0,,25.0
deepseek-qwen,Individualism,16,1,3,,,100.0,,,,100.0,100.0,,100.0,,25.0
deepseek-qwen,Individualism,163,1,1,,,75.0,,,,75.0,100.0,,75.0,,75.0
deepseek-qwen,Individualism,163,1,2,,,75.0,,,,75.0,100.0,,75.0,,75.0
deepseek-qwen,Individualism,163,1,3,,,75.0,,,,75.0,100.0,,75.0,,75.0
deepseek-qwen,Individualism,165,1,1,,,25.0,,,,50.0,50.0,,50.0,,50.0
deepseek-qwen,Individualism,165,1,2,,,25.0,,,,50.0,50.0,,50.0,,50.0
deepseek-qwen,Individualism,165,1,3,,,25.0,,,,50.0,50.0,,50.0,,50.0
deepseek-qwen,Individualism,166,1,1,,,50.0,,,,50.0,0.0,,50.0,,50.0
deepseek-qwen,Individualism,166,1,2,,,50.0,,,,50.0,0.0,,50.0,,50.0
deepseek-qwen,Individualism,166,1,3,,,50.0,,,,50.0,0.0,,50.0,,50.0
deepseek-qwen,Individualism,167,1,1,,,100.0,,,,50.0,100.0,,75.0,,50.0
deepseek-qwen,Individualism,167,1,2,,,100.0,,,,50.0,100.0,,75.0,,50.0
deepseek-qwen,Individualism,167,1,3,,,100.0,,,,50.0,100.0,,75.0,,50.0
deepseek-qwen,Individualism,169,1,1,,,50.0,,,,100.0,50.0,,50.0,,50.0
deepseek-qwen,Individualism,169,1,2,,,50.0,,,,100.0,50.0,,50.0,,50.0
deepseek-qwen,Individualism,169,1,3,,,50.0,,,,100.0,50.0,,50.0,,50.0
deepseek-qwen,Individualism,17,1,1,,,0.0,,,,75.0,100.0,,100.0,,50.0
deepseek-qwen,Individualism,17,1,2,,,0.0,,,,75.0,100.0,,100.0,,50.0
deepseek-qwen,Individualism,17,1,3,,,0.0,,,,75.0,100.0,,100.0,,50.0
deepseek-qwen,Individualism,171,1,1,,,50.0,,,,50.0,50.0,,50.0,,50.0
deepseek-qwen,Individualism,171,1,2,,,50.0,,,,50.0,50.0,,50.0,,50.0
deepseek-qwen,Individualism,171,1,3,,,50.0,,,,50.0,50.0,,50.0,,50.0
deepseek-qwen,Individualism,173,1,1,,,0.0,,,,0.0,50.0,,50.0,,50.0
deepseek-qwen,Individualism,173,1,2,,,0.0,,,,0.0,50.0,,50.0,,50.0
deepseek-qwen,Individualism,173,1,3,,,0.0,,,,0.0,50.0,,50.0,,50.0
deepseek-qwen,Individualism,176,1,1,,,100.0,,,,,100.0,,100.0,,100.0
deepseek-qwen,Individualism,176,1,2,,,100.0,,,,,100.0,,100.0,,100.0
deepseek-qwen,Individualism,176,1,3,,,100.0,,,,,100.0,,100.0,,100.0
deepseek-qwen,Individualism,178,1,1,,,25.0,,,,50.0,50.0,,50.0,,50.0
deepseek-qwen,Individualism,178,1,2,,,25.0,,,,50.0,50.0,,50.0,,50.0
deepseek-qwen,Individualism,178,1,3,,,25.0,,,,50.0,50.0,,50.0,,50.0
deepseek-qwen,Individualism,179,1,1,,,75.0,,,,100.0,100.0,,50.0,,50.0
deepseek-qwen,Individualism,179,1,2,,,75.0,,,,100.0,100.0,,50.0,,50.0
deepseek-qwen,Individualism,179,1,3,,,75.0,,,,100.0,100.0,,50.0,,50.0
deepseek-qwen,Individualism,18,1,1,,,75.0,,,,75.0,,,75.0,,50.0
deepseek-qwen,Individualism,18,1,2,,,75.0,,,,75.0,,,75.0,,50.0
deepseek-qwen,Individualism,18,1,3,,,75.0,,,,75.0,,,75.0,,50.0
deepseek-qwen,Individualism,180,1,1,,,50.0,,,,75.0,50.0,,100.0,,100.0
deepseek-qwen,Individualism,180,1,2,,,50.0,,,,75.0,50.0,,100.0,,100.0
deepseek-qwen,Individualism,180,1,3,,,50.0,,,,75.0,50.0,,100.0,,100.0
deepseek-qwen,Individualism,182,1,1,,,50.0,,,,50.0,100.0,,50.0,,50.0
deepseek-qwen,Individualism,182,1,2,,,50.0,,,,50.0,100.0,,50.0,,50.0
deepseek-qwen,Individualism,182,1,3,,,50.0,,,,50.0,100.0,,50.0,,50.0
deepseek-qwen,Individualism,184,1,1,,,,,,,50.0,50.0,,50.0,,50.0
deepseek-qwen,Individualism,184,1,2,,,,,,,50.0,50.0,,50.0,,50.0
deepseek-qwen,Individualism,184,1,3,,,,,,,50.0,50.0,,50.0,,50.0
deepseek-qwen,Individualism,187,1,1,,,25.0,,,,100.0,75.0,,75.0,,100.0
deepseek-qwen,Individualism,187,1,2,,,25.0,,,,100.0,75.0,,75.0,,100.0
deepseek-qwen,Individualism,187,1,3,,,25.0,,,,100.0,75.0,,75.0,,100.0
deepseek-qwen,Individualism,189,1,1,,,75.0,,,,75.0,50.0,,100.0,,50.0
deepseek-qwen,Individualism,189,1,2,,,75.0,,,,75.0,50.0,,100.0,,50.0
deepseek-qwen,Individualism,189,1,3,,,75.0,,,,75.0,50.0,,100.0,,50.0
deepseek-qwen,Individualism,19,1,1,,,50.0,,,,50.0,0.0,,50.0,,75.0
deepseek-qwen,Individualism,19,1,2,,,50.0,,,,50.0,0.0,,50.0,,75.0
deepseek-qwen,Individualism,19,1,3,,,50.0,,,,50.0,0.0,,50.0,,75.0
deepseek-qwen,Individualism,190,1,1,,,0.0,,,,50.0,100.0,,50.0,,75.0
deepseek-qwen,Individualism,190,1,2,,,0.0,,,,50.0,100.0,,50.0,,75.0
deepseek-qwen,Individualism,190,1,3,,,0.0,,,,50.0,100.0,,50.0,,75.0
deepseek-qwen,Individualism,192,1,1,,,25.0,,,,50.0,50.0,,50.0,,25.0
deepseek-qwen,Individualism,192,1,2,,,25.0,,,,50.0,50.0,,50.0,,25.0
deepseek-qwen,Individualism,192,1,3,,,25.0,,,,50.0,50.0,,50.0,,25.0
deepseek-qwen,Individualism,195,1,1,,,100.0,,,,100.0,50.0,,100.0,,100.0
deepseek-qwen,Individualism,195,1,2,,,100.0,,,,100.0,50.0,,100.0,,100.0
deepseek-qwen,Individualism,195,1,3,,,100.0,,,,100.0,50.0,,100.0,,100.0
deepseek-qwen,Individualism,197,1,1,,,75.0,,,,100.0,100.0,,25.0,,50.0
deepseek-qwen,Individualism,197,1,2,,,75.0,,,,100.0,100.0,,25.0,,50.0
deepseek-qwen,Individualism,197,1,3,,,75.0,,,,100.0,100.0,,25.0,,50.0
deepseek-qwen,Individualism,198,1,1,,,50.0,,,,25.0,50.0,,50.0,,50.0
deepseek-qwen,Individualism,198,1,2,,,50.0,,,,25.0,50.0,,50.0,,50.0
deepseek-qwen,Individualism,198,1,3,,,50.0,,,,25.0,50.0,,50.0,,50.0
deepseek-qwen,Individualism,2,1,1,,,100.0,,,,75.0,50.0,,50.0,,50.0
deepseek-qwen,Individualism,2,1,2,,,100.0,,,,75.0,50.0,,50.0,,50.0
deepseek-qwen,Individualism,2,1,3,,,100.0,,,,75.0,50.0,,50.0,,50.0
deepseek-qwen,Individualism,20,1,1,,,100.0,,,,50.0,50.0,,50.0,,50.0
deepseek-qwen,Individualism,20,1,2,,,100.0,,,,50.0,50.0,,50.0,,50.0
deepseek-qwen,Individualism,20,1,3,,,100.0,,,,50.0,50.0,,50.0,,50.0
deepseek-qwen,Individualism,202,1,1,,,0.0,,,,100.0,50.0,,50.0,,50.0
deepseek-qwen,Individualism,202,1,2,,,0.0,,,,100.0,50.0,,50.0,,50.0
deepseek-qwen,Individualism,202,1,3,,,0.0,,,,100.0,50.0,,50.0,,50.0
deepseek-qwen,Individualism,203,1,1,,,0.0,,,,50.0,50.0,,50.0,,50.0
deepseek-qwen,Individualism,203,1,2,,,0.0,,,,50.0,50.0,,50.0,,50.0
deepseek-qwen,Individualism,203,1,3,,,0.0,,,,50.0,50.0,,50.0,,50.0
deepseek-qwen,Individualism,204,1,1,,,25.0,,,,100.0,75.0,,75.0,,100.0
deepseek-qwen,Individualism,204,1,2,,,25.0,,,,100.0,75.0,,75.0,,100.0
deepseek-qwen,Individualism,204,1,3,,,25.0,,,,100.0,75.0,,75.0,,100.0
deepseek-qwen,Individualism,207,1,1,,,50.0,,,,100.0,100.0,,100.0,,100.0
deepseek-qwen,Individualism,207,1,2,,,50.0,,,,100.0,100.0,,100.0,,100.0
deepseek-qwen,Individualism,207,1,3,,,50.0,,,,100.0,100.0,,100.0,,100.0
deepseek-qwen,Individualism,208,1,1,,,0.0,,,,100.0,50.0,,50.0,,0.0
deepseek-qwen,Individualism,208,1,2,,,0.0,,,,100.0,50.0,,50.0,,0.0
deepseek-qwen,Individualism,208,1,3,,,0.0,,,,100.0,50.0,,50.0,,0.0
deepseek-qwen,Individualism,21,1,1,,,75.0,,,,50.0,25.0,,100.0,,25.0
deepseek-qwen,Individualism,21,1,2,,,75.0,,,,50.0,25.0,,100.0,,25.0
deepseek-qwen,Individualism,21,1,3,,,75.0,,,,50.0,25.0,,100.0,,25.0
deepseek-qwen,Individualism,216,1,1,,,75.0,,,,75.0,75.0,,75.0,,75.0
deepseek-qwen,Individualism,216,1,2,,,75.0,,,,75.0,75.0,,75.0,,75.0
deepseek-qwen,Individualism,216,1,3,,,75.0,,,,75.0,75.0,,75.0,,75.0
deepseek-qwen,Individualism,217,1,1,,,0.0,,,,0.0,100.0,,100.0,,100.0
deepseek-qwen,Individualism,217,1,2,,,0.0,,,,0.0,100.0,,100.0,,100.0
deepseek-qwen,Individualism,217,1,3,,,0.0,,,,0.0,100.0,,100.0,,100.0
deepseek-qwen,Individualism,223,1,1,,,75.0,,,,75.0,50.0,,50.0,,50.0
deepseek-qwen,Individualism,223,1,2,,,75.0,,,,75.0,50.0,,50.0,,50.0
deepseek-qwen,Individualism,223,1,3,,,75.0,,,,75.0,50.0,,50.0,,50.0
deepseek-qwen,Individualism,226,1,1,,,50.0,,,,100.0,75.0,,100.0,,100.0
deepseek-qwen,Individualism,226,1,2,,,50.0,,,,100.0,75.0,,100.0,,100.0
deepseek-qwen,Individualism,226,1,3,,,50.0,,,,100.0,75.0,,100.0,,100.0
deepseek-qwen,Individualism,228,1,1,,,100.0,,,,25.0,25.0,,75.0,,50.0
deepseek-qwen,Individualism,228,1,2,,,100.0,,,,25.0,25.0,,75.0,,50.0
deepseek-qwen,Individualism,228,1,3,,,100.0,,,,25.0,25.0,,75.0,,50.0
deepseek-qwen,Individualism,232,1,1,,,0.0,,,,,25.0,,25.0,,25.0
deepseek-qwen,Individualism,232,1,2,,,0.0,,,,,25.0,,25.0,,25.0
deepseek-qwen,Individualism,232,1,3,,,0.0,,,,,25.0,,25.0,,25.0
deepseek-qwen,Individualism,235,1,1,,,50.0,,,,75.0,50.0,,75.0,,75.0
deepseek-qwen,Individualism,235,1,2,,,50.0,,,,75.0,50.0,,75.0,,75.0
deepseek-qwen,Individualism,235,1,3,,,50.0,,,,75.0,50.0,,75.0,,75.0
deepseek-qwen,Individualism,24,1,1,,,75.0,,,,100.0,25.0,,25.0,,75.0
deepseek-qwen,Individualism,24,1,2,,,75.0,,,,100.0,25.0,,25.0,,75.0
deepseek-qwen,Individualism,24,1,3,,,75.0,,,,100.0,25.0,,25.0,,75.0
deepseek-qwen,Individualism,242,1,1,,,50.0,,,,50.0,50.0,,50.0,,50.0
deepseek-qwen,Individualism,242,1,2,,,50.0,,,,50.0,50.0,,50.0,,50.0
deepseek-qwen,Individualism,242,1,3,,,50.0,,,,50.0,50.0,,50.0,,50.0
deepseek-qwen,Individualism,27,1,1,,,75.0,,,,75.0,75.0,,50.0,,50.0
deepseek-qwen,Individualism,27,1,2,,,75.0,,,,75.0,75.0,,50.0,,50.0
deepseek-qwen,Individualism,27,1,3,,,75.0,,,,75.0,75.0,,50.0,,50.0
deepseek-qwen,Individualism,29,1,1,,,0.0,,,,50.0,50.0,,50.0,,50.0
deepseek-qwen,Individualism,29,1,2,,,0.0,,,,50.0,50.0,,50.0,,50.0
deepseek-qwen,Individualism,29,1,3,,,0.0,,,,50.0,50.0,,50.0,,50.0
deepseek-qwen,Individualism,3,1,1,,,75.0,,,,75.0,100.0,,50.0,,75.0
deepseek-qwen,Individualism,3,1,2,,,75.0,,,,75.0,100.0,,50.0,,75.0
deepseek-qwen,Individualism,3,1,3,,,75.0,,,,75.0,100.0,,50.0,,75.0
deepseek-qwen,Individualism,31,1,1,,,25.0,,,,25.0,50.0,,25.0,,25.0
deepseek-qwen,Individualism,31,1,2,,,25.0,,,,25.0,50.0,,25.0,,25.0
deepseek-qwen,Individualism,31,1,3,,,25.0,,,,25.0,50.0,,25.0,,25.0
deepseek-qwen,Individualism,34,1,1,,,50.0,,,,50.0,50.0,,25.0,,100.0
deepseek-qwen,Individualism,34,1,2,,,50.0,,,,50.0,50.0,,25.0,,100.0
deepseek-qwen,Individualism,34,1,3,,,50.0,,,,50.0,50.0,,25.0,,100.0
deepseek-qwen,Individualism,36,1,1,,,0.0,,,,75.0,50.0,,75.0,,50.0
deepseek-qwen,Individualism,36,1,2,,,0.0,,,,75.0,50.0,,75.0,,50.0
deepseek-qwen,Individualism,36,1,3,,,0.0,,,,75.0,50.0,,75.0,,50.0
deepseek-qwen,Individualism,37,1,1,,,100.0,,,,50.0,100.0,,100.0,,50.0
deepseek-qwen,Individualism,37,1,2,,,100.0,,,,50.0,100.0,,100.0,,50.0
deepseek-qwen,Individualism,37,1,3,,,100.0,,,,50.0,100.0,,100.0,,50.0
deepseek-qwen,Individualism,38,1,1,,,50.0,,,,50.0,100.0,,50.0,,50.0
deepseek-qwen,Individualism,38,1,2,,,50.0,,,,50.0,100.0,,50.0,,50.0
deepseek-qwen,Individualism,38,1,3,,,50.0,,,,50.0,100.0,,50.0,,50.0
deepseek-qwen,Individualism,39,1,1,,,0.0,,,,75.0,50.0,,50.0,,50.0
deepseek-qwen,Individualism,39,1,2,,,0.0,,,,75.0,50.0,,50.0,,50.0
deepseek-qwen,Individualism,39,1,3,,,0.0,,,,75.0,50.0,,50.0,,50.0
deepseek-qwen,Individualism,4,1,1,,,50.0,,,,50.0,50.0,,50.0,,50.0
deepseek-qwen,Individualism,4,1,2,,,50.0,,,,50.0,50.0,,50.0,,50.0
deepseek-qwen,Individualism,4,1,3,,,50.0,,,,50.0,50.0,,50.0,,50.0
deepseek-qwen,Individualism,40,1,1,,,,,,,50.0,50.0,,50.0,,50.0
deepseek-qwen,Individualism,40,1,2,,,,,,,50.0,50.0,,50.0,,50.0
deepseek-qwen,Individualism,40,1,3,,,,,,,50.0,50.0,,50.0,,50.0
deepseek-qwen,Individualism,42,1,1,,,75.0,,,,50.0,50.0,,50.0,,50.0
deepseek-qwen,Individualism,42,1,2,,,75.0,,,,50.0,50.0,,50.0,,50.0
deepseek-qwen,Individualism,42,1,3,,,75.0,,,,50.0,50.0,,50.0,,50.0
deepseek-qwen,Individualism,43,1,1,,,50.0,,,,100.0,50.0,,50.0,,50.0
deepseek-qwen,Individualism,43,1,2,,,50.0,,,,100.0,50.0,,50.0,,50.0
deepseek-qwen,Individualism,43,1,3,,,50.0,,,,100.0,50.0,,50.0,,50.0
deepseek-qwen,Individualism,44,1,1,,,100.0,,,,50.0,0.0,,50.0,,50.0
deepseek-qwen,Individualism,44,1,2,,,100.0,,,,50.0,0.0,,50.0,,50.0
deepseek-qwen,Individualism,44,1,3,,,100.0,,,,50.0,0.0,,50.0,,50.0
deepseek-qwen,Individualism,47,1,1,,,0.0,,,,25.0,75.0,,25.0,,25.0
deepseek-qwen,Individualism,47,1,2,,,0.0,,,,25.0,75.0,,25.0,,25.0
deepseek-qwen,Individualism,47,1,3,,,0.0,,,,25.0,75.0,,25.0,,25.0
deepseek-qwen,Individualism,48,1,1,,,75.0,,,,100.0,100.0,,75.0,,75.0
deepseek-qwen,Individualism,48,1,2,,,75.0,,,,100.0,100.0,,75.0,,75.0
deepseek-qwen,Individualism,48,1,3,,,75.0,,,,100.0,100.0,,75.0,,75.0
deepseek-qwen,Individualism,49,1,1,,,75.0,,,,50.0,75.0,,50.0,,50.0
deepseek-qwen,Individualism,49,1,2,,,75.0,,,,50.0,75.0,,50.0,,50.0
deepseek-qwen,Individualism,49,1,3,,,75.0,,,,50.0,75.0,,50.0,,50.0
deepseek-qwen,Individualism,5,1,1,,,100.0,,,,100.0,50.0,,50.0,,50.0
deepseek-qwen,Individualism,5,1,2,,,100.0,,,,100.0,50.0,,50.0,,50.0
deepseek-qwen,Individualism,5,1,3,,,100.0,,,,100.0,50.0,,50.0,,50.0
deepseek-qwen,Individualism,50,1,1,,,50.0,,,,25.0,25.0,,50.0,,25.0
deepseek-qwen,Individualism,50,1,2,,,50.0,,,,25.0,25.0,,50.0,,25.0
deepseek-qwen,Individualism,50,1,3,,,50.0,,,,25.0,25.0,,50.0,,25.0
deepseek-qwen,Individualism,51,1,1,,,25.0,,,,50.0,50.0,,50.0,,50.0
deepseek-qwen,Individualism,51,1,2,,,25.0,,,,50.0,50.0,,50.0,,50.0
deepseek-qwen,Individualism,51,1,3,,,25.0,,,,50.0,50.0,,50.0,,50.0
deepseek-qwen,Individualism,53,1,1,,,50.0,,,,50.0,50.0,,50.0,,50.0
deepseek-qwen,Individualism,53,1,2,,,50.0,,,,50.0,50.0,,50.0,,50.0
deepseek-qwen,Individualism,53,1,3,,,50.0,,,,50.0,50.0,,50.0,,50.0
deepseek-qwen,Individualism,54,1,1,,,75.0,,,,100.0,25.0,,100.0,,75.0
deepseek-qwen,Individualism,54,1,2,,,75.0,,,,100.0,25.0,,100.0,,75.0
deepseek-qwen,Individualism,54,1,3,,,75.0,,,,100.0,25.0,,100.0,,75.0
deepseek-qwen,Individualism,55,1,1,,,0.0,,,,50.0,50.0,,50.0,,50.0
deepseek-qwen,Individualism,55,1,2,,,0.0,,,,50.0,50.0,,50.0,,50.0
deepseek-qwen,Individualism,55,1,3,,,0.0,,,,50.0,50.0,,50.0,,50.0
deepseek-qwen,Individualism,56,1,1,,,75.0,,,,100.0,100.0,,100.0,,100.0
deepseek-qwen,Individualism,56,1,2,,,75.0,,,,100.0,100.0,,100.0,,100.0
deepseek-qwen,Individualism,56,1,3,,,75.0,,,,100.0,100.0,,100.0,,100.0
deepseek-qwen,Individualism,57,1,1,,,50.0,,,,100.0,100.0,,100.0,,100.0
deepseek-qwen,Individualism,57,1,2,,,50.0,,,,100.0,100.0,,100.0,,100.0
deepseek-qwen,Individualism,57,1,3,,,50.0,,,,100.0,100.0,,100.0,,100.0
deepseek-qwen,Individualism,58,1,1,,,50.0,,,,0.0,50.0,,50.0,,50.0
deepseek-qwen,Individualism,58,1,2,,,50.0,,,,0.0,50.0,,50.0,,50.0
deepseek-qwen,Individualism,58,1,3,,,50.0,,,,0.0,50.0,,50.0,,50.0
deepseek-qwen,Individualism,59,1,1,,,,,,,100.0,75.0,,75.0,,0.0
deepseek-qwen,Individualism,59,1,2,,,,,,,100.0,75.0,,75.0,,0.0
deepseek-qwen,Individualism,59,1,3,,,,,,,100.0,75.0,,75.0,,0.0
deepseek-qwen,Individualism,60,1,1,,,0.0,,,,0.0,0.0,,0.0,,0.0
deepseek-qwen,Individualism,60,1,2,,,0.0,,,,0.0,0.0,,0.0,,0.0
deepseek-qwen,Individualism,60,1,3,,,0.0,,,,0.0,0.0,,0.0,,0.0
deepseek-qwen,Individualism,61,1,1,,,75.0,,,,75.0,75.0,,100.0,,75.0
deepseek-qwen,Individualism,61,1,2,,,75.0,,,,75.0,75.0,,100.0,,75.0
deepseek-qwen,Individualism,61,1,3,,,75.0,,,,75.0,75.0,,100.0,,75.0
deepseek-qwen,Individualism,62,1,1,,,50.0,,,,50.0,50.0,,50.0,,50.0
deepseek-qwen,Individualism,62,1,2,,,50.0,,,,50.0,50.0,,50.0,,50.0
deepseek-qwen,Individualism,62,1,3,,,50.0,,,,50.0,50.0,,50.0,,50.0
deepseek-qwen,Individualism,63,1,1,,,25.0,,,,25.0,25.0,,50.0,,25.0
deepseek-qwen,Individualism,63,1,2,,,25.0,,,,25.0,25.0,,50.0,,25.0
deepseek-qwen,Individualism,63,1,3,,,25.0,,,,25.0,25.0,,50.0,,25.0
deepseek-qwen,Individualism,64,1,1,,,0.0,,,,100.0,50.0,,75.0,,75.0
deepseek-qwen,Individualism,64,1,2,,,0.0,,,,100.0,50.0,,75.0,,75.0
deepseek-qwen,Individualism,64,1,3,,,0.0,,,,100.0,50.0,,75.0,,75.0
deepseek-qwen,Individualism,66,1,1,,,100.0,,,,100.0,100.0,,50.0,,50.0
deepseek-qwen,Individualism,66,1,2,,,100.0,,,,100.0,100.0,,50.0,,50.0
deepseek-qwen,Individualism,66,1,3,,,100.0,,,,100.0,100.0,,50.0,,50.0
deepseek-qwen,Individualism,67,1,1,,,25.0,,,,100.0,100.0,,25.0,,0.0
deepseek-qwen,Individualism,67,1,2,,,25.0,,,,100.0,100.0,,25.0,,0.0
deepseek-qwen,Individualism,67,1,3,,,25.0,,,,100.0,100.0,,25.0,,0.0
deepseek-qwen,Individualism,70,1,1,,,25.0,,,,25.0,,,50.0,,50.0
deepseek-qwen,Individualism,70,1,2,,,25.0,,,,25.0,,,50.0,,50.0
deepseek-qwen,Individualism,70,1,3,,,25.0,,,,25.0,,,50.0,,50.0
deepseek-qwen,Individualism,72,1,1,,,25.0,,,,0.0,25.0,,25.0,,25.0
deepseek-qwen,Individualism,72,1,2,,,25.0,,,,0.0,25.0,,25.0,,25.0
deepseek-qwen,Individualism,72,1,3,,,25.0,,,,0.0,25.0,,25.0,,25.0
deepseek-qwen,Individualism,73,1,1,,,75.0,,,,100.0,100.0,,50.0,,50.0
deepseek-qwen,Individualism,73,1,2,,,75.0,,,,100.0,100.0,,50.0,,50.0
deepseek-qwen,Individualism,73,1,3,,,75.0,,,,100.0,100.0,,50.0,,50.0
deepseek-qwen,Individualism,78,1,1,,,50.0,,,,50.0,50.0,,50.0,,50.0
deepseek-qwen,Individualism,78,1,2,,,50.0,,,,50.0,50.0,,50.0,,50.0
deepseek-qwen,Individualism,78,1,3,,,50.0,,,,50.0,50.0,,50.0,,50.0
deepseek-qwen,Individualism,79,1,1,,,25.0,,,,50.0,50.0,,25.0,,25.0
deepseek-qwen,Individualism,79,1,2,,,25.0,,,,50.0,50.0,,25.0,,25.0
deepseek-qwen,Individualism,79,1,3,,,25.0,,,,50.0,50.0,,25.0,,25.0
deepseek-qwen,Individualism,8,1,1,,,0.0,,,,0.0,25.0,,25.0,,25.0
deepseek-qwen,Individualism,8,1,2,,,0.0,,,,0.0,25.0,,25.0,,25.0
deepseek-qwen,Individualism,8,1,3,,,0.0,,,,0.0,25.0,,25.0,,25.0
deepseek-qwen,Individualism,80,1,1,,,75.0,,,,50.0,50.0,,50.0,,50.0
deepseek-qwen,Individualism,80,1,2,,,75.0,,,,50.0,50.0,,50.0,,50.0
deepseek-qwen,Individualism,80,1,3,,,75.0,,,,50.0,50.0,,50.0,,50.0
deepseek-qwen,Individualism,81,1,1,,,50.0,,,,100.0,50.0,,50.0,,75.0
deepseek-qwen,Individualism,81,1,2,,,50.0,,,,100.0,50.0,,50.0,,75.0
deepseek-qwen,Individualism,81,1,3,,,50.0,,,,100.0,50.0,,50.0,,75.0
deepseek-qwen,Individualism,84,1,1,,,75.0,,,,50.0,50.0,,50.0,,50.0
deepseek-qwen,Individualism,84,1,2,,,75.0,,,,50.0,50.0,,50.0,,50.0
deepseek-qwen,Individualism,84,1,3,,,75.0,,,,50.0,50.0,,50.0,,50.0
deepseek-qwen,Individualism,85,1,1,,,100.0,,,,75.0,75.0,,50.0,,75.0
deepseek-qwen,Individualism,85,1,2,,,100.0,,,,75.0,75.0,,50.0,,75.0
deepseek-qwen,Individualism,85,1,3,,,100.0,,,,75.0,75.0,,50.0,,75.0
deepseek-qwen,Individualism,88,1,1,,,25.0,,,,100.0,75.0,,50.0,,50.0
deepseek-qwen,Individualism,88,1,2,,,25.0,,,,100.0,75.0,,50.0,,50.0
deepseek-qwen,Individualism,88,1,3,,,25.0,,,,100.0,75.0,,50.0,,50.0
deepseek-qwen,Individualism,9,1,1,,,0.0,,,,0.0,0.0,,0.0,,25.0
deepseek-qwen,Individualism,9,1,2,,,0.0,,,,0.0,0.0,,0.0,,25.0
deepseek-qwen,Individualism,9,1,3,,,0.0,,,,0.0,0.0,,0.0,,25.0
deepseek-qwen,Individualism,90,1,1,,,75.0,,,,25.0,50.0,,75.0,,50.0
deepseek-qwen,Individualism,90,1,2,,,75.0,,,,25.0,50.0,,75.0,,50.0
deepseek-qwen,Individualism,90,1,3,,,75.0,,,,25.0,50.0,,75.0,,50.0
deepseek-qwen,Individualism,97,1,1,,,75.0,,,,75.0,75.0,,75.0,,100.0
deepseek-qwen,Individualism,97,1,2,,,75.0,,,,75.0,75.0,,75.0,,100.0
deepseek-qwen,Individualism,97,1,3,,,75.0,,,,75.0,75.0,,75.0,,100.0
deepseek-qwen,Individualism,98,1,1,,,25.0,,,,50.0,50.0,,25.0,,25.0
deepseek-qwen,Individualism,98,1,2,,,25.0,,,,50.0,50.0,,25.0,,25.0
deepseek-qwen,Individualism,98,1,3,,,25.0,,,,50.0,50.0,,25.0,,25.0
deepseek-qwen,Individualism,99,1,1,,,100.0,,,,,100.0,,50.0,,50.0
deepseek-qwen,Individualism,99,1,2,,,100.0,,,,,100.0,,50.0,,50.0
deepseek-qwen,Individualism,99,1,3,,,100.0,,,,,100.0,,50.0,,50.0
deepseek-qwen,Indulgence,474,1,1,,,50.0,,,,50.0,50.0,,25.0,,25.0
deepseek-qwen,Indulgence,474,1,2,,,50.0,,,,50.0,50.0,,25.0,,25.0
deepseek-qwen,Indulgence,474,1,3,,,50.0,,,,50.0,50.0,,25.0,,25.0
deepseek-qwen,Indulgence,476,1,1,,,0.0,,,,50.0,50.0,,0.0,,75.0
deepseek-qwen,Indulgence,476,1,2,,,0.0,,,,50.0,50.0,,0.0,,75.0
deepseek-qwen,Indulgence,476,1,3,,,0.0,,,,50.0,50.0,,0.0,,75.0
deepseek-qwen,Indulgence,477,1,1,,,100.0,,,,50.0,50.0,,50.0,,25.0
deepseek-qwen,Indulgence,477,1,2,,,100.0,,,,50.0,50.0,,50.0,,25.0
deepseek-qwen,Indulgence,477,1,3,,,100.0,,,,50.0,50.0,,50.0,,25.0
deepseek-qwen,Indulgence,478,1,1,,,25.0,,,,50.0,0.0,,25.0,,0.0
deepseek-qwen,Indulgence,478,1,2,,,25.0,,,,50.0,0.0,,25.0,,0.0
deepseek-qwen,Indulgence,478,1,3,,,25.0,,,,50.0,0.0,,25.0,,0.0
deepseek-qwen,Indulgence,479,1,1,,,50.0,,,,50.0,50.0,,25.0,,50.0
deepseek-qwen,Indulgence,479,1,2,,,50.0,,,,50.0,50.0,,25.0,,50.0
deepseek-qwen,Indulgence,479,1,3,,,50.0,,,,50.0,50.0,,25.0,,50.0
deepseek-qwen,Indulgence,481,1,1,,,75.0,,,,50.0,75.0,,50.0,,50.0
deepseek-qwen,Indulgence,481,1,2,,,75.0,,,,50.0,75.0,,50.0,,50.0
deepseek-qwen,Indulgence,481,1,3,,,75.0,,,,50.0,75.0,,50.0,,50.0
deepseek-qwen,Indulgence,482,1,1,,,50.0,,,,50.0,50.0,,50.0,,50.0
deepseek-qwen,Indulgence,482,1,2,,,50.0,,,,50.0,50.0,,50.0,,50.0
deepseek-qwen,Indulgence,482,1,3,,,50.0,,,,50.0,50.0,,50.0,,50.0
deepseek-qwen,Indulgence,483,1,1,,,50.0,,,,50.0,50.0,,50.0,,50.0
deepseek-qwen,Indulgence,483,1,2,,,50.0,,,,50.0,50.0,,50.0,,50.0
deepseek-qwen,Indulgence,483,1,3,,,50.0,,,,50.0,50.0,,50.0,,50.0
deepseek-qwen,Indulgence,484,1,1,,,50.0,,,,,50.0,,50.0,,50.0
deepseek-qwen,Indulgence,484,1,2,,,50.0,,,,,50.0,,50.0,,50.0
deepseek-qwen,Indulgence,484,1,3,,,50.0,,,,,50.0,,50.0,,50.0
deepseek-qwen,Indulgence,485,1,1,,,25.0,,,,25.0,50.0,,25.0,,25.0
deepseek-qwen,Indulgence,485,1,2,,,25.0,,,,25.0,50.0,,25.0,,25.0
deepseek-qwen,Indulgence,485,1,3,,,25.0,,,,25.0,50.0,,25.0,,25.0
deepseek-qwen,Indulgence,486,1,1,,,,,,,50.0,50.0,,25.0,,25.0
deepseek-qwen,Indulgence,486,1,2,,,,,,,50.0,50.0,,25.0,,25.0
deepseek-qwen,Indulgence,486,1,3,,,,,,,50.0,50.0,,25.0,,25.0
deepseek-qwen,Indulgence,487,1,1,,,0.0,,,,25.0,25.0,,50.0,,25.0
deepseek-qwen,Indulgence,487,1,2,,,0.0,,,,25.0,25.0,,50.0,,25.0
deepseek-qwen,Indulgence,487,1,3,,,0.0,,,,25.0,25.0,,50.0,,25.0
deepseek-qwen,Indulgence,490,1,1,,,75.0,,,,75.0,50.0,,75.0,,50.0
deepseek-qwen,Indulgence,490,1,2,,,75.0,,,,75.0,50.0,,75.0,,50.0
deepseek-qwen,Indulgence,490,1,3,,,75.0,,,,75.0,50.0,,75.0,,50.0
deepseek-qwen,Indulgence,492,1,1,,,50.0,,,,50.0,50.0,,50.0,,25.0
deepseek-qwen,Indulgence,492,1,2,,,50.0,,,,50.0,50.0,,50.0,,25.0
deepseek-qwen,Indulgence,492,1,3,,,50.0,,,,50.0,50.0,,50.0,,25.0
deepseek-qwen,Indulgence,493,1,1,,,25.0,,,,25.0,25.0,,0.0,,25.0
deepseek-qwen,Indulgence,493,1,2,,,25.0,,,,25.0,25.0,,0.0,,25.0
deepseek-qwen,Indulgence,493,1,3,,,25.0,,,,25.0,25.0,,0.0,,25.0
deepseek-qwen,Indulgence,494,1,1,,,50.0,,,,50.0,75.0,,75.0,,75.0
deepseek-qwen,Indulgence,494,1,2,,,50.0,,,,50.0,75.0,,75.0,,75.0
deepseek-qwen,Indulgence,494,1,3,,,50.0,,,,50.0,75.0,,75.0,,75.0
deepseek-qwen,Indulgence,495,1,1,,,50.0,,,,50.0,50.0,,25.0,,50.0
deepseek-qwen,Indulgence,495,1,2,,,50.0,,,,50.0,50.0,,25.0,,50.0
deepseek-qwen,Indulgence,495,1,3,,,50.0,,,,50.0,50.0,,25.0,,50.0
deepseek-qwen,Indulgence,496,1,1,,,0.0,,,,50.0,50.0,,50.0,,50.0
deepseek-qwen,Indulgence,496,1,2,,,0.0,,,,50.0,50.0,,50.0,,50.0
deepseek-qwen,Indulgence,496,1,3,,,0.0,,,,50.0,50.0,,50.0,,50.0
deepseek-qwen,Indulgence,497,1,1,,,50.0,,,,25.0,50.0,,50.0,,50.0
deepseek-qwen,Indulgence,497,1,2,,,50.0,,,,25.0,50.0,,50.0,,50.0
deepseek-qwen,Indulgence,497,1,3,,,50.0,,,,25.0,50.0,,50.0,,50.0
deepseek-qwen,Indulgence,498,1,1,,,50.0,,,,50.0,50.0,,50.0,,50.0
deepseek-qwen,Indulgence,498,1,2,,,50.0,,,,50.0,50.0,,50.0,,50.0
deepseek-qwen,Indulgence,498,1,3,,,50.0,,,,50.0,50.0,,50.0,,50.0
deepseek-qwen,Indulgence,499,1,1,,,25.0,,,,50.0,25.0,,0.0,,25.0
deepseek-qwen,Indulgence,499,1,2,,,25.0,,,,50.0,25.0,,0.0,,25.0
deepseek-qwen,Indulgence,499,1,3,,,25.0,,,,50.0,25.0,,0.0,,25.0
deepseek-qwen,Indulgence,500,1,1,,,25.0,,,,25.0,25.0,,25.0,,25.0
deepseek-qwen,Indulgence,500,1,2,,,25.0,,,,25.0,25.0,,25.0,,25.0
deepseek-qwen,Indulgence,500,1,3,,,25.0,,,,25.0,25.0,,25.0,,25.0
deepseek-qwen,Indulgence,503,1,1,,,25.0,,,,50.0,50.0,,50.0,,50.0
deepseek-qwen,Indulgence,503,1,2,,,25.0,,,,50.0,50.0,,50.0,,50.0
deepseek-qwen,Indulgence,503,1,3,,,25.0,,,,50.0,50.0,,50.0,,50.0
deepseek-qwen,Indulgence,505,1,1,,,75.0,,,,0.0,0.0,,75.0,,0.0
deepseek-qwen,Indulgence,505,1,2,,,75.0,,,,0.0,0.0,,75.0,,0.0
deepseek-qwen,Indulgence,505,1,3,,,75.0,,,,0.0,0.0,,75.0,,0.0
deepseek-qwen,Indulgence,508,1,1,,,25.0,,,,25.0,25.0,,50.0,,50.0
deepseek-qwen,Indulgence,508,1,2,,,25.0,,,,25.0,25.0,,50.0,,50.0
deepseek-qwen,Indulgence,508,1,3,,,25.0,,,,25.0,25.0,,50.0,,50.0
deepseek-qwen,Indulgence,509,1,1,,,25.0,,,,25.0,25.0,,25.0,,25.0
deepseek-qwen,Indulgence,509,1,2,,,25.0,,,,25.0,25.0,,25.0,,25.0
deepseek-qwen,Indulgence,509,1,3,,,25.0,,,,25.0,25.0,,25.0,,25.0
deepseek-qwen,Indulgence,510,1,1,,,0.0,,,,50.0,50.0,,0.0,,0.0
deepseek-qwen,Indulgence,510,1,2,,,0.0,,,,50.0,50.0,,0.0,,0.0
deepseek-qwen,Indulgence,510,1,3,,,0.0,,,,50.0,50.0,,0.0,,0.0
deepseek-qwen,Indulgence,511,1,1,,,25.0,,,,75.0,75.0,,50.0,,50.0
deepseek-qwen,Indulgence,511,1,2,,,25.0,,,,75.0,75.0,,50.0,,50.0
deepseek-qwen,Indulgence,511,1,3,,,25.0,,,,75.0,75.0,,50.0,,50.0
deepseek-qwen,Indulgence,512,1,1,,,25.0,,,,50.0,50.0,,50.0,,50.0
deepseek-qwen,Indulgence,512,1,2,,,25.0,,,,50.0,50.0,,50.0,,50.0
deepseek-qwen,Indulgence,512,1,3,,,25.0,,,,50.0,50.0,,50.0,,50.0
deepseek-qwen,Indulgence,514,1,1,,,50.0,,,,50.0,,,50.0,,50.0
deepseek-qwen,Indulgence,514,1,2,,,50.0,,,,50.0,,,50.0,,50.0
deepseek-qwen,Indulgence,514,1,3,,,50.0,,,,50.0,,,50.0,,50.0
deepseek-qwen,Indulgence,517,1,1,,,25.0,,,,50.0,50.0,,0.0,,50.0
deepseek-qwen,Indulgence,517,1,2,,,25.0,,,,50.0,50.0,,0.0,,50.0
deepseek-qwen,Indulgence,517,1,3,,,25.0,,,,50.0,50.0,,0.0,,50.0
deepseek-qwen,Indulgence,518,1,1,,,0.0,,,,25.0,25.0,,25.0,,25.0
deepseek-qwen,Indulgence,518,1,2,,,0.0,,,,25.0,25.0,,25.0,,25.0
deepseek-qwen,Indulgence,518,1,3,,,0.0,,,,25.0,25.0,,25.0,,25.0
deepseek-qwen,Indulgence,521,1,1,,,0.0,,,,50.0,50.0,,50.0,,50.0
deepseek-qwen,Indulgence,521,1,2,,,0.0,,,,50.0,50.0,,50.0,,50.0
deepseek-qwen,Indulgence,521,1,3,,,0.0,,,,50.0,50.0,,50.0,,50.0
deepseek-qwen,Indulgence,522,1,1,,,25.0,,,,50.0,0.0,,50.0,,25.0
deepseek-qwen,Indulgence,522,1,2,,,25.0,,,,50.0,0.0,,50.0,,25.0
deepseek-qwen,Indulgence,522,1,3,,,25.0,,,,50.0,0.0,,50.0,,25.0
deepseek-qwen,Indulgence,523,1,1,,,50.0,,,,50.0,50.0,,50.0,,50.0
deepseek-qwen,Indulgence,523,1,2,,,50.0,,,,50.0,50.0,,50.0,,50.0
deepseek-qwen,Indulgence,523,1,3,,,50.0,,,,50.0,50.0,,50.0,,50.0
deepseek-qwen,Indulgence,524,1,1,,,25.0,,,,25.0,50.0,,25.0,,25.0
deepseek-qwen,Indulgence,524,1,2,,,25.0,,,,25.0,50.0,,25.0,,25.0
deepseek-qwen,Indulgence,524,1,3,,,25.0,,,,25.0,50.0,,25.0,,25.0
deepseek-qwen,Indulgence,526,1,1,,,0.0,,,,0.0,50.0,,50.0,,25.0
deepseek-qwen,Indulgence,526,1,2,,,0.0,,,,0.0,50.0,,50.0,,25.0
deepseek-qwen,Indulgence,526,1,3,,,0.0,,,,0.0,50.0,,50.0,,25.0
deepseek-qwen,Indulgence,527,1,1,,,50.0,,,,25.0,0.0,,25.0,,0.0
deepseek-qwen,Indulgence,527,1,2,,,50.0,,,,25.0,0.0,,25.0,,0.0
deepseek-qwen,Indulgence,527,1,3,,,50.0,,,,25.0,0.0,,25.0,,0.0
deepseek-qwen,Indulgence,530,1,1,,,0.0,,,,50.0,25.0,,25.0,,25.0
deepseek-qwen,Indulgence,530,1,2,,,0.0,,,,50.0,25.0,,25.0,,25.0
deepseek-qwen,Indulgence,530,1,3,,,0.0,,,,50.0,25.0,,25.0,,25.0
deepseek-qwen,Indulgence,531,1,1,,,75.0,,,,50.0,50.0,,50.0,,50.0
deepseek-qwen,Indulgence,531,1,2,,,75.0,,,,50.0,50.0,,50.0,,50.0
deepseek-qwen,Indulgence,531,1,3,,,75.0,,,,50.0,50.0,,50.0,,50.0
deepseek-qwen,Indulgence,532,1,1,,,25.0,,,,50.0,50.0,,50.0,,50.0
deepseek-qwen,Indulgence,532,1,2,,,25.0,,,,50.0,50.0,,50.0,,50.0
deepseek-qwen,Indulgence,532,1,3,,,25.0,,,,50.0,50.0,,50.0,,50.0
deepseek-qwen,Indulgence,534,1,1,,,25.0,,,,50.0,50.0,,50.0,,25.0
deepseek-qwen,Indulgence,534,1,2,,,25.0,,,,50.0,50.0,,50.0,,25.0
deepseek-qwen,Indulgence,534,1,3,,,25.0,,,,50.0,50.0,,50.0,,25.0
deepseek-qwen,Indulgence,539,1,1,,,75.0,,,,25.0,50.0,,0.0,,50.0
deepseek-qwen,Indulgence,539,1,2,,,75.0,,,,25.0,50.0,,0.0,,50.0
deepseek-qwen,Indulgence,539,1,3,,,75.0,,,,25.0,50.0,,0.0,,50.0
deepseek-qwen,Indulgence,540,1,1,,,75.0,,,,75.0,75.0,,50.0,,50.0
deepseek-qwen,Indulgence,540,1,2,,,75.0,,,,75.0,75.0,,50.0,,50.0
deepseek-qwen,Indulgence,540,1,3,,,75.0,,,,75.0,75.0,,50.0,,50.0
deepseek-qwen,Indulgence,541,1,1,,,50.0,,,,50.0,50.0,,50.0,,50.0
deepseek-qwen,Indulgence,541,1,2,,,50.0,,,,50.0,50.0,,50.0,,50.0
deepseek-qwen,Indulgence,541,1,3,,,50.0,,,,50.0,50.0,,50.0,,50.0
deepseek-qwen,Indulgence,543,1,1,,,25.0,,,,25.0,50.0,,25.0,,25.0
deepseek-qwen,Indulgence,543,1,2,,,25.0,,,,25.0,50.0,,25.0,,25.0
deepseek-qwen,Indulgence,543,1,3,,,25.0,,,,25.0,50.0,,25.0,,25.0
deepseek-qwen,Indulgence,545,1,1,,,0.0,,,,25.0,50.0,,0.0,,50.0
deepseek-qwen,Indulgence,545,1,2,,,0.0,,,,25.0,50.0,,0.0,,50.0
deepseek-qwen,Indulgence,545,1,3,,,0.0,,,,25.0,50.0,,0.0,,50.0
deepseek-qwen,Indulgence,546,1,1,,,0.0,,,,0.0,0.0,,0.0,,0.0
deepseek-qwen,Indulgence,546,1,2,,,0.0,,,,0.0,0.0,,0.0,,0.0
deepseek-qwen,Indulgence,546,1,3,,,0.0,,,,0.0,0.0,,0.0,,0.0
deepseek-qwen,Indulgence,550,1,1,,,25.0,,,,25.0,25.0,,25.0,,50.0
deepseek-qwen,Indulgence,550,1,2,,,25.0,,,,25.0,25.0,,25.0,,50.0
deepseek-qwen,Indulgence,550,1,3,,,25.0,,,,25.0,25.0,,25.0,,50.0
deepseek-qwen,Indulgence,551,1,1,,,25.0,,,,0.0,0.0,,25.0,,50.0
deepseek-qwen,Indulgence,551,1,2,,,25.0,,,,0.0,0.0,,25.0,,50.0
deepseek-qwen,Indulgence,551,1,3,,,25.0,,,,0.0,0.0,,25.0,,50.0
deepseek-qwen,Indulgence,552,1,1,,,0.0,,,,25.0,75.0,,75.0,,75.0
deepseek-qwen,Indulgence,552,1,2,,,0.0,,,,25.0,75.0,,75.0,,75.0
deepseek-qwen,Indulgence,552,1,3,,,0.0,,,,25.0,75.0,,75.0,,75.0
deepseek-qwen,Indulgence,553,1,1,,,25.0,,,,50.0,50.0,,50.0,,50.0
deepseek-qwen,Indulgence,553,1,2,,,25.0,,,,50.0,50.0,,50.0,,50.0
deepseek-qwen,Indulgence,553,1,3,,,25.0,,,,50.0,50.0,,50.0,,50.0
deepseek-qwen,Indulgence,554,1,1,,,50.0,,,,25.0,50.0,,25.0,,25.0
deepseek-qwen,Indulgence,554,1,2,,,50.0,,,,25.0,50.0,,25.0,,25.0
deepseek-qwen,Indulgence,554,1,3,,,50.0,,,,25.0,50.0,,25.0,,25.0
deepseek-qwen,Indulgence,555,1,1,,,75.0,,,,25.0,75.0,,25.0,,25.0
deepseek-qwen,Indulgence,555,1,2,,,75.0,,,,25.0,75.0,,25.0,,25.0
deepseek-qwen,Indulgence,555,1,3,,,75.0,,,,25.0,75.0,,25.0,,25.0
deepseek-qwen,Indulgence,557,1,1,,,0.0,,,,0.0,0.0,,0.0,,0.0
deepseek-qwen,Indulgence,557,1,2,,,0.0,,,,0.0,0.0,,0.0,,0.0
deepseek-qwen,Indulgence,557,1,3,,,0.0,,,,0.0,0.0,,0.0,,0.0
deepseek-qwen,Indulgence,558,1,1,,,50.0,,,,50.0,75.0,,50.0,,50.0
deepseek-qwen,Indulgence,558,1,2,,,50.0,,,,50.0,75.0,,50.0,,50.0
deepseek-qwen,Indulgence,558,1,3,,,50.0,,,,50.0,75.0,,50.0,,50.0
deepseek-qwen,Indulgence,560,1,1,,,,,,,100.0,25.0,,25.0,,25.0
deepseek-qwen,Indulgence,560,1,2,,,,,,,100.0,25.0,,25.0,,25.0
deepseek-qwen,Indulgence,560,1,3,,,,,,,100.0,25.0,,25.0,,25.0
deepseek-qwen,Indulgence,561,1,1,,,0.0,,,,50.0,75.0,,50.0,,50.0
deepseek-qwen,Indulgence,561,1,2,,,0.0,,,,50.0,75.0,,50.0,,50.0
deepseek-qwen,Indulgence,561,1,3,,,0.0,,,,50.0,75.0,,50.0,,50.0
deepseek-qwen,Indulgence,563,1,1,,,75.0,,,,75.0,0.0,,0.0,,0.0
deepseek-qwen,Indulgence,563,1,2,,,75.0,,,,75.0,0.0,,0.0,,0.0
deepseek-qwen,Indulgence,563,1,3,,,75.0,,,,75.0,0.0,,0.0,,0.0
deepseek-qwen,Indulgence,564,1,1,,,0.0,,,,0.0,0.0,,0.0,,0.0
deepseek-qwen,Indulgence,564,1,2,,,0.0,,,,0.0,0.0,,0.0,,0.0
deepseek-qwen,Indulgence,564,1,3,,,0.0,,,,0.0,0.0,,0.0,,0.0
deepseek-qwen,Indulgence,565,1,1,,,0.0,,,,0.0,75.0,,0.0,,75.0
deepseek-qwen,Indulgence,565,1,2,,,0.0,,,,0.0,75.0,,0.0,,75.0
deepseek-qwen,Indulgence,565,1,3,,,0.0,,,,0.0,75.0,,0.0,,75.0
deepseek-qwen,Indulgence,566,1,1,,,25.0,,,,50.0,50.0,,50.0,,50.0
deepseek-qwen,Indulgence,566,1,2,,,25.0,,,,50.0,50.0,,50.0,,50.0
deepseek-qwen,Indulgence,566,1,3,,,25.0,,,,50.0,50.0,,50.0,,50.0
deepseek-qwen,Indulgence,567,1,1,,,50.0,,,,25.0,50.0,,25.0,,25.0
deepseek-qwen,Indulgence,567,1,2,,,50.0,,,,25.0,50.0,,25.0,,25.0
deepseek-qwen,Indulgence,567,1,3,,,50.0,,,,25.0,50.0,,25.0,,25.0
deepseek-qwen,Indulgence,568,1,1,,,0.0,,,,0.0,0.0,,0.0,,25.0
deepseek-qwen,Indulgence,568,1,2,,,0.0,,,,0.0,0.0,,0.0,,25.0
deepseek-qwen,Indulgence,568,1,3,,,0.0,,,,0.0,0.0,,0.0,,25.0
deepseek-qwen,Indulgence,569,1,1,,,25.0,,,,25.0,25.0,,25.0,,25.0
deepseek-qwen,Indulgence,569,1,2,,,25.0,,,,25.0,25.0,,25.0,,25.0
deepseek-qwen,Indulgence,569,1,3,,,25.0,,,,25.0,25.0,,25.0,,25.0
deepseek-qwen,Indulgence,570,1,1,,,75.0,,,,75.0,75.0,,50.0,,50.0
deepseek-qwen,Indulgence,570,1,2,,,75.0,,,,75.0,75.0,,50.0,,50.0
deepseek-qwen,Indulgence,570,1,3,,,75.0,,,,75.0,75.0,,50.0,,50.0
deepseek-qwen,Indulgence,571,1,1,,,25.0,,,,25.0,100.0,,75.0,,50.0
deepseek-qwen,Indulgence,571,1,2,,,25.0,,,,25.0,100.0,,75.0,,50.0
deepseek-qwen,Indulgence,571,1,3,,,25.0,,,,25.0,100.0,,75.0,,50.0
deepseek-qwen,Indulgence,572,1,1,,,25.0,,,,75.0,100.0,,50.0,,50.0
deepseek-qwen,Indulgence,572,1,2,,,25.0,,,,75.0,100.0,,50.0,,50.0
deepseek-qwen,Indulgence,572,1,3,,,25.0,,,,75.0,100.0,,50.0,,50.0
deepseek-qwen,Indulgence,573,1,1,,,0.0,,,,25.0,0.0,,0.0,,0.0
deepseek-qwen,Indulgence,573,1,2,,,0.0,,,,25.0,0.0,,0.0,,0.0
deepseek-qwen,Indulgence,573,1,3,,,0.0,,,,25.0,0.0,,0.0,,0.0
deepseek-qwen,Indulgence,574,1,1,,,25.0,,,,25.0,50.0,,50.0,,50.0
deepseek-qwen,Indulgence,574,1,2,,,25.0,,,,25.0,50.0,,50.0,,50.0
deepseek-qwen,Indulgence,574,1,3,,,25.0,,,,25.0,50.0,,50.0,,50.0
deepseek-qwen,Indulgence,575,1,1,,,50.0,,,,50.0,50.0,,100.0,,25.0
deepseek-qwen,Indulgence,575,1,2,,,50.0,,,,50.0,50.0,,100.0,,25.0
deepseek-qwen,Indulgence,575,1,3,,,50.0,,,,50.0,50.0,,100.0,,25.0
deepseek-qwen,Indulgence,576,1,1,,,25.0,,,,50.0,50.0,,25.0,,50.0
deepseek-qwen,Indulgence,576,1,2,,,25.0,,,,50.0,50.0,,25.0,,50.0
deepseek-qwen,Indulgence,576,1,3,,,25.0,,,,50.0,50.0,,25.0,,50.0
deepseek-qwen,Indulgence,578,1,1,,,25.0,,,,25.0,25.0,,0.0,,0.0
deepseek-qwen,Indulgence,578,1,2,,,25.0,,,,25.0,25.0,,0.0,,0.0
deepseek-qwen,Indulgence,578,1,3,,,25.0,,,,25.0,25.0,,0.0,,0.0
deepseek-qwen,Indulgence,579,1,1,,,50.0,,,,25.0,25.0,,100.0,,50.0
deepseek-qwen,Indulgence,579,1,2,,,50.0,,,,25.0,25.0,,100.0,,50.0
deepseek-qwen,Indulgence,579,1,3,,,50.0,,,,25.0,25.0,,100.0,,50.0
deepseek-qwen,Indulgence,581,1,1,,,50.0,,,,50.0,50.0,,50.0,,50.0
deepseek-qwen,Indulgence,581,1,2,,,50.0,,,,50.0,50.0,,50.0,,50.0
deepseek-qwen,Indulgence,581,1,3,,,50.0,,,,50.0,50.0,,50.0,,50.0
deepseek-qwen,Indulgence,582,1,1,,,75.0,,,,75.0,25.0,,75.0,,25.0
deepseek-qwen,Indulgence,582,1,2,,,75.0,,,,75.0,25.0,,75.0,,25.0
deepseek-qwen,Indulgence,582,1,3,,,75.0,,,,75.0,25.0,,75.0,,25.0
deepseek-qwen,Indulgence,584,1,1,,,25.0,,,,25.0,50.0,,25.0,,0.0
deepseek-qwen,Indulgence,584,1,2,,,25.0,,,,25.0,50.0,,25.0,,0.0
deepseek-qwen,Indulgence,584,1,3,,,25.0,,,,25.0,50.0,,25.0,,0.0
deepseek-qwen,Indulgence,585,1,1,,,75.0,,,,25.0,25.0,,50.0,,50.0
deepseek-qwen,Indulgence,585,1,2,,,75.0,,,,25.0,25.0,,50.0,,50.0
deepseek-qwen,Indulgence,585,1,3,,,75.0,,,,25.0,25.0,,50.0,,50.0
deepseek-qwen,Indulgence,589,1,1,,,25.0,,,,50.0,25.0,,25.0,,25.0
deepseek-qwen,Indulgence,589,1,2,,,25.0,,,,50.0,25.0,,25.0,,25.0
deepseek-qwen,Indulgence,589,1,3,,,25.0,,,,50.0,25.0,,25.0,,25.0
deepseek-qwen,Indulgence,590,1,1,,,75.0,,,,50.0,50.0,,50.0,,50.0
deepseek-qwen,Indulgence,590,1,2,,,75.0,,,,50.0,50.0,,50.0,,50.0
deepseek-qwen,Indulgence,590,1,3,,,75.0,,,,50.0,50.0,,50.0,,50.0
deepseek-qwen,Indulgence,591,1,1,,,50.0,,,,50.0,50.0,,0.0,,75.0
deepseek-qwen,Indulgence,591,1,2,,,50.0,,,,50.0,50.0,,0.0,,75.0
deepseek-qwen,Indulgence,591,1,3,,,50.0,,,,50.0,50.0,,0.0,,75.0
deepseek-qwen,Indulgence,592,1,1,,,75.0,,,,50.0,50.0,,50.0,,25.0
deepseek-qwen,Indulgence,592,1,2,,,75.0,,,,50.0,50.0,,50.0,,25.0
deepseek-qwen,Indulgence,592,1,3,,,75.0,,,,50.0,50.0,,50.0,,25.0
deepseek-qwen,Indulgence,594,1,1,,,25.0,,,,50.0,50.0,,50.0,,50.0
deepseek-qwen,Indulgence,594,1,2,,,25.0,,,,50.0,50.0,,50.0,,50.0
deepseek-qwen,Indulgence,594,1,3,,,25.0,,,,50.0,50.0,,50.0,,50.0
deepseek-qwen,Indulgence,596,1,1,,,50.0,,,,50.0,50.0,,50.0,,50.0
deepseek-qwen,Indulgence,596,1,2,,,50.0,,,,50.0,50.0,,50.0,,50.0
deepseek-qwen,Indulgence,596,1,3,,,50.0,,,,50.0,50.0,,50.0,,50.0
deepseek-qwen,Indulgence,597,1,1,,,25.0,,,,50.0,50.0,,50.0,,50.0
deepseek-qwen,Indulgence,597,1,2,,,25.0,,,,50.0,50.0,,50.0,,50.0
deepseek-qwen,Indulgence,597,1,3,,,25.0,,,,50.0,50.0,,50.0,,50.0
deepseek-qwen,Indulgence,599,1,1,,,75.0,,,,50.0,50.0,,50.0,,50.0
deepseek-qwen,Indulgence,599,1,2,,,75.0,,,,50.0,50.0,,50.0,,50.0
deepseek-qwen,Indulgence,599,1,3,,,75.0,,,,50.0,50.0,,50.0,,50.0
deepseek-qwen,Indulgence,601,1,1,,,25.0,,,,50.0,50.0,,50.0,,25.0
deepseek-qwen,Indulgence,601,1,2,,,25.0,,,,50.0,50.0,,50.0,,25.0
deepseek-qwen,Indulgence,601,1,3,,,25.0,,,,50.0,50.0,,50.0,,25.0
deepseek-qwen,Indulgence,602,1,1,,,75.0,,,,50.0,25.0,,25.0,,25.0
deepseek-qwen,Indulgence,602,1,2,,,75.0,,,,50.0,25.0,,25.0,,25.0
deepseek-qwen,Indulgence,602,1,3,,,75.0,,,,50.0,25.0,,25.0,,25.0
deepseek-qwen,Indulgence,605,1,1,,,25.0,,,,25.0,25.0,,25.0,,25.0
deepseek-qwen,Indulgence,605,1,2,,,25.0,,,,25.0,25.0,,25.0,,25.0
deepseek-qwen,Indulgence,605,1,3,,,25.0,,,,25.0,25.0,,25.0,,25.0
deepseek-qwen,Indulgence,608,1,1,,,25.0,,,,50.0,50.0,,50.0,,50.0
deepseek-qwen,Indulgence,608,1,2,,,25.0,,,,50.0,50.0,,50.0,,50.0
deepseek-qwen,Indulgence,608,1,3,,,25.0,,,,50.0,50.0,,50.0,,50.0
deepseek-qwen,Indulgence,609,1,1,,,75.0,,,,25.0,0.0,,0.0,,0.0
deepseek-qwen,Indulgence,609,1,2,,,75.0,,,,25.0,0.0,,0.0,,0.0
deepseek-qwen,Indulgence,609,1,3,,,75.0,,,,25.0,0.0,,0.0,,0.0
deepseek-qwen,Indulgence,611,1,1,,,25.0,,,,50.0,50.0,,50.0,,50.0
deepseek-qwen,Indulgence,611,1,2,,,25.0,,,,50.0,50.0,,50.0,,50.0
deepseek-qwen,Indulgence,611,1,3,,,25.0,,,,50.0,50.0,,50.0,,50.0
deepseek-qwen,Indulgence,612,1,1,,,25.0,,,,0.0,0.0,,25.0,,25.0
deepseek-qwen,Indulgence,612,1,2,,,25.0,,,,0.0,0.0,,25.0,,25.0
deepseek-qwen,Indulgence,612,1,3,,,25.0,,,,0.0,0.0,,25.0,,25.0
deepseek-qwen,Indulgence,614,1,1,,,50.0,,,,75.0,25.0,,50.0,,50.0
deepseek-qwen,Indulgence,614,1,2,,,50.0,,,,75.0,25.0,,50.0,,50.0
deepseek-qwen,Indulgence,614,1,3,,,50.0,,,,75.0,25.0,,50.0,,50.0
deepseek-qwen,Indulgence,618,1,1,,,0.0,,,,0.0,25.0,,50.0,,50.0
deepseek-qwen,Indulgence,618,1,2,,,0.0,,,,0.0,25.0,,50.0,,50.0
deepseek-qwen,Indulgence,618,1,3,,,0.0,,,,0.0,25.0,,50.0,,50.0
deepseek-qwen,Indulgence,619,1,1,,,50.0,,,,25.0,0.0,,50.0,,25.0
deepseek-qwen,Indulgence,619,1,2,,,50.0,,,,25.0,0.0,,50.0,,25.0
deepseek-qwen,Indulgence,619,1,3,,,50.0,,,,25.0,0.0,,50.0,,25.0
deepseek-qwen,Indulgence,620,1,1,,,0.0,,,,0.0,0.0,,50.0,,25.0
deepseek-qwen,Indulgence,620,1,2,,,0.0,,,,0.0,0.0,,50.0,,25.0
deepseek-qwen,Indulgence,620,1,3,,,0.0,,,,0.0,0.0,,50.0,,25.0
deepseek-qwen,Indulgence,621,1,1,,,25.0,,,,50.0,25.0,,50.0,,50.0
deepseek-qwen,Indulgence,621,1,2,,,25.0,,,,50.0,25.0,,50.0,,50.0
deepseek-qwen,Indulgence,621,1,3,,,25.0,,,,50.0,25.0,,50.0,,50.0
deepseek-qwen,Indulgence,622,1,1,,,50.0,,,,50.0,25.0,,50.0,,25.0
deepseek-qwen,Indulgence,622,1,2,,,50.0,,,,50.0,25.0,,50.0,,25.0
deepseek-qwen,Indulgence,622,1,3,,,50.0,,,,50.0,25.0,,50.0,,25.0
deepseek-qwen,Indulgence,623,1,1,,,100.0,,,,50.0,75.0,,50.0,,50.0
deepseek-qwen,Indulgence,623,1,2,,,100.0,,,,50.0,75.0,,50.0,,50.0
deepseek-qwen,Indulgence,623,1,3,,,100.0,,,,50.0,75.0,,50.0,,50.0
deepseek-qwen,Indulgence,624,1,1,,,0.0,,,,50.0,50.0,,25.0,,25.0
deepseek-qwen,Indulgence,624,1,2,,,0.0,,,,50.0,50.0,,25.0,,25.0
deepseek-qwen,Indulgence,624,1,3,,,0.0,,,,50.0,50.0,,25.0,,25.0
deepseek-qwen,Indulgence,627,1,1,,,50.0,,,,25.0,25.0,,25.0,,25.0
deepseek-qwen,Indulgence,627,1,2,,,50.0,,,,25.0,25.0,,25.0,,25.0
deepseek-qwen,Indulgence,627,1,3,,,50.0,,,,25.0,25.0,,25.0,,25.0
deepseek-qwen,Indulgence,630,1,1,,,50.0,,,,50.0,25.0,,25.0,,25.0
deepseek-qwen,Indulgence,630,1,2,,,50.0,,,,50.0,25.0,,25.0,,25.0
deepseek-qwen,Indulgence,630,1,3,,,50.0,,,,50.0,25.0,,25.0,,25.0
deepseek-qwen,Indulgence,636,1,1,,,50.0,,,,50.0,50.0,,50.0,,50.0
deepseek-qwen,Indulgence,636,1,2,,,50.0,,,,50.0,50.0,,50.0,,50.0
deepseek-qwen,Indulgence,636,1,3,,,50.0,,,,50.0,50.0,,50.0,,50.0
deepseek-qwen,Indulgence,637,1,1,,,75.0,,,,50.0,,,50.0,,50.0
deepseek-qwen,Indulgence,637,1,2,,,75.0,,,,50.0,,,50.0,,50.0
deepseek-qwen,Indulgence,637,1,3,,,75.0,,,,50.0,,,50.0,,50.0
deepseek-qwen,Indulgence,639,1,1,,,50.0,,,,50.0,25.0,,25.0,,50.0
deepseek-qwen,Indulgence,639,1,2,,,50.0,,,,50.0,25.0,,25.0,,50.0
deepseek-qwen,Indulgence,639,1,3,,,50.0,,,,50.0,25.0,,25.0,,50.0
deepseek-qwen,Indulgence,641,1,1,,,50.0,,,,0.0,100.0,,50.0,,50.0
deepseek-qwen,Indulgence,641,1,2,,,50.0,,,,0.0,100.0,,50.0,,50.0
deepseek-qwen,Indulgence,641,1,3,,,50.0,,,,0.0,100.0,,50.0,,50.0
deepseek-qwen,Indulgence,642,1,1,,,0.0,,,,50.0,25.0,,25.0,,25.0
deepseek-qwen,Indulgence,642,1,2,,,0.0,,,,50.0,25.0,,25.0,,25.0
deepseek-qwen,Indulgence,642,1,3,,,0.0,,,,50.0,25.0,,25.0,,25.0
deepseek-qwen,Indulgence,643,1,1,,,25.0,,,,25.0,50.0,,50.0,,50.0
deepseek-qwen,Indulgence,643,1,2,,,25.0,,,,25.0,50.0,,50.0,,50.0
deepseek-qwen,Indulgence,643,1,3,,,25.0,,,,25.0,50.0,,50.0,,50.0
deepseek-qwen,Indulgence,644,1,1,,,25.0,,,,50.0,50.0,,75.0,,100.0
deepseek-qwen,Indulgence,644,1,2,,,25.0,,,,50.0,50.0,,75.0,,100.0
deepseek-qwen,Indulgence,644,1,3,,,25.0,,,,50.0,50.0,,75.0,,100.0
deepseek-qwen,Indulgence,646,1,1,,,25.0,,,,,25.0,,25.0,,25.0
deepseek-qwen,Indulgence,646,1,2,,,25.0,,,,,25.0,,25.0,,25.0
deepseek-qwen,Indulgence,646,1,3,,,25.0,,,,,25.0,,25.0,,25.0
deepseek-qwen,Indulgence,647,1,1,,,50.0,,,,50.0,50.0,,50.0,,50.0
deepseek-qwen,Indulgence,647,1,2,,,50.0,,,,50.0,50.0,,50.0,,50.0
deepseek-qwen,Indulgence,647,1,3,,,50.0,,,,50.0,50.0,,50.0,,50.0
deepseek-qwen,Indulgence,649,1,1,,,75.0,,,,50.0,50.0,,50.0,,50.0
deepseek-qwen,Indulgence,649,1,2,,,75.0,,,,50.0,50.0,,50.0,,50.0
deepseek-qwen,Indulgence,649,1,3,,,75.0,,,,50.0,50.0,,50.0,,50.0
deepseek-qwen,Indulgence,650,1,1,,,75.0,,,,50.0,50.0,,50.0,,50.0
deepseek-qwen,Indulgence,650,1,2,,,75.0,,,,50.0,50.0,,50.0,,50.0
deepseek-qwen,Indulgence,650,1,3,,,75.0,,,,50.0,50.0,,50.0,,50.0
deepseek-qwen,Indulgence,653,1,1,,,75.0,,,,100.0,100.0,,100.0,,100.0
deepseek-qwen,Indulgence,653,1,2,,,75.0,,,,100.0,100.0,,100.0,,100.0
deepseek-qwen,Indulgence,653,1,3,,,75.0,,,,100.0,100.0,,100.0,,100.0
deepseek-qwen,Indulgence,655,1,1,,,25.0,,,,50.0,50.0,,25.0,,25.0
deepseek-qwen,Indulgence,655,1,2,,,25.0,,,,50.0,50.0,,25.0,,25.0
deepseek-qwen,Indulgence,655,1,3,,,25.0,,,,50.0,50.0,,25.0,,25.0
deepseek-qwen,Indulgence,656,1,1,,,25.0,,,,50.0,50.0,,50.0,,25.0
deepseek-qwen,Indulgence,656,1,2,,,25.0,,,,50.0,50.0,,50.0,,25.0
deepseek-qwen,Indulgence,656,1,3,,,25.0,,,,50.0,50.0,,50.0,,25.0
deepseek-qwen,Indulgence,658,1,1,,,50.0,,,,50.0,50.0,,0.0,,50.0
deepseek-qwen,Indulgence,658,1,2,,,50.0,,,,50.0,50.0,,0.0,,50.0
deepseek-qwen,Indulgence,658,1,3,,,50.0,,,,50.0,50.0,,0.0,,50.0
deepseek-qwen,Indulgence,661,1,1,,,50.0,,,,50.0,75.0,,50.0,,50.0
deepseek-qwen,Indulgence,661,1,2,,,50.0,,,,50.0,75.0,,50.0,,50.0
deepseek-qwen,Indulgence,661,1,3,,,50.0,,,,50.0,75.0,,50.0,,50.0
deepseek-qwen,Indulgence,664,1,1,,,75.0,,,,0.0,25.0,,50.0,,50.0
deepseek-qwen,Indulgence,664,1,2,,,75.0,,,,0.0,25.0,,50.0,,50.0
deepseek-qwen,Indulgence,664,1,3,,,75.0,,,,0.0,25.0,,50.0,,50.0
deepseek-qwen,Indulgence,665,1,1,,,25.0,,,,50.0,50.0,,50.0,,50.0
deepseek-qwen,Indulgence,665,1,2,,,25.0,,,,50.0,50.0,,50.0,,50.0
deepseek-qwen,Indulgence,665,1,3,,,25.0,,,,50.0,50.0,,50.0,,50.0
deepseek-qwen,Indulgence,666,1,1,,,25.0,,,,50.0,50.0,,50.0,,25.0
deepseek-qwen,Indulgence,666,1,2,,,25.0,,,,50.0,50.0,,50.0,,25.0
deepseek-qwen,Indulgence,666,1,3,,,25.0,,,,50.0,50.0,,50.0,,25.0
deepseek-qwen,Indulgence,667,1,1,,,0.0,,,,25.0,50.0,,25.0,,25.0
deepseek-qwen,Indulgence,667,1,2,,,0.0,,,,25.0,50.0,,25.0,,25.0
deepseek-qwen,Indulgence,667,1,3,,,0.0,,,,25.0,50.0,,25.0,,25.0
deepseek-qwen,Indulgence,668,1,1,,,100.0,,,,25.0,50.0,,50.0,,50.0
deepseek-qwen,Indulgence,668,1,2,,,100.0,,,,25.0,50.0,,50.0,,50.0
deepseek-qwen,Indulgence,668,1,3,,,100.0,,,,25.0,50.0,,50.0,,50.0
deepseek-qwen,Indulgence,670,1,1,,,25.0,,,,0.0,50.0,,50.0,,50.0
deepseek-qwen,Indulgence,670,1,2,,,25.0,,,,0.0,50.0,,50.0,,50.0
deepseek-qwen,Indulgence,670,1,3,,,25.0,,,,0.0,50.0,,50.0,,50.0
deepseek-qwen,Indulgence,674,1,1,,,0.0,,,,25.0,25.0,,50.0,,25.0
deepseek-qwen,Indulgence,674,1,2,,,0.0,,,,25.0,25.0,,50.0,,25.0
deepseek-qwen,Indulgence,674,1,3,,,0.0,,,,25.0,25.0,,50.0,,25.0
deepseek-qwen,Indulgence,675,1,1,,,25.0,,,,50.0,50.0,,25.0,,25.0
deepseek-qwen,Indulgence,675,1,2,,,25.0,,,,50.0,50.0,,25.0,,25.0
deepseek-qwen,Indulgence,675,1,3,,,25.0,,,,50.0,50.0,,25.0,,25.0
deepseek-qwen,Indulgence,678,1,1,,,25.0,,,,50.0,25.0,,50.0,,50.0
deepseek-qwen,Indulgence,678,1,2,,,25.0,,,,50.0,25.0,,50.0,,50.0
deepseek-qwen,Indulgence,678,1,3,,,25.0,,,,50.0,25.0,,50.0,,50.0
deepseek-qwen,Indulgence,679,1,1,,,50.0,,,,50.0,25.0,,0.0,,25.0
deepseek-qwen,Indulgence,679,1,2,,,50.0,,,,50.0,25.0,,0.0,,25.0
deepseek-qwen,Indulgence,679,1,3,,,50.0,,,,50.0,25.0,,0.0,,25.0
deepseek-qwen,Indulgence,686,1,1,,,25.0,,,,25.0,25.0,,25.0,,25.0
deepseek-qwen,Indulgence,686,1,2,,,25.0,,,,25.0,25.0,,25.0,,25.0
deepseek-qwen,Indulgence,686,1,3,,,25.0,,,,25.0,25.0,,25.0,,25.0
deepseek-qwen,Indulgence,687,1,1,,,75.0,,,,0.0,50.0,,50.0,,50.0
deepseek-qwen,Indulgence,687,1,2,,,75.0,,,,0.0,50.0,,50.0,,50.0
deepseek-qwen,Indulgence,687,1,3,,,75.0,,,,0.0,50.0,,50.0,,50.0
deepseek-qwen,Indulgence,693,1,1,,,75.0,,,,25.0,25.0,,25.0,,25.0
deepseek-qwen,Indulgence,693,1,2,,,75.0,,,,25.0,25.0,,25.0,,25.0
deepseek-qwen,Indulgence,693,1,3,,,75.0,,,,25.0,25.0,,25.0,,25.0
deepseek-qwen,Indulgence,694,1,1,,,25.0,,,,50.0,50.0,,50.0,,50.0
deepseek-qwen,Indulgence,694,1,2,,,25.0,,,,50.0,50.0,,50.0,,50.0
deepseek-qwen,Indulgence,694,1,3,,,25.0,,,,50.0,50.0,,50.0,,50.0
deepseek-qwen,Indulgence,695,1,1,,,75.0,,,,25.0,25.0,,50.0,,50.0
deepseek-qwen,Indulgence,695,1,2,,,75.0,,,,25.0,25.0,,50.0,,50.0
deepseek-qwen,Indulgence,695,1,3,,,75.0,,,,25.0,25.0,,50.0,,50.0
deepseek-qwen,Indulgence,696,1,1,,,50.0,,,,25.0,0.0,,25.0,,0.0
deepseek-qwen,Indulgence,696,1,2,,,50.0,,,,25.0,0.0,,25.0,,0.0
deepseek-qwen,Indulgence,696,1,3,,,50.0,,,,25.0,0.0,,25.0,,0.0
deepseek-qwen,Indulgence,697,1,1,,,25.0,,,,25.0,75.0,,50.0,,25.0
deepseek-qwen,Indulgence,697,1,2,,,25.0,,,,25.0,75.0,,50.0,,25.0
deepseek-qwen,Indulgence,697,1,3,,,25.0,,,,25.0,75.0,,50.0,,25.0
deepseek-qwen,Indulgence,703,1,1,,,50.0,,,,50.0,50.0,,50.0,,50.0
deepseek-qwen,Indulgence,703,1,2,,,50.0,,,,50.0,50.0,,50.0,,50.0
deepseek-qwen,Indulgence,703,1,3,,,50.0,,,,50.0,50.0,,50.0,,50.0
deepseek-qwen,Indulgence,705,1,1,,,50.0,,,,0.0,0.0,,100.0,,100.0
deepseek-qwen,Indulgence,705,1,2,,,50.0,,,,0.0,0.0,,100.0,,100.0
deepseek-qwen,Indulgence,705,1,3,,,50.0,,,,0.0,0.0,,100.0,,100.0
deepseek-qwen,Indulgence,706,1,1,,,50.0,,,,50.0,25.0,,25.0,,25.0
deepseek-qwen,Indulgence,706,1,2,,,50.0,,,,50.0,25.0,,25.0,,25.0
deepseek-qwen,Indulgence,706,1,3,,,50.0,,,,50.0,25.0,,25.0,,25.0
deepseek-qwen,Long_Term_Orientation,1000,1,1,,,100.0,,,,0.0,0.0,,0.0,,0.0
deepseek-qwen,Long_Term_Orientation,1000,1,2,,,100.0,,,,0.0,0.0,,0.0,,0.0
deepseek-qwen,Long_Term_Orientation,1000,1,3,,,100.0,,,,0.0,0.0,,0.0,,0.0
deepseek-qwen,Long_Term_Orientation,1001,1,1,,,25.0,,,,25.0,0.0,,0.0,,25.0
deepseek-qwen,Long_Term_Orientation,1001,1,2,,,25.0,,,,25.0,0.0,,0.0,,25.0
deepseek-qwen,Long_Term_Orientation,1001,1,3,,,25.0,,,,25.0,0.0,,0.0,,25.0
deepseek-qwen,Long_Term_Orientation,1002,1,1,,,25.0,,,,0.0,0.0,,25.0,,25.0
deepseek-qwen,Long_Term_Orientation,1002,1,2,,,25.0,,,,0.0,0.0,,25.0,,25.0
deepseek-qwen,Long_Term_Orientation,1002,1,3,,,25.0,,,,0.0,0.0,,25.0,,25.0
deepseek-qwen,Long_Term_Orientation,1003,1,1,,,75.0,,,,0.0,25.0,,25.0,,25.0
deepseek-qwen,Long_Term_Orientation,1003,1,2,,,75.0,,,,0.0,25.0,,25.0,,25.0
deepseek-qwen,Long_Term_Orientation,1003,1,3,,,75.0,,,,0.0,25.0,,25.0,,25.0
deepseek-qwen,Long_Term_Orientation,1004,1,1,,,75.0,,,,0.0,0.0,,0.0,,25.0
deepseek-qwen,Long_Term_Orientation,1004,1,2,,,75.0,,,,0.0,0.0,,0.0,,25.0
deepseek-qwen,Long_Term_Orientation,1004,1,3,,,75.0,,,,0.0,0.0,,0.0,,25.0
deepseek-qwen,Long_Term_Orientation,1005,1,1,,,0.0,,,,0.0,25.0,,25.0,,25.0
deepseek-qwen,Long_Term_Orientation,1005,1,2,,,0.0,,,,0.0,25.0,,25.0,,25.0
deepseek-qwen,Long_Term_Orientation,1005,1,3,,,0.0,,,,0.0,25.0,,25.0,,25.0
deepseek-qwen,Long_Term_Orientation,1006,1,1,,,25.0,,,,0.0,50.0,,25.0,,50.0
deepseek-qwen,Long_Term_Orientation,1006,1,2,,,25.0,,,,0.0,50.0,,25.0,,50.0
deepseek-qwen,Long_Term_Orientation,1006,1,3,,,25.0,,,,0.0,50.0,,25.0,,50.0
deepseek-qwen,Long_Term_Orientation,1007,1,1,,,25.0,,,,50.0,25.0,,0.0,,25.0
deepseek-qwen,Long_Term_Orientation,1007,1,2,,,25.0,,,,50.0,25.0,,0.0,,25.0
deepseek-qwen,Long_Term_Orientation,1007,1,3,,,25.0,,,,50.0,25.0,,0.0,,25.0
deepseek-qwen,Long_Term_Orientation,1008,1,1,,,50.0,,,,75.0,100.0,,25.0,,75.0
deepseek-qwen,Long_Term_Orientation,1008,1,2,,,50.0,,,,75.0,100.0,,25.0,,75.0
deepseek-qwen,Long_Term_Orientation,1008,1,3,,,50.0,,,,75.0,100.0,,25.0,,75.0
deepseek-qwen,Long_Term_Orientation,1009,1,1,,,100.0,,,,75.0,0.0,,50.0,,75.0
deepseek-qwen,Long_Term_Orientation,1009,1,2,,,100.0,,,,75.0,0.0,,50.0,,75.0
deepseek-qwen,Long_Term_Orientation,1009,1,3,,,100.0,,,,75.0,0.0,,50.0,,75.0
deepseek-qwen,Long_Term_Orientation,1010,1,1,,,25.0,,,,0.0,0.0,,0.0,,0.0
deepseek-qwen,Long_Term_Orientation,1010,1,2,,,25.0,,,,0.0,0.0,,0.0,,0.0
deepseek-qwen,Long_Term_Orientation,1010,1,3,,,25.0,,,,0.0,0.0,,0.0,,0.0
deepseek-qwen,Long_Term_Orientation,1011,1,1,,,50.0,,,,25.0,50.0,,50.0,,25.0
deepseek-qwen,Long_Term_Orientation,1011,1,2,,,50.0,,,,25.0,50.0,,50.0,,25.0
deepseek-qwen,Long_Term_Orientation,1011,1,3,,,50.0,,,,25.0,50.0,,50.0,,25.0
deepseek-qwen,Long_Term_Orientation,1013,1,1,,,75.0,,,,100.0,75.0,,0.0,,25.0
deepseek-qwen,Long_Term_Orientation,1013,1,2,,,75.0,,,,100.0,75.0,,0.0,,25.0
deepseek-qwen,Long_Term_Orientation,1013,1,3,,,75.0,,,,100.0,75.0,,0.0,,25.0
deepseek-qwen,Long_Term_Orientation,1015,1,1,,,25.0,,,,50.0,50.0,,50.0,,50.0
deepseek-qwen,Long_Term_Orientation,1015,1,2,,,25.0,,,,50.0,50.0,,50.0,,50.0
deepseek-qwen,Long_Term_Orientation,1015,1,3,,,25.0,,,,50.0,50.0,,50.0,,50.0
deepseek-qwen,Long_Term_Orientation,1016,1,1,,,25.0,,,,75.0,0.0,,0.0,,25.0
deepseek-qwen,Long_Term_Orientation,1016,1,2,,,25.0,,,,75.0,0.0,,0.0,,25.0
deepseek-qwen,Long_Term_Orientation,1016,1,3,,,25.0,,,,75.0,0.0,,0.0,,25.0
deepseek-qwen,Long_Term_Orientation,1017,1,1,,,50.0,,,,50.0,50.0,,25.0,,25.0
deepseek-qwen,Long_Term_Orientation,1017,1,2,,,50.0,,,,50.0,50.0,,25.0,,25.0
deepseek-qwen,Long_Term_Orientation,1017,1,3,,,50.0,,,,50.0,50.0,,25.0,,25.0
deepseek-qwen,Long_Term_Orientation,1019,1,1,,,25.0,,,,0.0,0.0,,25.0,,0.0
deepseek-qwen,Long_Term_Orientation,1019,1,2,,,25.0,,,,0.0,0.0,,25.0,,0.0
deepseek-qwen,Long_Term_Orientation,1019,1,3,,,25.0,,,,0.0,0.0,,25.0,,0.0
deepseek-qwen,Long_Term_Orientation,1020,1,1,,,50.0,,,,50.0,100.0,,50.0,,50.0
deepseek-qwen,Long_Term_Orientation,1020,1,2,,,50.0,,,,50.0,100.0,,50.0,,50.0
deepseek-qwen,Long_Term_Orientation,1020,1,3,,,50.0,,,,50.0,100.0,,50.0,,50.0
deepseek-qwen,Long_Term_Orientation,1021,1,1,,,0.0,,,,,50.0,,50.0,,0.0
deepseek-qwen,Long_Term_Orientation,1021,1,2,,,0.0,,,,,50.0,,50.0,,0.0
deepseek-qwen,Long_Term_Orientation,1021,1,3,,,0.0,,,,,50.0,,50.0,,0.0
deepseek-qwen,Long_Term_Orientation,1024,1,1,,,50.0,,,,,0.0,,0.0,,50.0
deepseek-qwen,Long_Term_Orientation,1024,1,2,,,50.0,,,,,0.0,,0.0,,50.0
deepseek-qwen,Long_Term_Orientation,1024,1,3,,,50.0,,,,,0.0,,0.0,,50.0
deepseek-qwen,Long_Term_Orientation,1025,1,1,,,25.0,,,,25.0,0.0,,25.0,,25.0
deepseek-qwen,Long_Term_Orientation,1025,1,2,,,25.0,,,,25.0,0.0,,25.0,,25.0
deepseek-qwen,Long_Term_Orientation,1025,1,3,,,25.0,,,,25.0,0.0,,25.0,,25.0
deepseek-qwen,Long_Term_Orientation,1026,1,1,,,25.0,,,,50.0,50.0,,25.0,,25.0
deepseek-qwen,Long_Term_Orientation,1026,1,2,,,25.0,,,,50.0,50.0,,25.0,,25.0
deepseek-qwen,Long_Term_Orientation,1026,1,3,,,25.0,,,,50.0,50.0,,25.0,,25.0
deepseek-qwen,Long_Term_Orientation,1027,1,1,,,50.0,,,,50.0,50.0,,50.0,,50.0
deepseek-qwen,Long_Term_Orientation,1027,1,2,,,50.0,,,,50.0,50.0,,50.0,,50.0
deepseek-qwen,Long_Term_Orientation,1027,1,3,,,50.0,,,,50.0,50.0,,50.0,,50.0
deepseek-qwen,Long_Term_Orientation,1031,1,1,,,75.0,,,,50.0,0.0,,50.0,,50.0
deepseek-qwen,Long_Term_Orientation,1031,1,2,,,75.0,,,,50.0,0.0,,50.0,,50.0
deepseek-qwen,Long_Term_Orientation,1031,1,3,,,75.0,,,,50.0,0.0,,50.0,,50.0
deepseek-qwen,Long_Term_Orientation,1032,1,1,,,25.0,,,,0.0,25.0,,25.0,,25.0
deepseek-qwen,Long_Term_Orientation,1032,1,2,,,25.0,,,,0.0,25.0,,25.0,,25.0
deepseek-qwen,Long_Term_Orientation,1032,1,3,,,25.0,,,,0.0,25.0,,25.0,,25.0
deepseek-qwen,Long_Term_Orientation,1033,1,1,,,50.0,,,,25.0,25.0,,0.0,,0.0
deepseek-qwen,Long_Term_Orientation,1033,1,2,,,50.0,,,,25.0,25.0,,0.0,,0.0
deepseek-qwen,Long_Term_Orientation,1033,1,3,,,50.0,,,,25.0,25.0,,0.0,,0.0
deepseek-qwen,Long_Term_Orientation,1035,1,1,,,50.0,,,,75.0,50.0,,50.0,,50.0
deepseek-qwen,Long_Term_Orientation,1035,1,2,,,50.0,,,,75.0,50.0,,50.0,,50.0
deepseek-qwen,Long_Term_Orientation,1035,1,3,,,50.0,,,,75.0,50.0,,50.0,,50.0
deepseek-qwen,Long_Term_Orientation,1036,1,1,,,0.0,,,,75.0,50.0,,50.0,,25.0
deepseek-qwen,Long_Term_Orientation,1036,1,2,,,0.0,,,,75.0,50.0,,50.0,,25.0
deepseek-qwen,Long_Term_Orientation,1036,1,3,,,0.0,,,,75.0,50.0,,50.0,,25.0
deepseek-qwen,Long_Term_Orientation,1039,1,1,,,50.0,,,,75.0,50.0,,50.0,,50.0
deepseek-qwen,Long_Term_Orientation,1039,1,2,,,50.0,,,,75.0,50.0,,50.0,,50.0
deepseek-qwen,Long_Term_Orientation,1039,1,3,,,50.0,,,,75.0,50.0,,50.0,,50.0
deepseek-qwen,Long_Term_Orientation,1040,1,1,,,25.0,,,,50.0,0.0,,0.0,,50.0
deepseek-qwen,Long_Term_Orientation,1040,1,2,,,25.0,,,,50.0,0.0,,0.0,,50.0
deepseek-qwen,Long_Term_Orientation,1040,1,3,,,25.0,,,,50.0,0.0,,0.0,,50.0
deepseek-qwen,Long_Term_Orientation,1041,1,1,,,50.0,,,,50.0,25.0,,50.0,,50.0
deepseek-qwen,Long_Term_Orientation,1041,1,2,,,50.0,,,,50.0,25.0,,50.0,,50.0
deepseek-qwen,Long_Term_Orientation,1041,1,3,,,50.0,,,,50.0,25.0,,50.0,,50.0
deepseek-qwen,Long_Term_Orientation,1042,1,1,,,,,,,50.0,25.0,,25.0,,25.0
deepseek-qwen,Long_Term_Orientation,1042,1,2,,,,,,,50.0,25.0,,25.0,,25.0
deepseek-qwen,Long_Term_Orientation,1042,1,3,,,,,,,50.0,25.0,,25.0,,25.0
deepseek-qwen,Long_Term_Orientation,1043,1,1,,,0.0,,,,50.0,0.0,,25.0,,25.0
deepseek-qwen,Long_Term_Orientation,1043,1,2,,,0.0,,,,50.0,0.0,,25.0,,25.0
deepseek-qwen,Long_Term_Orientation,1043,1,3,,,0.0,,,,50.0,0.0,,25.0,,25.0
deepseek-qwen,Long_Term_Orientation,1048,1,1,,,50.0,,,,100.0,25.0,,25.0,,25.0
deepseek-qwen,Long_Term_Orientation,1048,1,2,,,50.0,,,,100.0,25.0,,25.0,,25.0
deepseek-qwen,Long_Term_Orientation,1048,1,3,,,50.0,,,,100.0,25.0,,25.0,,25.0
deepseek-qwen,Long_Term_Orientation,1049,1,1,,,50.0,,,,50.0,25.0,,50.0,,25.0
deepseek-qwen,Long_Term_Orientation,1049,1,2,,,50.0,,,,50.0,25.0,,50.0,,25.0
deepseek-qwen,Long_Term_Orientation,1049,1,3,,,50.0,,,,50.0,25.0,,50.0,,25.0
deepseek-qwen,Long_Term_Orientation,1050,1,1,,,50.0,,,,50.0,50.0,,50.0,,50.0
deepseek-qwen,Long_Term_Orientation,1050,1,2,,,50.0,,,,50.0,50.0,,50.0,,50.0
deepseek-qwen,Long_Term_Orientation,1050,1,3,,,50.0,,,,50.0,50.0,,50.0,,50.0
deepseek-qwen,Long_Term_Orientation,1052,1,1,,,50.0,,,,0.0,0.0,,25.0,,50.0
deepseek-qwen,Long_Term_Orientation,1052,1,2,,,50.0,,,,0.0,0.0,,25.0,,50.0
deepseek-qwen,Long_Term_Orientation,1052,1,3,,,50.0,,,,0.0,0.0,,25.0,,50.0
deepseek-qwen,Long_Term_Orientation,1053,1,1,,,50.0,,,,50.0,0.0,,0.0,,50.0
deepseek-qwen,Long_Term_Orientation,1053,1,2,,,50.0,,,,50.0,0.0,,0.0,,50.0
deepseek-qwen,Long_Term_Orientation,1053,1,3,,,50.0,,,,50.0,0.0,,0.0,,50.0
deepseek-qwen,Long_Term_Orientation,1054,1,1,,,75.0,,,,0.0,25.0,,25.0,,0.0
deepseek-qwen,Long_Term_Orientation,1054,1,2,,,75.0,,,,0.0,25.0,,25.0,,0.0
deepseek-qwen,Long_Term_Orientation,1054,1,3,,,75.0,,,,0.0,25.0,,25.0,,0.0
deepseek-qwen,Long_Term_Orientation,1055,1,1,,,50.0,,,,50.0,25.0,,50.0,,50.0
deepseek-qwen,Long_Term_Orientation,1055,1,2,,,50.0,,,,50.0,25.0,,50.0,,50.0
deepseek-qwen,Long_Term_Orientation,1055,1,3,,,50.0,,,,50.0,25.0,,50.0,,50.0
deepseek-qwen,Long_Term_Orientation,1056,1,1,,,25.0,,,,75.0,25.0,,25.0,,25.0
deepseek-qwen,Long_Term_Orientation,1056,1,2,,,25.0,,,,75.0,25.0,,25.0,,25.0
deepseek-qwen,Long_Term_Orientation,1056,1,3,,,25.0,,,,75.0,25.0,,25.0,,25.0
deepseek-qwen,Long_Term_Orientation,1057,1,1,,,0.0,,,,0.0,25.0,,0.0,,25.0
deepseek-qwen,Long_Term_Orientation,1057,1,2,,,0.0,,,,0.0,25.0,,0.0,,25.0
deepseek-qwen,Long_Term_Orientation,1057,1,3,,,0.0,,,,0.0,25.0,,0.0,,25.0
deepseek-qwen,Long_Term_Orientation,1059,1,1,,,100.0,,,,50.0,50.0,,25.0,,25.0
deepseek-qwen,Long_Term_Orientation,1059,1,2,,,100.0,,,,50.0,50.0,,25.0,,25.0
deepseek-qwen,Long_Term_Orientation,1059,1,3,,,100.0,,,,50.0,50.0,,25.0,,25.0
deepseek-qwen,Long_Term_Orientation,1060,1,1,,,25.0,,,,50.0,50.0,,50.0,,50.0
deepseek-qwen,Long_Term_Orientation,1060,1,2,,,25.0,,,,50.0,50.0,,50.0,,50.0
deepseek-qwen,Long_Term_Orientation,1060,1,3,,,25.0,,,,50.0,50.0,,50.0,,50.0
deepseek-qwen,Long_Term_Orientation,1061,1,1,,,0.0,,,,0.0,25.0,,50.0,,50.0
deepseek-qwen,Long_Term_Orientation,1061,1,2,,,0.0,,,,0.0,25.0,,50.0,,50.0
deepseek-qwen,Long_Term_Orientation,1061,1,3,,,0.0,,,,0.0,25.0,,50.0,,50.0
deepseek-qwen,Long_Term_Orientation,1062,1,1,,,25.0,,,,0.0,0.0,,50.0,,25.0
deepseek-qwen,Long_Term_Orientation,1062,1,2,,,25.0,,,,0.0,0.0,,50.0,,25.0
deepseek-qwen,Long_Term_Orientation,1062,1,3,,,25.0,,,,0.0,0.0,,50.0,,25.0
deepseek-qwen,Long_Term_Orientation,1064,1,1,,,50.0,,,,50.0,50.0,,100.0,,50.0
deepseek-qwen,Long_Term_Orientation,1064,1,2,,,50.0,,,,50.0,50.0,,100.0,,50.0
deepseek-qwen,Long_Term_Orientation,1064,1,3,,,50.0,,,,50.0,50.0,,100.0,,50.0
deepseek-qwen,Long_Term_Orientation,1065,1,1,,,50.0,,,,0.0,50.0,,0.0,,0.0
deepseek-qwen,Long_Term_Orientation,1065,1,2,,,50.0,,,,0.0,50.0,,0.0,,0.0
deepseek-qwen,Long_Term_Orientation,1065,1,3,,,50.0,,,,0.0,50.0,,0.0,,0.0
deepseek-qwen,Long_Term_Orientation,1066,1,1,,,25.0,,,,50.0,50.0,,50.0,,50.0
deepseek-qwen,Long_Term_Orientation,1066,1,2,,,25.0,,,,50.0,50.0,,50.0,,50.0
deepseek-qwen,Long_Term_Orientation,1066,1,3,,,25.0,,,,50.0,50.0,,50.0,,50.0
deepseek-qwen,Long_Term_Orientation,1070,1,1,,,75.0,,,,25.0,25.0,,50.0,,50.0
deepseek-qwen,Long_Term_Orientation,1070,1,2,,,75.0,,,,25.0,25.0,,50.0,,50.0
deepseek-qwen,Long_Term_Orientation,1070,1,3,,,75.0,,,,25.0,25.0,,50.0,,50.0
deepseek-qwen,Long_Term_Orientation,1071,1,1,,,25.0,,,,0.0,0.0,,0.0,,0.0
deepseek-qwen,Long_Term_Orientation,1071,1,2,,,25.0,,,,0.0,0.0,,0.0,,0.0
deepseek-qwen,Long_Term_Orientation,1071,1,3,,,25.0,,,,0.0,0.0,,0.0,,0.0
deepseek-qwen,Long_Term_Orientation,1075,1,1,,,75.0,,,,75.0,50.0,,0.0,,75.0
deepseek-qwen,Long_Term_Orientation,1075,1,2,,,75.0,,,,75.0,50.0,,0.0,,75.0
deepseek-qwen,Long_Term_Orientation,1075,1,3,,,75.0,,,,75.0,50.0,,0.0,,75.0
deepseek-qwen,Long_Term_Orientation,1076,1,1,,,50.0,,,,50.0,0.0,,50.0,,50.0
deepseek-qwen,Long_Term_Orientation,1076,1,2,,,50.0,,,,50.0,0.0,,50.0,,50.0
deepseek-qwen,Long_Term_Orientation,1076,1,3,,,50.0,,,,50.0,0.0,,50.0,,50.0
deepseek-qwen,Long_Term_Orientation,1077,1,1,,,0.0,,,,0.0,0.0,,0.0,,0.0
deepseek-qwen,Long_Term_Orientation,1077,1,2,,,0.0,,,,0.0,0.0,,0.0,,0.0
deepseek-qwen,Long_Term_Orientation,1077,1,3,,,0.0,,,,0.0,0.0,,0.0,,0.0
deepseek-qwen,Long_Term_Orientation,1078,1,1,,,50.0,,,,50.0,50.0,,50.0,,50.0
deepseek-qwen,Long_Term_Orientation,1078,1,2,,,50.0,,,,50.0,50.0,,50.0,,50.0
deepseek-qwen,Long_Term_Orientation,1078,1,3,,,50.0,,,,50.0,50.0,,50.0,,50.0
deepseek-qwen,Long_Term_Orientation,1079,1,1,,,50.0,,,,25.0,75.0,,0.0,,0.0
deepseek-qwen,Long_Term_Orientation,1079,1,2,,,50.0,,,,25.0,75.0,,0.0,,0.0
deepseek-qwen,Long_Term_Orientation,1079,1,3,,,50.0,,,,25.0,75.0,,0.0,,0.0
deepseek-qwen,Long_Term_Orientation,1080,1,1,,,0.0,,,,50.0,25.0,,50.0,,25.0
deepseek-qwen,Long_Term_Orientation,1080,1,2,,,0.0,,,,50.0,25.0,,50.0,,25.0
deepseek-qwen,Long_Term_Orientation,1080,1,3,,,0.0,,,,50.0,25.0,,50.0,,25.0
deepseek-qwen,Long_Term_Orientation,1082,1,1,,,50.0,,,,0.0,25.0,,50.0,,50.0
deepseek-qwen,Long_Term_Orientation,1082,1,2,,,50.0,,,,0.0,25.0,,50.0,,50.0
deepseek-qwen,Long_Term_Orientation,1082,1,3,,,50.0,,,,0.0,25.0,,50.0,,50.0
deepseek-qwen,Long_Term_Orientation,1083,1,1,,,25.0,,,,50.0,75.0,,0.0,,25.0
deepseek-qwen,Long_Term_Orientation,1083,1,2,,,25.0,,,,50.0,75.0,,0.0,,25.0
deepseek-qwen,Long_Term_Orientation,1083,1,3,,,25.0,,,,50.0,75.0,,0.0,,25.0
deepseek-qwen,Long_Term_Orientation,1084,1,1,,,25.0,,,,50.0,25.0,,0.0,,0.0
deepseek-qwen,Long_Term_Orientation,1084,1,2,,,25.0,,,,50.0,25.0,,0.0,,0.0
deepseek-qwen,Long_Term_Orientation,1084,1,3,,,25.0,,,,50.0,25.0,,0.0,,0.0
deepseek-qwen,Long_Term_Orientation,1085,1,1,,,50.0,,,,0.0,25.0,,50.0,,0.0
deepseek-qwen,Long_Term_Orientation,1085,1,2,,,50.0,,,,0.0,25.0,,50.0,,0.0
deepseek-qwen,Long_Term_Orientation,1085,1,3,,,50.0,,,,0.0,25.0,,50.0,,0.0
deepseek-qwen,Long_Term_Orientation,1086,1,1,,,50.0,,,,50.0,50.0,,50.0,,50.0
deepseek-qwen,Long_Term_Orientation,1086,1,2,,,50.0,,,,50.0,50.0,,50.0,,50.0
deepseek-qwen,Long_Term_Orientation,1086,1,3,,,50.0,,,,50.0,50.0,,50.0,,50.0
deepseek-qwen,Long_Term_Orientation,1087,1,1,,,25.0,,,,25.0,50.0,,0.0,,50.0
deepseek-qwen,Long_Term_Orientation,1087,1,2,,,25.0,,,,25.0,50.0,,0.0,,50.0
deepseek-qwen,Long_Term_Orientation,1087,1,3,,,25.0,,,,25.0,50.0,,0.0,,50.0
deepseek-qwen,Long_Term_Orientation,1088,1,1,,,,,,,50.0,0.0,,0.0,,0.0
deepseek-qwen,Long_Term_Orientation,1088,1,2,,,,,,,50.0,0.0,,0.0,,0.0
deepseek-qwen,Long_Term_Orientation,1088,1,3,,,,,,,50.0,0.0,,0.0,,0.0
deepseek-qwen,Long_Term_Orientation,1089,1,1,,,75.0,,,,50.0,50.0,,50.0,,50.0
deepseek-qwen,Long_Term_Orientation,1089,1,2,,,75.0,,,,50.0,50.0,,50.0,,50.0
deepseek-qwen,Long_Term_Orientation,1089,1,3,,,75.0,,,,50.0,50.0,,50.0,,50.0
deepseek-qwen,Long_Term_Orientation,1091,1,1,,,75.0,,,,50.0,25.0,,0.0,,25.0
deepseek-qwen,Long_Term_Orientation,1091,1,2,,,75.0,,,,50.0,25.0,,0.0,,25.0
deepseek-qwen,Long_Term_Orientation,1091,1,3,,,75.0,,,,50.0,25.0,,0.0,,25.0
deepseek-qwen,Long_Term_Orientation,1092,1,1,,,75.0,,,,25.0,50.0,,50.0,,50.0
deepseek-qwen,Long_Term_Orientation,1092,1,2,,,75.0,,,,25.0,50.0,,50.0,,50.0
deepseek-qwen,Long_Term_Orientation,1092,1,3,,,75.0,,,,25.0,50.0,,50.0,,50.0
deepseek-qwen,Long_Term_Orientation,1094,1,1,,,25.0,,,,25.0,25.0,,50.0,,25.0
deepseek-qwen,Long_Term_Orientation,1094,1,2,,,25.0,,,,25.0,25.0,,50.0,,25.0
deepseek-qwen,Long_Term_Orientation,1094,1,3,,,25.0,,,,25.0,25.0,,50.0,,25.0
deepseek-qwen,Long_Term_Orientation,1096,1,1,,,0.0,,,,25.0,50.0,,50.0,,50.0
deepseek-qwen,Long_Term_Orientation,1096,1,2,,,0.0,,,,25.0,50.0,,50.0,,50.0
deepseek-qwen,Long_Term_Orientation,1096,1,3,,,0.0,,,,25.0,50.0,,50.0,,50.0
deepseek-qwen,Long_Term_Orientation,1098,1,1,,,0.0,,,,25.0,25.0,,50.0,,0.0
deepseek-qwen,Long_Term_Orientation,1098,1,2,,,0.0,,,,25.0,25.0,,50.0,,0.0
deepseek-qwen,Long_Term_Orientation,1098,1,3,,,0.0,,,,25.0,25.0,,50.0,,0.0
deepseek-qwen,Long_Term_Orientation,1099,1,1,,,25.0,,,,25.0,25.0,,25.0,,25.0
deepseek-qwen,Long_Term_Orientation,1099,1,2,,,25.0,,,,25.0,25.0,,25.0,,25.0
deepseek-qwen,Long_Term_Orientation,1099,1,3,,,25.0,,,,25.0,25.0,,25.0,,25.0
deepseek-qwen,Long_Term_Orientation,1100,1,1,,,0.0,,,,25.0,25.0,,25.0,,25.0
deepseek-qwen,Long_Term_Orientation,1100,1,2,,,0.0,,,,25.0,25.0,,25.0,,25.0
deepseek-qwen,Long_Term_Orientation,1100,1,3,,,0.0,,,,25.0,25.0,,25.0,,25.0
deepseek-qwen,Long_Term_Orientation,1101,1,1,,,0.0,,,,25.0,,,50.0,,50.0
deepseek-qwen,Long_Term_Orientation,1101,1,2,,,0.0,,,,25.0,,,50.0,,50.0
deepseek-qwen,Long_Term_Orientation,1101,1,3,,,0.0,,,,25.0,,,50.0,,50.0
deepseek-qwen,Long_Term_Orientation,1102,1,1,,,0.0,,,,0.0,0.0,,0.0,,0.0
deepseek-qwen,Long_Term_Orientation,1102,1,2,,,0.0,,,,0.0,0.0,,0.0,,0.0
deepseek-qwen,Long_Term_Orientation,1102,1,3,,,0.0,,,,0.0,0.0,,0.0,,0.0
deepseek-qwen,Long_Term_Orientation,1103,1,1,,,0.0,,,,0.0,0.0,,0.0,,0.0
deepseek-qwen,Long_Term_Orientation,1103,1,2,,,0.0,,,,0.0,0.0,,0.0,,0.0
deepseek-qwen,Long_Term_Orientation,1103,1,3,,,0.0,,,,0.0,0.0,,0.0,,0.0
deepseek-qwen,Long_Term_Orientation,1106,1,1,,,50.0,,,,50.0,50.0,,50.0,,25.0
deepseek-qwen,Long_Term_Orientation,1106,1,2,,,50.0,,,,50.0,50.0,,50.0,,25.0
deepseek-qwen,Long_Term_Orientation,1106,1,3,,,50.0,,,,50.0,50.0,,50.0,,25.0
deepseek-qwen,Long_Term_Orientation,1107,1,1,,,50.0,,,,100.0,0.0,,0.0,,50.0
deepseek-qwen,Long_Term_Orientation,1107,1,2,,,50.0,,,,100.0,0.0,,0.0,,50.0
deepseek-qwen,Long_Term_Orientation,1107,1,3,,,50.0,,,,100.0,0.0,,0.0,,50.0
deepseek-qwen,Long_Term_Orientation,1109,1,1,,,25.0,,,,50.0,0.0,,50.0,,50.0
deepseek-qwen,Long_Term_Orientation,1109,1,2,,,25.0,,,,50.0,0.0,,50.0,,50.0
deepseek-qwen,Long_Term_Orientation,1109,1,3,,,25.0,,,,50.0,0.0,,50.0,,50.0
deepseek-qwen,Long_Term_Orientation,1110,1,1,,,50.0,,,,50.0,25.0,,50.0,,50.0
deepseek-qwen,Long_Term_Orientation,1110,1,2,,,50.0,,,,50.0,25.0,,50.0,,50.0
deepseek-qwen,Long_Term_Orientation,1110,1,3,,,50.0,,,,50.0,25.0,,50.0,,50.0
deepseek-qwen,Long_Term_Orientation,1112,1,1,,,0.0,,,,50.0,0.0,,0.0,,50.0
deepseek-qwen,Long_Term_Orientation,1112,1,2,,,0.0,,,,50.0,0.0,,0.0,,50.0
deepseek-qwen,Long_Term_Orientation,1112,1,3,,,0.0,,,,50.0,0.0,,0.0,,50.0
deepseek-qwen,Long_Term_Orientation,1113,1,1,,,25.0,,,,100.0,50.0,,50.0,,50.0
deepseek-qwen,Long_Term_Orientation,1113,1,2,,,25.0,,,,100.0,50.0,,50.0,,50.0
deepseek-qwen,Long_Term_Orientation,1113,1,3,,,25.0,,,,100.0,50.0,,50.0,,50.0
deepseek-qwen,Long_Term_Orientation,1115,1,1,,,50.0,,,,50.0,25.0,,50.0,,25.0
deepseek-qwen,Long_Term_Orientation,1115,1,2,,,50.0,,,,50.0,25.0,,50.0,,25.0
deepseek-qwen,Long_Term_Orientation,1115,1,3,,,50.0,,,,50.0,25.0,,50.0,,25.0
deepseek-qwen,Long_Term_Orientation,1117,1,1,,,25.0,,,,50.0,50.0,,0.0,,50.0
deepseek-qwen,Long_Term_Orientation,1117,1,2,,,25.0,,,,50.0,50.0,,0.0,,50.0
deepseek-qwen,Long_Term_Orientation,1117,1,3,,,25.0,,,,50.0,50.0,,0.0,,50.0
deepseek-qwen,Long_Term_Orientation,1119,1,1,,,25.0,,,,50.0,0.0,,50.0,,0.0
deepseek-qwen,Long_Term_Orientation,1119,1,2,,,25.0,,,,50.0,0.0,,50.0,,0.0
deepseek-qwen,Long_Term_Orientation,1119,1,3,,,25.0,,,,50.0,0.0,,50.0,,0.0
deepseek-qwen,Long_Term_Orientation,1120,1,1,,,25.0,,,,0.0,0.0,,0.0,,25.0
deepseek-qwen,Long_Term_Orientation,1120,1,2,,,25.0,,,,0.0,0.0,,0.0,,25.0
deepseek-qwen,Long_Term_Orientation,1120,1,3,,,25.0,,,,0.0,0.0,,0.0,,25.0
deepseek-qwen,Long_Term_Orientation,1121,1,1,,,25.0,,,,50.0,0.0,,0.0,,25.0
deepseek-qwen,Long_Term_Orientation,1121,1,2,,,25.0,,,,50.0,0.0,,0.0,,25.0
deepseek-qwen,Long_Term_Orientation,1121,1,3,,,25.0,,,,50.0,0.0,,0.0,,25.0
deepseek-qwen,Long_Term_Orientation,1125,1,1,,,0.0,,,,75.0,0.0,,25.0,,50.0
deepseek-qwen,Long_Term_Orientation,1125,1,2,,,0.0,,,,75.0,0.0,,25.0,,50.0
deepseek-qwen,Long_Term_Orientation,1125,1,3,,,0.0,,,,75.0,0.0,,25.0,,50.0
deepseek-qwen,Long_Term_Orientation,1126,1,1,,,50.0,,,,50.0,0.0,,0.0,,0.0
deepseek-qwen,Long_Term_Orientation,1126,1,2,,,50.0,,,,50.0,0.0,,0.0,,0.0
deepseek-qwen,Long_Term_Orientation,1126,1,3,,,50.0,,,,50.0,0.0,,0.0,,0.0
deepseek-qwen,Long_Term_Orientation,1128,1,1,,,50.0,,,,50.0,50.0,,25.0,,50.0
deepseek-qwen,Long_Term_Orientation,1128,1,2,,,50.0,,,,50.0,50.0,,25.0,,50.0
deepseek-qwen,Long_Term_Orientation,1128,1,3,,,50.0,,,,50.0,50.0,,25.0,,50.0
deepseek-qwen,Long_Term_Orientation,1129,1,1,,,100.0,,,,100.0,100.0,,25.0,,25.0
deepseek-qwen,Long_Term_Orientation,1129,1,2,,,100.0,,,,100.0,100.0,,25.0,,25.0
deepseek-qwen,Long_Term_Orientation,1129,1,3,,,100.0,,,,100.0,100.0,,25.0,,25.0
deepseek-qwen,Long_Term_Orientation,1136,1,1,,,50.0,,,,50.0,50.0,,50.0,,75.0
deepseek-qwen,Long_Term_Orientation,1136,1,2,,,50.0,,,,50.0,50.0,,50.0,,75.0
deepseek-qwen,Long_Term_Orientation,1136,1,3,,,50.0,,,,50.0,50.0,,50.0,,75.0
deepseek-qwen,Long_Term_Orientation,1137,1,1,,,100.0,,,,75.0,50.0,,50.0,,50.0
deepseek-qwen,Long_Term_Orientation,1137,1,2,,,100.0,,,,75.0,50.0,,50.0,,50.0
deepseek-qwen,Long_Term_Orientation,1137,1,3,,,100.0,,,,75.0,50.0,,50.0,,50.0
deepseek-qwen,Long_Term_Orientation,1139,1,1,,,25.0,,,,0.0,25.0,,0.0,,0.0
deepseek-qwen,Long_Term_Orientation,1139,1,2,,,25.0,,,,0.0,25.0,,0.0,,0.0
deepseek-qwen,Long_Term_Orientation,1139,1,3,,,25.0,,,,0.0,25.0,,0.0,,0.0
deepseek-qwen,Long_Term_Orientation,1141,1,1,,,50.0,,,,50.0,0.0,,0.0,,50.0
deepseek-qwen,Long_Term_Orientation,1141,1,2,,,50.0,,,,50.0,0.0,,0.0,,50.0
deepseek-qwen,Long_Term_Orientation,1141,1,3,,,50.0,,,,50.0,0.0,,0.0,,50.0
deepseek-qwen,Long_Term_Orientation,1143,1,1,,,25.0,,,,25.0,0.0,,25.0,,0.0
deepseek-qwen,Long_Term_Orientation,1143,1,2,,,25.0,,,,25.0,0.0,,25.0,,0.0
deepseek-qwen,Long_Term_Orientation,1143,1,3,,,25.0,,,,25.0,0.0,,25.0,,0.0
deepseek-qwen,Long_Term_Orientation,1146,1,1,,,25.0,,,,50.0,25.0,,25.0,,25.0
deepseek-qwen,Long_Term_Orientation,1146,1,2,,,25.0,,,,50.0,25.0,,25.0,,25.0
deepseek-qwen,Long_Term_Orientation,1146,1,3,,,25.0,,,,50.0,25.0,,25.0,,25.0
deepseek-qwen,Long_Term_Orientation,1148,1,1,,,0.0,,,,25.0,25.0,,0.0,,0.0
deepseek-qwen,Long_Term_Orientation,1148,1,2,,,0.0,,,,25.0,25.0,,0.0,,0.0
deepseek-qwen,Long_Term_Orientation,1148,1,3,,,0.0,,,,25.0,25.0,,0.0,,0.0
deepseek-qwen,Long_Term_Orientation,1151,1,1,,,75.0,,,,25.0,25.0,,25.0,,25.0
deepseek-qwen,Long_Term_Orientation,1151,1,2,,,75.0,,,,25.0,25.0,,25.0,,25.0
deepseek-qwen,Long_Term_Orientation,1151,1,3,,,75.0,,,,25.0,25.0,,25.0,,25.0
deepseek-qwen,Long_Term_Orientation,1152,1,1,,,0.0,,,,0.0,0.0,,0.0,,25.0
deepseek-qwen,Long_Term_Orientation,1152,1,2,,,0.0,,,,0.0,0.0,,0.0,,25.0
deepseek-qwen,Long_Term_Orientation,1152,1,3,,,0.0,,,,0.0,0.0,,0.0,,25.0
deepseek-qwen,Long_Term_Orientation,1153,1,1,,,0.0,,,,0.0,,,0.0,,50.0
deepseek-qwen,Long_Term_Orientation,1153,1,2,,,0.0,,,,0.0,,,0.0,,50.0
deepseek-qwen,Long_Term_Orientation,1153,1,3,,,0.0,,,,0.0,,,0.0,,50.0
deepseek-qwen,Long_Term_Orientation,1154,1,1,,,50.0,,,,100.0,50.0,,50.0,,50.0
deepseek-qwen,Long_Term_Orientation,1154,1,2,,,50.0,,,,100.0,50.0,,50.0,,50.0
deepseek-qwen,Long_Term_Orientation,1154,1,3,,,50.0,,,,100.0,50.0,,50.0,,50.0
deepseek-qwen,Long_Term_Orientation,1155,1,1,,,75.0,,,,0.0,75.0,,0.0,,50.0
deepseek-qwen,Long_Term_Orientation,1155,1,2,,,75.0,,,,0.0,75.0,,0.0,,50.0
deepseek-qwen,Long_Term_Orientation,1155,1,3,,,75.0,,,,0.0,75.0,,0.0,,50.0
deepseek-qwen,Long_Term_Orientation,1156,1,1,,,25.0,,,,25.0,25.0,,25.0,,0.0
deepseek-qwen,Long_Term_Orientation,1156,1,2,,,25.0,,,,25.0,25.0,,25.0,,0.0
deepseek-qwen,Long_Term_Orientation,1156,1,3,,,25.0,,,,25.0,25.0,,25.0,,0.0
deepseek-qwen,Long_Term_Orientation,1158,1,1,,,25.0,,,,25.0,25.0,,25.0,,25.0
deepseek-qwen,Long_Term_Orientation,1158,1,2,,,25.0,,,,25.0,25.0,,25.0,,25.0
deepseek-qwen,Long_Term_Orientation,1158,1,3,,,25.0,,,,25.0,25.0,,25.0,,25.0
deepseek-qwen,Long_Term_Orientation,1159,1,1,,,0.0,,,,0.0,0.0,,0.0,,0.0
deepseek-qwen,Long_Term_Orientation,1159,1,2,,,0.0,,,,0.0,0.0,,0.0,,0.0
deepseek-qwen,Long_Term_Orientation,1159,1,3,,,0.0,,,,0.0,0.0,,0.0,,0.0
deepseek-qwen,Long_Term_Orientation,1160,1,1,,,50.0,,,,0.0,0.0,,50.0,,50.0
deepseek-qwen,Long_Term_Orientation,1160,1,2,,,50.0,,,,0.0,0.0,,50.0,,50.0
deepseek-qwen,Long_Term_Orientation,1160,1,3,,,50.0,,,,0.0,0.0,,50.0,,50.0
deepseek-qwen,Long_Term_Orientation,1164,1,1,,,75.0,,,,75.0,0.0,,0.0,,0.0
deepseek-qwen,Long_Term_Orientation,1164,1,2,,,75.0,,,,75.0,0.0,,0.0,,0.0
deepseek-qwen,Long_Term_Orientation,1164,1,3,,,75.0,,,,75.0,0.0,,0.0,,0.0
deepseek-qwen,Long_Term_Orientation,1166,1,1,,,0.0,,,,0.0,25.0,,0.0,,0.0
deepseek-qwen,Long_Term_Orientation,1166,1,2,,,0.0,,,,0.0,25.0,,0.0,,0.0
deepseek-qwen,Long_Term_Orientation,1166,1,3,,,0.0,,,,0.0,25.0,,0.0,,0.0
deepseek-qwen,Long_Term_Orientation,1168,1,1,,,25.0,,,,50.0,50.0,,50.0,,50.0
deepseek-qwen,Long_Term_Orientation,1168,1,2,,,25.0,,,,50.0,50.0,,50.0,,50.0
deepseek-qwen,Long_Term_Orientation,1168,1,3,,,25.0,,,,50.0,50.0,,50.0,,50.0
deepseek-qwen,Long_Term_Orientation,1172,1,1,,,25.0,,,,25.0,0.0,,25.0,,25.0
deepseek-qwen,Long_Term_Orientation,1172,1,2,,,25.0,,,,25.0,0.0,,25.0,,25.0
deepseek-qwen,Long_Term_Orientation,1172,1,3,,,25.0,,,,25.0,0.0,,25.0,,25.0
deepseek-qwen,Long_Term_Orientation,1173,1,1,,,50.0,,,,50.0,0.0,,50.0,,50.0
deepseek-qwen,Long_Term_Orientation,1173,1,2,,,50.0,,,,50.0,0.0,,50.0,,50.0
deepseek-qwen,Long_Term_Orientation,1173,1,3,,,50.0,,,,50.0,0.0,,50.0,,50.0
deepseek-qwen,Long_Term_Orientation,1179,1,1,,,75.0,,,,0.0,0.0,,50.0,,50.0
deepseek-qwen,Long_Term_Orientation,1179,1,2,,,75.0,,,,0.0,0.0,,50.0,,50.0
deepseek-qwen,Long_Term_Orientation,1179,1,3,,,75.0,,,,0.0,0.0,,50.0,,50.0
deepseek-qwen,Long_Term_Orientation,1180,1,1,,,,,,,50.0,25.0,,50.0,,50.0
deepseek-qwen,Long_Term_Orientation,1180,1,2,,,,,,,50.0,25.0,,50.0,,50.0
deepseek-qwen,Long_Term_Orientation,1180,1,3,,,,,,,50.0,25.0,,50.0,,50.0
deepseek-qwen,Long_Term_Orientation,1181,1,1,,,75.0,,,,100.0,25.0,,75.0,,50.0
deepseek-qwen,Long_Term_Orientation,1181,1,2,,,75.0,,,,100.0,25.0,,75.0,,50.0
deepseek-qwen,Long_Term_Orientation,1181,1,3,,,75.0,,,,100.0,25.0,,75.0,,50.0
deepseek-qwen,Long_Term_Orientation,1187,1,1,,,100.0,,,,100.0,0.0,,0.0,,0.0
deepseek-qwen,Long_Term_Orientation,1187,1,2,,,100.0,,,,100.0,0.0,,0.0,,0.0
deepseek-qwen,Long_Term_Orientation,1187,1,3,,,100.0,,,,100.0,0.0,,0.0,,0.0
deepseek-qwen,Long_Term_Orientation,1189,1,1,,,50.0,,,,50.0,0.0,,50.0,,50.0
deepseek-qwen,Long_Term_Orientation,1189,1,2,,,50.0,,,,50.0,0.0,,50.0,,50.0
deepseek-qwen,Long_Term_Orientation,1189,1,3,,,50.0,,,,50.0,0.0,,50.0,,50.0
deepseek-qwen,Long_Term_Orientation,1194,1,1,,,25.0,,,,100.0,50.0,,50.0,,50.0
deepseek-qwen,Long_Term_Orientation,1194,1,2,,,25.0,,,,100.0,50.0,,50.0,,50.0
deepseek-qwen,Long_Term_Orientation,1194,1,3,,,25.0,,,,100.0,50.0,,50.0,,50.0
deepseek-qwen,Long_Term_Orientation,1218,1,1,,,50.0,,,,75.0,100.0,,0.0,,100.0
deepseek-qwen,Long_Term_Orientation,1218,1,2,,,50.0,,,,75.0,100.0,,0.0,,100.0
deepseek-qwen,Long_Term_Orientation,1218,1,3,,,50.0,,,,75.0,100.0,,0.0,,100.0
deepseek-qwen,Long_Term_Orientation,1239,1,1,,,75.0,,,,50.0,50.0,,50.0,,50.0
deepseek-qwen,Long_Term_Orientation,1239,1,2,,,75.0,,,,50.0,50.0,,50.0,,50.0
deepseek-qwen,Long_Term_Orientation,1239,1,3,,,75.0,,,,50.0,50.0,,50.0,,50.0
deepseek-qwen,Long_Term_Orientation,1240,1,1,,,50.0,,,,0.0,100.0,,50.0,,50.0
deepseek-qwen,Long_Term_Orientation,1240,1,2,,,50.0,,,,0.0,100.0,,50.0,,50.0
deepseek-qwen,Long_Term_Orientation,1240,1,3,,,50.0,,,,0.0,100.0,,50.0,,50.0
deepseek-qwen,Long_Term_Orientation,975,1,1,,,,,,,0.0,50.0,,0.0,,0.0
deepseek-qwen,Long_Term_Orientation,975,1,2,,,,,,,0.0,50.0,,0.0,,0.0
deepseek-qwen,Long_Term_Orientation,975,1,3,,,,,,,0.0,50.0,,0.0,,0.0
deepseek-qwen,Long_Term_Orientation,976,1,1,,,0.0,,,,0.0,0.0,,0.0,,25.0
deepseek-qwen,Long_Term_Orientation,976,1,2,,,0.0,,,,0.0,0.0,,0.0,,25.0
deepseek-qwen,Long_Term_Orientation,976,1,3,,,0.0,,,,0.0,0.0,,0.0,,25.0
deepseek-qwen,Long_Term_Orientation,977,1,1,,,75.0,,,,0.0,75.0,,0.0,,75.0
deepseek-qwen,Long_Term_Orientation,977,1,2,,,75.0,,,,0.0,75.0,,0.0,,75.0
deepseek-qwen,Long_Term_Orientation,977,1,3,,,75.0,,,,0.0,75.0,,0.0,,75.0
deepseek-qwen,Long_Term_Orientation,978,1,1,,,25.0,,,,0.0,25.0,,0.0,,0.0
deepseek-qwen,Long_Term_Orientation,978,1,2,,,25.0,,,,0.0,25.0,,0.0,,0.0
deepseek-qwen,Long_Term_Orientation,978,1,3,,,25.0,,,,0.0,25.0,,0.0,,0.0
deepseek-qwen,Long_Term_Orientation,979,1,1,,,0.0,,,,0.0,0.0,,0.0,,25.0
deepseek-qwen,Long_Term_Orientation,979,1,2,,,0.0,,,,0.0,0.0,,0.0,,25.0
deepseek-qwen,Long_Term_Orientation,979,1,3,,,0.0,,,,0.0,0.0,,0.0,,25.0
deepseek-qwen,Long_Term_Orientation,980,1,1,,,25.0,,,,50.0,25.0,,50.0,,50.0
deepseek-qwen,Long_Term_Orientation,980,1,2,,,25.0,,,,50.0,25.0,,50.0,,50.0
deepseek-qwen,Long_Term_Orientation,980,1,3,,,25.0,,,,50.0,25.0,,50.0,,50.0
deepseek-qwen,Long_Term_Orientation,981,1,1,,,25.0,,,,0.0,25.0,,0.0,,0.0
deepseek-qwen,Long_Term_Orientation,981,1,2,,,25.0,,,,0.0,25.0,,0.0,,0.0
deepseek-qwen,Long_Term_Orientation,981,1,3,,,25.0,,,,0.0,25.0,,0.0,,0.0
deepseek-qwen,Long_Term_Orientation,982,1,1,,,50.0,,,,50.0,50.0,,50.0,,50.0
deepseek-qwen,Long_Term_Orientation,982,1,2,,,50.0,,,,50.0,50.0,,50.0,,50.0
deepseek-qwen,Long_Term_Orientation,982,1,3,,,50.0,,,,50.0,50.0,,50.0,,50.0
deepseek-qwen,Long_Term_Orientation,983,1,1,,,50.0,,,,0.0,50.0,,50.0,,50.0
deepseek-qwen,Long_Term_Orientation,983,1,2,,,50.0,,,,0.0,50.0,,50.0,,50.0
deepseek-qwen,Long_Term_Orientation,983,1,3,,,50.0,,,,0.0,50.0,,50.0,,50.0
deepseek-qwen,Long_Term_Orientation,984,1,1,,,50.0,,,,25.0,25.0,,25.0,,25.0
deepseek-qwen,Long_Term_Orientation,984,1,2,,,50.0,,,,25.0,25.0,,25.0,,25.0
deepseek-qwen,Long_Term_Orientation,984,1,3,,,50.0,,,,25.0,25.0,,25.0,,25.0
deepseek-qwen,Long_Term_Orientation,985,1,1,,,25.0,,,,25.0,25.0,,25.0,,25.0
deepseek-qwen,Long_Term_Orientation,985,1,2,,,25.0,,,,25.0,25.0,,25.0,,25.0
deepseek-qwen,Long_Term_Orientation,985,1,3,,,25.0,,,,25.0,25.0,,25.0,,25.0
deepseek-qwen,Long_Term_Orientation,987,1,1,,,0.0,,,,100.0,,,0.0,,0.0
deepseek-qwen,Long_Term_Orientation,987,1,2,,,0.0,,,,100.0,,,0.0,,0.0
deepseek-qwen,Long_Term_Orientation,987,1,3,,,0.0,,,,100.0,,,0.0,,0.0
deepseek-qwen,Long_Term_Orientation,989,1,1,,,50.0,,,,50.0,0.0,,0.0,,50.0
deepseek-qwen,Long_Term_Orientation,989,1,2,,,50.0,,,,50.0,0.0,,0.0,,50.0
deepseek-qwen,Long_Term_Orientation,989,1,3,,,50.0,,,,50.0,0.0,,0.0,,50.0
deepseek-qwen,Long_Term_Orientation,990,1,1,,,50.0,,,,50.0,50.0,,25.0,,50.0
deepseek-qwen,Long_Term_Orientation,990,1,2,,,50.0,,,,50.0,50.0,,25.0,,50.0
deepseek-qwen,Long_Term_Orientation,990,1,3,,,50.0,,,,50.0,50.0,,25.0,,50.0
deepseek-qwen,Long_Term_Orientation,991,1,1,,,25.0,,,,50.0,50.0,,50.0,,50.0
deepseek-qwen,Long_Term_Orientation,991,1,2,,,25.0,,,,50.0,50.0,,50.0,,50.0
deepseek-qwen,Long_Term_Orientation,991,1,3,,,25.0,,,,50.0,50.0,,50.0,,50.0
deepseek-qwen,Long_Term_Orientation,992,1,1,,,0.0,,,,50.0,50.0,,50.0,,50.0
deepseek-qwen,Long_Term_Orientation,992,1,2,,,0.0,,,,50.0,50.0,,50.0,,50.0
deepseek-qwen,Long_Term_Orientation,992,1,3,,,0.0,,,,50.0,50.0,,50.0,,50.0
deepseek-qwen,Long_Term_Orientation,994,1,1,,,25.0,,,,25.0,25.0,,25.0,,25.0
deepseek-qwen,Long_Term_Orientation,994,1,2,,,25.0,,,,25.0,25.0,,25.0,,25.0
deepseek-qwen,Long_Term_Orientation,994,1,3,,,25.0,,,,25.0,25.0,,25.0,,25.0
deepseek-qwen,Long_Term_Orientation,995,1,1,,,50.0,,,,25.0,,,25.0,,25.0
deepseek-qwen,Long_Term_Orientation,995,1,2,,,50.0,,,,25.0,,,25.0,,25.0
deepseek-qwen,Long_Term_Orientation,995,1,3,,,50.0,,,,25.0,,,25.0,,25.0
deepseek-qwen,Long_Term_Orientation,996,1,1,,,50.0,,,,0.0,0.0,,50.0,,0.0
deepseek-qwen,Long_Term_Orientation,996,1,2,,,50.0,,,,0.0,0.0,,50.0,,0.0
deepseek-qwen,Long_Term_Orientation,996,1,3,,,50.0,,,,0.0,0.0,,50.0,,0.0
deepseek-qwen,Long_Term_Orientation,997,1,1,,,50.0,,,,25.0,25.0,,25.0,,25.0
deepseek-qwen,Long_Term_Orientation,997,1,2,,,50.0,,,,25.0,25.0,,25.0,,25.0
deepseek-qwen,Long_Term_Orientation,997,1,3,,,50.0,,,,25.0,25.0,,25.0,,25.0
deepseek-qwen,Long_Term_Orientation,998,1,1,,,50.0,,,,0.0,0.0,,50.0,,25.0
deepseek-qwen,Long_Term_Orientation,998,1,2,,,50.0,,,,0.0,0.0,,50.0,,25.0
deepseek-qwen,Long_Term_Orientation,998,1,3,,,50.0,,,,0.0,0.0,,50.0,,25.0
deepseek-qwen,Masculinity,1459,1,1,,,75.0,,,,75.0,50.0,,75.0,,75.0
deepseek-qwen,Masculinity,1459,1,2,,,75.0,,,,75.0,50.0,,75.0,,75.0
deepseek-qwen,Masculinity,1459,1,3,,,75.0,,,,75.0,50.0,,75.0,,75.0
deepseek-qwen,Masculinity,1461,1,1,,,0.0,,,,100.0,100.0,,100.0,,50.0
deepseek-qwen,Masculinity,1461,1,2,,,0.0,,,,100.0,100.0,,100.0,,50.0
deepseek-qwen,Masculinity,1461,1,3,,,0.0,,,,100.0,100.0,,100.0,,50.0
deepseek-qwen,Masculinity,1463,1,1,,,25.0,,,,50.0,100.0,,50.0,,50.0
deepseek-qwen,Masculinity,1463,1,2,,,25.0,,,,50.0,100.0,,50.0,,50.0
deepseek-qwen,Masculinity,1463,1,3,,,25.0,,,,50.0,100.0,,50.0,,50.0
deepseek-qwen,Masculinity,1464,1,1,,,75.0,,,,50.0,100.0,,100.0,,100.0
deepseek-qwen,Masculinity,1464,1,2,,,75.0,,,,50.0,100.0,,100.0,,100.0
deepseek-qwen,Masculinity,1464,1,3,,,75.0,,,,50.0,100.0,,100.0,,100.0
deepseek-qwen,Masculinity,1465,1,1,,,75.0,,,,50.0,50.0,,50.0,,50.0
deepseek-qwen,Masculinity,1465,1,2,,,75.0,,,,50.0,50.0,,50.0,,50.0
deepseek-qwen,Masculinity,1465,1,3,,,75.0,,,,50.0,50.0,,50.0,,50.0
deepseek-qwen,Masculinity,1466,1,1,,,100.0,,,,50.0,100.0,,100.0,,25.0
deepseek-qwen,Masculinity,1466,1,2,,,100.0,,,,50.0,100.0,,100.0,,25.0
deepseek-qwen,Masculinity,1466,1,3,,,100.0,,,,50.0,100.0,,100.0,,25.0
deepseek-qwen,Masculinity,1467,1,1,,,100.0,,,,75.0,75.0,,50.0,,25.0
deepseek-qwen,Masculinity,1467,1,2,,,100.0,,,,75.0,75.0,,50.0,,25.0
deepseek-qwen,Masculinity,1467,1,3,,,100.0,,,,75.0,75.0,,50.0,,25.0
deepseek-qwen,Masculinity,1468,1,1,,,50.0,,,,75.0,50.0,,50.0,,50.0
deepseek-qwen,Masculinity,1468,1,2,,,50.0,,,,75.0,50.0,,50.0,,50.0
deepseek-qwen,Masculinity,1468,1,3,,,50.0,,,,75.0,50.0,,50.0,,50.0
deepseek-qwen,Masculinity,1470,1,1,,,75.0,,,,75.0,25.0,,50.0,,25.0
deepseek-qwen,Masculinity,1470,1,2,,,75.0,,,,75.0,25.0,,50.0,,25.0
deepseek-qwen,Masculinity,1470,1,3,,,75.0,,,,75.0,25.0,,50.0,,25.0
deepseek-qwen,Masculinity,1471,1,1,,,0.0,,,,0.0,0.0,,0.0,,0.0
deepseek-qwen,Masculinity,1471,1,2,,,0.0,,,,0.0,0.0,,0.0,,0.0
deepseek-qwen,Masculinity,1471,1,3,,,0.0,,,,0.0,0.0,,0.0,,0.0
deepseek-qwen,Masculinity,1472,1,1,,,50.0,,,,50.0,25.0,,25.0,,25.0
deepseek-qwen,Masculinity,1472,1,2,,,50.0,,,,50.0,25.0,,25.0,,25.0
deepseek-qwen,Masculinity,1472,1,3,,,50.0,,,,50.0,25.0,,25.0,,25.0
deepseek-qwen,Masculinity,1473,1,1,,,50.0,,,,50.0,50.0,,75.0,,50.0
deepseek-qwen,Masculinity,1473,1,2,,,50.0,,,,50.0,50.0,,75.0,,50.0
deepseek-qwen,Masculinity,1473,1,3,,,50.0,,,,50.0,50.0,,75.0,,50.0
deepseek-qwen,Masculinity,1474,1,1,,,50.0,,,,100.0,50.0,,100.0,,50.0
deepseek-qwen,Masculinity,1474,1,2,,,50.0,,,,100.0,50.0,,100.0,,50.0
deepseek-qwen,Masculinity,1474,1,3,,,50.0,,,,100.0,50.0,,100.0,,50.0
deepseek-qwen,Masculinity,1475,1,1,,,25.0,,,,75.0,75.0,,25.0,,75.0
deepseek-qwen,Masculinity,1475,1,2,,,25.0,,,,75.0,75.0,,25.0,,75.0
deepseek-qwen,Masculinity,1475,1,3,,,25.0,,,,75.0,75.0,,25.0,,75.0
deepseek-qwen,Masculinity,1476,1,1,,,25.0,,,,25.0,100.0,,50.0,,100.0
deepseek-qwen,Masculinity,1476,1,2,,,25.0,,,,25.0,100.0,,50.0,,100.0
deepseek-qwen,Masculinity,1476,1,3,,,25.0,,,,25.0,100.0,,50.0,,100.0
deepseek-qwen,Masculinity,1477,1,1,,,0.0,,,,25.0,25.0,,25.0,,25.0
deepseek-qwen,Masculinity,1477,1,2,,,0.0,,,,25.0,25.0,,25.0,,25.0
deepseek-qwen,Masculinity,1477,1,3,,,0.0,,,,25.0,25.0,,25.0,,25.0
deepseek-qwen,Masculinity,1478,1,1,,,75.0,,,,25.0,75.0,,25.0,,25.0
deepseek-qwen,Masculinity,1478,1,2,,,75.0,,,,25.0,75.0,,25.0,,25.0
deepseek-qwen,Masculinity,1478,1,3,,,75.0,,,,25.0,75.0,,25.0,,25.0
deepseek-qwen,Masculinity,1480,1,1,,,50.0,,,,75.0,50.0,,50.0,,50.0
deepseek-qwen,Masculinity,1480,1,2,,,50.0,,,,75.0,50.0,,50.0,,50.0
deepseek-qwen,Masculinity,1480,1,3,,,50.0,,,,75.0,50.0,,50.0,,50.0
deepseek-qwen,Masculinity,1481,1,1,,,75.0,,,,50.0,100.0,,50.0,,50.0
deepseek-qwen,Masculinity,1481,1,2,,,75.0,,,,50.0,100.0,,50.0,,50.0
deepseek-qwen,Masculinity,1481,1,3,,,75.0,,,,50.0,100.0,,50.0,,50.0
deepseek-qwen,Masculinity,1482,1,1,,,25.0,,,,50.0,75.0,,50.0,,50.0
deepseek-qwen,Masculinity,1482,1,2,,,25.0,,,,50.0,75.0,,50.0,,50.0
deepseek-qwen,Masculinity,1482,1,3,,,25.0,,,,50.0,75.0,,50.0,,50.0
deepseek-qwen,Masculinity,1486,1,1,,,75.0,,,,100.0,50.0,,75.0,,100.0
deepseek-qwen,Masculinity,1486,1,2,,,75.0,,,,100.0,50.0,,75.0,,100.0
deepseek-qwen,Masculinity,1486,1,3,,,75.0,,,,100.0,50.0,,75.0,,100.0
deepseek-qwen,Masculinity,1487,1,1,,,75.0,,,,75.0,75.0,,50.0,,25.0
deepseek-qwen,Masculinity,1487,1,2,,,75.0,,,,75.0,75.0,,50.0,,25.0
deepseek-qwen,Masculinity,1487,1,3,,,75.0,,,,75.0,75.0,,50.0,,25.0
deepseek-qwen,Masculinity,1490,1,1,,,50.0,,,,100.0,75.0,,75.0,,100.0
deepseek-qwen,Masculinity,1490,1,2,,,50.0,,,,100.0,75.0,,75.0,,100.0
deepseek-qwen,Masculinity,1490,1,3,,,50.0,,,,100.0,75.0,,75.0,,100.0
deepseek-qwen,Masculinity,1492,1,1,,,75.0,,,,50.0,25.0,,25.0,,75.0
deepseek-qwen,Masculinity,1492,1,2,,,75.0,,,,50.0,25.0,,25.0,,75.0
deepseek-qwen,Masculinity,1492,1,3,,,75.0,,,,50.0,25.0,,25.0,,75.0
deepseek-qwen,Masculinity,1493,1,1,,,100.0,,,,50.0,100.0,,25.0,,50.0
deepseek-qwen,Masculinity,1493,1,2,,,100.0,,,,50.0,100.0,,25.0,,50.0
deepseek-qwen,Masculinity,1493,1,3,,,100.0,,,,50.0,100.0,,25.0,,50.0
deepseek-qwen,Masculinity,1495,1,1,,,25.0,,,,100.0,50.0,,50.0,,25.0
deepseek-qwen,Masculinity,1495,1,2,,,25.0,,,,100.0,50.0,,50.0,,25.0
deepseek-qwen,Masculinity,1495,1,3,,,25.0,,,,100.0,50.0,,50.0,,25.0
deepseek-qwen,Masculinity,1497,1,1,,,0.0,,,,50.0,75.0,,50.0,,50.0
deepseek-qwen,Masculinity,1497,1,2,,,0.0,,,,50.0,75.0,,50.0,,50.0
deepseek-qwen,Masculinity,1497,1,3,,,0.0,,,,50.0,75.0,,50.0,,50.0
deepseek-qwen,Masculinity,1498,1,1,,,0.0,,,,100.0,100.0,,100.0,,100.0
deepseek-qwen,Masculinity,1498,1,2,,,0.0,,,,100.0,100.0,,100.0,,100.0
deepseek-qwen,Masculinity,1498,1,3,,,0.0,,,,100.0,100.0,,100.0,,100.0
deepseek-qwen,Masculinity,1499,1,1,,,50.0,,,,50.0,75.0,,50.0,,
deepseek-qwen,Masculinity,1499,1,2,,,50.0,,,,50.0,75.0,,50.0,,
deepseek-qwen,Masculinity,1499,1,3,,,50.0,,,,50.0,75.0,,50.0,,
deepseek-qwen,Masculinity,1500,1,1,,,50.0,,,,,50.0,,50.0,,50.0
deepseek-qwen,Masculinity,1500,1,2,,,50.0,,,,,50.0,,50.0,,50.0
deepseek-qwen,Masculinity,1500,1,3,,,50.0,,,,,50.0,,50.0,,50.0
deepseek-qwen,Masculinity,1501,1,1,,,,,,,25.0,75.0,,50.0,,25.0
deepseek-qwen,Masculinity,1501,1,2,,,,,,,25.0,75.0,,50.0,,25.0
deepseek-qwen,Masculinity,1501,1,3,,,,,,,25.0,75.0,,50.0,,25.0
deepseek-qwen,Masculinity,1502,1,1,,,75.0,,,,50.0,50.0,,50.0,,50.0
deepseek-qwen,Masculinity,1502,1,2,,,75.0,,,,50.0,50.0,,50.0,,50.0
deepseek-qwen,Masculinity,1502,1,3,,,75.0,,,,50.0,50.0,,50.0,,50.0
deepseek-qwen,Masculinity,1504,1,1,,,75.0,,,,75.0,75.0,,100.0,,25.0
deepseek-qwen,Masculinity,1504,1,2,,,75.0,,,,75.0,75.0,,100.0,,25.0
deepseek-qwen,Masculinity,1504,1,3,,,75.0,,,,75.0,75.0,,100.0,,25.0
deepseek-qwen,Masculinity,1505,1,1,,,,,,,50.0,50.0,,50.0,,0.0
deepseek-qwen,Masculinity,1505,1,2,,,,,,,50.0,50.0,,50.0,,0.0
deepseek-qwen,Masculinity,1505,1,3,,,,,,,50.0,50.0,,50.0,,0.0
deepseek-qwen,Masculinity,1506,1,1,,,75.0,,,,50.0,75.0,,50.0,,75.0
deepseek-qwen,Masculinity,1506,1,2,,,75.0,,,,50.0,75.0,,50.0,,75.0
deepseek-qwen,Masculinity,1506,1,3,,,75.0,,,,50.0,75.0,,50.0,,75.0
deepseek-qwen,Masculinity,1508,1,1,,,75.0,,,,50.0,50.0,,75.0,,50.0
deepseek-qwen,Masculinity,1508,1,2,,,75.0,,,,50.0,50.0,,75.0,,50.0
deepseek-qwen,Masculinity,1508,1,3,,,75.0,,,,50.0,50.0,,75.0,,50.0
deepseek-qwen,Masculinity,1509,1,1,,,25.0,,,,25.0,50.0,,50.0,,50.0
deepseek-qwen,Masculinity,1509,1,2,,,25.0,,,,25.0,50.0,,50.0,,50.0
deepseek-qwen,Masculinity,1509,1,3,,,25.0,,,,25.0,50.0,,50.0,,50.0
deepseek-qwen,Masculinity,1511,1,1,,,75.0,,,,100.0,75.0,,75.0,,50.0
deepseek-qwen,Masculinity,1511,1,2,,,75.0,,,,100.0,75.0,,75.0,,50.0
deepseek-qwen,Masculinity,1511,1,3,,,75.0,,,,100.0,75.0,,75.0,,50.0
deepseek-qwen,Masculinity,1512,1,1,,,75.0,,,,25.0,100.0,,100.0,,100.0
deepseek-qwen,Masculinity,1512,1,2,,,75.0,,,,25.0,100.0,,100.0,,100.0
deepseek-qwen,Masculinity,1512,1,3,,,75.0,,,,25.0,100.0,,100.0,,100.0
deepseek-qwen,Masculinity,1515,1,1,,,100.0,,,,50.0,100.0,,50.0,,75.0
deepseek-qwen,Masculinity,1515,1,2,,,100.0,,,,50.0,100.0,,50.0,,75.0
deepseek-qwen,Masculinity,1515,1,3,,,100.0,,,,50.0,100.0,,50.0,,75.0
deepseek-qwen,Masculinity,1519,1,1,,,75.0,,,,50.0,75.0,,50.0,,75.0
deepseek-qwen,Masculinity,1519,1,2,,,75.0,,,,50.0,75.0,,50.0,,75.0
deepseek-qwen,Masculinity,1519,1,3,,,75.0,,,,50.0,75.0,,50.0,,75.0
deepseek-qwen,Masculinity,1520,1,1,,,0.0,,,,50.0,50.0,,50.0,,50.0
deepseek-qwen,Masculinity,1520,1,2,,,0.0,,,,50.0,50.0,,50.0,,50.0
deepseek-qwen,Masculinity,1520,1,3,,,0.0,,,,50.0,50.0,,50.0,,50.0
deepseek-qwen,Masculinity,1522,1,1,,,100.0,,,,100.0,100.0,,50.0,,50.0
deepseek-qwen,Masculinity,1522,1,2,,,100.0,,,,100.0,100.0,,50.0,,50.0
deepseek-qwen,Masculinity,1522,1,3,,,100.0,,,,100.0,100.0,,50.0,,50.0
deepseek-qwen,Masculinity,1523,1,1,,,100.0,,,,100.0,100.0,,100.0,,75.0
deepseek-qwen,Masculinity,1523,1,2,,,100.0,,,,100.0,100.0,,100.0,,75.0
deepseek-qwen,Masculinity,1523,1,3,,,100.0,,,,100.0,100.0,,100.0,,75.0
deepseek-qwen,Masculinity,1524,1,1,,,75.0,,,,50.0,50.0,,50.0,,50.0
deepseek-qwen,Masculinity,1524,1,2,,,75.0,,,,50.0,50.0,,50.0,,50.0
deepseek-qwen,Masculinity,1524,1,3,,,75.0,,,,50.0,50.0,,50.0,,50.0
deepseek-qwen,Masculinity,1525,1,1,,,75.0,,,,50.0,0.0,,50.0,,50.0
deepseek-qwen,Masculinity,1525,1,2,,,75.0,,,,50.0,0.0,,50.0,,50.0
deepseek-qwen,Masculinity,1525,1,3,,,75.0,,,,50.0,0.0,,50.0,,50.0
deepseek-qwen,Masculinity,1526,1,1,,,25.0,,,,100.0,75.0,,50.0,,75.0
deepseek-qwen,Masculinity,1526,1,2,,,25.0,,,,100.0,75.0,,50.0,,75.0
deepseek-qwen,Masculinity,1526,1,3,,,25.0,,,,100.0,75.0,,50.0,,75.0
deepseek-qwen,Masculinity,1528,1,1,,,100.0,,,,50.0,75.0,,25.0,,75.0
deepseek-qwen,Masculinity,1528,1,2,,,100.0,,,,50.0,75.0,,25.0,,75.0
deepseek-qwen,Masculinity,1528,1,3,,,100.0,,,,50.0,75.0,,25.0,,75.0
deepseek-qwen,Masculinity,1529,1,1,,,75.0,,,,100.0,100.0,,25.0,,50.0
deepseek-qwen,Masculinity,1529,1,2,,,75.0,,,,100.0,100.0,,25.0,,50.0
deepseek-qwen,Masculinity,1529,1,3,,,75.0,,,,100.0,100.0,,25.0,,50.0
deepseek-qwen,Masculinity,1532,1,1,,,100.0,,,,100.0,50.0,,100.0,,75.0
deepseek-qwen,Masculinity,1532,1,2,,,100.0,,,,100.0,50.0,,100.0,,75.0
deepseek-qwen,Masculinity,1532,1,3,,,100.0,,,,100.0,50.0,,100.0,,75.0
deepseek-qwen,Masculinity,1533,1,1,,,0.0,,,,0.0,100.0,,75.0,,50.0
deepseek-qwen,Masculinity,1533,1,2,,,0.0,,,,0.0,100.0,,75.0,,50.0
deepseek-qwen,Masculinity,1533,1,3,,,0.0,,,,0.0,100.0,,75.0,,50.0
deepseek-qwen,Masculinity,1534,1,1,,,75.0,,,,100.0,100.0,,100.0,,75.0
deepseek-qwen,Masculinity,1534,1,2,,,75.0,,,,100.0,100.0,,100.0,,75.0
deepseek-qwen,Masculinity,1534,1,3,,,75.0,,,,100.0,100.0,,100.0,,75.0
deepseek-qwen,Masculinity,1538,1,1,,,75.0,,,,100.0,,,100.0,,75.0
deepseek-qwen,Masculinity,1538,1,2,,,75.0,,,,100.0,,,100.0,,75.0
deepseek-qwen,Masculinity,1538,1,3,,,75.0,,,,100.0,,,100.0,,75.0
deepseek-qwen,Masculinity,1539,1,1,,,25.0,,,,75.0,50.0,,50.0,,25.0
deepseek-qwen,Masculinity,1539,1,2,,,25.0,,,,75.0,50.0,,50.0,,25.0
deepseek-qwen,Masculinity,1539,1,3,,,25.0,,,,75.0,50.0,,50.0,,25.0
deepseek-qwen,Masculinity,1541,1,1,,,50.0,,,,75.0,75.0,,75.0,,75.0
deepseek-qwen,Masculinity,1541,1,2,,,50.0,,,,75.0,75.0,,75.0,,75.0
deepseek-qwen,Masculinity,1541,1,3,,,50.0,,,,75.0,75.0,,75.0,,75.0
deepseek-qwen,Masculinity,1542,1,1,,,100.0,,,,25.0,25.0,,25.0,,25.0
deepseek-qwen,Masculinity,1542,1,2,,,100.0,,,,25.0,25.0,,25.0,,25.0
deepseek-qwen,Masculinity,1542,1,3,,,100.0,,,,25.0,25.0,,25.0,,25.0
deepseek-qwen,Masculinity,1543,1,1,,,100.0,,,,100.0,50.0,,75.0,,100.0
deepseek-qwen,Masculinity,1543,1,2,,,100.0,,,,100.0,50.0,,75.0,,100.0
deepseek-qwen,Masculinity,1543,1,3,,,100.0,,,,100.0,50.0,,75.0,,100.0
deepseek-qwen,Masculinity,1544,1,1,,,75.0,,,,75.0,50.0,,50.0,,50.0
deepseek-qwen,Masculinity,1544,1,2,,,75.0,,,,75.0,50.0,,50.0,,50.0
deepseek-qwen,Masculinity,1544,1,3,,,75.0,,,,75.0,50.0,,50.0,,50.0
deepseek-qwen,Masculinity,1546,1,1,,,0.0,,,,75.0,75.0,,75.0,,75.0
deepseek-qwen,Masculinity,1546,1,2,,,0.0,,,,75.0,75.0,,75.0,,75.0
deepseek-qwen,Masculinity,1546,1,3,,,0.0,,,,75.0,75.0,,75.0,,75.0
deepseek-qwen,Masculinity,1548,1,1,,,50.0,,,,50.0,,,50.0,,50.0
deepseek-qwen,Masculinity,1548,1,2,,,50.0,,,,50.0,,,50.0,,50.0
deepseek-qwen,Masculinity,1548,1,3,,,50.0,,,,50.0,,,50.0,,50.0
deepseek-qwen,Masculinity,1549,1,1,,,75.0,,,,75.0,100.0,,50.0,,50.0
deepseek-qwen,Masculinity,1549,1,2,,,75.0,,,,75.0,100.0,,50.0,,50.0
deepseek-qwen,Masculinity,1549,1,3,,,75.0,,,,75.0,100.0,,50.0,,50.0
deepseek-qwen,Masculinity,1551,1,1,,,50.0,,,,50.0,50.0,,50.0,,50.0
deepseek-qwen,Masculinity,1551,1,2,,,50.0,,,,50.0,50.0,,50.0,,50.0
deepseek-qwen,Masculinity,1551,1,3,,,50.0,,,,50.0,50.0,,50.0,,50.0
deepseek-qwen,Masculinity,1552,1,1,,,50.0,,,,75.0,75.0,,75.0,,75.0
deepseek-qwen,Masculinity,1552,1,2,,,50.0,,,,75.0,75.0,,75.0,,75.0
deepseek-qwen,Masculinity,1552,1,3,,,50.0,,,,75.0,75.0,,75.0,,75.0
deepseek-qwen,Masculinity,1553,1,1,,,100.0,,,,,100.0,,75.0,,50.0
deepseek-qwen,Masculinity,1553,1,2,,,100.0,,,,,100.0,,75.0,,50.0
deepseek-qwen,Masculinity,1553,1,3,,,100.0,,,,,100.0,,75.0,,50.0
deepseek-qwen,Masculinity,1554,1,1,,,0.0,,,,75.0,50.0,,75.0,,75.0
deepseek-qwen,Masculinity,1554,1,2,,,0.0,,,,75.0,50.0,,75.0,,75.0
deepseek-qwen,Masculinity,1554,1,3,,,0.0,,,,75.0,50.0,,75.0,,75.0
deepseek-qwen,Masculinity,1555,1,1,,,25.0,,,,50.0,25.0,,25.0,,50.0
deepseek-qwen,Masculinity,1555,1,2,,,25.0,,,,50.0,25.0,,25.0,,50.0
deepseek-qwen,Masculinity,1555,1,3,,,25.0,,,,50.0,25.0,,25.0,,50.0
deepseek-qwen,Masculinity,1556,1,1,,,25.0,,,,25.0,25.0,,25.0,,25.0
deepseek-qwen,Masculinity,1556,1,2,,,25.0,,,,25.0,25.0,,25.0,,25.0
deepseek-qwen,Masculinity,1556,1,3,,,25.0,,,,25.0,25.0,,25.0,,25.0
deepseek-qwen,Masculinity,1557,1,1,,,100.0,,,,100.0,50.0,,50.0,,50.0
deepseek-qwen,Masculinity,1557,1,2,,,100.0,,,,100.0,50.0,,50.0,,50.0
deepseek-qwen,Masculinity,1557,1,3,,,100.0,,,,100.0,50.0,,50.0,,50.0
deepseek-qwen,Masculinity,1560,1,1,,,25.0,,,,75.0,,,75.0,,75.0
deepseek-qwen,Masculinity,1560,1,2,,,25.0,,,,75.0,,,75.0,,75.0
deepseek-qwen,Masculinity,1560,1,3,,,25.0,,,,75.0,,,75.0,,75.0
deepseek-qwen,Masculinity,1561,1,1,,,100.0,,,,50.0,100.0,,75.0,,50.0
deepseek-qwen,Masculinity,1561,1,2,,,100.0,,,,50.0,100.0,,75.0,,50.0
deepseek-qwen,Masculinity,1561,1,3,,,100.0,,,,50.0,100.0,,75.0,,50.0
deepseek-qwen,Masculinity,1562,1,1,,,100.0,,,,75.0,75.0,,100.0,,50.0
deepseek-qwen,Masculinity,1562,1,2,,,100.0,,,,75.0,75.0,,100.0,,50.0
deepseek-qwen,Masculinity,1562,1,3,,,100.0,,,,75.0,75.0,,100.0,,50.0
deepseek-qwen,Masculinity,1563,1,1,,,50.0,,,,50.0,50.0,,0.0,,50.0
deepseek-qwen,Masculinity,1563,1,2,,,50.0,,,,50.0,50.0,,0.0,,50.0
deepseek-qwen,Masculinity,1563,1,3,,,50.0,,,,50.0,50.0,,0.0,,50.0
deepseek-qwen,Masculinity,1564,1,1,,,50.0,,,,50.0,50.0,,50.0,,50.0
deepseek-qwen,Masculinity,1564,1,2,,,50.0,,,,50.0,50.0,,50.0,,50.0
deepseek-qwen,Masculinity,1564,1,3,,,50.0,,,,50.0,50.0,,50.0,,50.0
deepseek-qwen,Masculinity,1565,1,1,,,50.0,,,,100.0,100.0,,100.0,,75.0
deepseek-qwen,Masculinity,1565,1,2,,,50.0,,,,100.0,100.0,,100.0,,75.0
deepseek-qwen,Masculinity,1565,1,3,,,50.0,,,,100.0,100.0,,100.0,,75.0
deepseek-qwen,Masculinity,1566,1,1,,,0.0,,,,100.0,50.0,,50.0,,50.0
deepseek-qwen,Masculinity,1566,1,2,,,0.0,,,,100.0,50.0,,50.0,,50.0
deepseek-qwen,Masculinity,1566,1,3,,,0.0,,,,100.0,50.0,,50.0,,50.0
deepseek-qwen,Masculinity,1568,1,1,,,50.0,,,,75.0,100.0,,50.0,,75.0
deepseek-qwen,Masculinity,1568,1,2,,,50.0,,,,75.0,100.0,,50.0,,75.0
deepseek-qwen,Masculinity,1568,1,3,,,50.0,,,,75.0,100.0,,50.0,,75.0
deepseek-qwen,Masculinity,1569,1,1,,,100.0,,,,25.0,0.0,,0.0,,0.0
deepseek-qwen,Masculinity,1569,1,2,,,100.0,,,,25.0,0.0,,0.0,,0.0
deepseek-qwen,Masculinity,1569,1,3,,,100.0,,,,25.0,0.0,,0.0,,0.0
deepseek-qwen,Masculinity,1570,1,1,,,0.0,,,,100.0,100.0,,25.0,,25.0
deepseek-qwen,Masculinity,1570,1,2,,,0.0,,,,100.0,100.0,,25.0,,25.0
deepseek-qwen,Masculinity,1570,1,3,,,0.0,,,,100.0,100.0,,25.0,,25.0
deepseek-qwen,Masculinity,1571,1,1,,,25.0,,,,100.0,100.0,,75.0,,50.0
deepseek-qwen,Masculinity,1571,1,2,,,25.0,,,,100.0,100.0,,75.0,,50.0
deepseek-qwen,Masculinity,1571,1,3,,,25.0,,,,100.0,100.0,,75.0,,50.0
deepseek-qwen,Masculinity,1572,1,1,,,25.0,,,,100.0,50.0,,75.0,,0.0
deepseek-qwen,Masculinity,1572,1,2,,,25.0,,,,100.0,50.0,,75.0,,0.0
deepseek-qwen,Masculinity,1572,1,3,,,25.0,,,,100.0,50.0,,75.0,,0.0
deepseek-qwen,Masculinity,1573,1,1,,,75.0,,,,100.0,100.0,,100.0,,100.0
deepseek-qwen,Masculinity,1573,1,2,,,75.0,,,,100.0,100.0,,100.0,,100.0
deepseek-qwen,Masculinity,1573,1,3,,,75.0,,,,100.0,100.0,,100.0,,100.0
deepseek-qwen,Masculinity,1574,1,1,,,100.0,,,,75.0,75.0,,75.0,,75.0
deepseek-qwen,Masculinity,1574,1,2,,,100.0,,,,75.0,75.0,,75.0,,75.0
deepseek-qwen,Masculinity,1574,1,3,,,100.0,,,,75.0,75.0,,75.0,,75.0
deepseek-qwen,Masculinity,1575,1,1,,,0.0,,,,100.0,50.0,,25.0,,50.0
deepseek-qwen,Masculinity,1575,1,2,,,0.0,,,,100.0,50.0,,25.0,,50.0
deepseek-qwen,Masculinity,1575,1,3,,,0.0,,,,100.0,50.0,,25.0,,50.0
deepseek-qwen,Masculinity,1576,1,1,,,100.0,,,,75.0,75.0,,100.0,,75.0
deepseek-qwen,Masculinity,1576,1,2,,,100.0,,,,75.0,75.0,,100.0,,75.0
deepseek-qwen,Masculinity,1576,1,3,,,100.0,,,,75.0,75.0,,100.0,,75.0
deepseek-qwen,Masculinity,1577,1,1,,,0.0,,,,50.0,50.0,,50.0,,50.0
deepseek-qwen,Masculinity,1577,1,2,,,0.0,,,,50.0,50.0,,50.0,,50.0
deepseek-qwen,Masculinity,1577,1,3,,,0.0,,,,50.0,50.0,,50.0,,50.0
deepseek-qwen,Masculinity,1579,1,1,,,100.0,,,,100.0,100.0,,50.0,,100.0
deepseek-qwen,Masculinity,1579,1,2,,,100.0,,,,100.0,100.0,,50.0,,100.0
deepseek-qwen,Masculinity,1579,1,3,,,100.0,,,,100.0,100.0,,50.0,,100.0
deepseek-qwen,Masculinity,1580,1,1,,,25.0,,,,25.0,25.0,,25.0,,25.0
deepseek-qwen,Masculinity,1580,1,2,,,25.0,,,,25.0,25.0,,25.0,,25.0
deepseek-qwen,Masculinity,1580,1,3,,,25.0,,,,25.0,25.0,,25.0,,25.0
deepseek-qwen,Masculinity,1581,1,1,,,25.0,,,,50.0,100.0,,50.0,,50.0
deepseek-qwen,Masculinity,1581,1,2,,,25.0,,,,50.0,100.0,,50.0,,50.0
deepseek-qwen,Masculinity,1581,1,3,,,25.0,,,,50.0,100.0,,50.0,,50.0
deepseek-qwen,Masculinity,1582,1,1,,,50.0,,,,25.0,25.0,,50.0,,50.0
deepseek-qwen,Masculinity,1582,1,2,,,50.0,,,,25.0,25.0,,50.0,,50.0
deepseek-qwen,Masculinity,1582,1,3,,,50.0,,,,25.0,25.0,,50.0,,50.0
deepseek-qwen,Masculinity,1586,1,1,,,50.0,,,,50.0,75.0,,50.0,,50.0
deepseek-qwen,Masculinity,1586,1,2,,,50.0,,,,50.0,75.0,,50.0,,50.0
deepseek-qwen,Masculinity,1586,1,3,,,50.0,,,,50.0,75.0,,50.0,,50.0
deepseek-qwen,Masculinity,1587,1,1,,,50.0,,,,100.0,100.0,,50.0,,50.0
deepseek-qwen,Masculinity,1587,1,2,,,50.0,,,,100.0,100.0,,50.0,,50.0
deepseek-qwen,Masculinity,1587,1,3,,,50.0,,,,100.0,100.0,,50.0,,50.0
deepseek-qwen,Masculinity,1588,1,1,,,50.0,,,,100.0,75.0,,75.0,,75.0
deepseek-qwen,Masculinity,1588,1,2,,,50.0,,,,100.0,75.0,,75.0,,75.0
deepseek-qwen,Masculinity,1588,1,3,,,50.0,,,,100.0,75.0,,75.0,,75.0
deepseek-qwen,Masculinity,1589,1,1,,,50.0,,,,50.0,75.0,,100.0,,50.0
deepseek-qwen,Masculinity,1589,1,2,,,50.0,,,,50.0,75.0,,100.0,,50.0
deepseek-qwen,Masculinity,1589,1,3,,,50.0,,,,50.0,75.0,,100.0,,50.0
deepseek-qwen,Masculinity,1591,1,1,,,75.0,,,,25.0,75.0,,75.0,,25.0
deepseek-qwen,Masculinity,1591,1,2,,,75.0,,,,25.0,75.0,,75.0,,25.0
deepseek-qwen,Masculinity,1591,1,3,,,75.0,,,,25.0,75.0,,75.0,,25.0
deepseek-qwen,Masculinity,1592,1,1,,,25.0,,,,25.0,,,25.0,,50.0
deepseek-qwen,Masculinity,1592,1,2,,,25.0,,,,25.0,,,25.0,,50.0
deepseek-qwen,Masculinity,1592,1,3,,,25.0,,,,25.0,,,25.0,,50.0
deepseek-qwen,Masculinity,1593,1,1,,,75.0,,,,50.0,100.0,,75.0,,100.0
deepseek-qwen,Masculinity,1593,1,2,,,75.0,,,,50.0,100.0,,75.0,,100.0
deepseek-qwen,Masculinity,1593,1,3,,,75.0,,,,50.0,100.0,,75.0,,100.0
deepseek-qwen,Masculinity,1594,1,1,,,75.0,,,,50.0,100.0,,75.0,,50.0
deepseek-qwen,Masculinity,1594,1,2,,,75.0,,,,50.0,100.0,,75.0,,50.0
deepseek-qwen,Masculinity,1594,1,3,,,75.0,,,,50.0,100.0,,75.0,,50.0
deepseek-qwen,Masculinity,1595,1,1,,,25.0,,,,75.0,75.0,,50.0,,50.0
deepseek-qwen,Masculinity,1595,1,2,,,25.0,,,,75.0,75.0,,50.0,,50.0
deepseek-qwen,Masculinity,1595,1,3,,,25.0,,,,75.0,75.0,,50.0,,50.0
deepseek-qwen,Masculinity,1597,1,1,,,50.0,,,,50.0,50.0,,50.0,,50.0
deepseek-qwen,Masculinity,1597,1,2,,,50.0,,,,50.0,50.0,,50.0,,50.0
deepseek-qwen,Masculinity,1597,1,3,,,50.0,,,,50.0,50.0,,50.0,,50.0
deepseek-qwen,Masculinity,1598,1,1,,,,,,,100.0,100.0,,50.0,,50.0
deepseek-qwen,Masculinity,1598,1,2,,,,,,,100.0,100.0,,50.0,,50.0
deepseek-qwen,Masculinity,1598,1,3,,,,,,,100.0,100.0,,50.0,,50.0
deepseek-qwen,Masculinity,1600,1,1,,,75.0,,,,100.0,,,50.0,,50.0
deepseek-qwen,Masculinity,1600,1,2,,,75.0,,,,100.0,,,50.0,,50.0
deepseek-qwen,Masculinity,1600,1,3,,,75.0,,,,100.0,,,50.0,,50.0
deepseek-qwen,Masculinity,1601,1,1,,,75.0,,,,100.0,75.0,,100.0,,100.0
deepseek-qwen,Masculinity,1601,1,2,,,75.0,,,,100.0,75.0,,100.0,,100.0
deepseek-qwen,Masculinity,1601,1,3,,,75.0,,,,100.0,75.0,,100.0,,100.0
deepseek-qwen,Masculinity,1603,1,1,,,50.0,,,,75.0,25.0,,50.0,,75.0
deepseek-qwen,Masculinity,1603,1,2,,,50.0,,,,75.0,25.0,,50.0,,75.0
deepseek-qwen,Masculinity,1603,1,3,,,50.0,,,,75.0,25.0,,50.0,,75.0
deepseek-qwen,Masculinity,1606,1,1,,,50.0,,,,50.0,50.0,,50.0,,50.0
deepseek-qwen,Masculinity,1606,1,2,,,50.0,,,,50.0,50.0,,50.0,,50.0
deepseek-qwen,Masculinity,1606,1,3,,,50.0,,,,50.0,50.0,,50.0,,50.0
deepseek-qwen,Masculinity,1607,1,1,,,,,,,100.0,100.0,,100.0,,100.0
deepseek-qwen,Masculinity,1607,1,2,,,,,,,100.0,100.0,,100.0,,100.0
deepseek-qwen,Masculinity,1607,1,3,,,,,,,100.0,100.0,,100.0,,100.0
deepseek-qwen,Masculinity,1608,1,1,,,75.0,,,,50.0,100.0,,75.0,,25.0
deepseek-qwen,Masculinity,1608,1,2,,,75.0,,,,50.0,100.0,,75.0,,25.0
deepseek-qwen,Masculinity,1608,1,3,,,75.0,,,,50.0,100.0,,75.0,,25.0
deepseek-qwen,Masculinity,1609,1,1,,,50.0,,,,50.0,50.0,,50.0,,50.0
deepseek-qwen,Masculinity,1609,1,2,,,50.0,,,,50.0,50.0,,50.0,,50.0
deepseek-qwen,Masculinity,1609,1,3,,,50.0,,,,50.0,50.0,,50.0,,50.0
deepseek-qwen,Masculinity,1610,1,1,,,100.0,,,,100.0,100.0,,100.0,,50.0
deepseek-qwen,Masculinity,1610,1,2,,,100.0,,,,100.0,100.0,,100.0,,50.0
deepseek-qwen,Masculinity,1610,1,3,,,100.0,,,,100.0,100.0,,100.0,,50.0
deepseek-qwen,Masculinity,1611,1,1,,,50.0,,,,50.0,50.0,,50.0,,50.0
deepseek-qwen,Masculinity,1611,1,2,,,50.0,,,,50.0,50.0,,50.0,,50.0
deepseek-qwen,Masculinity,1611,1,3,,,50.0,,,,50.0,50.0,,50.0,,50.0
deepseek-qwen,Masculinity,1613,1,1,,,100.0,,,,75.0,100.0,,25.0,,50.0
deepseek-qwen,Masculinity,1613,1,2,,,100.0,,,,75.0,100.0,,25.0,,50.0
deepseek-qwen,Masculinity,1613,1,3,,,100.0,,,,75.0,100.0,,25.0,,50.0
deepseek-qwen,Masculinity,1614,1,1,,,50.0,,,,100.0,100.0,,50.0,,50.0
deepseek-qwen,Masculinity,1614,1,2,,,50.0,,,,100.0,100.0,,50.0,,50.0
deepseek-qwen,Masculinity,1614,1,3,,,50.0,,,,100.0,100.0,,50.0,,50.0
deepseek-qwen,Masculinity,1615,1,1,,,100.0,,,,50.0,25.0,,50.0,,50.0
deepseek-qwen,Masculinity,1615,1,2,,,100.0,,,,50.0,25.0,,50.0,,50.0
deepseek-qwen,Masculinity,1615,1,3,,,100.0,,,,50.0,25.0,,50.0,,50.0
deepseek-qwen,Masculinity,1616,1,1,,,50.0,,,,75.0,50.0,,50.0,,50.0
deepseek-qwen,Masculinity,1616,1,2,,,50.0,,,,75.0,50.0,,50.0,,50.0
deepseek-qwen,Masculinity,1616,1,3,,,50.0,,,,75.0,50.0,,50.0,,50.0
deepseek-qwen,Masculinity,1617,1,1,,,75.0,,,,50.0,75.0,,50.0,,50.0
deepseek-qwen,Masculinity,1617,1,2,,,75.0,,,,50.0,75.0,,50.0,,50.0
deepseek-qwen,Masculinity,1617,1,3,,,75.0,,,,50.0,75.0,,50.0,,50.0
deepseek-qwen,Masculinity,1618,1,1,,,75.0,,,,100.0,100.0,,100.0,,50.0
deepseek-qwen,Masculinity,1618,1,2,,,75.0,,,,100.0,100.0,,100.0,,50.0
deepseek-qwen,Masculinity,1618,1,3,,,75.0,,,,100.0,100.0,,100.0,,50.0
deepseek-qwen,Masculinity,1622,1,1,,,75.0,,,,100.0,50.0,,75.0,,75.0
deepseek-qwen,Masculinity,1622,1,2,,,75.0,,,,100.0,50.0,,75.0,,75.0
deepseek-qwen,Masculinity,1622,1,3,,,75.0,,,,100.0,50.0,,75.0,,75.0
deepseek-qwen,Masculinity,1628,1,1,,,75.0,,,,25.0,50.0,,50.0,,50.0
deepseek-qwen,Masculinity,1628,1,2,,,75.0,,,,25.0,50.0,,50.0,,50.0
deepseek-qwen,Masculinity,1628,1,3,,,75.0,,,,25.0,50.0,,50.0,,50.0
deepseek-qwen,Masculinity,1629,1,1,,,75.0,,,,100.0,75.0,,75.0,,50.0
deepseek-qwen,Masculinity,1629,1,2,,,75.0,,,,100.0,75.0,,75.0,,50.0
deepseek-qwen,Masculinity,1629,1,3,,,75.0,,,,100.0,75.0,,75.0,,50.0
deepseek-qwen,Masculinity,1632,1,1,,,25.0,,,,25.0,25.0,,25.0,,25.0
deepseek-qwen,Masculinity,1632,1,2,,,25.0,,,,25.0,25.0,,25.0,,25.0
deepseek-qwen,Masculinity,1632,1,3,,,25.0,,,,25.0,25.0,,25.0,,25.0
deepseek-qwen,Masculinity,1633,1,1,,,75.0,,,,0.0,75.0,,50.0,,75.0
deepseek-qwen,Masculinity,1633,1,2,,,75.0,,,,0.0,75.0,,50.0,,75.0
deepseek-qwen,Masculinity,1633,1,3,,,75.0,,,,0.0,75.0,,50.0,,75.0
deepseek-qwen,Masculinity,1634,1,1,,,25.0,,,,25.0,0.0,,50.0,,50.0
deepseek-qwen,Masculinity,1634,1,2,,,25.0,,,,25.0,0.0,,50.0,,50.0
deepseek-qwen,Masculinity,1634,1,3,,,25.0,,,,25.0,0.0,,50.0,,50.0
deepseek-qwen,Masculinity,1641,1,1,,,0.0,,,,,75.0,,0.0,,75.0
deepseek-qwen,Masculinity,1641,1,2,,,0.0,,,,,75.0,,0.0,,75.0
deepseek-qwen,Masculinity,1641,1,3,,,0.0,,,,,75.0,,0.0,,75.0
deepseek-qwen,Masculinity,1644,1,1,,,50.0,,,,50.0,25.0,,50.0,,50.0
deepseek-qwen,Masculinity,1644,1,2,,,50.0,,,,50.0,25.0,,50.0,,50.0
deepseek-qwen,Masculinity,1644,1,3,,,50.0,,,,50.0,25.0,,50.0,,50.0
deepseek-qwen,Masculinity,1646,1,1,,,25.0,,,,25.0,,,0.0,,25.0
deepseek-qwen,Masculinity,1646,1,2,,,25.0,,,,25.0,,,0.0,,25.0
deepseek-qwen,Masculinity,1646,1,3,,,25.0,,,,25.0,,,0.0,,25.0
deepseek-qwen,Masculinity,1654,1,1,,,25.0,,,,75.0,100.0,,75.0,,75.0
deepseek-qwen,Masculinity,1654,1,2,,,25.0,,,,75.0,100.0,,75.0,,75.0
deepseek-qwen,Masculinity,1654,1,3,,,25.0,,,,75.0,100.0,,75.0,,75.0
deepseek-qwen,Masculinity,1656,1,1,,,0.0,,,,50.0,50.0,,50.0,,75.0
deepseek-qwen,Masculinity,1656,1,2,,,0.0,,,,50.0,50.0,,50.0,,75.0
deepseek-qwen,Masculinity,1656,1,3,,,0.0,,,,50.0,50.0,,50.0,,75.0
deepseek-qwen,Masculinity,1657,1,1,,,50.0,,,,75.0,25.0,,50.0,,50.0
deepseek-qwen,Masculinity,1657,1,2,,,50.0,,,,75.0,25.0,,50.0,,50.0
deepseek-qwen,Masculinity,1657,1,3,,,50.0,,,,75.0,25.0,,50.0,,50.0
deepseek-qwen,Masculinity,1659,1,1,,,100.0,,,,100.0,100.0,,75.0,,100.0
deepseek-qwen,Masculinity,1659,1,2,,,100.0,,,,100.0,100.0,,75.0,,100.0
deepseek-qwen,Masculinity,1659,1,3,,,100.0,,,,100.0,100.0,,75.0,,100.0
deepseek-qwen,Masculinity,1660,1,1,,,0.0,,,,100.0,50.0,,50.0,,50.0
deepseek-qwen,Masculinity,1660,1,2,,,0.0,,,,100.0,50.0,,50.0,,50.0
deepseek-qwen,Masculinity,1660,1,3,,,0.0,,,,100.0,50.0,,50.0,,50.0
deepseek-qwen,Masculinity,1661,1,1,,,0.0,,,,100.0,100.0,,50.0,,100.0
deepseek-qwen,Masculinity,1661,1,2,,,0.0,,,,100.0,100.0,,50.0,,100.0
deepseek-qwen,Masculinity,1661,1,3,,,0.0,,,,100.0,100.0,,50.0,,100.0
deepseek-qwen,Masculinity,1663,1,1,,,25.0,,,,100.0,100.0,,50.0,,50.0
deepseek-qwen,Masculinity,1663,1,2,,,25.0,,,,100.0,100.0,,50.0,,50.0
deepseek-qwen,Masculinity,1663,1,3,,,25.0,,,,100.0,100.0,,50.0,,50.0
deepseek-qwen,Masculinity,1664,1,1,,,0.0,,,,50.0,50.0,,50.0,,0.0
deepseek-qwen,Masculinity,1664,1,2,,,0.0,,,,50.0,50.0,,50.0,,0.0
deepseek-qwen,Masculinity,1664,1,3,,,0.0,,,,50.0,50.0,,50.0,,0.0
deepseek-qwen,Masculinity,1668,1,1,,,50.0,,,,50.0,50.0,,50.0,,50.0
deepseek-qwen,Masculinity,1668,1,2,,,50.0,,,,50.0,50.0,,50.0,,50.0
deepseek-qwen,Masculinity,1668,1,3,,,50.0,,,,50.0,50.0,,50.0,,50.0
deepseek-qwen,Masculinity,1670,1,1,,,50.0,,,,50.0,50.0,,50.0,,50.0
deepseek-qwen,Masculinity,1670,1,2,,,50.0,,,,50.0,50.0,,50.0,,50.0
deepseek-qwen,Masculinity,1670,1,3,,,50.0,,,,50.0,50.0,,50.0,,50.0
deepseek-qwen,Masculinity,1671,1,1,,,25.0,,,,75.0,75.0,,100.0,,100.0
deepseek-qwen,Masculinity,1671,1,2,,,25.0,,,,75.0,75.0,,100.0,,100.0
deepseek-qwen,Masculinity,1671,1,3,,,25.0,,,,75.0,75.0,,100.0,,100.0
deepseek-qwen,Masculinity,1672,1,1,,,25.0,,,,25.0,25.0,,50.0,,75.0
deepseek-qwen,Masculinity,1672,1,2,,,25.0,,,,25.0,25.0,,50.0,,75.0
deepseek-qwen,Masculinity,1672,1,3,,,25.0,,,,25.0,25.0,,50.0,,75.0
deepseek-qwen,Masculinity,1673,1,1,,,100.0,,,,100.0,100.0,,100.0,,100.0
deepseek-qwen,Masculinity,1673,1,2,,,100.0,,,,100.0,100.0,,100.0,,100.0
deepseek-qwen,Masculinity,1673,1,3,,,100.0,,,,100.0,100.0,,100.0,,100.0
deepseek-qwen,Masculinity,1677,1,1,,,25.0,,,,100.0,50.0,,100.0,,25.0
deepseek-qwen,Masculinity,1677,1,2,,,25.0,,,,100.0,50.0,,100.0,,25.0
deepseek-qwen,Masculinity,1677,1,3,,,25.0,,,,100.0,50.0,,100.0,,25.0
deepseek-qwen,Masculinity,1678,1,1,,,50.0,,,,100.0,75.0,,50.0,,25.0
deepseek-qwen,Masculinity,1678,1,2,,,50.0,,,,100.0,75.0,,50.0,,25.0
deepseek-qwen,Masculinity,1678,1,3,,,50.0,,,,100.0,75.0,,50.0,,25.0
deepseek-qwen,Masculinity,1679,1,1,,,0.0,,,,25.0,100.0,,100.0,,0.0
deepseek-qwen,Masculinity,1679,1,2,,,0.0,,,,25.0,100.0,,100.0,,0.0
deepseek-qwen,Masculinity,1679,1,3,,,0.0,,,,25.0,100.0,,100.0,,0.0
deepseek-qwen,Masculinity,1681,1,1,,,75.0,,,,0.0,50.0,,50.0,,50.0
deepseek-qwen,Masculinity,1681,1,2,,,75.0,,,,0.0,50.0,,50.0,,50.0
deepseek-qwen,Masculinity,1681,1,3,,,75.0,,,,0.0,50.0,,50.0,,50.0
deepseek-qwen,Masculinity,1682,1,1,,,25.0,,,,0.0,,,50.0,,50.0
deepseek-qwen,Masculinity,1682,1,2,,,25.0,,,,0.0,,,50.0,,50.0
deepseek-qwen,Masculinity,1682,1,3,,,25.0,,,,0.0,,,50.0,,50.0
deepseek-qwen,Masculinity,1683,1,1,,,75.0,,,,50.0,25.0,,25.0,,25.0
deepseek-qwen,Masculinity,1683,1,2,,,75.0,,,,50.0,25.0,,25.0,,25.0
deepseek-qwen,Masculinity,1683,1,3,,,75.0,,,,50.0,25.0,,25.0,,25.0
deepseek-qwen,Masculinity,1685,1,1,,,25.0,,,,,50.0,,75.0,,75.0
deepseek-qwen,Masculinity,1685,1,2,,,25.0,,,,,50.0,,75.0,,75.0
deepseek-qwen,Masculinity,1685,1,3,,,25.0,,,,,50.0,,75.0,,75.0
deepseek-qwen,Masculinity,1692,1,1,,,25.0,,,,100.0,100.0,,75.0,,25.0
deepseek-qwen,Masculinity,1692,1,2,,,25.0,,,,100.0,100.0,,75.0,,25.0
deepseek-qwen,Masculinity,1692,1,3,,,25.0,,,,100.0,100.0,,75.0,,25.0
deepseek-qwen,Power_Distance,1911,1,1,,,50.0,,,,50.0,50.0,,50.0,,50.0
deepseek-qwen,Power_Distance,1911,1,2,,,50.0,,,,50.0,50.0,,50.0,,50.0
deepseek-qwen,Power_Distance,1911,1,3,,,50.0,,,,50.0,50.0,,50.0,,50.0
deepseek-qwen,Power_Distance,1912,1,1,,,50.0,,,,75.0,75.0,,50.0,,100.0
deepseek-qwen,Power_Distance,1912,1,2,,,50.0,,,,75.0,75.0,,50.0,,100.0
deepseek-qwen,Power_Distance,1912,1,3,,,50.0,,,,75.0,75.0,,50.0,,100.0
deepseek-qwen,Power_Distance,1913,1,1,,,100.0,,,,50.0,100.0,,50.0,,100.0
deepseek-qwen,Power_Distance,1913,1,2,,,100.0,,,,50.0,100.0,,50.0,,100.0
deepseek-qwen,Power_Distance,1913,1,3,,,100.0,,,,50.0,100.0,,50.0,,100.0
deepseek-qwen,Power_Distance,1914,1,1,,,25.0,,,,50.0,50.0,,0.0,,0.0
deepseek-qwen,Power_Distance,1914,1,2,,,25.0,,,,50.0,50.0,,0.0,,0.0
deepseek-qwen,Power_Distance,1914,1,3,,,25.0,,,,50.0,50.0,,0.0,,0.0
deepseek-qwen,Power_Distance,1915,1,1,,,75.0,,,,50.0,75.0,,50.0,,50.0
deepseek-qwen,Power_Distance,1915,1,2,,,75.0,,,,50.0,75.0,,50.0,,50.0
deepseek-qwen,Power_Distance,1915,1,3,,,75.0,,,,50.0,75.0,,50.0,,50.0
deepseek-qwen,Power_Distance,1916,1,1,,,75.0,,,,0.0,25.0,,0.0,,0.0
deepseek-qwen,Power_Distance,1916,1,2,,,75.0,,,,0.0,25.0,,0.0,,0.0
deepseek-qwen,Power_Distance,1916,1,3,,,75.0,,,,0.0,25.0,,0.0,,0.0
deepseek-qwen,Power_Distance,1917,1,1,,,25.0,,,,25.0,25.0,,25.0,,0.0
deepseek-qwen,Power_Distance,1917,1,2,,,25.0,,,,25.0,25.0,,25.0,,0.0
deepseek-qwen,Power_Distance,1917,1,3,,,25.0,,,,25.0,25.0,,25.0,,0.0
deepseek-qwen,Power_Distance,1919,1,1,,,25.0,,,,50.0,50.0,,25.0,,50.0
deepseek-qwen,Power_Distance,1919,1,2,,,25.0,,,,50.0,50.0,,25.0,,50.0
deepseek-qwen,Power_Distance,1919,1,3,,,25.0,,,,50.0,50.0,,25.0,,50.0
deepseek-qwen,Power_Distance,1920,1,1,,,0.0,,,,25.0,75.0,,25.0,,25.0
deepseek-qwen,Power_Distance,1920,1,2,,,0.0,,,,25.0,75.0,,25.0,,25.0
deepseek-qwen,Power_Distance,1920,1,3,,,0.0,,,,25.0,75.0,,25.0,,25.0
deepseek-qwen,Power_Distance,1921,1,1,,,25.0,,,,50.0,25.0,,25.0,,25.0
deepseek-qwen,Power_Distance,1921,1,2,,,25.0,,,,50.0,25.0,,25.0,,25.0
deepseek-qwen,Power_Distance,1921,1,3,,,25.0,,,,50.0,25.0,,25.0,,25.0
deepseek-qwen,Power_Distance,1922,1,1,,,25.0,,,,50.0,,,25.0,,25.0
deepseek-qwen,Power_Distance,1922,1,2,,,25.0,,,,50.0,,,25.0,,25.0
deepseek-qwen,Power_Distance,1922,1,3,,,25.0,,,,50.0,,,25.0,,25.0
deepseek-qwen,Power_Distance,1923,1,1,,,75.0,,,,75.0,50.0,,50.0,,50.0
deepseek-qwen,Power_Distance,1923,1,2,,,75.0,,,,75.0,50.0,,50.0,,50.0
deepseek-qwen,Power_Distance,1923,1,3,,,75.0,,,,75.0,50.0,,50.0,,50.0
deepseek-qwen,Power_Distance,1924,1,1,,,25.0,,,,50.0,50.0,,50.0,,50.0
deepseek-qwen,Power_Distance,1924,1,2,,,25.0,,,,50.0,50.0,,50.0,,50.0
deepseek-qwen,Power_Distance,1924,1,3,,,25.0,,,,50.0,50.0,,50.0,,50.0
deepseek-qwen,Power_Distance,1926,1,1,,,50.0,,,,75.0,75.0,,75.0,,75.0
deepseek-qwen,Power_Distance,1926,1,2,,,50.0,,,,75.0,75.0,,75.0,,75.0
deepseek-qwen,Power_Distance,1926,1,3,,,50.0,,,,75.0,75.0,,75.0,,75.0
deepseek-qwen,Power_Distance,1928,1,1,,,50.0,,,,50.0,25.0,,50.0,,50.0
deepseek-qwen,Power_Distance,1928,1,2,,,50.0,,,,50.0,25.0,,50.0,,50.0
deepseek-qwen,Power_Distance,1928,1,3,,,50.0,,,,50.0,25.0,,50.0,,50.0
deepseek-qwen,Power_Distance,1930,1,1,,,25.0,,,,25.0,50.0,,25.0,,50.0
deepseek-qwen,Power_Distance,1930,1,2,,,25.0,,,,25.0,50.0,,25.0,,50.0
deepseek-qwen,Power_Distance,1930,1,3,,,25.0,,,,25.0,50.0,,25.0,,50.0
deepseek-qwen,Power_Distance,1931,1,1,,,0.0,,,,25.0,25.0,,25.0,,25.0
deepseek-qwen,Power_Distance,1931,1,2,,,0.0,,,,25.0,25.0,,25.0,,25.0
deepseek-qwen,Power_Distance,1931,1,3,,,0.0,,,,25.0,25.0,,25.0,,25.0
deepseek-qwen,Power_Distance,1932,1,1,,,75.0,,,,75.0,75.0,,75.0,,50.0
deepseek-qwen,Power_Distance,1932,1,2,,,75.0,,,,75.0,75.0,,75.0,,50.0
deepseek-qwen,Power_Distance,1932,1,3,,,75.0,,,,75.0,75.0,,75.0,,50.0
deepseek-qwen,Power_Distance,1934,1,1,,,75.0,,,,50.0,75.0,,50.0,,75.0
deepseek-qwen,Power_Distance,1934,1,2,,,75.0,,,,50.0,75.0,,50.0,,75.0
deepseek-qwen,Power_Distance,1934,1,3,,,75.0,,,,50.0,75.0,,50.0,,75.0
deepseek-qwen,Power_Distance,1935,1,1,,,50.0,,,,0.0,50.0,,25.0,,25.0
deepseek-qwen,Power_Distance,1935,1,2,,,50.0,,,,0.0,50.0,,25.0,,25.0
deepseek-qwen,Power_Distance,1935,1,3,,,50.0,,,,0.0,50.0,,25.0,,25.0
deepseek-qwen,Power_Distance,1936,1,1,,,25.0,,,,25.0,25.0,,25.0,,25.0
deepseek-qwen,Power_Distance,1936,1,2,,,25.0,,,,25.0,25.0,,25.0,,25.0
deepseek-qwen,Power_Distance,1936,1,3,,,25.0,,,,25.0,25.0,,25.0,,25.0
deepseek-qwen,Power_Distance,1940,1,1,,,50.0,,,,75.0,50.0,,25.0,,25.0
deepseek-qwen,Power_Distance,1940,1,2,,,50.0,,,,75.0,50.0,,25.0,,25.0
deepseek-qwen,Power_Distance,1940,1,3,,,50.0,,,,75.0,50.0,,25.0,,25.0
deepseek-qwen,Power_Distance,1941,1,1,,,50.0,,,,50.0,100.0,,50.0,,50.0
deepseek-qwen,Power_Distance,1941,1,2,,,50.0,,,,50.0,100.0,,50.0,,50.0
deepseek-qwen,Power_Distance,1941,1,3,,,50.0,,,,50.0,100.0,,50.0,,50.0
deepseek-qwen,Power_Distance,1942,1,1,,,75.0,,,,0.0,50.0,,25.0,,0.0
deepseek-qwen,Power_Distance,1942,1,2,,,75.0,,,,0.0,50.0,,25.0,,0.0
deepseek-qwen,Power_Distance,1942,1,3,,,75.0,,,,0.0,50.0,,25.0,,0.0
deepseek-qwen,Power_Distance,1943,1,1,,,0.0,,,,25.0,0.0,,25.0,,50.0
deepseek-qwen,Power_Distance,1943,1,2,,,0.0,,,,25.0,0.0,,25.0,,50.0
deepseek-qwen,Power_Distance,1943,1,3,,,0.0,,,,25.0,0.0,,25.0,,50.0
deepseek-qwen,Power_Distance,1944,1,1,,,50.0,,,,50.0,75.0,,50.0,,75.0
deepseek-qwen,Power_Distance,1944,1,2,,,50.0,,,,50.0,75.0,,50.0,,75.0
deepseek-qwen,Power_Distance,1944,1,3,,,50.0,,,,50.0,75.0,,50.0,,75.0
deepseek-qwen,Power_Distance,1946,1,1,,,25.0,,,,0.0,75.0,,50.0,,50.0
deepseek-qwen,Power_Distance,1946,1,2,,,25.0,,,,0.0,75.0,,50.0,,50.0
deepseek-qwen,Power_Distance,1946,1,3,,,25.0,,,,0.0,75.0,,50.0,,50.0
deepseek-qwen,Power_Distance,1947,1,1,,,50.0,,,,0.0,50.0,,0.0,,25.0
deepseek-qwen,Power_Distance,1947,1,2,,,50.0,,,,0.0,50.0,,0.0,,25.0
deepseek-qwen,Power_Distance,1947,1,3,,,50.0,,,,0.0,50.0,,0.0,,25.0
deepseek-qwen,Power_Distance,1948,1,1,,,100.0,,,,100.0,50.0,,50.0,,100.0
deepseek-qwen,Power_Distance,1948,1,2,,,100.0,,,,100.0,50.0,,50.0,,100.0
deepseek-qwen,Power_Distance,1948,1,3,,,100.0,,,,100.0,50.0,,50.0,,100.0
deepseek-qwen,Power_Distance,1949,1,1,,,75.0,,,,50.0,50.0,,50.0,,50.0
deepseek-qwen,Power_Distance,1949,1,2,,,75.0,,,,50.0,50.0,,50.0,,50.0
deepseek-qwen,Power_Distance,1949,1,3,,,75.0,,,,50.0,50.0,,50.0,,50.0
deepseek-qwen,Power_Distance,1950,1,1,,,25.0,,,,25.0,50.0,,25.0,,25.0
deepseek-qwen,Power_Distance,1950,1,2,,,25.0,,,,25.0,50.0,,25.0,,25.0
deepseek-qwen,Power_Distance,1950,1,3,,,25.0,,,,25.0,50.0,,25.0,,25.0
deepseek-qwen,Power_Distance,1952,1,1,,,25.0,,,,50.0,25.0,,25.0,,25.0
deepseek-qwen,Power_Distance,1952,1,2,,,25.0,,,,50.0,25.0,,25.0,,25.0
deepseek-qwen,Power_Distance,1952,1,3,,,25.0,,,,50.0,25.0,,25.0,,25.0
deepseek-qwen,Power_Distance,1953,1,1,,,50.0,,,,25.0,0.0,,25.0,,25.0
deepseek-qwen,Power_Distance,1953,1,2,,,50.0,,,,25.0,0.0,,25.0,,25.0
deepseek-qwen,Power_Distance,1953,1,3,,,50.0,,,,25.0,0.0,,25.0,,25.0
deepseek-qwen,Power_Distance,1954,1,1,,,75.0,,,,25.0,25.0,,50.0,,25.0
deepseek-qwen,Power_Distance,1954,1,2,,,75.0,,,,25.0,25.0,,50.0,,25.0
deepseek-qwen,Power_Distance,1954,1,3,,,75.0,,,,25.0,25.0,,50.0,,25.0
deepseek-qwen,Power_Distance,1957,1,1,,,50.0,,,,25.0,25.0,,50.0,,75.0
deepseek-qwen,Power_Distance,1957,1,2,,,50.0,,,,25.0,25.0,,50.0,,75.0
deepseek-qwen,Power_Distance,1957,1,3,,,50.0,,,,25.0,25.0,,50.0,,75.0
deepseek-qwen,Power_Distance,1959,1,1,,,100.0,,,,75.0,75.0,,75.0,,100.0
deepseek-qwen,Power_Distance,1959,1,2,,,100.0,,,,75.0,75.0,,75.0,,100.0
deepseek-qwen,Power_Distance,1959,1,3,,,100.0,,,,75.0,75.0,,75.0,,100.0
deepseek-qwen,Power_Distance,1960,1,1,,,0.0,,,,25.0,25.0,,50.0,,25.0
deepseek-qwen,Power_Distance,1960,1,2,,,0.0,,,,25.0,25.0,,50.0,,25.0
deepseek-qwen,Power_Distance,1960,1,3,,,0.0,,,,25.0,25.0,,50.0,,25.0
deepseek-qwen,Power_Distance,1961,1,1,,,25.0,,,,25.0,50.0,,25.0,,25.0
deepseek-qwen,Power_Distance,1961,1,2,,,25.0,,,,25.0,50.0,,25.0,,25.0
deepseek-qwen,Power_Distance,1961,1,3,,,25.0,,,,25.0,50.0,,25.0,,25.0
deepseek-qwen,Power_Distance,1964,1,1,,,25.0,,,,25.0,25.0,,25.0,,25.0
deepseek-qwen,Power_Distance,1964,1,2,,,25.0,,,,25.0,25.0,,25.0,,25.0
deepseek-qwen,Power_Distance,1964,1,3,,,25.0,,,,25.0,25.0,,25.0,,25.0
deepseek-qwen,Power_Distance,1965,1,1,,,25.0,,,,25.0,25.0,,0.0,,25.0
deepseek-qwen,Power_Distance,1965,1,2,,,25.0,,,,25.0,25.0,,0.0,,25.0
deepseek-qwen,Power_Distance,1965,1,3,,,25.0,,,,25.0,25.0,,0.0,,25.0
deepseek-qwen,Power_Distance,1966,1,1,,,75.0,,,,50.0,75.0,,50.0,,100.0
deepseek-qwen,Power_Distance,1966,1,2,,,75.0,,,,50.0,75.0,,50.0,,100.0
deepseek-qwen,Power_Distance,1966,1,3,,,75.0,,,,50.0,75.0,,50.0,,100.0
deepseek-qwen,Power_Distance,1967,1,1,,,75.0,,,,50.0,75.0,,50.0,,25.0
deepseek-qwen,Power_Distance,1967,1,2,,,75.0,,,,50.0,75.0,,50.0,,25.0
deepseek-qwen,Power_Distance,1967,1,3,,,75.0,,,,50.0,75.0,,50.0,,25.0
deepseek-qwen,Power_Distance,1968,1,1,,,25.0,,,,25.0,50.0,,25.0,,50.0
deepseek-qwen,Power_Distance,1968,1,2,,,25.0,,,,25.0,50.0,,25.0,,50.0
deepseek-qwen,Power_Distance,1968,1,3,,,25.0,,,,25.0,50.0,,25.0,,50.0
deepseek-qwen,Power_Distance,1969,1,1,,,25.0,,,,25.0,50.0,,25.0,,25.0
deepseek-qwen,Power_Distance,1969,1,2,,,25.0,,,,25.0,50.0,,25.0,,25.0
deepseek-qwen,Power_Distance,1969,1,3,,,25.0,,,,25.0,50.0,,25.0,,25.0
deepseek-qwen,Power_Distance,1970,1,1,,,50.0,,,,25.0,25.0,,25.0,,25.0
deepseek-qwen,Power_Distance,1970,1,2,,,50.0,,,,25.0,25.0,,25.0,,25.0
deepseek-qwen,Power_Distance,1970,1,3,,,50.0,,,,25.0,25.0,,25.0,,25.0
deepseek-qwen,Power_Distance,1971,1,1,,,50.0,,,,50.0,75.0,,50.0,,0.0
deepseek-qwen,Power_Distance,1971,1,2,,,50.0,,,,50.0,75.0,,50.0,,0.0
deepseek-qwen,Power_Distance,1971,1,3,,,50.0,,,,50.0,75.0,,50.0,,0.0
deepseek-qwen,Power_Distance,1974,1,1,,,25.0,,,,25.0,50.0,,50.0,,25.0
deepseek-qwen,Power_Distance,1974,1,2,,,25.0,,,,25.0,50.0,,50.0,,25.0
deepseek-qwen,Power_Distance,1974,1,3,,,25.0,,,,25.0,50.0,,50.0,,25.0
deepseek-qwen,Power_Distance,1975,1,1,,,50.0,,,,75.0,50.0,,50.0,,25.0
deepseek-qwen,Power_Distance,1975,1,2,,,50.0,,,,75.0,50.0,,50.0,,25.0
deepseek-qwen,Power_Distance,1975,1,3,,,50.0,,,,75.0,50.0,,50.0,,25.0
deepseek-qwen,Power_Distance,1976,1,1,,,25.0,,,,25.0,50.0,,25.0,,0.0
deepseek-qwen,Power_Distance,1976,1,2,,,25.0,,,,25.0,50.0,,25.0,,0.0
deepseek-qwen,Power_Distance,1976,1,3,,,25.0,,,,25.0,50.0,,25.0,,0.0
deepseek-qwen,Power_Distance,1977,1,1,,,50.0,,,,25.0,50.0,,50.0,,50.0
deepseek-qwen,Power_Distance,1977,1,2,,,50.0,,,,25.0,50.0,,50.0,,50.0
deepseek-qwen,Power_Distance,1977,1,3,,,50.0,,,,25.0,50.0,,50.0,,50.0
deepseek-qwen,Power_Distance,1978,1,1,,,25.0,,,,25.0,50.0,,25.0,,50.0
deepseek-qwen,Power_Distance,1978,1,2,,,25.0,,,,25.0,50.0,,25.0,,50.0
deepseek-qwen,Power_Distance,1978,1,3,,,25.0,,,,25.0,50.0,,25.0,,50.0
deepseek-qwen,Power_Distance,1979,1,1,,,50.0,,,,50.0,50.0,,50.0,,50.0
deepseek-qwen,Power_Distance,1979,1,2,,,50.0,,,,50.0,50.0,,50.0,,50.0
deepseek-qwen,Power_Distance,1979,1,3,,,50.0,,,,50.0,50.0,,50.0,,50.0
deepseek-qwen,Power_Distance,1981,1,1,,,25.0,,,,,,,50.0,,25.0
deepseek-qwen,Power_Distance,1981,1,2,,,25.0,,,,,,,50.0,,25.0
deepseek-qwen,Power_Distance,1981,1,3,,,25.0,,,,,,,50.0,,25.0
deepseek-qwen,Power_Distance,1983,1,1,,,75.0,,,,50.0,50.0,,50.0,,100.0
deepseek-qwen,Power_Distance,1983,1,2,,,75.0,,,,50.0,50.0,,50.0,,100.0
deepseek-qwen,Power_Distance,1983,1,3,,,75.0,,,,50.0,50.0,,50.0,,100.0
deepseek-qwen,Power_Distance,1984,1,1,,,50.0,,,,50.0,50.0,,50.0,,50.0
deepseek-qwen,Power_Distance,1984,1,2,,,50.0,,,,50.0,50.0,,50.0,,50.0
deepseek-qwen,Power_Distance,1984,1,3,,,50.0,,,,50.0,50.0,,50.0,,50.0
deepseek-qwen,Power_Distance,1985,1,1,,,0.0,,,,25.0,0.0,,25.0,,25.0
deepseek-qwen,Power_Distance,1985,1,2,,,0.0,,,,25.0,0.0,,25.0,,25.0
deepseek-qwen,Power_Distance,1985,1,3,,,0.0,,,,25.0,0.0,,25.0,,25.0
deepseek-qwen,Power_Distance,1987,1,1,,,75.0,,,,50.0,50.0,,0.0,,25.0
deepseek-qwen,Power_Distance,1987,1,2,,,75.0,,,,50.0,50.0,,0.0,,25.0
deepseek-qwen,Power_Distance,1987,1,3,,,75.0,,,,50.0,50.0,,0.0,,25.0
deepseek-qwen,Power_Distance,1988,1,1,,,50.0,,,,50.0,50.0,,50.0,,50.0
deepseek-qwen,Power_Distance,1988,1,2,,,50.0,,,,50.0,50.0,,50.0,,50.0
deepseek-qwen,Power_Distance,1988,1,3,,,50.0,,,,50.0,50.0,,50.0,,50.0
deepseek-qwen,Power_Distance,1989,1,1,,,0.0,,,,0.0,25.0,,25.0,,25.0
deepseek-qwen,Power_Distance,1989,1,2,,,0.0,,,,0.0,25.0,,25.0,,25.0
deepseek-qwen,Power_Distance,1989,1,3,,,0.0,,,,0.0,25.0,,25.0,,25.0
deepseek-qwen,Power_Distance,1990,1,1,,,25.0,,,,50.0,50.0,,50.0,,25.0
deepseek-qwen,Power_Distance,1990,1,2,,,25.0,,,,50.0,50.0,,50.0,,25.0
deepseek-qwen,Power_Distance,1990,1,3,,,25.0,,,,50.0,50.0,,50.0,,25.0
deepseek-qwen,Power_Distance,1991,1,1,,,75.0,,,,50.0,75.0,,75.0,,25.0
deepseek-qwen,Power_Distance,1991,1,2,,,75.0,,,,50.0,75.0,,75.0,,25.0
deepseek-qwen,Power_Distance,1991,1,3,,,75.0,,,,50.0,75.0,,75.0,,25.0
deepseek-qwen,Power_Distance,1993,1,1,,,75.0,,,,25.0,75.0,,25.0,,25.0
deepseek-qwen,Power_Distance,1993,1,2,,,75.0,,,,25.0,75.0,,25.0,,25.0
deepseek-qwen,Power_Distance,1993,1,3,,,75.0,,,,25.0,75.0,,25.0,,25.0
deepseek-qwen,Power_Distance,1994,1,1,,,25.0,,,,25.0,0.0,,0.0,,0.0
deepseek-qwen,Power_Distance,1994,1,2,,,25.0,,,,25.0,0.0,,0.0,,0.0
deepseek-qwen,Power_Distance,1994,1,3,,,25.0,,,,25.0,0.0,,0.0,,0.0
deepseek-qwen,Power_Distance,1995,1,1,,,25.0,,,,50.0,50.0,,0.0,,50.0
deepseek-qwen,Power_Distance,1995,1,2,,,25.0,,,,50.0,50.0,,0.0,,50.0
deepseek-qwen,Power_Distance,1995,1,3,,,25.0,,,,50.0,50.0,,0.0,,50.0
deepseek-qwen,Power_Distance,1999,1,1,,,0.0,,,,0.0,0.0,,0.0,,0.0
deepseek-qwen,Power_Distance,1999,1,2,,,0.0,,,,0.0,0.0,,0.0,,0.0
deepseek-qwen,Power_Distance,1999,1,3,,,0.0,,,,0.0,0.0,,0.0,,0.0
deepseek-qwen,Power_Distance,2000,1,1,,,75.0,,,,25.0,25.0,,0.0,,0.0
deepseek-qwen,Power_Distance,2000,1,2,,,75.0,,,,25.0,25.0,,0.0,,0.0
deepseek-qwen,Power_Distance,2000,1,3,,,75.0,,,,25.0,25.0,,0.0,,0.0
deepseek-qwen,Power_Distance,2001,1,1,,,75.0,,,,50.0,75.0,,75.0,,75.0
deepseek-qwen,Power_Distance,2001,1,2,,,75.0,,,,50.0,75.0,,75.0,,75.0
deepseek-qwen,Power_Distance,2001,1,3,,,75.0,,,,50.0,75.0,,75.0,,75.0
deepseek-qwen,Power_Distance,2002,1,1,,,25.0,,,,50.0,50.0,,50.0,,0.0
deepseek-qwen,Power_Distance,2002,1,2,,,25.0,,,,50.0,50.0,,50.0,,0.0
deepseek-qwen,Power_Distance,2002,1,3,,,25.0,,,,50.0,50.0,,50.0,,0.0
deepseek-qwen,Power_Distance,2003,1,1,,,75.0,,,,0.0,50.0,,0.0,,50.0
deepseek-qwen,Power_Distance,2003,1,2,,,75.0,,,,0.0,50.0,,0.0,,50.0
deepseek-qwen,Power_Distance,2003,1,3,,,75.0,,,,0.0,50.0,,0.0,,50.0
deepseek-qwen,Power_Distance,2004,1,1,,,50.0,,,,25.0,50.0,,25.0,,25.0
deepseek-qwen,Power_Distance,2004,1,2,,,50.0,,,,25.0,50.0,,25.0,,25.0
deepseek-qwen,Power_Distance,2004,1,3,,,50.0,,,,25.0,50.0,,25.0,,25.0
deepseek-qwen,Power_Distance,2005,1,1,,,25.0,,,,25.0,25.0,,0.0,,75.0
deepseek-qwen,Power_Distance,2005,1,2,,,25.0,,,,25.0,25.0,,0.0,,75.0
deepseek-qwen,Power_Distance,2005,1,3,,,25.0,,,,25.0,25.0,,0.0,,75.0
deepseek-qwen,Power_Distance,2006,1,1,,,50.0,,,,50.0,50.0,,25.0,,0.0
deepseek-qwen,Power_Distance,2006,1,2,,,50.0,,,,50.0,50.0,,25.0,,0.0
deepseek-qwen,Power_Distance,2006,1,3,,,50.0,,,,50.0,50.0,,25.0,,0.0
deepseek-qwen,Power_Distance,2007,1,1,,,50.0,,,,25.0,,,0.0,,25.0
deepseek-qwen,Power_Distance,2007,1,2,,,50.0,,,,25.0,,,0.0,,25.0
deepseek-qwen,Power_Distance,2007,1,3,,,50.0,,,,25.0,,,0.0,,25.0
deepseek-qwen,Power_Distance,2008,1,1,,,25.0,,,,25.0,50.0,,25.0,,25.0
deepseek-qwen,Power_Distance,2008,1,2,,,25.0,,,,25.0,50.0,,25.0,,25.0
deepseek-qwen,Power_Distance,2008,1,3,,,25.0,,,,25.0,50.0,,25.0,,25.0
deepseek-qwen,Power_Distance,2010,1,1,,,25.0,,,,25.0,25.0,,25.0,,25.0
deepseek-qwen,Power_Distance,2010,1,2,,,25.0,,,,25.0,25.0,,25.0,,25.0
deepseek-qwen,Power_Distance,2010,1,3,,,25.0,,,,25.0,25.0,,25.0,,25.0
deepseek-qwen,Power_Distance,2011,1,1,,,50.0,,,,50.0,50.0,,50.0,,50.0
deepseek-qwen,Power_Distance,2011,1,2,,,50.0,,,,50.0,50.0,,50.0,,50.0
deepseek-qwen,Power_Distance,2011,1,3,,,50.0,,,,50.0,50.0,,50.0,,50.0
deepseek-qwen,Power_Distance,2012,1,1,,,50.0,,,,50.0,25.0,,50.0,,50.0
deepseek-qwen,Power_Distance,2012,1,2,,,50.0,,,,50.0,25.0,,50.0,,50.0
deepseek-qwen,Power_Distance,2012,1,3,,,50.0,,,,50.0,25.0,,50.0,,50.0
deepseek-qwen,Power_Distance,2013,1,1,,,75.0,,,,0.0,75.0,,0.0,,0.0
deepseek-qwen,Power_Distance,2013,1,2,,,75.0,,,,0.0,75.0,,0.0,,0.0
deepseek-qwen,Power_Distance,2013,1,3,,,75.0,,,,0.0,75.0,,0.0,,0.0
deepseek-qwen,Power_Distance,2014,1,1,,,100.0,,,,100.0,100.0,,25.0,,50.0
deepseek-qwen,Power_Distance,2014,1,2,,,100.0,,,,100.0,100.0,,25.0,,50.0
deepseek-qwen,Power_Distance,2014,1,3,,,100.0,,,,100.0,100.0,,25.0,,50.0
deepseek-qwen,Power_Distance,2015,1,1,,,0.0,,,,0.0,25.0,,50.0,,25.0
deepseek-qwen,Power_Distance,2015,1,2,,,0.0,,,,0.0,25.0,,50.0,,25.0
deepseek-qwen,Power_Distance,2015,1,3,,,0.0,,,,0.0,25.0,,50.0,,25.0
deepseek-qwen,Power_Distance,2016,1,1,,,25.0,,,,75.0,100.0,,0.0,,0.0
deepseek-qwen,Power_Distance,2016,1,2,,,25.0,,,,75.0,100.0,,0.0,,0.0
deepseek-qwen,Power_Distance,2016,1,3,,,25.0,,,,75.0,100.0,,0.0,,0.0
deepseek-qwen,Power_Distance,2017,1,1,,,25.0,,,,50.0,25.0,,25.0,,25.0
deepseek-qwen,Power_Distance,2017,1,2,,,25.0,,,,50.0,25.0,,25.0,,25.0
deepseek-qwen,Power_Distance,2017,1,3,,,25.0,,,,50.0,25.0,,25.0,,25.0
deepseek-qwen,Power_Distance,2018,1,1,,,25.0,,,,0.0,0.0,,0.0,,0.0
deepseek-qwen,Power_Distance,2018,1,2,,,25.0,,,,0.0,0.0,,0.0,,0.0
deepseek-qwen,Power_Distance,2018,1,3,,,25.0,,,,0.0,0.0,,0.0,,0.0
deepseek-qwen,Power_Distance,2024,1,1,,,25.0,,,,25.0,25.0,,100.0,,50.0
deepseek-qwen,Power_Distance,2024,1,2,,,25.0,,,,25.0,25.0,,100.0,,50.0
deepseek-qwen,Power_Distance,2024,1,3,,,25.0,,,,25.0,25.0,,100.0,,50.0
deepseek-qwen,Power_Distance,2025,1,1,,,25.0,,,,50.0,50.0,,50.0,,50.0
deepseek-qwen,Power_Distance,2025,1,2,,,25.0,,,,50.0,50.0,,50.0,,50.0
deepseek-qwen,Power_Distance,2025,1,3,,,25.0,,,,50.0,50.0,,50.0,,50.0
deepseek-qwen,Power_Distance,2026,1,1,,,50.0,,,,50.0,50.0,,50.0,,50.0
deepseek-qwen,Power_Distance,2026,1,2,,,50.0,,,,50.0,50.0,,50.0,,50.0
deepseek-qwen,Power_Distance,2026,1,3,,,50.0,,,,50.0,50.0,,50.0,,50.0
deepseek-qwen,Power_Distance,2027,1,1,,,75.0,,,,0.0,75.0,,0.0,,0.0
deepseek-qwen,Power_Distance,2027,1,2,,,75.0,,,,0.0,75.0,,0.0,,0.0
deepseek-qwen,Power_Distance,2027,1,3,,,75.0,,,,0.0,75.0,,0.0,,0.0
deepseek-qwen,Power_Distance,2030,1,1,,,25.0,,,,0.0,0.0,,0.0,,25.0
deepseek-qwen,Power_Distance,2030,1,2,,,25.0,,,,0.0,0.0,,0.0,,25.0
deepseek-qwen,Power_Distance,2030,1,3,,,25.0,,,,0.0,0.0,,0.0,,25.0
deepseek-qwen,Power_Distance,2031,1,1,,,25.0,,,,25.0,50.0,,25.0,,0.0
deepseek-qwen,Power_Distance,2031,1,2,,,25.0,,,,25.0,50.0,,25.0,,0.0
deepseek-qwen,Power_Distance,2031,1,3,,,25.0,,,,25.0,50.0,,25.0,,0.0
deepseek-qwen,Power_Distance,2033,1,1,,,25.0,,,,25.0,50.0,,25.0,,50.0
deepseek-qwen,Power_Distance,2033,1,2,,,25.0,,,,25.0,50.0,,25.0,,50.0
deepseek-qwen,Power_Distance,2033,1,3,,,25.0,,,,25.0,50.0,,25.0,,50.0
deepseek-qwen,Power_Distance,2034,1,1,,,25.0,,,,25.0,25.0,,25.0,,25.0
deepseek-qwen,Power_Distance,2034,1,2,,,25.0,,,,25.0,25.0,,25.0,,25.0
deepseek-qwen,Power_Distance,2034,1,3,,,25.0,,,,25.0,25.0,,25.0,,25.0
deepseek-qwen,Power_Distance,2035,1,1,,,100.0,,,,75.0,75.0,,100.0,,75.0
deepseek-qwen,Power_Distance,2035,1,2,,,100.0,,,,75.0,75.0,,100.0,,75.0
deepseek-qwen,Power_Distance,2035,1,3,,,100.0,,,,75.0,75.0,,100.0,,75.0
deepseek-qwen,Power_Distance,2036,1,1,,,0.0,,,,0.0,25.0,,0.0,,0.0
deepseek-qwen,Power_Distance,2036,1,2,,,0.0,,,,0.0,25.0,,0.0,,0.0
deepseek-qwen,Power_Distance,2036,1,3,,,0.0,,,,0.0,25.0,,0.0,,0.0
deepseek-qwen,Power_Distance,2039,1,1,,,,,,,0.0,50.0,,0.0,,0.0
deepseek-qwen,Power_Distance,2039,1,2,,,,,,,0.0,50.0,,0.0,,0.0
deepseek-qwen,Power_Distance,2039,1,3,,,,,,,0.0,50.0,,0.0,,0.0
deepseek-qwen,Power_Distance,2040,1,1,,,50.0,,,,25.0,100.0,,50.0,,50.0
deepseek-qwen,Power_Distance,2040,1,2,,,50.0,,,,25.0,100.0,,50.0,,50.0
deepseek-qwen,Power_Distance,2040,1,3,,,50.0,,,,25.0,100.0,,50.0,,50.0
deepseek-qwen,Power_Distance,2043,1,1,,,0.0,,,,50.0,0.0,,0.0,,25.0
deepseek-qwen,Power_Distance,2043,1,2,,,0.0,,,,50.0,0.0,,0.0,,25.0
deepseek-qwen,Power_Distance,2043,1,3,,,0.0,,,,50.0,0.0,,0.0,,25.0
deepseek-qwen,Power_Distance,2045,1,1,,,25.0,,,,0.0,50.0,,25.0,,25.0
deepseek-qwen,Power_Distance,2045,1,2,,,25.0,,,,0.0,50.0,,25.0,,25.0
deepseek-qwen,Power_Distance,2045,1,3,,,25.0,,,,0.0,50.0,,25.0,,25.0
deepseek-qwen,Power_Distance,2046,1,1,,,25.0,,,,75.0,75.0,,25.0,,25.0
deepseek-qwen,Power_Distance,2046,1,2,,,25.0,,,,75.0,75.0,,25.0,,25.0
deepseek-qwen,Power_Distance,2046,1,3,,,25.0,,,,75.0,75.0,,25.0,,25.0
deepseek-qwen,Power_Distance,2050,1,1,,,25.0,,,,0.0,0.0,,0.0,,25.0
deepseek-qwen,Power_Distance,2050,1,2,,,25.0,,,,0.0,0.0,,0.0,,25.0
deepseek-qwen,Power_Distance,2050,1,3,,,25.0,,,,0.0,0.0,,0.0,,25.0
deepseek-qwen,Power_Distance,2051,1,1,,,50.0,,,,25.0,0.0,,25.0,,50.0
deepseek-qwen,Power_Distance,2051,1,2,,,50.0,,,,25.0,0.0,,25.0,,50.0
deepseek-qwen,Power_Distance,2051,1,3,,,50.0,,,,25.0,0.0,,25.0,,50.0
deepseek-qwen,Power_Distance,2053,1,1,,,25.0,,,,50.0,0.0,,50.0,,25.0
deepseek-qwen,Power_Distance,2053,1,2,,,25.0,,,,50.0,0.0,,50.0,,25.0
deepseek-qwen,Power_Distance,2053,1,3,,,25.0,,,,50.0,0.0,,50.0,,25.0
deepseek-qwen,Power_Distance,2054,1,1,,,25.0,,,,75.0,75.0,,75.0,,25.0
deepseek-qwen,Power_Distance,2054,1,2,,,25.0,,,,75.0,75.0,,75.0,,25.0
deepseek-qwen,Power_Distance,2054,1,3,,,25.0,,,,75.0,75.0,,75.0,,25.0
deepseek-qwen,Power_Distance,2055,1,1,,,0.0,,,,0.0,50.0,,0.0,,0.0
deepseek-qwen,Power_Distance,2055,1,2,,,0.0,,,,0.0,50.0,,0.0,,0.0
deepseek-qwen,Power_Distance,2055,1,3,,,0.0,,,,0.0,50.0,,0.0,,0.0
deepseek-qwen,Power_Distance,2056,1,1,,,0.0,,,,100.0,75.0,,25.0,,50.0
deepseek-qwen,Power_Distance,2056,1,2,,,0.0,,,,100.0,75.0,,25.0,,50.0
deepseek-qwen,Power_Distance,2056,1,3,,,0.0,,,,100.0,75.0,,25.0,,50.0
deepseek-qwen,Power_Distance,2057,1,1,,,25.0,,,,75.0,50.0,,25.0,,25.0
deepseek-qwen,Power_Distance,2057,1,2,,,25.0,,,,75.0,50.0,,25.0,,25.0
deepseek-qwen,Power_Distance,2057,1,3,,,25.0,,,,75.0,50.0,,25.0,,25.0
deepseek-qwen,Power_Distance,2058,1,1,,,75.0,,,,50.0,100.0,,75.0,,100.0
deepseek-qwen,Power_Distance,2058,1,2,,,75.0,,,,50.0,100.0,,75.0,,100.0
deepseek-qwen,Power_Distance,2058,1,3,,,75.0,,,,50.0,100.0,,75.0,,100.0
deepseek-qwen,Power_Distance,2059,1,1,,,100.0,,,,50.0,50.0,,25.0,,50.0
deepseek-qwen,Power_Distance,2059,1,2,,,100.0,,,,50.0,50.0,,25.0,,50.0
deepseek-qwen,Power_Distance,2059,1,3,,,100.0,,,,50.0,50.0,,25.0,,50.0
deepseek-qwen,Power_Distance,2060,1,1,,,100.0,,,,50.0,50.0,,50.0,,50.0
deepseek-qwen,Power_Distance,2060,1,2,,,100.0,,,,50.0,50.0,,50.0,,50.0
deepseek-qwen,Power_Distance,2060,1,3,,,100.0,,,,50.0,50.0,,50.0,,50.0
deepseek-qwen,Power_Distance,2061,1,1,,,75.0,,,,50.0,75.0,,75.0,,75.0
deepseek-qwen,Power_Distance,2061,1,2,,,75.0,,,,50.0,75.0,,75.0,,75.0
deepseek-qwen,Power_Distance,2061,1,3,,,75.0,,,,50.0,75.0,,75.0,,75.0
deepseek-qwen,Power_Distance,2062,1,1,,,75.0,,,,50.0,50.0,,50.0,,0.0
deepseek-qwen,Power_Distance,2062,1,2,,,75.0,,,,50.0,50.0,,50.0,,0.0
deepseek-qwen,Power_Distance,2062,1,3,,,75.0,,,,50.0,50.0,,50.0,,0.0
deepseek-qwen,Power_Distance,2063,1,1,,,50.0,,,,50.0,50.0,,50.0,,25.0
deepseek-qwen,Power_Distance,2063,1,2,,,50.0,,,,50.0,50.0,,50.0,,25.0
deepseek-qwen,Power_Distance,2063,1,3,,,50.0,,,,50.0,50.0,,50.0,,25.0
deepseek-qwen,Power_Distance,2064,1,1,,,0.0,,,,0.0,50.0,,0.0,,25.0
deepseek-qwen,Power_Distance,2064,1,2,,,0.0,,,,0.0,50.0,,0.0,,25.0
deepseek-qwen,Power_Distance,2064,1,3,,,0.0,,,,0.0,50.0,,0.0,,25.0
deepseek-qwen,Power_Distance,2065,1,1,,,0.0,,,,25.0,25.0,,25.0,,25.0
deepseek-qwen,Power_Distance,2065,1,2,,,0.0,,,,25.0,25.0,,25.0,,25.0
deepseek-qwen,Power_Distance,2065,1,3,,,0.0,,,,25.0,25.0,,25.0,,25.0
deepseek-qwen,Power_Distance,2066,1,1,,,25.0,,,,50.0,50.0,,50.0,,50.0
deepseek-qwen,Power_Distance,2066,1,2,,,25.0,,,,50.0,50.0,,50.0,,50.0
deepseek-qwen,Power_Distance,2066,1,3,,,25.0,,,,50.0,50.0,,50.0,,50.0
deepseek-qwen,Power_Distance,2067,1,1,,,75.0,,,,75.0,75.0,,50.0,,50.0
deepseek-qwen,Power_Distance,2067,1,2,,,75.0,,,,75.0,75.0,,50.0,,50.0
deepseek-qwen,Power_Distance,2067,1,3,,,75.0,,,,75.0,75.0,,50.0,,50.0
deepseek-qwen,Power_Distance,2069,1,1,,,25.0,,,,50.0,50.0,,25.0,,25.0
deepseek-qwen,Power_Distance,2069,1,2,,,25.0,,,,50.0,50.0,,25.0,,25.0
deepseek-qwen,Power_Distance,2069,1,3,,,25.0,,,,50.0,50.0,,25.0,,25.0
deepseek-qwen,Power_Distance,2073,1,1,,,25.0,,,,50.0,50.0,,25.0,,25.0
deepseek-qwen,Power_Distance,2073,1,2,,,25.0,,,,50.0,50.0,,25.0,,25.0
deepseek-qwen,Power_Distance,2073,1,3,,,25.0,,,,50.0,50.0,,25.0,,25.0
deepseek-qwen,Power_Distance,2074,1,1,,,100.0,,,,100.0,100.0,,25.0,,25.0
deepseek-qwen,Power_Distance,2074,1,2,,,100.0,,,,100.0,100.0,,25.0,,25.0
deepseek-qwen,Power_Distance,2074,1,3,,,100.0,,,,100.0,100.0,,25.0,,25.0
deepseek-qwen,Power_Distance,2075,1,1,,,25.0,,,,50.0,25.0,,25.0,,25.0
deepseek-qwen,Power_Distance,2075,1,2,,,25.0,,,,50.0,25.0,,25.0,,25.0
deepseek-qwen,Power_Distance,2075,1,3,,,25.0,,,,50.0,25.0,,25.0,,25.0
deepseek-qwen,Power_Distance,2076,1,1,,,0.0,,,,25.0,50.0,,0.0,,0.0
deepseek-qwen,Power_Distance,2076,1,2,,,0.0,,,,25.0,50.0,,0.0,,0.0
deepseek-qwen,Power_Distance,2076,1,3,,,0.0,,,,25.0,50.0,,0.0,,0.0
deepseek-qwen,Power_Distance,2079,1,1,,,75.0,,,,75.0,75.0,,75.0,,75.0
deepseek-qwen,Power_Distance,2079,1,2,,,75.0,,,,75.0,75.0,,75.0,,75.0
deepseek-qwen,Power_Distance,2079,1,3,,,75.0,,,,75.0,75.0,,75.0,,75.0
deepseek-qwen,Power_Distance,2080,1,1,,,75.0,,,,75.0,25.0,,25.0,,75.0
deepseek-qwen,Power_Distance,2080,1,2,,,75.0,,,,75.0,25.0,,25.0,,75.0
deepseek-qwen,Power_Distance,2080,1,3,,,75.0,,,,75.0,25.0,,25.0,,75.0
deepseek-qwen,Power_Distance,2081,1,1,,,25.0,,,,25.0,25.0,,25.0,,25.0
deepseek-qwen,Power_Distance,2081,1,2,,,25.0,,,,25.0,25.0,,25.0,,25.0
deepseek-qwen,Power_Distance,2081,1,3,,,25.0,,,,25.0,25.0,,25.0,,25.0
deepseek-qwen,Power_Distance,2083,1,1,,,25.0,,,,50.0,75.0,,75.0,,75.0
deepseek-qwen,Power_Distance,2083,1,2,,,25.0,,,,50.0,75.0,,75.0,,75.0
deepseek-qwen,Power_Distance,2083,1,3,,,25.0,,,,50.0,75.0,,75.0,,75.0
deepseek-qwen,Power_Distance,2084,1,1,,,0.0,,,,50.0,75.0,,0.0,,0.0
deepseek-qwen,Power_Distance,2084,1,2,,,0.0,,,,50.0,75.0,,0.0,,0.0
deepseek-qwen,Power_Distance,2084,1,3,,,0.0,,,,50.0,75.0,,0.0,,0.0
deepseek-qwen,Power_Distance,2085,1,1,,,,,,,50.0,50.0,,25.0,,50.0
deepseek-qwen,Power_Distance,2085,1,2,,,,,,,50.0,50.0,,25.0,,50.0
deepseek-qwen,Power_Distance,2085,1,3,,,,,,,50.0,50.0,,25.0,,50.0
deepseek-qwen,Power_Distance,2087,1,1,,,50.0,,,,50.0,75.0,,0.0,,50.0
deepseek-qwen,Power_Distance,2087,1,2,,,50.0,,,,50.0,75.0,,0.0,,50.0
deepseek-qwen,Power_Distance,2087,1,3,,,50.0,,,,50.0,75.0,,0.0,,50.0
deepseek-qwen,Power_Distance,2088,1,1,,,25.0,,,,50.0,25.0,,25.0,,25.0
deepseek-qwen,Power_Distance,2088,1,2,,,25.0,,,,50.0,25.0,,25.0,,25.0
deepseek-qwen,Power_Distance,2088,1,3,,,25.0,,,,50.0,25.0,,25.0,,25.0
deepseek-qwen,Power_Distance,2089,1,1,,,25.0,,,,25.0,0.0,,25.0,,25.0
deepseek-qwen,Power_Distance,2089,1,2,,,25.0,,,,25.0,0.0,,25.0,,25.0
deepseek-qwen,Power_Distance,2089,1,3,,,25.0,,,,25.0,0.0,,25.0,,25.0
deepseek-qwen,Power_Distance,2090,1,1,,,25.0,,,,25.0,50.0,,50.0,,75.0
deepseek-qwen,Power_Distance,2090,1,2,,,25.0,,,,25.0,50.0,,50.0,,75.0
deepseek-qwen,Power_Distance,2090,1,3,,,25.0,,,,25.0,50.0,,50.0,,75.0
deepseek-qwen,Power_Distance,2091,1,1,,,100.0,,,,25.0,50.0,,25.0,,25.0
deepseek-qwen,Power_Distance,2091,1,2,,,100.0,,,,25.0,50.0,,25.0,,25.0
deepseek-qwen,Power_Distance,2091,1,3,,,100.0,,,,25.0,50.0,,25.0,,25.0
deepseek-qwen,Power_Distance,2093,1,1,,,25.0,,,,50.0,25.0,,25.0,,50.0
deepseek-qwen,Power_Distance,2093,1,2,,,25.0,,,,50.0,25.0,,25.0,,50.0
deepseek-qwen,Power_Distance,2093,1,3,,,25.0,,,,50.0,25.0,,25.0,,50.0
deepseek-qwen,Power_Distance,2095,1,1,,,25.0,,,,75.0,25.0,,25.0,,25.0
deepseek-qwen,Power_Distance,2095,1,2,,,25.0,,,,75.0,25.0,,25.0,,25.0
deepseek-qwen,Power_Distance,2095,1,3,,,25.0,,,,75.0,25.0,,25.0,,25.0
deepseek-qwen,Power_Distance,2096,1,1,,,25.0,,,,50.0,25.0,,50.0,,50.0
deepseek-qwen,Power_Distance,2096,1,2,,,25.0,,,,50.0,25.0,,50.0,,50.0
deepseek-qwen,Power_Distance,2096,1,3,,,25.0,,,,50.0,25.0,,50.0,,50.0
deepseek-qwen,Power_Distance,2099,1,1,,,25.0,,,,25.0,50.0,,25.0,,50.0
deepseek-qwen,Power_Distance,2099,1,2,,,25.0,,,,25.0,50.0,,25.0,,50.0
deepseek-qwen,Power_Distance,2099,1,3,,,25.0,,,,25.0,50.0,,25.0,,50.0
deepseek-qwen,Power_Distance,2100,1,1,,,0.0,,,,0.0,0.0,,0.0,,0.0
deepseek-qwen,Power_Distance,2100,1,2,,,0.0,,,,0.0,0.0,,0.0,,0.0
deepseek-qwen,Power_Distance,2100,1,3,,,0.0,,,,0.0,0.0,,0.0,,0.0
deepseek-qwen,Power_Distance,2102,1,1,,,0.0,,,,0.0,0.0,,50.0,,0.0
deepseek-qwen,Power_Distance,2102,1,2,,,0.0,,,,0.0,0.0,,50.0,,0.0
deepseek-qwen,Power_Distance,2102,1,3,,,0.0,,,,0.0,0.0,,50.0,,0.0
deepseek-qwen,Power_Distance,2103,1,1,,,100.0,,,,50.0,75.0,,50.0,,50.0
deepseek-qwen,Power_Distance,2103,1,2,,,100.0,,,,50.0,75.0,,50.0,,50.0
deepseek-qwen,Power_Distance,2103,1,3,,,100.0,,,,50.0,75.0,,50.0,,50.0
deepseek-qwen,Power_Distance,2105,1,1,,,50.0,,,,25.0,50.0,,25.0,,50.0
deepseek-qwen,Power_Distance,2105,1,2,,,50.0,,,,25.0,50.0,,25.0,,50.0
deepseek-qwen,Power_Distance,2105,1,3,,,50.0,,,,25.0,50.0,,25.0,,50.0
deepseek-qwen,Power_Distance,2107,1,1,,,0.0,,,,0.0,0.0,,0.0,,25.0
deepseek-qwen,Power_Distance,2107,1,2,,,0.0,,,,0.0,0.0,,0.0,,25.0
deepseek-qwen,Power_Distance,2107,1,3,,,0.0,,,,0.0,0.0,,0.0,,25.0
deepseek-qwen,Power_Distance,2108,1,1,,,50.0,,,,50.0,0.0,,0.0,,0.0
deepseek-qwen,Power_Distance,2108,1,2,,,50.0,,,,50.0,0.0,,0.0,,0.0
deepseek-qwen,Power_Distance,2108,1,3,,,50.0,,,,50.0,0.0,,0.0,,0.0
deepseek-qwen,Power_Distance,2109,1,1,,,75.0,,,,25.0,50.0,,50.0,,0.0
deepseek-qwen,Power_Distance,2109,1,2,,,75.0,,,,25.0,50.0,,50.0,,0.0
deepseek-qwen,Power_Distance,2109,1,3,,,75.0,,,,25.0,50.0,,50.0,,0.0
deepseek-qwen,Power_Distance,2112,1,1,,,0.0,,,,50.0,50.0,,0.0,,25.0
deepseek-qwen,Power_Distance,2112,1,2,,,0.0,,,,50.0,50.0,,0.0,,25.0
deepseek-qwen,Power_Distance,2112,1,3,,,0.0,,,,50.0,50.0,,0.0,,25.0
deepseek-qwen,Power_Distance,2113,1,1,,,50.0,,,,50.0,50.0,,50.0,,50.0
deepseek-qwen,Power_Distance,2113,1,2,,,50.0,,,,50.0,50.0,,50.0,,50.0
deepseek-qwen,Power_Distance,2113,1,3,,,50.0,,,,50.0,50.0,,50.0,,50.0
deepseek-qwen,Power_Distance,2116,1,1,,,25.0,,,,75.0,75.0,,50.0,,50.0
deepseek-qwen,Power_Distance,2116,1,2,,,25.0,,,,75.0,75.0,,50.0,,50.0
deepseek-qwen,Power_Distance,2116,1,3,,,25.0,,,,75.0,75.0,,50.0,,50.0
deepseek-qwen,Power_Distance,2123,1,1,,,25.0,,,,75.0,50.0,,25.0,,25.0
deepseek-qwen,Power_Distance,2123,1,2,,,25.0,,,,75.0,50.0,,25.0,,25.0
deepseek-qwen,Power_Distance,2123,1,3,,,25.0,,,,75.0,50.0,,25.0,,25.0
deepseek-qwen,Power_Distance,2125,1,1,,,100.0,,,,100.0,100.0,,100.0,,100.0
deepseek-qwen,Power_Distance,2125,1,2,,,100.0,,,,100.0,100.0,,100.0,,100.0
deepseek-qwen,Power_Distance,2125,1,3,,,100.0,,,,100.0,100.0,,100.0,,100.0
deepseek-qwen,Power_Distance,2130,1,1,,,100.0,,,,50.0,75.0,,50.0,,
deepseek-qwen,Power_Distance,2130,1,2,,,100.0,,,,50.0,75.0,,50.0,,
deepseek-qwen,Power_Distance,2130,1,3,,,100.0,,,,50.0,75.0,,50.0,,
deepseek-qwen,Power_Distance,2132,1,1,,,100.0,,,,25.0,100.0,,50.0,,25.0
deepseek-qwen,Power_Distance,2132,1,2,,,100.0,,,,25.0,100.0,,50.0,,25.0
deepseek-qwen,Power_Distance,2132,1,3,,,100.0,,,,25.0,100.0,,50.0,,25.0
deepseek-qwen,Power_Distance,2134,1,1,,,50.0,,,,75.0,50.0,,50.0,,25.0
deepseek-qwen,Power_Distance,2134,1,2,,,50.0,,,,75.0,50.0,,50.0,,25.0
deepseek-qwen,Power_Distance,2134,1,3,,,50.0,,,,75.0,50.0,,50.0,,25.0
deepseek-qwen,Uncertainty_Avoidance,2423,1,1,,,75.0,,,,75.0,75.0,,25.0,,25.0
deepseek-qwen,Uncertainty_Avoidance,2423,1,2,,,75.0,,,,75.0,75.0,,25.0,,25.0
deepseek-qwen,Uncertainty_Avoidance,2423,1,3,,,75.0,,,,75.0,75.0,,25.0,,25.0
deepseek-qwen,Uncertainty_Avoidance,2424,1,1,,,50.0,,,,50.0,75.0,,50.0,,50.0
deepseek-qwen,Uncertainty_Avoidance,2424,1,2,,,50.0,,,,50.0,75.0,,50.0,,50.0
deepseek-qwen,Uncertainty_Avoidance,2424,1,3,,,50.0,,,,50.0,75.0,,50.0,,50.0
deepseek-qwen,Uncertainty_Avoidance,2425,1,1,,,25.0,,,,0.0,0.0,,0.0,,0.0
deepseek-qwen,Uncertainty_Avoidance,2425,1,2,,,25.0,,,,0.0,0.0,,0.0,,0.0
deepseek-qwen,Uncertainty_Avoidance,2425,1,3,,,25.0,,,,0.0,0.0,,0.0,,0.0
deepseek-qwen,Uncertainty_Avoidance,2426,1,1,,,75.0,,,,50.0,0.0,,50.0,,50.0
deepseek-qwen,Uncertainty_Avoidance,2426,1,2,,,75.0,,,,50.0,0.0,,50.0,,50.0
deepseek-qwen,Uncertainty_Avoidance,2426,1,3,,,75.0,,,,50.0,0.0,,50.0,,50.0
deepseek-qwen,Uncertainty_Avoidance,2427,1,1,,,75.0,,,,0.0,50.0,,25.0,,50.0
deepseek-qwen,Uncertainty_Avoidance,2427,1,2,,,75.0,,,,0.0,50.0,,25.0,,50.0
deepseek-qwen,Uncertainty_Avoidance,2427,1,3,,,75.0,,,,0.0,50.0,,25.0,,50.0
deepseek-qwen,Uncertainty_Avoidance,2428,1,1,,,50.0,,,,25.0,50.0,,50.0,,50.0
deepseek-qwen,Uncertainty_Avoidance,2428,1,2,,,50.0,,,,25.0,50.0,,50.0,,50.0
deepseek-qwen,Uncertainty_Avoidance,2428,1,3,,,50.0,,,,25.0,50.0,,50.0,,50.0
deepseek-qwen,Uncertainty_Avoidance,2429,1,1,,,50.0,,,,50.0,50.0,,50.0,,50.0
deepseek-qwen,Uncertainty_Avoidance,2429,1,2,,,50.0,,,,50.0,50.0,,50.0,,50.0
deepseek-qwen,Uncertainty_Avoidance,2429,1,3,,,50.0,,,,50.0,50.0,,50.0,,50.0
deepseek-qwen,Uncertainty_Avoidance,2430,1,1,,,0.0,,,,25.0,25.0,,25.0,,25.0
deepseek-qwen,Uncertainty_Avoidance,2430,1,2,,,0.0,,,,25.0,25.0,,25.0,,25.0
deepseek-qwen,Uncertainty_Avoidance,2430,1,3,,,0.0,,,,25.0,25.0,,25.0,,25.0
deepseek-qwen,Uncertainty_Avoidance,2431,1,1,,,100.0,,,,25.0,50.0,,25.0,,25.0
deepseek-qwen,Uncertainty_Avoidance,2431,1,2,,,100.0,,,,25.0,50.0,,25.0,,25.0
deepseek-qwen,Uncertainty_Avoidance,2431,1,3,,,100.0,,,,25.0,50.0,,25.0,,25.0
deepseek-qwen,Uncertainty_Avoidance,2432,1,1,,,75.0,,,,25.0,25.0,,75.0,,25.0
deepseek-qwen,Uncertainty_Avoidance,2432,1,2,,,75.0,,,,25.0,25.0,,75.0,,25.0
deepseek-qwen,Uncertainty_Avoidance,2432,1,3,,,75.0,,,,25.0,25.0,,75.0,,25.0
deepseek-qwen,Uncertainty_Avoidance,2433,1,1,,,,,,,75.0,50.0,,50.0,,50.0
deepseek-qwen,Uncertainty_Avoidance,2433,1,2,,,,,,,75.0,50.0,,50.0,,50.0
deepseek-qwen,Uncertainty_Avoidance,2433,1,3,,,,,,,75.0,50.0,,50.0,,50.0
deepseek-qwen,Uncertainty_Avoidance,2434,1,1,,,50.0,,,,50.0,50.0,,25.0,,25.0
deepseek-qwen,Uncertainty_Avoidance,2434,1,2,,,50.0,,,,50.0,50.0,,25.0,,25.0
deepseek-qwen,Uncertainty_Avoidance,2434,1,3,,,50.0,,,,50.0,50.0,,25.0,,25.0
deepseek-qwen,Uncertainty_Avoidance,2435,1,1,,,0.0,,,,25.0,0.0,,50.0,,25.0
deepseek-qwen,Uncertainty_Avoidance,2435,1,2,,,0.0,,,,25.0,0.0,,50.0,,25.0
deepseek-qwen,Uncertainty_Avoidance,2435,1,3,,,0.0,,,,25.0,0.0,,50.0,,25.0
deepseek-qwen,Uncertainty_Avoidance,2436,1,1,,,50.0,,,,50.0,0.0,,50.0,,50.0
deepseek-qwen,Uncertainty_Avoidance,2436,1,2,,,50.0,,,,50.0,0.0,,50.0,,50.0
deepseek-qwen,Uncertainty_Avoidance,2436,1,3,,,50.0,,,,50.0,0.0,,50.0,,50.0
deepseek-qwen,Uncertainty_Avoidance,2437,1,1,,,25.0,,,,25.0,25.0,,25.0,,25.0
deepseek-qwen,Uncertainty_Avoidance,2437,1,2,,,25.0,,,,25.0,25.0,,25.0,,25.0
deepseek-qwen,Uncertainty_Avoidance,2437,1,3,,,25.0,,,,25.0,25.0,,25.0,,25.0
deepseek-qwen,Uncertainty_Avoidance,2438,1,1,,,25.0,,,,25.0,50.0,,25.0,,25.0
deepseek-qwen,Uncertainty_Avoidance,2438,1,2,,,25.0,,,,25.0,50.0,,25.0,,25.0
deepseek-qwen,Uncertainty_Avoidance,2438,1,3,,,25.0,,,,25.0,50.0,,25.0,,25.0
deepseek-qwen,Uncertainty_Avoidance,2439,1,1,,,25.0,,,,25.0,25.0,,25.0,,25.0
deepseek-qwen,Uncertainty_Avoidance,2439,1,2,,,25.0,,,,25.0,25.0,,25.0,,25.0
deepseek-qwen,Uncertainty_Avoidance,2439,1,3,,,25.0,,,,25.0,25.0,,25.0,,25.0
deepseek-qwen,Uncertainty_Avoidance,2440,1,1,,,25.0,,,,25.0,50.0,,50.0,,50.0
deepseek-qwen,Uncertainty_Avoidance,2440,1,2,,,25.0,,,,25.0,50.0,,50.0,,50.0
deepseek-qwen,Uncertainty_Avoidance,2440,1,3,,,25.0,,,,25.0,50.0,,50.0,,50.0
deepseek-qwen,Uncertainty_Avoidance,2445,1,1,,,,,,,50.0,50.0,,50.0,,100.0
deepseek-qwen,Uncertainty_Avoidance,2445,1,2,,,,,,,50.0,50.0,,50.0,,100.0
deepseek-qwen,Uncertainty_Avoidance,2445,1,3,,,,,,,50.0,50.0,,50.0,,100.0
deepseek-qwen,Uncertainty_Avoidance,2446,1,1,,,50.0,,,,75.0,50.0,,50.0,,25.0
deepseek-qwen,Uncertainty_Avoidance,2446,1,2,,,50.0,,,,75.0,50.0,,50.0,,25.0
deepseek-qwen,Uncertainty_Avoidance,2446,1,3,,,50.0,,,,75.0,50.0,,50.0,,25.0
deepseek-qwen,Uncertainty_Avoidance,2447,1,1,,,0.0,,,,25.0,50.0,,25.0,,25.0
deepseek-qwen,Uncertainty_Avoidance,2447,1,2,,,0.0,,,,25.0,50.0,,25.0,,25.0
deepseek-qwen,Uncertainty_Avoidance,2447,1,3,,,0.0,,,,25.0,50.0,,25.0,,25.0
deepseek-qwen,Uncertainty_Avoidance,2449,1,1,,,75.0,,,,25.0,50.0,,50.0,,50.0
deepseek-qwen,Uncertainty_Avoidance,2449,1,2,,,75.0,,,,25.0,50.0,,50.0,,50.0
deepseek-qwen,Uncertainty_Avoidance,2449,1,3,,,75.0,,,,25.0,50.0,,50.0,,50.0
deepseek-qwen,Uncertainty_Avoidance,2450,1,1,,,100.0,,,,50.0,25.0,,25.0,,25.0
deepseek-qwen,Uncertainty_Avoidance,2450,1,2,,,100.0,,,,50.0,25.0,,25.0,,25.0
deepseek-qwen,Uncertainty_Avoidance,2450,1,3,,,100.0,,,,50.0,25.0,,25.0,,25.0
deepseek-qwen,Uncertainty_Avoidance,2452,1,1,,,0.0,,,,50.0,50.0,,50.0,,0.0
deepseek-qwen,Uncertainty_Avoidance,2452,1,2,,,0.0,,,,50.0,50.0,,50.0,,0.0
deepseek-qwen,Uncertainty_Avoidance,2452,1,3,,,0.0,,,,50.0,50.0,,50.0,,0.0
deepseek-qwen,Uncertainty_Avoidance,2453,1,1,,,0.0,,,,50.0,0.0,,0.0,,25.0
deepseek-qwen,Uncertainty_Avoidance,2453,1,2,,,0.0,,,,50.0,0.0,,0.0,,25.0
deepseek-qwen,Uncertainty_Avoidance,2453,1,3,,,0.0,,,,50.0,0.0,,0.0,,25.0
deepseek-qwen,Uncertainty_Avoidance,2454,1,1,,,25.0,,,,25.0,50.0,,50.0,,50.0
deepseek-qwen,Uncertainty_Avoidance,2454,1,2,,,25.0,,,,25.0,50.0,,50.0,,50.0
deepseek-qwen,Uncertainty_Avoidance,2454,1,3,,,25.0,,,,25.0,50.0,,50.0,,50.0
deepseek-qwen,Uncertainty_Avoidance,2456,1,1,,,0.0,,,,25.0,0.0,,25.0,,50.0
deepseek-qwen,Uncertainty_Avoidance,2456,1,2,,,0.0,,,,25.0,0.0,,25.0,,50.0
deepseek-qwen,Uncertainty_Avoidance,2456,1,3,,,0.0,,,,25.0,0.0,,25.0,,50.0
deepseek-qwen,Uncertainty_Avoidance,2457,1,1,,,0.0,,,,100.0,25.0,,50.0,,50.0
deepseek-qwen,Uncertainty_Avoidance,2457,1,2,,,0.0,,,,100.0,25.0,,50.0,,50.0
deepseek-qwen,Uncertainty_Avoidance,2457,1,3,,,0.0,,,,100.0,25.0,,50.0,,50.0
deepseek-qwen,Uncertainty_Avoidance,2459,1,1,,,25.0,,,,50.0,25.0,,50.0,,50.0
deepseek-qwen,Uncertainty_Avoidance,2459,1,2,,,25.0,,,,50.0,25.0,,50.0,,50.0
deepseek-qwen,Uncertainty_Avoidance,2459,1,3,,,25.0,,,,50.0,25.0,,50.0,,50.0
deepseek-qwen,Uncertainty_Avoidance,2460,1,1,,,50.0,,,,50.0,50.0,,50.0,,50.0
deepseek-qwen,Uncertainty_Avoidance,2460,1,2,,,50.0,,,,50.0,50.0,,50.0,,50.0
deepseek-qwen,Uncertainty_Avoidance,2460,1,3,,,50.0,,,,50.0,50.0,,50.0,,50.0
deepseek-qwen,Uncertainty_Avoidance,2461,1,1,,,75.0,,,,25.0,50.0,,0.0,,50.0
deepseek-qwen,Uncertainty_Avoidance,2461,1,2,,,75.0,,,,25.0,50.0,,0.0,,50.0
deepseek-qwen,Uncertainty_Avoidance,2461,1,3,,,75.0,,,,25.0,50.0,,0.0,,50.0
deepseek-qwen,Uncertainty_Avoidance,2463,1,1,,,25.0,,,,50.0,50.0,,50.0,,25.0
deepseek-qwen,Uncertainty_Avoidance,2463,1,2,,,25.0,,,,50.0,50.0,,50.0,,25.0
deepseek-qwen,Uncertainty_Avoidance,2463,1,3,,,25.0,,,,50.0,50.0,,50.0,,25.0
deepseek-qwen,Uncertainty_Avoidance,2464,1,1,,,75.0,,,,75.0,75.0,,100.0,,75.0
deepseek-qwen,Uncertainty_Avoidance,2464,1,2,,,75.0,,,,75.0,75.0,,100.0,,75.0
deepseek-qwen,Uncertainty_Avoidance,2464,1,3,,,75.0,,,,75.0,75.0,,100.0,,75.0
deepseek-qwen,Uncertainty_Avoidance,2466,1,1,,,50.0,,,,75.0,25.0,,25.0,,25.0
deepseek-qwen,Uncertainty_Avoidance,2466,1,2,,,50.0,,,,75.0,25.0,,25.0,,25.0
deepseek-qwen,Uncertainty_Avoidance,2466,1,3,,,50.0,,,,75.0,25.0,,25.0,,25.0
deepseek-qwen,Uncertainty_Avoidance,2467,1,1,,,25.0,,,,,50.0,,25.0,,25.0
deepseek-qwen,Uncertainty_Avoidance,2467,1,2,,,25.0,,,,,50.0,,25.0,,25.0
deepseek-qwen,Uncertainty_Avoidance,2467,1,3,,,25.0,,,,,50.0,,25.0,,25.0
deepseek-qwen,Uncertainty_Avoidance,2468,1,1,,,0.0,,,,75.0,50.0,,50.0,,50.0
deepseek-qwen,Uncertainty_Avoidance,2468,1,2,,,0.0,,,,75.0,50.0,,50.0,,50.0
deepseek-qwen,Uncertainty_Avoidance,2468,1,3,,,0.0,,,,75.0,50.0,,50.0,,50.0
deepseek-qwen,Uncertainty_Avoidance,2469,1,1,,,25.0,,,,25.0,25.0,,50.0,,25.0
deepseek-qwen,Uncertainty_Avoidance,2469,1,2,,,25.0,,,,25.0,25.0,,50.0,,25.0
deepseek-qwen,Uncertainty_Avoidance,2469,1,3,,,25.0,,,,25.0,25.0,,50.0,,25.0
deepseek-qwen,Uncertainty_Avoidance,2471,1,1,,,25.0,,,,50.0,50.0,,25.0,,50.0
deepseek-qwen,Uncertainty_Avoidance,2471,1,2,,,25.0,,,,50.0,50.0,,25.0,,50.0
deepseek-qwen,Uncertainty_Avoidance,2471,1,3,,,25.0,,,,50.0,50.0,,25.0,,50.0
deepseek-qwen,Uncertainty_Avoidance,2473,1,1,,,25.0,,,,25.0,25.0,,75.0,,50.0
deepseek-qwen,Uncertainty_Avoidance,2473,1,2,,,25.0,,,,25.0,25.0,,75.0,,50.0
deepseek-qwen,Uncertainty_Avoidance,2473,1,3,,,25.0,,,,25.0,25.0,,75.0,,50.0
deepseek-qwen,Uncertainty_Avoidance,2474,1,1,,,25.0,,,,50.0,50.0,,0.0,,50.0
deepseek-qwen,Uncertainty_Avoidance,2474,1,2,,,25.0,,,,50.0,50.0,,0.0,,50.0
deepseek-qwen,Uncertainty_Avoidance,2474,1,3,,,25.0,,,,50.0,50.0,,0.0,,50.0
deepseek-qwen,Uncertainty_Avoidance,2475,1,1,,,50.0,,,,75.0,50.0,,0.0,,50.0
deepseek-qwen,Uncertainty_Avoidance,2475,1,2,,,50.0,,,,75.0,50.0,,0.0,,50.0
deepseek-qwen,Uncertainty_Avoidance,2475,1,3,,,50.0,,,,75.0,50.0,,0.0,,50.0
deepseek-qwen,Uncertainty_Avoidance,2476,1,1,,,25.0,,,,50.0,50.0,,25.0,,0.0
deepseek-qwen,Uncertainty_Avoidance,2476,1,2,,,25.0,,,,50.0,50.0,,25.0,,0.0
deepseek-qwen,Uncertainty_Avoidance,2476,1,3,,,25.0,,,,50.0,50.0,,25.0,,0.0
deepseek-qwen,Uncertainty_Avoidance,2477,1,1,,,50.0,,,,50.0,50.0,,75.0,,75.0
deepseek-qwen,Uncertainty_Avoidance,2477,1,2,,,50.0,,,,50.0,50.0,,75.0,,75.0
deepseek-qwen,Uncertainty_Avoidance,2477,1,3,,,50.0,,,,50.0,50.0,,75.0,,75.0
deepseek-qwen,Uncertainty_Avoidance,2478,1,1,,,75.0,,,,50.0,25.0,,50.0,,25.0
deepseek-qwen,Uncertainty_Avoidance,2478,1,2,,,75.0,,,,50.0,25.0,,50.0,,25.0
deepseek-qwen,Uncertainty_Avoidance,2478,1,3,,,75.0,,,,50.0,25.0,,50.0,,25.0
deepseek-qwen,Uncertainty_Avoidance,2479,1,1,,,50.0,,,,25.0,50.0,,0.0,,25.0
deepseek-qwen,Uncertainty_Avoidance,2479,1,2,,,50.0,,,,25.0,50.0,,0.0,,25.0
deepseek-qwen,Uncertainty_Avoidance,2479,1,3,,,50.0,,,,25.0,50.0,,0.0,,25.0
deepseek-qwen,Uncertainty_Avoidance,2482,1,1,,,50.0,,,,25.0,50.0,,50.0,,25.0
deepseek-qwen,Uncertainty_Avoidance,2482,1,2,,,50.0,,,,25.0,50.0,,50.0,,25.0
deepseek-qwen,Uncertainty_Avoidance,2482,1,3,,,50.0,,,,25.0,50.0,,50.0,,25.0
deepseek-qwen,Uncertainty_Avoidance,2483,1,1,,,25.0,,,,75.0,25.0,,25.0,,25.0
deepseek-qwen,Uncertainty_Avoidance,2483,1,2,,,25.0,,,,75.0,25.0,,25.0,,25.0
deepseek-qwen,Uncertainty_Avoidance,2483,1,3,,,25.0,,,,75.0,25.0,,25.0,,25.0
deepseek-qwen,Uncertainty_Avoidance,2484,1,1,,,25.0,,,,25.0,25.0,,25.0,,25.0
deepseek-qwen,Uncertainty_Avoidance,2484,1,2,,,25.0,,,,25.0,25.0,,25.0,,25.0
deepseek-qwen,Uncertainty_Avoidance,2484,1,3,,,25.0,,,,25.0,25.0,,25.0,,25.0
deepseek-qwen,Uncertainty_Avoidance,2485,1,1,,,25.0,,,,25.0,25.0,,50.0,,25.0
deepseek-qwen,Uncertainty_Avoidance,2485,1,2,,,25.0,,,,25.0,25.0,,50.0,,25.0
deepseek-qwen,Uncertainty_Avoidance,2485,1,3,,,25.0,,,,25.0,25.0,,50.0,,25.0
deepseek-qwen,Uncertainty_Avoidance,2487,1,1,,,25.0,,,,50.0,,,0.0,,25.0
deepseek-qwen,Uncertainty_Avoidance,2487,1,2,,,25.0,,,,50.0,,,0.0,,25.0
deepseek-qwen,Uncertainty_Avoidance,2487,1,3,,,25.0,,,,50.0,,,0.0,,25.0
deepseek-qwen,Uncertainty_Avoidance,2488,1,1,,,0.0,,,,50.0,50.0,,50.0,,25.0
deepseek-qwen,Uncertainty_Avoidance,2488,1,2,,,0.0,,,,50.0,50.0,,50.0,,25.0
deepseek-qwen,Uncertainty_Avoidance,2488,1,3,,,0.0,,,,50.0,50.0,,50.0,,25.0
deepseek-qwen,Uncertainty_Avoidance,2489,1,1,,,50.0,,,,50.0,50.0,,50.0,,50.0
deepseek-qwen,Uncertainty_Avoidance,2489,1,2,,,50.0,,,,50.0,50.0,,50.0,,50.0
deepseek-qwen,Uncertainty_Avoidance,2489,1,3,,,50.0,,,,50.0,50.0,,50.0,,50.0
deepseek-qwen,Uncertainty_Avoidance,2490,1,1,,,75.0,,,,75.0,75.0,,50.0,,50.0
deepseek-qwen,Uncertainty_Avoidance,2490,1,2,,,75.0,,,,75.0,75.0,,50.0,,50.0
deepseek-qwen,Uncertainty_Avoidance,2490,1,3,,,75.0,,,,75.0,75.0,,50.0,,50.0
deepseek-qwen,Uncertainty_Avoidance,2492,1,1,,,75.0,,,,50.0,50.0,,50.0,,50.0
deepseek-qwen,Uncertainty_Avoidance,2492,1,2,,,75.0,,,,50.0,50.0,,50.0,,50.0
deepseek-qwen,Uncertainty_Avoidance,2492,1,3,,,75.0,,,,50.0,50.0,,50.0,,50.0
deepseek-qwen,Uncertainty_Avoidance,2493,1,1,,,50.0,,,,50.0,50.0,,50.0,,50.0
deepseek-qwen,Uncertainty_Avoidance,2493,1,2,,,50.0,,,,50.0,50.0,,50.0,,50.0
deepseek-qwen,Uncertainty_Avoidance,2493,1,3,,,50.0,,,,50.0,50.0,,50.0,,50.0
deepseek-qwen,Uncertainty_Avoidance,2494,1,1,,,25.0,,,,50.0,50.0,,25.0,,25.0
deepseek-qwen,Uncertainty_Avoidance,2494,1,2,,,25.0,,,,50.0,50.0,,25.0,,25.0
deepseek-qwen,Uncertainty_Avoidance,2494,1,3,,,25.0,,,,50.0,50.0,,25.0,,25.0
deepseek-qwen,Uncertainty_Avoidance,2495,1,1,,,0.0,,,,50.0,,,50.0,,25.0
deepseek-qwen,Uncertainty_Avoidance,2495,1,2,,,0.0,,,,50.0,,,50.0,,25.0
deepseek-qwen,Uncertainty_Avoidance,2495,1,3,,,0.0,,,,50.0,,,50.0,,25.0
deepseek-qwen,Uncertainty_Avoidance,2497,1,1,,,25.0,,,,50.0,25.0,,25.0,,50.0
deepseek-qwen,Uncertainty_Avoidance,2497,1,2,,,25.0,,,,50.0,25.0,,25.0,,50.0
deepseek-qwen,Uncertainty_Avoidance,2497,1,3,,,25.0,,,,50.0,25.0,,25.0,,50.0
deepseek-qwen,Uncertainty_Avoidance,2501,1,1,,,50.0,,,,50.0,50.0,,50.0,,50.0
deepseek-qwen,Uncertainty_Avoidance,2501,1,2,,,50.0,,,,50.0,50.0,,50.0,,50.0
deepseek-qwen,Uncertainty_Avoidance,2501,1,3,,,50.0,,,,50.0,50.0,,50.0,,50.0
deepseek-qwen,Uncertainty_Avoidance,2503,1,1,,,100.0,,,,50.0,75.0,,50.0,,25.0
deepseek-qwen,Uncertainty_Avoidance,2503,1,2,,,100.0,,,,50.0,75.0,,50.0,,25.0
deepseek-qwen,Uncertainty_Avoidance,2503,1,3,,,100.0,,,,50.0,75.0,,50.0,,25.0
deepseek-qwen,Uncertainty_Avoidance,2505,1,1,,,25.0,,,,50.0,25.0,,25.0,,25.0
deepseek-qwen,Uncertainty_Avoidance,2505,1,2,,,25.0,,,,50.0,25.0,,25.0,,25.0
deepseek-qwen,Uncertainty_Avoidance,2505,1,3,,,25.0,,,,50.0,25.0,,25.0,,25.0
deepseek-qwen,Uncertainty_Avoidance,2506,1,1,,,50.0,,,,50.0,50.0,,50.0,,50.0
deepseek-qwen,Uncertainty_Avoidance,2506,1,2,,,50.0,,,,50.0,50.0,,50.0,,50.0
deepseek-qwen,Uncertainty_Avoidance,2506,1,3,,,50.0,,,,50.0,50.0,,50.0,,50.0
deepseek-qwen,Uncertainty_Avoidance,2508,1,1,,,0.0,,,,25.0,50.0,,25.0,,25.0
deepseek-qwen,Uncertainty_Avoidance,2508,1,2,,,0.0,,,,25.0,50.0,,25.0,,25.0
deepseek-qwen,Uncertainty_Avoidance,2508,1,3,,,0.0,,,,25.0,50.0,,25.0,,25.0
deepseek-qwen,Uncertainty_Avoidance,2511,1,1,,,50.0,,,,0.0,75.0,,25.0,,75.0
deepseek-qwen,Uncertainty_Avoidance,2511,1,2,,,50.0,,,,0.0,75.0,,25.0,,75.0
deepseek-qwen,Uncertainty_Avoidance,2511,1,3,,,50.0,,,,0.0,75.0,,25.0,,75.0
deepseek-qwen,Uncertainty_Avoidance,2513,1,1,,,0.0,,,,50.0,50.0,,25.0,,25.0
deepseek-qwen,Uncertainty_Avoidance,2513,1,2,,,0.0,,,,50.0,50.0,,25.0,,25.0
deepseek-qwen,Uncertainty_Avoidance,2513,1,3,,,0.0,,,,50.0,50.0,,25.0,,25.0
deepseek-qwen,Uncertainty_Avoidance,2514,1,1,,,50.0,,,,25.0,25.0,,25.0,,25.0
deepseek-qwen,Uncertainty_Avoidance,2514,1,2,,,50.0,,,,25.0,25.0,,25.0,,25.0
deepseek-qwen,Uncertainty_Avoidance,2514,1,3,,,50.0,,,,25.0,25.0,,25.0,,25.0
deepseek-qwen,Uncertainty_Avoidance,2516,1,1,,,50.0,,,,50.0,50.0,,75.0,,50.0
deepseek-qwen,Uncertainty_Avoidance,2516,1,2,,,50.0,,,,50.0,50.0,,75.0,,50.0
deepseek-qwen,Uncertainty_Avoidance,2516,1,3,,,50.0,,,,50.0,50.0,,75.0,,50.0
deepseek-qwen,Uncertainty_Avoidance,2518,1,1,,,25.0,,,,50.0,50.0,,25.0,,25.0
deepseek-qwen,Uncertainty_Avoidance,2518,1,2,,,25.0,,,,50.0,50.0,,25.0,,25.0
deepseek-qwen,Uncertainty_Avoidance,2518,1,3,,,25.0,,,,50.0,50.0,,25.0,,25.0
deepseek-qwen,Uncertainty_Avoidance,2520,1,1,,,25.0,,,,50.0,50.0,,50.0,,50.0
deepseek-qwen,Uncertainty_Avoidance,2520,1,2,,,25.0,,,,50.0,50.0,,50.0,,50.0
deepseek-qwen,Uncertainty_Avoidance,2520,1,3,,,25.0,,,,50.0,50.0,,50.0,,50.0
deepseek-qwen,Uncertainty_Avoidance,2521,1,1,,,75.0,,,,25.0,25.0,,25.0,,25.0
deepseek-qwen,Uncertainty_Avoidance,2521,1,2,,,75.0,,,,25.0,25.0,,25.0,,25.0
deepseek-qwen,Uncertainty_Avoidance,2521,1,3,,,75.0,,,,25.0,25.0,,25.0,,25.0
deepseek-qwen,Uncertainty_Avoidance,2523,1,1,,,25.0,,,,75.0,50.0,,0.0,,25.0
deepseek-qwen,Uncertainty_Avoidance,2523,1,2,,,25.0,,,,75.0,50.0,,0.0,,25.0
deepseek-qwen,Uncertainty_Avoidance,2523,1,3,,,25.0,,,,75.0,50.0,,0.0,,25.0
deepseek-qwen,Uncertainty_Avoidance,2524,1,1,,,75.0,,,,50.0,50.0,,50.0,,75.0
deepseek-qwen,Uncertainty_Avoidance,2524,1,2,,,75.0,,,,50.0,50.0,,50.0,,75.0
deepseek-qwen,Uncertainty_Avoidance,2524,1,3,,,75.0,,,,50.0,50.0,,50.0,,75.0
deepseek-qwen,Uncertainty_Avoidance,2525,1,1,,,75.0,,,,75.0,50.0,,75.0,,50.0
deepseek-qwen,Uncertainty_Avoidance,2525,1,2,,,75.0,,,,75.0,50.0,,75.0,,50.0
deepseek-qwen,Uncertainty_Avoidance,2525,1,3,,,75.0,,,,75.0,50.0,,75.0,,50.0
deepseek-qwen,Uncertainty_Avoidance,2526,1,1,,,0.0,,,,25.0,25.0,,25.0,,25.0
deepseek-qwen,Uncertainty_Avoidance,2526,1,2,,,0.0,,,,25.0,25.0,,25.0,,25.0
deepseek-qwen,Uncertainty_Avoidance,2526,1,3,,,0.0,,,,25.0,25.0,,25.0,,25.0
deepseek-qwen,Uncertainty_Avoidance,2528,1,1,,,25.0,,,,100.0,50.0,,50.0,,50.0
deepseek-qwen,Uncertainty_Avoidance,2528,1,2,,,25.0,,,,100.0,50.0,,50.0,,50.0
deepseek-qwen,Uncertainty_Avoidance,2528,1,3,,,25.0,,,,100.0,50.0,,50.0,,50.0
deepseek-qwen,Uncertainty_Avoidance,2529,1,1,,,25.0,,,,50.0,25.0,,25.0,,25.0
deepseek-qwen,Uncertainty_Avoidance,2529,1,2,,,25.0,,,,50.0,25.0,,25.0,,25.0
deepseek-qwen,Uncertainty_Avoidance,2529,1,3,,,25.0,,,,50.0,25.0,,25.0,,25.0
deepseek-qwen,Uncertainty_Avoidance,2530,1,1,,,75.0,,,,50.0,50.0,,50.0,,50.0
deepseek-qwen,Uncertainty_Avoidance,2530,1,2,,,75.0,,,,50.0,50.0,,50.0,,50.0
deepseek-qwen,Uncertainty_Avoidance,2530,1,3,,,75.0,,,,50.0,50.0,,50.0,,50.0
deepseek-qwen,Uncertainty_Avoidance,2532,1,1,,,75.0,,,,25.0,50.0,,50.0,,50.0
deepseek-qwen,Uncertainty_Avoidance,2532,1,2,,,75.0,,,,25.0,50.0,,50.0,,50.0
deepseek-qwen,Uncertainty_Avoidance,2532,1,3,,,75.0,,,,25.0,50.0,,50.0,,50.0
deepseek-qwen,Uncertainty_Avoidance,2533,1,1,,,25.0,,,,50.0,25.0,,50.0,,25.0
deepseek-qwen,Uncertainty_Avoidance,2533,1,2,,,25.0,,,,50.0,25.0,,50.0,,25.0
deepseek-qwen,Uncertainty_Avoidance,2533,1,3,,,25.0,,,,50.0,25.0,,50.0,,25.0
deepseek-qwen,Uncertainty_Avoidance,2534,1,1,,,25.0,,,,75.0,50.0,,50.0,,50.0
deepseek-qwen,Uncertainty_Avoidance,2534,1,2,,,25.0,,,,75.0,50.0,,50.0,,50.0
deepseek-qwen,Uncertainty_Avoidance,2534,1,3,,,25.0,,,,75.0,50.0,,50.0,,50.0
deepseek-qwen,Uncertainty_Avoidance,2535,1,1,,,25.0,,,,25.0,50.0,,50.0,,75.0
deepseek-qwen,Uncertainty_Avoidance,2535,1,2,,,25.0,,,,25.0,50.0,,50.0,,75.0
deepseek-qwen,Uncertainty_Avoidance,2535,1,3,,,25.0,,,,25.0,50.0,,50.0,,75.0
deepseek-qwen,Uncertainty_Avoidance,2536,1,1,,,25.0,,,,25.0,25.0,,50.0,,25.0
deepseek-qwen,Uncertainty_Avoidance,2536,1,2,,,25.0,,,,25.0,25.0,,50.0,,25.0
deepseek-qwen,Uncertainty_Avoidance,2536,1,3,,,25.0,,,,25.0,25.0,,50.0,,25.0
deepseek-qwen,Uncertainty_Avoidance,2537,1,1,,,50.0,,,,50.0,50.0,,50.0,,50.0
deepseek-qwen,Uncertainty_Avoidance,2537,1,2,,,50.0,,,,50.0,50.0,,50.0,,50.0
deepseek-qwen,Uncertainty_Avoidance,2537,1,3,,,50.0,,,,50.0,50.0,,50.0,,50.0
deepseek-qwen,Uncertainty_Avoidance,2538,1,1,,,0.0,,,,50.0,0.0,,50.0,,50.0
deepseek-qwen,Uncertainty_Avoidance,2538,1,2,,,0.0,,,,50.0,0.0,,50.0,,50.0
deepseek-qwen,Uncertainty_Avoidance,2538,1,3,,,0.0,,,,50.0,0.0,,50.0,,50.0
deepseek-qwen,Uncertainty_Avoidance,2539,1,1,,,25.0,,,,25.0,75.0,,50.0,,25.0
deepseek-qwen,Uncertainty_Avoidance,2539,1,2,,,25.0,,,,25.0,75.0,,50.0,,25.0
deepseek-qwen,Uncertainty_Avoidance,2539,1,3,,,25.0,,,,25.0,75.0,,50.0,,25.0
deepseek-qwen,Uncertainty_Avoidance,2542,1,1,,,50.0,,,,50.0,50.0,,50.0,,50.0
deepseek-qwen,Uncertainty_Avoidance,2542,1,2,,,50.0,,,,50.0,50.0,,50.0,,50.0
deepseek-qwen,Uncertainty_Avoidance,2542,1,3,,,50.0,,,,50.0,50.0,,50.0,,50.0
deepseek-qwen,Uncertainty_Avoidance,2543,1,1,,,,,,,50.0,50.0,,0.0,,50.0
deepseek-qwen,Uncertainty_Avoidance,2543,1,2,,,,,,,50.0,50.0,,0.0,,50.0
deepseek-qwen,Uncertainty_Avoidance,2543,1,3,,,,,,,50.0,50.0,,0.0,,50.0
deepseek-qwen,Uncertainty_Avoidance,2544,1,1,,,25.0,,,,25.0,0.0,,25.0,,50.0
deepseek-qwen,Uncertainty_Avoidance,2544,1,2,,,25.0,,,,25.0,0.0,,25.0,,50.0
deepseek-qwen,Uncertainty_Avoidance,2544,1,3,,,25.0,,,,25.0,0.0,,25.0,,50.0
deepseek-qwen,Uncertainty_Avoidance,2545,1,1,,,0.0,,,,25.0,0.0,,0.0,,25.0
deepseek-qwen,Uncertainty_Avoidance,2545,1,2,,,0.0,,,,25.0,0.0,,0.0,,25.0
deepseek-qwen,Uncertainty_Avoidance,2545,1,3,,,0.0,,,,25.0,0.0,,0.0,,25.0
deepseek-qwen,Uncertainty_Avoidance,2546,1,1,,,0.0,,,,50.0,50.0,,25.0,,50.0
deepseek-qwen,Uncertainty_Avoidance,2546,1,2,,,0.0,,,,50.0,50.0,,25.0,,50.0
deepseek-qwen,Uncertainty_Avoidance,2546,1,3,,,0.0,,,,50.0,50.0,,25.0,,50.0
deepseek-qwen,Uncertainty_Avoidance,2548,1,1,,,50.0,,,,25.0,50.0,,50.0,,25.0
deepseek-qwen,Uncertainty_Avoidance,2548,1,2,,,50.0,,,,25.0,50.0,,50.0,,25.0
deepseek-qwen,Uncertainty_Avoidance,2548,1,3,,,50.0,,,,25.0,50.0,,50.0,,25.0
deepseek-qwen,Uncertainty_Avoidance,2549,1,1,,,75.0,,,,75.0,50.0,,75.0,,50.0
deepseek-qwen,Uncertainty_Avoidance,2549,1,2,,,75.0,,,,75.0,50.0,,75.0,,50.0
deepseek-qwen,Uncertainty_Avoidance,2549,1,3,,,75.0,,,,75.0,50.0,,75.0,,50.0
deepseek-qwen,Uncertainty_Avoidance,2550,1,1,,,75.0,,,,50.0,100.0,,50.0,,75.0
deepseek-qwen,Uncertainty_Avoidance,2550,1,2,,,75.0,,,,50.0,100.0,,50.0,,75.0
deepseek-qwen,Uncertainty_Avoidance,2550,1,3,,,75.0,,,,50.0,100.0,,50.0,,75.0
deepseek-qwen,Uncertainty_Avoidance,2553,1,1,,,50.0,,,,25.0,50.0,,50.0,,50.0
deepseek-qwen,Uncertainty_Avoidance,2553,1,2,,,50.0,,,,25.0,50.0,,50.0,,50.0
deepseek-qwen,Uncertainty_Avoidance,2553,1,3,,,50.0,,,,25.0,50.0,,50.0,,50.0
deepseek-qwen,Uncertainty_Avoidance,2554,1,1,,,50.0,,,,75.0,50.0,,50.0,,50.0
deepseek-qwen,Uncertainty_Avoidance,2554,1,2,,,50.0,,,,75.0,50.0,,50.0,,50.0
deepseek-qwen,Uncertainty_Avoidance,2554,1,3,,,50.0,,,,75.0,50.0,,50.0,,50.0
deepseek-qwen,Uncertainty_Avoidance,2556,1,1,,,0.0,,,,50.0,25.0,,25.0,,0.0
deepseek-qwen,Uncertainty_Avoidance,2556,1,2,,,0.0,,,,50.0,25.0,,25.0,,0.0
deepseek-qwen,Uncertainty_Avoidance,2556,1,3,,,0.0,,,,50.0,25.0,,25.0,,0.0
deepseek-qwen,Uncertainty_Avoidance,2557,1,1,,,0.0,,,,0.0,25.0,,0.0,,25.0
deepseek-qwen,Uncertainty_Avoidance,2557,1,2,,,0.0,,,,0.0,25.0,,0.0,,25.0
deepseek-qwen,Uncertainty_Avoidance,2557,1,3,,,0.0,,,,0.0,25.0,,0.0,,25.0
deepseek-qwen,Uncertainty_Avoidance,2558,1,1,,,50.0,,,,25.0,,,25.0,,25.0
deepseek-qwen,Uncertainty_Avoidance,2558,1,2,,,50.0,,,,25.0,,,25.0,,25.0
deepseek-qwen,Uncertainty_Avoidance,2558,1,3,,,50.0,,,,25.0,,,25.0,,25.0
deepseek-qwen,Uncertainty_Avoidance,2559,1,1,,,75.0,,,,75.0,50.0,,50.0,,50.0
deepseek-qwen,Uncertainty_Avoidance,2559,1,2,,,75.0,,,,75.0,50.0,,50.0,,50.0
deepseek-qwen,Uncertainty_Avoidance,2559,1,3,,,75.0,,,,75.0,50.0,,50.0,,50.0
deepseek-qwen,Uncertainty_Avoidance,2562,1,1,,,25.0,,,,50.0,50.0,,25.0,,25.0
deepseek-qwen,Uncertainty_Avoidance,2562,1,2,,,25.0,,,,50.0,50.0,,25.0,,25.0
deepseek-qwen,Uncertainty_Avoidance,2562,1,3,,,25.0,,,,50.0,50.0,,25.0,,25.0
deepseek-qwen,Uncertainty_Avoidance,2563,1,1,,,75.0,,,,100.0,100.0,,100.0,,100.0
deepseek-qwen,Uncertainty_Avoidance,2563,1,2,,,75.0,,,,100.0,100.0,,100.0,,100.0
deepseek-qwen,Uncertainty_Avoidance,2563,1,3,,,75.0,,,,100.0,100.0,,100.0,,100.0
deepseek-qwen,Uncertainty_Avoidance,2564,1,1,,,50.0,,,,50.0,25.0,,25.0,,25.0
deepseek-qwen,Uncertainty_Avoidance,2564,1,2,,,50.0,,,,50.0,25.0,,25.0,,25.0
deepseek-qwen,Uncertainty_Avoidance,2564,1,3,,,50.0,,,,50.0,25.0,,25.0,,25.0
deepseek-qwen,Uncertainty_Avoidance,2565,1,1,,,75.0,,,,100.0,75.0,,50.0,,25.0
deepseek-qwen,Uncertainty_Avoidance,2565,1,2,,,75.0,,,,100.0,75.0,,50.0,,25.0
deepseek-qwen,Uncertainty_Avoidance,2565,1,3,,,75.0,,,,100.0,75.0,,50.0,,25.0
deepseek-qwen,Uncertainty_Avoidance,2566,1,1,,,,,,,0.0,25.0,,0.0,,0.0
deepseek-qwen,Uncertainty_Avoidance,2566,1,2,,,,,,,0.0,25.0,,0.0,,0.0
deepseek-qwen,Uncertainty_Avoidance,2566,1,3,,,,,,,0.0,25.0,,0.0,,0.0
deepseek-qwen,Uncertainty_Avoidance,2567,1,1,,,100.0,,,,25.0,25.0,,25.0,,50.0
deepseek-qwen,Uncertainty_Avoidance,2567,1,2,,,100.0,,,,25.0,25.0,,25.0,,50.0
deepseek-qwen,Uncertainty_Avoidance,2567,1,3,,,100.0,,,,25.0,25.0,,25.0,,50.0
deepseek-qwen,Uncertainty_Avoidance,2568,1,1,,,50.0,,,,50.0,50.0,,50.0,,50.0
deepseek-qwen,Uncertainty_Avoidance,2568,1,2,,,50.0,,,,50.0,50.0,,50.0,,50.0
deepseek-qwen,Uncertainty_Avoidance,2568,1,3,,,50.0,,,,50.0,50.0,,50.0,,50.0
deepseek-qwen,Uncertainty_Avoidance,2569,1,1,,,25.0,,,,25.0,25.0,,50.0,,25.0
deepseek-qwen,Uncertainty_Avoidance,2569,1,2,,,25.0,,,,25.0,25.0,,50.0,,25.0
deepseek-qwen,Uncertainty_Avoidance,2569,1,3,,,25.0,,,,25.0,25.0,,50.0,,25.0
deepseek-qwen,Uncertainty_Avoidance,2570,1,1,,,25.0,,,,50.0,25.0,,25.0,,50.0
deepseek-qwen,Uncertainty_Avoidance,2570,1,2,,,25.0,,,,50.0,25.0,,25.0,,50.0
deepseek-qwen,Uncertainty_Avoidance,2570,1,3,,,25.0,,,,50.0,25.0,,25.0,,50.0
deepseek-qwen,Uncertainty_Avoidance,2571,1,1,,,50.0,,,,50.0,75.0,,75.0,,75.0
deepseek-qwen,Uncertainty_Avoidance,2571,1,2,,,50.0,,,,50.0,75.0,,75.0,,75.0
deepseek-qwen,Uncertainty_Avoidance,2571,1,3,,,50.0,,,,50.0,75.0,,75.0,,75.0
deepseek-qwen,Uncertainty_Avoidance,2573,1,1,,,0.0,,,,50.0,25.0,,25.0,,100.0
deepseek-qwen,Uncertainty_Avoidance,2573,1,2,,,0.0,,,,50.0,25.0,,25.0,,100.0
deepseek-qwen,Uncertainty_Avoidance,2573,1,3,,,0.0,,,,50.0,25.0,,25.0,,100.0
deepseek-qwen,Uncertainty_Avoidance,2575,1,1,,,0.0,,,,50.0,25.0,,25.0,,25.0
deepseek-qwen,Uncertainty_Avoidance,2575,1,2,,,0.0,,,,50.0,25.0,,25.0,,25.0
deepseek-qwen,Uncertainty_Avoidance,2575,1,3,,,0.0,,,,50.0,25.0,,25.0,,25.0
deepseek-qwen,Uncertainty_Avoidance,2577,1,1,,,75.0,,,,75.0,50.0,,75.0,,50.0
deepseek-qwen,Uncertainty_Avoidance,2577,1,2,,,75.0,,,,75.0,50.0,,75.0,,50.0
deepseek-qwen,Uncertainty_Avoidance,2577,1,3,,,75.0,,,,75.0,50.0,,75.0,,50.0
deepseek-qwen,Uncertainty_Avoidance,2578,1,1,,,25.0,,,,,0.0,,0.0,,0.0
deepseek-qwen,Uncertainty_Avoidance,2578,1,2,,,25.0,,,,,0.0,,0.0,,0.0
deepseek-qwen,Uncertainty_Avoidance,2578,1,3,,,25.0,,,,,0.0,,0.0,,0.0
deepseek-qwen,Uncertainty_Avoidance,2579,1,1,,,75.0,,,,25.0,50.0,,50.0,,25.0
deepseek-qwen,Uncertainty_Avoidance,2579,1,2,,,75.0,,,,25.0,50.0,,50.0,,25.0
deepseek-qwen,Uncertainty_Avoidance,2579,1,3,,,75.0,,,,25.0,50.0,,50.0,,25.0
deepseek-qwen,Uncertainty_Avoidance,2580,1,1,,,50.0,,,,25.0,50.0,,25.0,,25.0
deepseek-qwen,Uncertainty_Avoidance,2580,1,2,,,50.0,,,,25.0,50.0,,25.0,,25.0
deepseek-qwen,Uncertainty_Avoidance,2580,1,3,,,50.0,,,,25.0,50.0,,25.0,,25.0
deepseek-qwen,Uncertainty_Avoidance,2581,1,1,,,75.0,,,,0.0,75.0,,50.0,,50.0
deepseek-qwen,Uncertainty_Avoidance,2581,1,2,,,75.0,,,,0.0,75.0,,50.0,,50.0
deepseek-qwen,Uncertainty_Avoidance,2581,1,3,,,75.0,,,,0.0,75.0,,50.0,,50.0
deepseek-qwen,Uncertainty_Avoidance,2583,1,1,,,50.0,,,,50.0,50.0,,50.0,,50.0
deepseek-qwen,Uncertainty_Avoidance,2583,1,2,,,50.0,,,,50.0,50.0,,50.0,,50.0
deepseek-qwen,Uncertainty_Avoidance,2583,1,3,,,50.0,,,,50.0,50.0,,50.0,,50.0
deepseek-qwen,Uncertainty_Avoidance,2584,1,1,,,100.0,,,,75.0,50.0,,50.0,,50.0
deepseek-qwen,Uncertainty_Avoidance,2584,1,2,,,100.0,,,,75.0,50.0,,50.0,,50.0
deepseek-qwen,Uncertainty_Avoidance,2584,1,3,,,100.0,,,,75.0,50.0,,50.0,,50.0
deepseek-qwen,Uncertainty_Avoidance,2585,1,1,,,50.0,,,,50.0,0.0,,0.0,,75.0
deepseek-qwen,Uncertainty_Avoidance,2585,1,2,,,50.0,,,,50.0,0.0,,0.0,,75.0
deepseek-qwen,Uncertainty_Avoidance,2585,1,3,,,50.0,,,,50.0,0.0,,0.0,,75.0
deepseek-qwen,Uncertainty_Avoidance,2587,1,1,,,25.0,,,,0.0,75.0,,25.0,,25.0
deepseek-qwen,Uncertainty_Avoidance,2587,1,2,,,25.0,,,,0.0,75.0,,25.0,,25.0
deepseek-qwen,Uncertainty_Avoidance,2587,1,3,,,25.0,,,,0.0,75.0,,25.0,,25.0
deepseek-qwen,Uncertainty_Avoidance,2588,1,1,,,25.0,,,,0.0,25.0,,25.0,,0.0
deepseek-qwen,Uncertainty_Avoidance,2588,1,2,,,25.0,,,,0.0,25.0,,25.0,,0.0
deepseek-qwen,Uncertainty_Avoidance,2588,1,3,,,25.0,,,,0.0,25.0,,25.0,,0.0
deepseek-qwen,Uncertainty_Avoidance,2589,1,1,,,25.0,,,,25.0,50.0,,50.0,,50.0
deepseek-qwen,Uncertainty_Avoidance,2589,1,2,,,25.0,,,,25.0,50.0,,50.0,,50.0
deepseek-qwen,Uncertainty_Avoidance,2589,1,3,,,25.0,,,,25.0,50.0,,50.0,,50.0
deepseek-qwen,Uncertainty_Avoidance,2591,1,1,,,75.0,,,,100.0,100.0,,50.0,,100.0
deepseek-qwen,Uncertainty_Avoidance,2591,1,2,,,75.0,,,,100.0,100.0,,50.0,,100.0
deepseek-qwen,Uncertainty_Avoidance,2591,1,3,,,75.0,,,,100.0,100.0,,50.0,,100.0
deepseek-qwen,Uncertainty_Avoidance,2592,1,1,,,50.0,,,,50.0,50.0,,0.0,,0.0
deepseek-qwen,Uncertainty_Avoidance,2592,1,2,,,50.0,,,,50.0,50.0,,0.0,,0.0
deepseek-qwen,Uncertainty_Avoidance,2592,1,3,,,50.0,,,,50.0,50.0,,0.0,,0.0
deepseek-qwen,Uncertainty_Avoidance,2594,1,1,,,25.0,,,,50.0,0.0,,0.0,,0.0
deepseek-qwen,Uncertainty_Avoidance,2594,1,2,,,25.0,,,,50.0,0.0,,0.0,,0.0
deepseek-qwen,Uncertainty_Avoidance,2594,1,3,,,25.0,,,,50.0,0.0,,0.0,,0.0
deepseek-qwen,Uncertainty_Avoidance,2595,1,1,,,100.0,,,,25.0,75.0,,25.0,,25.0
deepseek-qwen,Uncertainty_Avoidance,2595,1,2,,,100.0,,,,25.0,75.0,,25.0,,25.0
deepseek-qwen,Uncertainty_Avoidance,2595,1,3,,,100.0,,,,25.0,75.0,,25.0,,25.0
deepseek-qwen,Uncertainty_Avoidance,2596,1,1,,,75.0,,,,50.0,100.0,,50.0,,50.0
deepseek-qwen,Uncertainty_Avoidance,2596,1,2,,,75.0,,,,50.0,100.0,,50.0,,50.0
deepseek-qwen,Uncertainty_Avoidance,2596,1,3,,,75.0,,,,50.0,100.0,,50.0,,50.0
deepseek-qwen,Uncertainty_Avoidance,2598,1,1,,,75.0,,,,75.0,50.0,,50.0,,50.0
deepseek-qwen,Uncertainty_Avoidance,2598,1,2,,,75.0,,,,75.0,50.0,,50.0,,50.0
deepseek-qwen,Uncertainty_Avoidance,2598,1,3,,,75.0,,,,75.0,50.0,,50.0,,50.0
deepseek-qwen,Uncertainty_Avoidance,2599,1,1,,,50.0,,,,50.0,50.0,,50.0,,50.0
deepseek-qwen,Uncertainty_Avoidance,2599,1,2,,,50.0,,,,50.0,50.0,,50.0,,50.0
deepseek-qwen,Uncertainty_Avoidance,2599,1,3,,,50.0,,,,50.0,50.0,,50.0,,50.0
deepseek-qwen,Uncertainty_Avoidance,2601,1,1,,,50.0,,,,50.0,50.0,,25.0,,75.0
deepseek-qwen,Uncertainty_Avoidance,2601,1,2,,,50.0,,,,50.0,50.0,,25.0,,75.0
deepseek-qwen,Uncertainty_Avoidance,2601,1,3,,,50.0,,,,50.0,50.0,,25.0,,75.0
deepseek-qwen,Uncertainty_Avoidance,2604,1,1,,,75.0,,,,75.0,25.0,,25.0,,25.0
deepseek-qwen,Uncertainty_Avoidance,2604,1,2,,,75.0,,,,75.0,25.0,,25.0,,25.0
deepseek-qwen,Uncertainty_Avoidance,2604,1,3,,,75.0,,,,75.0,25.0,,25.0,,25.0
deepseek-qwen,Uncertainty_Avoidance,2605,1,1,,,25.0,,,,75.0,25.0,,50.0,,50.0
deepseek-qwen,Uncertainty_Avoidance,2605,1,2,,,25.0,,,,75.0,25.0,,50.0,,50.0
deepseek-qwen,Uncertainty_Avoidance,2605,1,3,,,25.0,,,,75.0,25.0,,50.0,,50.0
deepseek-qwen,Uncertainty_Avoidance,2608,1,1,,,75.0,,,,0.0,50.0,,50.0,,75.0
deepseek-qwen,Uncertainty_Avoidance,2608,1,2,,,75.0,,,,0.0,50.0,,50.0,,75.0
deepseek-qwen,Uncertainty_Avoidance,2608,1,3,,,75.0,,,,0.0,50.0,,50.0,,75.0
deepseek-qwen,Uncertainty_Avoidance,2610,1,1,,,50.0,,,,25.0,50.0,,50.0,,50.0
deepseek-qwen,Uncertainty_Avoidance,2610,1,2,,,50.0,,,,25.0,50.0,,50.0,,50.0
deepseek-qwen,Uncertainty_Avoidance,2610,1,3,,,50.0,,,,25.0,50.0,,50.0,,50.0
deepseek-qwen,Uncertainty_Avoidance,2612,1,1,,,50.0,,,,75.0,50.0,,25.0,,50.0
deepseek-qwen,Uncertainty_Avoidance,2612,1,2,,,50.0,,,,75.0,50.0,,25.0,,50.0
deepseek-qwen,Uncertainty_Avoidance,2612,1,3,,,50.0,,,,75.0,50.0,,25.0,,50.0
deepseek-qwen,Uncertainty_Avoidance,2619,1,1,,,50.0,,,,75.0,50.0,,50.0,,50.0
deepseek-qwen,Uncertainty_Avoidance,2619,1,2,,,50.0,,,,75.0,50.0,,50.0,,50.0
deepseek-qwen,Uncertainty_Avoidance,2619,1,3,,,50.0,,,,75.0,50.0,,50.0,,50.0
deepseek-qwen,Uncertainty_Avoidance,2620,1,1,,,50.0,,,,50.0,50.0,,0.0,,25.0
deepseek-qwen,Uncertainty_Avoidance,2620,1,2,,,50.0,,,,50.0,50.0,,0.0,,25.0
deepseek-qwen,Uncertainty_Avoidance,2620,1,3,,,50.0,,,,50.0,50.0,,0.0,,25.0
deepseek-qwen,Uncertainty_Avoidance,2622,1,1,,,25.0,,,,,0.0,,0.0,,50.0
deepseek-qwen,Uncertainty_Avoidance,2622,1,2,,,25.0,,,,,0.0,,0.0,,50.0
deepseek-qwen,Uncertainty_Avoidance,2622,1,3,,,25.0,,,,,0.0,,0.0,,50.0
deepseek-qwen,Uncertainty_Avoidance,2623,1,1,,,0.0,,,,75.0,0.0,,0.0,,75.0
deepseek-qwen,Uncertainty_Avoidance,2623,1,2,,,0.0,,,,75.0,0.0,,0.0,,75.0
deepseek-qwen,Uncertainty_Avoidance,2623,1,3,,,0.0,,,,75.0,0.0,,0.0,,75.0
deepseek-qwen,Uncertainty_Avoidance,2630,1,1,,,75.0,,,,50.0,100.0,,50.0,,25.0
deepseek-qwen,Uncertainty_Avoidance,2630,1,2,,,75.0,,,,50.0,100.0,,50.0,,25.0
deepseek-qwen,Uncertainty_Avoidance,2630,1,3,,,75.0,,,,50.0,100.0,,50.0,,25.0
deepseek-qwen,Uncertainty_Avoidance,2634,1,1,,,75.0,,,,25.0,50.0,,25.0,,25.0
deepseek-qwen,Uncertainty_Avoidance,2634,1,2,,,75.0,,,,25.0,50.0,,25.0,,25.0
deepseek-qwen,Uncertainty_Avoidance,2634,1,3,,,75.0,,,,25.0,50.0,,25.0,,25.0
deepseek-qwen,Uncertainty_Avoidance,2639,1,1,,,0.0,,,,50.0,50.0,,50.0,,50.0
deepseek-qwen,Uncertainty_Avoidance,2639,1,2,,,0.0,,,,50.0,50.0,,50.0,,50.0
deepseek-qwen,Uncertainty_Avoidance,2639,1,3,,,0.0,,,,50.0,50.0,,50.0,,50.0
deepseek-qwen,Uncertainty_Avoidance,2640,1,1,,,25.0,,,,0.0,100.0,,25.0,,25.0
deepseek-qwen,Uncertainty_Avoidance,2640,1,2,,,25.0,,,,0.0,100.0,,25.0,,25.0
deepseek-qwen,Uncertainty_Avoidance,2640,1,3,,,25.0,,,,0.0,100.0,,25.0,,25.0
deepseek-qwen,Uncertainty_Avoidance,2641,1,1,,,50.0,,,,50.0,50.0,,0.0,,50.0
deepseek-qwen,Uncertainty_Avoidance,2641,1,2,,,50.0,,,,50.0,50.0,,0.0,,50.0
deepseek-qwen,Uncertainty_Avoidance,2641,1,3,,,50.0,,,,50.0,50.0,,0.0,,50.0
deepseek-qwen,Uncertainty_Avoidance,2644,1,1,,,25.0,,,,25.0,25.0,,25.0,,25.0
deepseek-qwen,Uncertainty_Avoidance,2644,1,2,,,25.0,,,,25.0,25.0,,25.0,,25.0
deepseek-qwen,Uncertainty_Avoidance,2644,1,3,,,25.0,,,,25.0,25.0,,25.0,,25.0
deepseek-qwen,Uncertainty_Avoidance,2646,1,1,,,25.0,,,,25.0,75.0,,25.0,,50.0
deepseek-qwen,Uncertainty_Avoidance,2646,1,2,,,25.0,,,,25.0,75.0,,25.0,,50.0
deepseek-qwen,Uncertainty_Avoidance,2646,1,3,,,25.0,,,,25.0,75.0,,25.0,,50.0
deepseek-qwen,Uncertainty_Avoidance,2651,1,1,,,100.0,,,,100.0,100.0,,100.0,,100.0
deepseek-qwen,Uncertainty_Avoidance,2651,1,2,,,100.0,,,,100.0,100.0,,100.0,,100.0
deepseek-qwen,Uncertainty_Avoidance,2651,1,3,,,100.0,,,,100.0,100.0,,100.0,,100.0
deepseek-qwen,Uncertainty_Avoidance,2658,1,1,,,50.0,,,,25.0,50.0,,50.0,,50.0
deepseek-qwen,Uncertainty_Avoidance,2658,1,2,,,50.0,,,,25.0,50.0,,50.0,,50.0
deepseek-qwen,Uncertainty_Avoidance,2658,1,3,,,50.0,,,,25.0,50.0,,50.0,,50.0
gemma,Individualism,0,1,1,,50.0,,,,0.0,,,25.0,,0.0,
gemma,Individualism,0,1,2,,50.0,,,,0.0,,,25.0,,0.0,
gemma,Individualism,0,1,3,,50.0,,,,0.0,,,25.0,,0.0,
gemma,Individualism,1,1,1,,50.0,,,,50.0,,,75.0,,75.0,
gemma,Individualism,1,1,2,,50.0,,,,50.0,,,75.0,,75.0,
gemma,Individualism,1,1,3,,50.0,,,,50.0,,,75.0,,75.0,
gemma,Individualism,10,1,1,,50.0,,,,25.0,,,50.0,,50.0,
gemma,Individualism,10,1,2,,50.0,,,,25.0,,,50.0,,50.0,
gemma,Individualism,10,1,3,,50.0,,,,25.0,,,50.0,,50.0,
gemma,Individualism,100,1,1,,50.0,,,,25.0,,,50.0,,50.0,
gemma,Individualism,100,1,2,,50.0,,,,25.0,,,50.0,,50.0,
gemma,Individualism,100,1,3,,50.0,,,,25.0,,,50.0,,50.0,
gemma,Individualism,102,1,1,,50.0,,,,50.0,,,50.0,,25.0,
gemma,Individualism,102,1,2,,50.0,,,,50.0,,,50.0,,25.0,
gemma,Individualism,102,1,3,,50.0,,,,50.0,,,50.0,,25.0,
gemma,Individualism,103,1,1,,25.0,,,,25.0,,,25.0,,25.0,
gemma,Individualism,103,1,2,,25.0,,,,25.0,,,25.0,,25.0,
gemma,Individualism,103,1,3,,25.0,,,,25.0,,,25.0,,25.0,
gemma,Individualism,104,1,1,,25.0,,,,25.0,,,25.0,,25.0,
gemma,Individualism,104,1,2,,25.0,,,,25.0,,,25.0,,25.0,
gemma,Individualism,104,1,3,,25.0,,,,25.0,,,25.0,,25.0,
gemma,Individualism,105,1,1,,50.0,,,,50.0,,,50.0,,50.0,
gemma,Individualism,105,1,2,,50.0,,,,50.0,,,50.0,,50.0,
gemma,Individualism,105,1,3,,50.0,,,,50.0,,,50.0,,50.0,
gemma,Individualism,106,1,1,,50.0,,,,50.0,,,50.0,,50.0,
gemma,Individualism,106,1,2,,50.0,,,,50.0,,,50.0,,50.0,
gemma,Individualism,106,1,3,,50.0,,,,50.0,,,50.0,,50.0,
gemma,Individualism,107,1,1,,75.0,,,,75.0,,,75.0,,75.0,
gemma,Individualism,107,1,2,,75.0,,,,75.0,,,75.0,,75.0,
gemma,Individualism,107,1,3,,75.0,,,,75.0,,,75.0,,75.0,
gemma,Individualism,109,1,1,,50.0,,,,50.0,,,75.0,,50.0,
gemma,Individualism,109,1,2,,50.0,,,,50.0,,,75.0,,50.0,
gemma,Individualism,109,1,3,,50.0,,,,50.0,,,75.0,,50.0,
gemma,Individualism,11,1,1,,50.0,,,,50.0,,,50.0,,50.0,
gemma,Individualism,11,1,2,,50.0,,,,50.0,,,50.0,,50.0,
gemma,Individualism,11,1,3,,50.0,,,,50.0,,,50.0,,50.0,
gemma,Individualism,110,1,1,,50.0,,,,50.0,,,50.0,,50.0,
gemma,Individualism,110,1,2,,50.0,,,,50.0,,,50.0,,50.0,
gemma,Individualism,110,1,3,,50.0,,,,50.0,,,50.0,,50.0,
gemma,Individualism,113,1,1,,50.0,,,,50.0,,,50.0,,50.0,
gemma,Individualism,113,1,2,,50.0,,,,50.0,,,50.0,,50.0,
gemma,Individualism,113,1,3,,50.0,,,,50.0,,,50.0,,50.0,
gemma,Individualism,114,1,1,,50.0,,,,50.0,,,50.0,,25.0,
gemma,Individualism,114,1,2,,50.0,,,,50.0,,,50.0,,25.0,
gemma,Individualism,114,1,3,,50.0,,,,50.0,,,50.0,,25.0,
gemma,Individualism,118,1,1,,50.0,,,,50.0,,,50.0,,50.0,
gemma,Individualism,118,1,2,,50.0,,,,50.0,,,50.0,,50.0,
gemma,Individualism,118,1,3,,50.0,,,,50.0,,,50.0,,50.0,
gemma,Individualism,119,1,1,,50.0,,,,25.0,,,25.0,,25.0,
gemma,Individualism,119,1,2,,50.0,,,,25.0,,,25.0,,25.0,
gemma,Individualism,119,1,3,,50.0,,,,25.0,,,25.0,,25.0,
gemma,Individualism,12,1,1,,50.0,,,,50.0,,,50.0,,50.0,
gemma,Individualism,12,1,2,,50.0,,,,50.0,,,50.0,,50.0,
gemma,Individualism,12,1,3,,50.0,,,,50.0,,,50.0,,50.0,
gemma,Individualism,121,1,1,,25.0,,,,25.0,,,50.0,,25.0,
gemma,Individualism,121,1,2,,25.0,,,,25.0,,,50.0,,25.0,
gemma,Individualism,121,1,3,,25.0,,,,25.0,,,50.0,,25.0,
gemma,Individualism,122,1,1,,50.0,,,,50.0,,,50.0,,50.0,
gemma,Individualism,122,1,2,,50.0,,,,50.0,,,50.0,,50.0,
gemma,Individualism,122,1,3,,50.0,,,,50.0,,,50.0,,50.0,
gemma,Individualism,123,1,1,,50.0,,,,50.0,,,50.0,,50.0,
gemma,Individualism,123,1,2,,50.0,,,,50.0,,,50.0,,50.0,
gemma,Individualism,123,1,3,,50.0,,,,50.0,,,50.0,,50.0,
gemma,Individualism,126,1,1,,50.0,,,,50.0,,,50.0,,25.0,
gemma,Individualism,126,1,2,,50.0,,,,50.0,,,50.0,,25.0,
gemma,Individualism,126,1,3,,50.0,,,,50.0,,,50.0,,25.0,
gemma,Individualism,127,1,1,,50.0,,,,25.0,,,75.0,,50.0,
gemma,Individualism,127,1,2,,50.0,,,,25.0,,,75.0,,50.0,
gemma,Individualism,127,1,3,,50.0,,,,25.0,,,75.0,,50.0,
gemma,Individualism,128,1,1,,50.0,,,,50.0,,,50.0,,50.0,
gemma,Individualism,128,1,2,,50.0,,,,50.0,,,50.0,,50.0,
gemma,Individualism,128,1,3,,50.0,,,,50.0,,,50.0,,50.0,
gemma,Individualism,129,1,1,,50.0,,,,50.0,,,50.0,,100.0,
gemma,Individualism,129,1,2,,50.0,,,,50.0,,,50.0,,100.0,
gemma,Individualism,129,1,3,,50.0,,,,50.0,,,50.0,,100.0,
gemma,Individualism,130,1,1,,50.0,,,,50.0,,,50.0,,50.0,
gemma,Individualism,130,1,2,,50.0,,,,50.0,,,50.0,,50.0,
gemma,Individualism,130,1,3,,50.0,,,,50.0,,,50.0,,50.0,
gemma,Individualism,131,1,1,,50.0,,,,25.0,,,25.0,,25.0,
gemma,Individualism,131,1,2,,50.0,,,,25.0,,,25.0,,25.0,
gemma,Individualism,131,1,3,,50.0,,,,25.0,,,25.0,,25.0,
gemma,Individualism,134,1,1,,50.0,,,,50.0,,,50.0,,50.0,
gemma,Individualism,134,1,2,,50.0,,,,50.0,,,50.0,,50.0,
gemma,Individualism,134,1,3,,50.0,,,,50.0,,,50.0,,50.0,
gemma,Individualism,135,1,1,,50.0,,,,75.0,,,50.0,,50.0,
gemma,Individualism,135,1,2,,50.0,,,,75.0,,,50.0,,50.0,
gemma,Individualism,135,1,3,,50.0,,,,75.0,,,50.0,,50.0,
gemma,Individualism,136,1,1,,50.0,,,,50.0,,,50.0,,50.0,
gemma,Individualism,136,1,2,,50.0,,,,50.0,,,50.0,,50.0,
gemma,Individualism,136,1,3,,50.0,,,,50.0,,,50.0,,50.0,
gemma,Individualism,138,1,1,,50.0,,,,25.0,,,50.0,,25.0,
gemma,Individualism,138,1,2,,50.0,,,,25.0,,,50.0,,25.0,
gemma,Individualism,138,1,3,,50.0,,,,25.0,,,50.0,,25.0,
gemma,Individualism,139,1,1,,25.0,,,,25.0,,,25.0,,25.0,
gemma,Individualism,139,1,2,,25.0,,,,25.0,,,25.0,,25.0,
gemma,Individualism,139,1,3,,25.0,,,,25.0,,,25.0,,25.0,
gemma,Individualism,140,1,1,,50.0,,,,50.0,,,50.0,,50.0,
gemma,Individualism,140,1,2,,50.0,,,,50.0,,,50.0,,50.0,
gemma,Individualism,140,1,3,,50.0,,,,50.0,,,50.0,,50.0,
gemma,Individualism,145,1,1,,50.0,,,,0.0,,,25.0,,0.0,
gemma,Individualism,145,1,2,,50.0,,,,0.0,,,25.0,,0.0,
gemma,Individualism,145,1,3,,50.0,,,,0.0,,,25.0,,0.0,
gemma,Individualism,147,1,1,,25.0,,,,25.0,,,25.0,,25.0,
gemma,Individualism,147,1,2,,25.0,,,,25.0,,,25.0,,25.0,
gemma,Individualism,147,1,3,,25.0,,,,25.0,,,25.0,,25.0,
gemma,Individualism,149,1,1,,50.0,,,,25.0,,,50.0,,25.0,
gemma,Individualism,149,1,2,,50.0,,,,25.0,,,50.0,,25.0,
gemma,Individualism,149,1,3,,50.0,,,,25.0,,,50.0,,25.0,
gemma,Individualism,15,1,1,,25.0,,,,0.0,,,0.0,,0.0,
gemma,Individualism,15,1,2,,25.0,,,,0.0,,,0.0,,0.0,
gemma,Individualism,15,1,3,,25.0,,,,0.0,,,0.0,,0.0,
gemma,Individualism,151,1,1,,25.0,,,,50.0,,,75.0,,50.0,
gemma,Individualism,151,1,2,,25.0,,,,50.0,,,75.0,,50.0,
gemma,Individualism,151,1,3,,25.0,,,,50.0,,,75.0,,50.0,
gemma,Individualism,152,1,1,,50.0,,,,50.0,,,50.0,,50.0,
gemma,Individualism,152,1,2,,50.0,,,,50.0,,,50.0,,50.0,
gemma,Individualism,152,1,3,,50.0,,,,50.0,,,50.0,,50.0,
gemma,Individualism,158,1,1,,50.0,,,,50.0,,,50.0,,50.0,
gemma,Individualism,158,1,2,,50.0,,,,50.0,,,50.0,,50.0,
gemma,Individualism,158,1,3,,50.0,,,,50.0,,,50.0,,50.0,
gemma,Individualism,159,1,1,,50.0,,,,50.0,,,50.0,,50.0,
gemma,Individualism,159,1,2,,50.0,,,,50.0,,,50.0,,50.0,
gemma,Individualism,159,1,3,,50.0,,,,50.0,,,50.0,,50.0,
gemma,Individualism,16,1,1,,25.0,,,,50.0,,,25.0,,25.0,
gemma,Individualism,16,1,2,,25.0,,,,50.0,,,25.0,,25.0,
gemma,Individualism,16,1,3,,25.0,,,,50.0,,,25.0,,25.0,
gemma,Individualism,163,1,1,,50.0,,,,75.0,,,75.0,,75.0,
gemma,Individualism,163,1,2,,50.0,,,,75.0,,,75.0,,75.0,
gemma,Individualism,163,1,3,,50.0,,,,75.0,,,75.0,,75.0,
gemma,Individualism,165,1,1,,50.0,,,,25.0,,,50.0,,50.0,
gemma,Individualism,165,1,2,,50.0,,,,25.0,,,50.0,,50.0,
gemma,Individualism,165,1,3,,50.0,,,,25.0,,,50.0,,50.0,
gemma,Individualism,166,1,1,,25.0,,,,25.0,,,50.0,,25.0,
gemma,Individualism,166,1,2,,25.0,,,,25.0,,,50.0,,25.0,
gemma,Individualism,166,1,3,,25.0,,,,25.0,,,50.0,,25.0,
gemma,Individualism,167,1,1,,50.0,,,,25.0,,,50.0,,25.0,
gemma,Individualism,167,1,2,,50.0,,,,25.0,,,50.0,,25.0,
gemma,Individualism,167,1,3,,50.0,,,,25.0,,,50.0,,25.0,
gemma,Individualism,169,1,1,,50.0,,,,50.0,,,50.0,,50.0,
gemma,Individualism,169,1,2,,50.0,,,,50.0,,,50.0,,50.0,
gemma,Individualism,169,1,3,,50.0,,,,50.0,,,50.0,,50.0,
gemma,Individualism,17,1,1,,25.0,,,,25.0,,,50.0,,25.0,
gemma,Individualism,17,1,2,,25.0,,,,25.0,,,50.0,,25.0,
gemma,Individualism,17,1,3,,25.0,,,,25.0,,,50.0,,25.0,
gemma,Individualism,171,1,1,,50.0,,,,50.0,,,50.0,,50.0,
gemma,Individualism,171,1,2,,50.0,,,,50.0,,,50.0,,50.0,
gemma,Individualism,171,1,3,,50.0,,,,50.0,,,50.0,,50.0,
gemma,Individualism,173,1,1,,50.0,,,,25.0,,,50.0,,25.0,
gemma,Individualism,173,1,2,,50.0,,,,25.0,,,50.0,,25.0,
gemma,Individualism,173,1,3,,50.0,,,,25.0,,,50.0,,25.0,
gemma,Individualism,176,1,1,,50.0,,,,50.0,,,100.0,,100.0,
gemma,Individualism,176,1,2,,50.0,,,,50.0,,,100.0,,100.0,
gemma,Individualism,176,1,3,,50.0,,,,50.0,,,100.0,,100.0,
gemma,Individualism,178,1,1,,50.0,,,,50.0,,,50.0,,50.0,
gemma,Individualism,178,1,2,,50.0,,,,50.0,,,50.0,,50.0,
gemma,Individualism,178,1,3,,50.0,,,,50.0,,,50.0,,50.0,
gemma,Individualism,179,1,1,,50.0,,,,75.0,,,50.0,,25.0,
gemma,Individualism,179,1,2,,50.0,,,,75.0,,,50.0,,25.0,
gemma,Individualism,179,1,3,,50.0,,,,75.0,,,50.0,,25.0,
gemma,Individualism,18,1,1,,50.0,,,,75.0,,,50.0,,50.0,
gemma,Individualism,18,1,2,,50.0,,,,75.0,,,50.0,,50.0,
gemma,Individualism,18,1,3,,50.0,,,,75.0,,,50.0,,50.0,
gemma,Individualism,180,1,1,,50.0,,,,50.0,,,50.0,,50.0,
gemma,Individualism,180,1,2,,50.0,,,,50.0,,,50.0,,50.0,
gemma,Individualism,180,1,3,,50.0,,,,50.0,,,50.0,,50.0,
gemma,Individualism,182,1,1,,50.0,,,,50.0,,,50.0,,50.0,
gemma,Individualism,182,1,2,,50.0,,,,50.0,,,50.0,,50.0,
gemma,Individualism,182,1,3,,50.0,,,,50.0,,,50.0,,50.0,
gemma,Individualism,184,1,1,,25.0,,,,50.0,,,50.0,,50.0,
gemma,Individualism,184,1,2,,25.0,,,,50.0,,,50.0,,50.0,
gemma,Individualism,184,1,3,,25.0,,,,50.0,,,50.0,,50.0,
gemma,Individualism,187,1,1,,50.0,,,,100.0,,,75.0,,100.0,
gemma,Individualism,187,1,2,,50.0,,,,100.0,,,75.0,,100.0,
gemma,Individualism,187,1,3,,50.0,,,,100.0,,,75.0,,100.0,
gemma,Individualism,189,1,1,,50.0,,,,75.0,,,75.0,,75.0,
gemma,Individualism,189,1,2,,50.0,,,,75.0,,,75.0,,75.0,
gemma,Individualism,189,1,3,,50.0,,,,75.0,,,75.0,,75.0,
gemma,Individualism,19,1,1,,50.0,,,,50.0,,,50.0,,25.0,
gemma,Individualism,19,1,2,,50.0,,,,50.0,,,50.0,,25.0,
gemma,Individualism,19,1,3,,50.0,,,,50.0,,,50.0,,25.0,
gemma,Individualism,190,1,1,,25.0,,,,25.0,,,50.0,,50.0,
gemma,Individualism,190,1,2,,25.0,,,,25.0,,,50.0,,50.0,
gemma,Individualism,190,1,3,,25.0,,,,25.0,,,50.0,,50.0,
gemma,Individualism,192,1,1,,50.0,,,,25.0,,,50.0,,50.0,
gemma,Individualism,192,1,2,,50.0,,,,25.0,,,50.0,,50.0,
gemma,Individualism,192,1,3,,50.0,,,,25.0,,,50.0,,50.0,
gemma,Individualism,195,1,1,,50.0,,,,50.0,,,50.0,,50.0,
gemma,Individualism,195,1,2,,50.0,,,,50.0,,,50.0,,50.0,
gemma,Individualism,195,1,3,,50.0,,,,50.0,,,50.0,,50.0,
gemma,Individualism,197,1,1,,75.0,,,,50.0,,,50.0,,25.0,
gemma,Individualism,197,1,2,,75.0,,,,50.0,,,50.0,,25.0,
gemma,Individualism,197,1,3,,75.0,,,,50.0,,,50.0,,25.0,
gemma,Individualism,198,1,1,,25.0,,,,50.0,,,50.0,,50.0,
gemma,Individualism,198,1,2,,25.0,,,,50.0,,,50.0,,50.0,
gemma,Individualism,198,1,3,,25.0,,,,50.0,,,50.0,,50.0,
gemma,Individualism,2,1,1,,50.0,,,,50.0,,,50.0,,50.0,
gemma,Individualism,2,1,2,,50.0,,,,50.0,,,50.0,,50.0,
gemma,Individualism,2,1,3,,50.0,,,,50.0,,,50.0,,50.0,
gemma,Individualism,20,1,1,,50.0,,,,50.0,,,50.0,,25.0,
gemma,Individualism,20,1,2,,50.0,,,,50.0,,,50.0,,25.0,
gemma,Individualism,20,1,3,,50.0,,,,50.0,,,50.0,,25.0,
gemma,Individualism,202,1,1,,50.0,,,,25.0,,,50.0,,50.0,
gemma,Individualism,202,1,2,,50.0,,,,25.0,,,50.0,,50.0,
gemma,Individualism,202,1,3,,50.0,,,,25.0,,,50.0,,50.0,
gemma,Individualism,203,1,1,,25.0,,,,25.0,,,50.0,,25.0,
gemma,Individualism,203,1,2,,25.0,,,,25.0,,,50.0,,25.0,
gemma,Individualism,203,1,3,,25.0,,,,25.0,,,50.0,,25.0,
gemma,Individualism,204,1,1,,50.0,,,,50.0,,,50.0,,50.0,
gemma,Individualism,204,1,2,,50.0,,,,50.0,,,50.0,,50.0,
gemma,Individualism,204,1,3,,50.0,,,,50.0,,,50.0,,50.0,
gemma,Individualism,207,1,1,,50.0,,,,50.0,,,50.0,,75.0,
gemma,Individualism,207,1,2,,50.0,,,,50.0,,,50.0,,75.0,
gemma,Individualism,207,1,3,,50.0,,,,50.0,,,50.0,,75.0,
gemma,Individualism,208,1,1,,50.0,,,,25.0,,,50.0,,50.0,
gemma,Individualism,208,1,2,,50.0,,,,25.0,,,50.0,,50.0,
gemma,Individualism,208,1,3,,50.0,,,,25.0,,,50.0,,50.0,
gemma,Individualism,21,1,1,,25.0,,,,25.0,,,25.0,,25.0,
gemma,Individualism,21,1,2,,25.0,,,,25.0,,,25.0,,25.0,
gemma,Individualism,21,1,3,,25.0,,,,25.0,,,25.0,,25.0,
gemma,Individualism,216,1,1,,50.0,,,,75.0,,,75.0,,25.0,
gemma,Individualism,216,1,2,,50.0,,,,75.0,,,75.0,,25.0,
gemma,Individualism,216,1,3,,50.0,,,,75.0,,,75.0,,25.0,
gemma,Individualism,217,1,1,,50.0,,,,25.0,,,25.0,,25.0,
gemma,Individualism,217,1,2,,50.0,,,,25.0,,,25.0,,25.0,
gemma,Individualism,217,1,3,,50.0,,,,25.0,,,25.0,,25.0,
gemma,Individualism,223,1,1,,50.0,,,,50.0,,,50.0,,50.0,
gemma,Individualism,223,1,2,,50.0,,,,50.0,,,50.0,,50.0,
gemma,Individualism,223,1,3,,50.0,,,,50.0,,,50.0,,50.0,
gemma,Individualism,226,1,1,,50.0,,,,100.0,,,75.0,,75.0,
gemma,Individualism,226,1,2,,50.0,,,,100.0,,,75.0,,75.0,
gemma,Individualism,226,1,3,,50.0,,,,100.0,,,75.0,,75.0,
gemma,Individualism,228,1,1,,50.0,,,,50.0,,,50.0,,50.0,
gemma,Individualism,228,1,2,,50.0,,,,50.0,,,50.0,,50.0,
gemma,Individualism,228,1,3,,50.0,,,,50.0,,,50.0,,50.0,
gemma,Individualism,232,1,1,,25.0,,,,25.0,,,25.0,,25.0,
gemma,Individualism,232,1,2,,25.0,,,,25.0,,,25.0,,25.0,
gemma,Individualism,232,1,3,,25.0,,,,25.0,,,25.0,,25.0,
gemma,Individualism,235,1,1,,50.0,,,,50.0,,,50.0,,50.0,
gemma,Individualism,235,1,2,,50.0,,,,50.0,,,50.0,,50.0,
gemma,Individualism,235,1,3,,50.0,,,,50.0,,,50.0,,50.0,
gemma,Individualism,24,1,1,,50.0,,,,50.0,,,50.0,,25.0,
gemma,Individualism,24,1,2,,50.0,,,,50.0,,,50.0,,25.0,
gemma,Individualism,24,1,3,,50.0,,,,50.0,,,50.0,,25.0,
gemma,Individualism,242,1,1,,50.0,,,,50.0,,,50.0,,50.0,
gemma,Individualism,242,1,2,,50.0,,,,50.0,,,50.0,,50.0,
gemma,Individualism,242,1,3,,50.0,,,,50.0,,,50.0,,50.0,
gemma,Individualism,27,1,1,,50.0,,,,50.0,,,50.0,,50.0,
gemma,Individualism,27,1,2,,50.0,,,,50.0,,,50.0,,50.0,
gemma,Individualism,27,1,3,,50.0,,,,50.0,,,50.0,,50.0,
gemma,Individualism,29,1,1,,50.0,,,,50.0,,,50.0,,50.0,
gemma,Individualism,29,1,2,,50.0,,,,50.0,,,50.0,,50.0,
gemma,Individualism,29,1,3,,50.0,,,,50.0,,,50.0,,50.0,
gemma,Individualism,3,1,1,,50.0,,,,50.0,,,50.0,,50.0,
gemma,Individualism,3,1,2,,50.0,,,,50.0,,,50.0,,50.0,
gemma,Individualism,3,1,3,,50.0,,,,50.0,,,50.0,,50.0,
gemma,Individualism,31,1,1,,50.0,,,,25.0,,,25.0,,25.0,
gemma,Individualism,31,1,2,,50.0,,,,25.0,,,25.0,,25.0,
gemma,Individualism,31,1,3,,50.0,,,,25.0,,,25.0,,25.0,
gemma,Individualism,34,1,1,,50.0,,,,50.0,,,50.0,,50.0,
gemma,Individualism,34,1,2,,50.0,,,,50.0,,,50.0,,50.0,
gemma,Individualism,34,1,3,,50.0,,,,50.0,,,50.0,,50.0,
gemma,Individualism,36,1,1,,50.0,,,,50.0,,,50.0,,50.0,
gemma,Individualism,36,1,2,,50.0,,,,50.0,,,50.0,,50.0,
gemma,Individualism,36,1,3,,50.0,,,,50.0,,,50.0,,50.0,
gemma,Individualism,37,1,1,,50.0,,,,50.0,,,50.0,,50.0,
gemma,Individualism,37,1,2,,50.0,,,,50.0,,,50.0,,50.0,
gemma,Individualism,37,1,3,,50.0,,,,50.0,,,50.0,,50.0,
gemma,Individualism,38,1,1,,50.0,,,,50.0,,,50.0,,0.0,
gemma,Individualism,38,1,2,,50.0,,,,50.0,,,50.0,,0.0,
gemma,Individualism,38,1,3,,50.0,,,,50.0,,,50.0,,0.0,
gemma,Individualism,39,1,1,,50.0,,,,50.0,,,50.0,,50.0,
gemma,Individualism,39,1,2,,50.0,,,,50.0,,,50.0,,50.0,
gemma,Individualism,39,1,3,,50.0,,,,50.0,,,50.0,,50.0,
gemma,Individualism,4,1,1,,50.0,,,,50.0,,,50.0,,50.0,
gemma,Individualism,4,1,2,,50.0,,,,50.0,,,50.0,,50.0,
gemma,Individualism,4,1,3,,50.0,,,,50.0,,,50.0,,50.0,
gemma,Individualism,40,1,1,,50.0,,,,50.0,,,50.0,,50.0,
gemma,Individualism,40,1,2,,50.0,,,,50.0,,,50.0,,50.0,
gemma,Individualism,40,1,3,,50.0,,,,50.0,,,50.0,,50.0,
gemma,Individualism,42,1,1,,50.0,,,,25.0,,,50.0,,50.0,
gemma,Individualism,42,1,2,,50.0,,,,25.0,,,50.0,,50.0,
gemma,Individualism,42,1,3,,50.0,,,,25.0,,,50.0,,50.0,
gemma,Individualism,43,1,1,,50.0,,,,50.0,,,50.0,,50.0,
gemma,Individualism,43,1,2,,50.0,,,,50.0,,,50.0,,50.0,
gemma,Individualism,43,1,3,,50.0,,,,50.0,,,50.0,,50.0,
gemma,Individualism,44,1,1,,50.0,,,,50.0,,,50.0,,50.0,
gemma,Individualism,44,1,2,,50.0,,,,50.0,,,50.0,,50.0,
gemma,Individualism,44,1,3,,50.0,,,,50.0,,,50.0,,50.0,
gemma,Individualism,47,1,1,,50.0,,,,25.0,,,25.0,,25.0,
gemma,Individualism,47,1,2,,50.0,,,,25.0,,,25.0,,25.0,
gemma,Individualism,47,1,3,,50.0,,,,25.0,,,25.0,,25.0,
gemma,Individualism,48,1,1,,50.0,,,,50.0,,,75.0,,75.0,
gemma,Individualism,48,1,2,,50.0,,,,50.0,,,75.0,,75.0,
gemma,Individualism,48,1,3,,50.0,,,,50.0,,,75.0,,75.0,
gemma,Individualism,49,1,1,,50.0,,,,50.0,,,50.0,,50.0,
gemma,Individualism,49,1,2,,50.0,,,,50.0,,,50.0,,50.0,
gemma,Individualism,49,1,3,,50.0,,,,50.0,,,50.0,,50.0,
gemma,Individualism,5,1,1,,50.0,,,,50.0,,,50.0,,50.0,
gemma,Individualism,5,1,2,,50.0,,,,50.0,,,50.0,,50.0,
gemma,Individualism,5,1,3,,50.0,,,,50.0,,,50.0,,50.0,
gemma,Individualism,50,1,1,,50.0,,,,50.0,,,50.0,,50.0,
gemma,Individualism,50,1,2,,50.0,,,,50.0,,,50.0,,50.0,
gemma,Individualism,50,1,3,,50.0,,,,50.0,,,50.0,,50.0,
gemma,Individualism,51,1,1,,50.0,,,,50.0,,,50.0,,50.0,
gemma,Individualism,51,1,2,,50.0,,,,50.0,,,50.0,,50.0,
gemma,Individualism,51,1,3,,50.0,,,,50.0,,,50.0,,50.0,
gemma,Individualism,53,1,1,,50.0,,,,25.0,,,50.0,,50.0,
gemma,Individualism,53,1,2,,50.0,,,,25.0,,,50.0,,50.0,
gemma,Individualism,53,1,3,,50.0,,,,25.0,,,50.0,,50.0,
gemma,Individualism,54,1,1,,50.0,,,,75.0,,,50.0,,75.0,
gemma,Individualism,54,1,2,,50.0,,,,75.0,,,50.0,,75.0,
gemma,Individualism,54,1,3,,50.0,,,,75.0,,,50.0,,75.0,
gemma,Individualism,55,1,1,,50.0,,,,50.0,,,50.0,,50.0,
gemma,Individualism,55,1,2,,50.0,,,,50.0,,,50.0,,50.0,
gemma,Individualism,55,1,3,,50.0,,,,50.0,,,50.0,,50.0,
gemma,Individualism,56,1,1,,75.0,,,,75.0,,,75.0,,75.0,
gemma,Individualism,56,1,2,,75.0,,,,75.0,,,75.0,,75.0,
gemma,Individualism,56,1,3,,75.0,,,,75.0,,,75.0,,75.0,
gemma,Individualism,57,1,1,,25.0,,,,25.0,,,50.0,,100.0,
gemma,Individualism,57,1,2,,25.0,,,,25.0,,,50.0,,100.0,
gemma,Individualism,57,1,3,,25.0,,,,25.0,,,50.0,,100.0,
gemma,Individualism,58,1,1,,50.0,,,,50.0,,,50.0,,50.0,
gemma,Individualism,58,1,2,,50.0,,,,50.0,,,50.0,,50.0,
gemma,Individualism,58,1,3,,50.0,,,,50.0,,,50.0,,50.0,
gemma,Individualism,59,1,1,,25.0,,,,25.0,,,75.0,,75.0,
gemma,Individualism,59,1,2,,25.0,,,,25.0,,,75.0,,75.0,
gemma,Individualism,59,1,3,,25.0,,,,25.0,,,75.0,,75.0,
gemma,Individualism,60,1,1,,50.0,,,,0.0,,,0.0,,0.0,
gemma,Individualism,60,1,2,,50.0,,,,0.0,,,0.0,,0.0,
gemma,Individualism,60,1,3,,50.0,,,,0.0,,,0.0,,0.0,
gemma,Individualism,61,1,1,,50.0,,,,50.0,,,75.0,,50.0,
gemma,Individualism,61,1,2,,50.0,,,,50.0,,,75.0,,50.0,
gemma,Individualism,61,1,3,,50.0,,,,50.0,,,75.0,,50.0,
gemma,Individualism,62,1,1,,50.0,,,,50.0,,,50.0,,50.0,
gemma,Individualism,62,1,2,,50.0,,,,50.0,,,50.0,,50.0,
gemma,Individualism,62,1,3,,50.0,,,,50.0,,,50.0,,50.0,
gemma,Individualism,63,1,1,,25.0,,,,25.0,,,25.0,,25.0,
gemma,Individualism,63,1,2,,25.0,,,,25.0,,,25.0,,25.0,
gemma,Individualism,63,1,3,,25.0,,,,25.0,,,25.0,,25.0,
gemma,Individualism,64,1,1,,25.0,,,,75.0,,,50.0,,25.0,
gemma,Individualism,64,1,2,,25.0,,,,75.0,,,50.0,,25.0,
gemma,Individualism,64,1,3,,25.0,,,,75.0,,,50.0,,25.0,
gemma,Individualism,66,1,1,,50.0,,,,50.0,,,50.0,,50.0,
gemma,Individualism,66,1,2,,50.0,,,,50.0,,,50.0,,50.0,
gemma,Individualism,66,1,3,,50.0,,,,50.0,,,50.0,,50.0,
gemma,Individualism,67,1,1,,50.0,,,,25.0,,,50.0,,50.0,
gemma,Individualism,67,1,2,,50.0,,,,25.0,,,50.0,,50.0,
gemma,Individualism,67,1,3,,50.0,,,,25.0,,,50.0,,50.0,
gemma,Individualism,70,1,1,,50.0,,,,50.0,,,50.0,,50.0,
gemma,Individualism,70,1,2,,50.0,,,,50.0,,,50.0,,50.0,
gemma,Individualism,70,1,3,,50.0,,,,50.0,,,50.0,,50.0,
gemma,Individualism,72,1,1,,50.0,,,,25.0,,,25.0,,0.0,
gemma,Individualism,72,1,2,,50.0,,,,25.0,,,25.0,,0.0,
gemma,Individualism,72,1,3,,50.0,,,,25.0,,,25.0,,0.0,
gemma,Individualism,73,1,1,,50.0,,,,25.0,,,50.0,,100.0,
gemma,Individualism,73,1,2,,50.0,,,,25.0,,,50.0,,100.0,
gemma,Individualism,73,1,3,,50.0,,,,25.0,,,50.0,,100.0,
gemma,Individualism,78,1,1,,50.0,,,,50.0,,,50.0,,50.0,
gemma,Individualism,78,1,2,,50.0,,,,50.0,,,50.0,,50.0,
gemma,Individualism,78,1,3,,50.0,,,,50.0,,,50.0,,50.0,
gemma,Individualism,79,1,1,,50.0,,,,25.0,,,25.0,,25.0,
gemma,Individualism,79,1,2,,50.0,,,,25.0,,,25.0,,25.0,
gemma,Individualism,79,1,3,,50.0,,,,25.0,,,25.0,,25.0,
gemma,Individualism,8,1,1,,25.0,,,,25.0,,,25.0,,25.0,
gemma,Individualism,8,1,2,,25.0,,,,25.0,,,25.0,,25.0,
gemma,Individualism,8,1,3,,25.0,,,,25.0,,,25.0,,25.0,
gemma,Individualism,80,1,1,,50.0,,,,50.0,,,50.0,,50.0,
gemma,Individualism,80,1,2,,50.0,,,,50.0,,,50.0,,50.0,
gemma,Individualism,80,1,3,,50.0,,,,50.0,,,50.0,,50.0,
gemma,Individualism,81,1,1,,50.0,,,,50.0,,,50.0,,50.0,
gemma,Individualism,81,1,2,,50.0,,,,50.0,,,50.0,,50.0,
gemma,Individualism,81,1,3,,50.0,,,,50.0,,,50.0,,50.0,
gemma,Individualism,84,1,1,,50.0,,,,50.0,,,50.0,,50.0,
gemma,Individualism,84,1,2,,50.0,,,,50.0,,,50.0,,50.0,
gemma,Individualism,84,1,3,,50.0,,,,50.0,,,50.0,,50.0,
gemma,Individualism,85,1,1,,50.0,,,,100.0,,,50.0,,75.0,
gemma,Individualism,85,1,2,,50.0,,,,100.0,,,50.0,,75.0,
gemma,Individualism,85,1,3,,50.0,,,,100.0,,,50.0,,75.0,
gemma,Individualism,88,1,1,,50.0,,,,25.0,,,50.0,,50.0,
gemma,Individualism,88,1,2,,50.0,,,,25.0,,,50.0,,50.0,
gemma,Individualism,88,1,3,,50.0,,,,25.0,,,50.0,,50.0,
gemma,Individualism,9,1,1,,25.0,,,,0.0,,,25.0,,25.0,
gemma,Individualism,9,1,2,,25.0,,,,0.0,,,25.0,,25.0,
gemma,Individualism,9,1,3,,25.0,,,,0.0,,,25.0,,25.0,
gemma,Individualism,90,1,1,,50.0,,,,50.0,,,50.0,,50.0,
gemma,Individualism,90,1,2,,50.0,,,,50.0,,,50.0,,50.0,
gemma,Individualism,90,1,3,,50.0,,,,50.0,,,50.0,,50.0,
gemma,Individualism,97,1,1,,50.0,,,,50.0,,,50.0,,75.0,
gemma,Individualism,97,1,2,,50.0,,,,50.0,,,50.0,,75.0,
gemma,Individualism,97,1,3,,50.0,,,,50.0,,,50.0,,75.0,
gemma,Individualism,98,1,1,,50.0,,,,25.0,,,25.0,,25.0,
gemma,Individualism,98,1,2,,50.0,,,,25.0,,,25.0,,25.0,
gemma,Individualism,98,1,3,,50.0,,,,25.0,,,25.0,,25.0,
gemma,Individualism,99,1,1,,25.0,,,,25.0,,,25.0,,25.0,
gemma,Individualism,99,1,2,,25.0,,,,25.0,,,25.0,,25.0,
gemma,Individualism,99,1,3,,25.0,,,,25.0,,,25.0,,25.0,
gemma,Indulgence,474,1,1,,50.0,,,,50.0,,,50.0,,50.0,
gemma,Indulgence,474,1,2,,50.0,,,,50.0,,,50.0,,50.0,
gemma,Indulgence,474,1,3,,50.0,,,,50.0,,,50.0,,50.0,
gemma,Indulgence,476,1,1,,50.0,,,,25.0,,,50.0,,50.0,
gemma,Indulgence,476,1,2,,50.0,,,,25.0,,,50.0,,50.0,
gemma,Indulgence,476,1,3,,50.0,,,,25.0,,,50.0,,50.0,
gemma,Indulgence,477,1,1,,50.0,,,,25.0,,,50.0,,50.0,
gemma,Indulgence,477,1,2,,50.0,,,,25.0,,,50.0,,50.0,
gemma,Indulgence,477,1,3,,50.0,,,,25.0,,,50.0,,50.0,
gemma,Indulgence,478,1,1,,25.0,,,,0.0,,,25.0,,0.0,
gemma,Indulgence,478,1,2,,25.0,,,,0.0,,,25.0,,0.0,
gemma,Indulgence,478,1,3,,25.0,,,,0.0,,,25.0,,0.0,
gemma,Indulgence,479,1,1,,50.0,,,,50.0,,,50.0,,25.0,
gemma,Indulgence,479,1,2,,50.0,,,,50.0,,,50.0,,25.0,
gemma,Indulgence,479,1,3,,50.0,,,,50.0,,,50.0,,25.0,
gemma,Indulgence,481,1,1,,50.0,,,,25.0,,,50.0,,50.0,
gemma,Indulgence,481,1,2,,50.0,,,,25.0,,,50.0,,50.0,
gemma,Indulgence,481,1,3,,50.0,,,,25.0,,,50.0,,50.0,
gemma,Indulgence,482,1,1,,50.0,,,,50.0,,,50.0,,50.0,
gemma,Indulgence,482,1,2,,50.0,,,,50.0,,,50.0,,50.0,
gemma,Indulgence,482,1,3,,50.0,,,,50.0,,,50.0,,50.0,
gemma,Indulgence,483,1,1,,25.0,,,,25.0,,,50.0,,50.0,
gemma,Indulgence,483,1,2,,25.0,,,,25.0,,,50.0,,50.0,
gemma,Indulgence,483,1,3,,25.0,,,,25.0,,,50.0,,50.0,
gemma,Indulgence,484,1,1,,50.0,,,,25.0,,,50.0,,50.0,
gemma,Indulgence,484,1,2,,50.0,,,,25.0,,,50.0,,50.0,
gemma,Indulgence,484,1,3,,50.0,,,,25.0,,,50.0,,50.0,
gemma,Indulgence,485,1,1,,25.0,,,,25.0,,,25.0,,25.0,
gemma,Indulgence,485,1,2,,25.0,,,,25.0,,,25.0,,25.0,
gemma,Indulgence,485,1,3,,25.0,,,,25.0,,,25.0,,25.0,
gemma,Indulgence,486,1,1,,25.0,,,,25.0,,,25.0,,25.0,
gemma,Indulgence,486,1,2,,25.0,,,,25.0,,,25.0,,25.0,
gemma,Indulgence,486,1,3,,25.0,,,,25.0,,,25.0,,25.0,
gemma,Indulgence,487,1,1,,25.0,,,,25.0,,,25.0,,25.0,
gemma,Indulgence,487,1,2,,25.0,,,,25.0,,,25.0,,25.0,
gemma,Indulgence,487,1,3,,25.0,,,,25.0,,,25.0,,25.0,
gemma,Indulgence,490,1,1,,50.0,,,,75.0,,,50.0,,75.0,
gemma,Indulgence,490,1,2,,50.0,,,,75.0,,,50.0,,75.0,
gemma,Indulgence,490,1,3,,50.0,,,,75.0,,,50.0,,75.0,
gemma,Indulgence,492,1,1,,50.0,,,,25.0,,,50.0,,50.0,
gemma,Indulgence,492,1,2,,50.0,,,,25.0,,,50.0,,50.0,
gemma,Indulgence,492,1,3,,50.0,,,,25.0,,,50.0,,50.0,
gemma,Indulgence,493,1,1,,25.0,,,,25.0,,,25.0,,50.0,
gemma,Indulgence,493,1,2,,25.0,,,,25.0,,,25.0,,50.0,
gemma,Indulgence,493,1,3,,25.0,,,,25.0,,,25.0,,50.0,
gemma,Indulgence,494,1,1,,25.0,,,,25.0,,,25.0,,50.0,
gemma,Indulgence,494,1,2,,25.0,,,,25.0,,,25.0,,50.0,
gemma,Indulgence,494,1,3,,25.0,,,,25.0,,,25.0,,50.0,
gemma,Indulgence,495,1,1,,25.0,,,,25.0,,,25.0,,25.0,
gemma,Indulgence,495,1,2,,25.0,,,,25.0,,,25.0,,25.0,
gemma,Indulgence,495,1,3,,25.0,,,,25.0,,,25.0,,25.0,
gemma,Indulgence,496,1,1,,25.0,,,,25.0,,,50.0,,50.0,
gemma,Indulgence,496,1,2,,25.0,,,,25.0,,,50.0,,50.0,
gemma,Indulgence,496,1,3,,25.0,,,,25.0,,,50.0,,50.0,
gemma,Indulgence,497,1,1,,50.0,,,,50.0,,,50.0,,50.0,
gemma,Indulgence,497,1,2,,50.0,,,,50.0,,,50.0,,50.0,
gemma,Indulgence,497,1,3,,50.0,,,,50.0,,,50.0,,50.0,
gemma,Indulgence,498,1,1,,50.0,,,,50.0,,,50.0,,50.0,
gemma,Indulgence,498,1,2,,50.0,,,,50.0,,,50.0,,50.0,
gemma,Indulgence,498,1,3,,50.0,,,,50.0,,,50.0,,50.0,
gemma,Indulgence,499,1,1,,50.0,,,,50.0,,,50.0,,50.0,
gemma,Indulgence,499,1,2,,50.0,,,,50.0,,,50.0,,50.0,
gemma,Indulgence,499,1,3,,50.0,,,,50.0,,,50.0,,50.0,
gemma,Indulgence,500,1,1,,25.0,,,,25.0,,,25.0,,25.0,
gemma,Indulgence,500,1,2,,25.0,,,,25.0,,,25.0,,25.0,
gemma,Indulgence,500,1,3,,25.0,,,,25.0,,,25.0,,25.0,
gemma,Indulgence,503,1,1,,50.0,,,,50.0,,,50.0,,50.0,
gemma,Indulgence,503,1,2,,50.0,,,,50.0,,,50.0,,50.0,
gemma,Indulgence,503,1,3,,50.0,,,,50.0,,,50.0,,50.0,
gemma,Indulgence,505,1,1,,25.0,,,,0.0,,,0.0,,0.0,
gemma,Indulgence,505,1,2,,25.0,,,,0.0,,,0.0,,0.0,
gemma,Indulgence,505,1,3,,25.0,,,,0.0,,,0.0,,0.0,
gemma,Indulgence,508,1,1,,50.0,,,,50.0,,,50.0,,50.0,
gemma,Indulgence,508,1,2,,50.0,,,,50.0,,,50.0,,50.0,
gemma,Indulgence,508,1,3,,50.0,,,,50.0,,,50.0,,50.0,
gemma,Indulgence,509,1,1,,25.0,,,,25.0,,,25.0,,25.0,
gemma,Indulgence,509,1,2,,25.0,,,,25.0,,,25.0,,25.0,
gemma,Indulgence,509,1,3,,25.0,,,,25.0,,,25.0,,25.0,
gemma,Indulgence,510,1,1,,50.0,,,,50.0,,,50.0,,50.0,
gemma,Indulgence,510,1,2,,50.0,,,,50.0,,,50.0,,50.0,
gemma,Indulgence,510,1,3,,50.0,,,,50.0,,,50.0,,50.0,
gemma,Indulgence,511,1,1,,25.0,,,,25.0,,,25.0,,50.0,
gemma,Indulgence,511,1,2,,25.0,,,,25.0,,,25.0,,50.0,
gemma,Indulgence,511,1,3,,25.0,,,,25.0,,,25.0,,50.0,
gemma,Indulgence,512,1,1,,50.0,,,,25.0,,,50.0,,50.0,
gemma,Indulgence,512,1,2,,50.0,,,,25.0,,,50.0,,50.0,
gemma,Indulgence,512,1,3,,50.0,,,,25.0,,,50.0,,50.0,
gemma,Indulgence,514,1,1,,50.0,,,,50.0,,,50.0,,50.0,
gemma,Indulgence,514,1,2,,50.0,,,,50.0,,,50.0,,50.0,
gemma,Indulgence,514,1,3,,50.0,,,,50.0,,,50.0,,50.0,
gemma,Indulgence,517,1,1,,50.0,,,,25.0,,,25.0,,50.0,
gemma,Indulgence,517,1,2,,50.0,,,,25.0,,,25.0,,50.0,
gemma,Indulgence,517,1,3,,50.0,,,,25.0,,,25.0,,50.0,
gemma,Indulgence,518,1,1,,25.0,,,,0.0,,,50.0,,25.0,
gemma,Indulgence,518,1,2,,25.0,,,,0.0,,,50.0,,25.0,
gemma,Indulgence,518,1,3,,25.0,,,,0.0,,,50.0,,25.0,
gemma,Indulgence,521,1,1,,50.0,,,,25.0,,,25.0,,50.0,
gemma,Indulgence,521,1,2,,50.0,,,,25.0,,,25.0,,50.0,
gemma,Indulgence,521,1,3,,50.0,,,,25.0,,,25.0,,50.0,
gemma,Indulgence,522,1,1,,25.0,,,,25.0,,,25.0,,25.0,
gemma,Indulgence,522,1,2,,25.0,,,,25.0,,,25.0,,25.0,
gemma,Indulgence,522,1,3,,25.0,,,,25.0,,,25.0,,25.0,
gemma,Indulgence,523,1,1,,25.0,,,,50.0,,,50.0,,50.0,
gemma,Indulgence,523,1,2,,25.0,,,,50.0,,,50.0,,50.0,
gemma,Indulgence,523,1,3,,25.0,,,,50.0,,,50.0,,50.0,
gemma,Indulgence,524,1,1,,25.0,,,,25.0,,,25.0,,25.0,
gemma,Indulgence,524,1,2,,25.0,,,,25.0,,,25.0,,25.0,
gemma,Indulgence,524,1,3,,25.0,,,,25.0,,,25.0,,25.0,
gemma,Indulgence,526,1,1,,25.0,,,,25.0,,,50.0,,50.0,
gemma,Indulgence,526,1,2,,25.0,,,,25.0,,,50.0,,50.0,
gemma,Indulgence,526,1,3,,25.0,,,,25.0,,,50.0,,50.0,
gemma,Indulgence,527,1,1,,25.0,,,,25.0,,,25.0,,25.0,
gemma,Indulgence,527,1,2,,25.0,,,,25.0,,,25.0,,25.0,
gemma,Indulgence,527,1,3,,25.0,,,,25.0,,,25.0,,25.0,
gemma,Indulgence,530,1,1,,25.0,,,,25.0,,,25.0,,25.0,
gemma,Indulgence,530,1,2,,25.0,,,,25.0,,,25.0,,25.0,
gemma,Indulgence,530,1,3,,25.0,,,,25.0,,,25.0,,25.0,
gemma,Indulgence,531,1,1,,50.0,,,,50.0,,,50.0,,50.0,
gemma,Indulgence,531,1,2,,50.0,,,,50.0,,,50.0,,50.0,
gemma,Indulgence,531,1,3,,50.0,,,,50.0,,,50.0,,50.0,
gemma,Indulgence,532,1,1,,25.0,,,,25.0,,,50.0,,50.0,
gemma,Indulgence,532,1,2,,25.0,,,,25.0,,,50.0,,50.0,
gemma,Indulgence,532,1,3,,25.0,,,,25.0,,,50.0,,50.0,
gemma,Indulgence,534,1,1,,50.0,,,,50.0,,,50.0,,50.0,
gemma,Indulgence,534,1,2,,50.0,,,,50.0,,,50.0,,50.0,
gemma,Indulgence,534,1,3,,50.0,,,,50.0,,,50.0,,50.0,
gemma,Indulgence,539,1,1,,25.0,,,,25.0,,,50.0,,25.0,
gemma,Indulgence,539,1,2,,25.0,,,,25.0,,,50.0,,25.0,
gemma,Indulgence,539,1,3,,25.0,,,,25.0,,,50.0,,25.0,
gemma,Indulgence,540,1,1,,25.0,,,,50.0,,,50.0,,50.0,
gemma,Indulgence,540,1,2,,25.0,,,,50.0,,,50.0,,50.0,
gemma,Indulgence,540,1,3,,25.0,,,,50.0,,,50.0,,50.0,
gemma,Indulgence,541,1,1,,50.0,,,,50.0,,,50.0,,50.0,
gemma,Indulgence,541,1,2,,50.0,,,,50.0,,,50.0,,50.0,
gemma,Indulgence,541,1,3,,50.0,,,,50.0,,,50.0,,50.0,
gemma,Indulgence,543,1,1,,25.0,,,,25.0,,,25.0,,25.0,
gemma,Indulgence,543,1,2,,25.0,,,,25.0,,,25.0,,25.0,
gemma,Indulgence,543,1,3,,25.0,,,,25.0,,,25.0,,25.0,
gemma,Indulgence,545,1,1,,25.0,,,,25.0,,,25.0,,25.0,
gemma,Indulgence,545,1,2,,25.0,,,,25.0,,,25.0,,25.0,
gemma,Indulgence,545,1,3,,25.0,,,,25.0,,,25.0,,25.0,
gemma,Indulgence,546,1,1,,25.0,,,,0.0,,,25.0,,25.0,
gemma,Indulgence,546,1,2,,25.0,,,,0.0,,,25.0,,25.0,
gemma,Indulgence,546,1,3,,25.0,,,,0.0,,,25.0,,25.0,
gemma,Indulgence,550,1,1,,25.0,,,,25.0,,,25.0,,25.0,
gemma,Indulgence,550,1,2,,25.0,,,,25.0,,,25.0,,25.0,
gemma,Indulgence,550,1,3,,25.0,,,,25.0,,,25.0,,25.0,
gemma,Indulgence,551,1,1,,50.0,,,,25.0,,,50.0,,50.0,
gemma,Indulgence,551,1,2,,50.0,,,,25.0,,,50.0,,50.0,
gemma,Indulgence,551,1,3,,50.0,,,,25.0,,,50.0,,50.0,
gemma,Indulgence,552,1,1,,25.0,,,,25.0,,,75.0,,75.0,
gemma,Indulgence,552,1,2,,25.0,,,,25.0,,,75.0,,75.0,
gemma,Indulgence,552,1,3,,25.0,,,,25.0,,,75.0,,75.0,
gemma,Indulgence,553,1,1,,50.0,,,,25.0,,,25.0,,50.0,
gemma,Indulgence,553,1,2,,50.0,,,,25.0,,,25.0,,50.0,
gemma,Indulgence,553,1,3,,50.0,,,,25.0,,,25.0,,50.0,
gemma,Indulgence,554,1,1,,25.0,,,,25.0,,,25.0,,50.0,
gemma,Indulgence,554,1,2,,25.0,,,,25.0,,,25.0,,50.0,
gemma,Indulgence,554,1,3,,25.0,,,,25.0,,,25.0,,50.0,
gemma,Indulgence,555,1,1,,50.0,,,,75.0,,,75.0,,75.0,
gemma,Indulgence,555,1,2,,50.0,,,,75.0,,,75.0,,75.0,
gemma,Indulgence,555,1,3,,50.0,,,,75.0,,,75.0,,75.0,
gemma,Indulgence,557,1,1,,25.0,,,,25.0,,,25.0,,25.0,
gemma,Indulgence,557,1,2,,25.0,,,,25.0,,,25.0,,25.0,
gemma,Indulgence,557,1,3,,25.0,,,,25.0,,,25.0,,25.0,
gemma,Indulgence,558,1,1,,25.0,,,,50.0,,,50.0,,50.0,
gemma,Indulgence,558,1,2,,25.0,,,,50.0,,,50.0,,50.0,
gemma,Indulgence,558,1,3,,25.0,,,,50.0,,,50.0,,50.0,
gemma,Indulgence,560,1,1,,25.0,,,,25.0,,,25.0,,25.0,
gemma,Indulgence,560,1,2,,25.0,,,,25.0,,,25.0,,25.0,
gemma,Indulgence,560,1,3,,25.0,,,,25.0,,,25.0,,25.0,
gemma,Indulgence,561,1,1,,25.0,,,,50.0,,,50.0,,50.0,
gemma,Indulgence,561,1,2,,25.0,,,,50.0,,,50.0,,50.0,
gemma,Indulgence,561,1,3,,25.0,,,,50.0,,,50.0,,50.0,
gemma,Indulgence,563,1,1,,50.0,,,,75.0,,,25.0,,50.0,
gemma,Indulgence,563,1,2,,50.0,,,,75.0,,,25.0,,50.0,
gemma,Indulgence,563,1,3,,50.0,,,,75.0,,,25.0,,50.0,
gemma,Indulgence,564,1,1,,25.0,,,,25.0,,,25.0,,25.0,
gemma,Indulgence,564,1,2,,25.0,,,,25.0,,,25.0,,25.0,
gemma,Indulgence,564,1,3,,25.0,,,,25.0,,,25.0,,25.0,
gemma,Indulgence,565,1,1,,25.0,,,,25.0,,,25.0,,50.0,
gemma,Indulgence,565,1,2,,25.0,,,,25.0,,,25.0,,50.0,
gemma,Indulgence,565,1,3,,25.0,,,,25.0,,,25.0,,50.0,
gemma,Indulgence,566,1,1,,25.0,,,,50.0,,,50.0,,50.0,
gemma,Indulgence,566,1,2,,25.0,,,,50.0,,,50.0,,50.0,
gemma,Indulgence,566,1,3,,25.0,,,,50.0,,,50.0,,50.0,
gemma,Indulgence,567,1,1,,50.0,,,,25.0,,,50.0,,50.0,
gemma,Indulgence,567,1,2,,50.0,,,,25.0,,,50.0,,50.0,
gemma,Indulgence,567,1,3,,50.0,,,,25.0,,,50.0,,50.0,
gemma,Indulgence,568,1,1,,25.0,,,,25.0,,,25.0,,0.0,
gemma,Indulgence,568,1,2,,25.0,,,,25.0,,,25.0,,0.0,
gemma,Indulgence,568,1,3,,25.0,,,,25.0,,,25.0,,0.0,
gemma,Indulgence,569,1,1,,25.0,,,,25.0,,,25.0,,25.0,
gemma,Indulgence,569,1,2,,25.0,,,,25.0,,,25.0,,25.0,
gemma,Indulgence,569,1,3,,25.0,,,,25.0,,,25.0,,25.0,
gemma,Indulgence,570,1,1,,50.0,,,,50.0,,,50.0,,50.0,
gemma,Indulgence,570,1,2,,50.0,,,,50.0,,,50.0,,50.0,
gemma,Indulgence,570,1,3,,50.0,,,,50.0,,,50.0,,50.0,
gemma,Indulgence,571,1,1,,25.0,,,,25.0,,,25.0,,25.0,
gemma,Indulgence,571,1,2,,25.0,,,,25.0,,,25.0,,25.0,
gemma,Indulgence,571,1,3,,25.0,,,,25.0,,,25.0,,25.0,
gemma,Indulgence,572,1,1,,25.0,,,,25.0,,,25.0,,50.0,
gemma,Indulgence,572,1,2,,25.0,,,,25.0,,,25.0,,50.0,
gemma,Indulgence,572,1,3,,25.0,,,,25.0,,,25.0,,50.0,
gemma,Indulgence,573,1,1,,25.0,,,,25.0,,,25.0,,50.0,
gemma,Indulgence,573,1,2,,25.0,,,,25.0,,,25.0,,50.0,
gemma,Indulgence,573,1,3,,25.0,,,,25.0,,,25.0,,50.0,
gemma,Indulgence,574,1,1,,50.0,,,,25.0,,,50.0,,50.0,
gemma,Indulgence,574,1,2,,50.0,,,,25.0,,,50.0,,50.0,
gemma,Indulgence,574,1,3,,50.0,,,,25.0,,,50.0,,50.0,
gemma,Indulgence,575,1,1,,50.0,,,,25.0,,,50.0,,50.0,
gemma,Indulgence,575,1,2,,50.0,,,,25.0,,,50.0,,50.0,
gemma,Indulgence,575,1,3,,50.0,,,,25.0,,,50.0,,50.0,
gemma,Indulgence,576,1,1,,50.0,,,,25.0,,,50.0,,50.0,
gemma,Indulgence,576,1,2,,50.0,,,,25.0,,,50.0,,50.0,
gemma,Indulgence,576,1,3,,50.0,,,,25.0,,,50.0,,50.0,
gemma,Indulgence,578,1,1,,25.0,,,,25.0,,,25.0,,25.0,
gemma,Indulgence,578,1,2,,25.0,,,,25.0,,,25.0,,25.0,
gemma,Indulgence,578,1,3,,25.0,,,,25.0,,,25.0,,25.0,
gemma,Indulgence,579,1,1,,25.0,,,,25.0,,,50.0,,50.0,
gemma,Indulgence,579,1,2,,25.0,,,,25.0,,,50.0,,50.0,
gemma,Indulgence,579,1,3,,25.0,,,,25.0,,,50.0,,50.0,
gemma,Indulgence,581,1,1,,50.0,,,,50.0,,,50.0,,50.0,
gemma,Indulgence,581,1,2,,50.0,,,,50.0,,,50.0,,50.0,
gemma,Indulgence,581,1,3,,50.0,,,,50.0,,,50.0,,50.0,
gemma,Indulgence,582,1,1,,25.0,,,,25.0,,,25.0,,50.0,
gemma,Indulgence,582,1,2,,25.0,,,,25.0,,,25.0,,50.0,
gemma,Indulgence,582,1,3,,25.0,,,,25.0,,,25.0,,50.0,
gemma,Indulgence,584,1,1,,50.0,,,,25.0,,,25.0,,25.0,
gemma,Indulgence,584,1,2,,50.0,,,,25.0,,,25.0,,25.0,
gemma,Indulgence,584,1,3,,50.0,,,,25.0,,,25.0,,25.0,
gemma,Indulgence,585,1,1,,50.0,,,,25.0,,,50.0,,50.0,
gemma,Indulgence,585,1,2,,50.0,,,,25.0,,,50.0,,50.0,
gemma,Indulgence,585,1,3,,50.0,,,,25.0,,,50.0,,50.0,
gemma,Indulgence,589,1,1,,25.0,,,,25.0,,,25.0,,25.0,
gemma,Indulgence,589,1,2,,25.0,,,,25.0,,,25.0,,25.0,
gemma,Indulgence,589,1,3,,25.0,,,,25.0,,,25.0,,25.0,
gemma,Indulgence,590,1,1,,50.0,,,,50.0,,,50.0,,50.0,
gemma,Indulgence,590,1,2,,50.0,,,,50.0,,,50.0,,50.0,
gemma,Indulgence,590,1,3,,50.0,,,,50.0,,,50.0,,50.0,
gemma,Indulgence,591,1,1,,50.0,,,,25.0,,,50.0,,50.0,
gemma,Indulgence,591,1,2,,50.0,,,,25.0,,,50.0,,50.0,
gemma,Indulgence,591,1,3,,50.0,,,,25.0,,,50.0,,50.0,
gemma,Indulgence,592,1,1,,50.0,,,,25.0,,,50.0,,50.0,
gemma,Indulgence,592,1,2,,50.0,,,,25.0,,,50.0,,50.0,
gemma,Indulgence,592,1,3,,50.0,,,,25.0,,,50.0,,50.0,
gemma,Indulgence,594,1,1,,50.0,,,,50.0,,,50.0,,50.0,
gemma,Indulgence,594,1,2,,50.0,,,,50.0,,,50.0,,50.0,
gemma,Indulgence,594,1,3,,50.0,,,,50.0,,,50.0,,50.0,
gemma,Indulgence,596,1,1,,50.0,,,,50.0,,,50.0,,50.0,
gemma,Indulgence,596,1,2,,50.0,,,,50.0,,,50.0,,50.0,
gemma,Indulgence,596,1,3,,50.0,,,,50.0,,,50.0,,50.0,
gemma,Indulgence,597,1,1,,50.0,,,,50.0,,,50.0,,50.0,
gemma,Indulgence,597,1,2,,50.0,,,,50.0,,,50.0,,50.0,
gemma,Indulgence,597,1,3,,50.0,,,,50.0,,,50.0,,50.0,
gemma,Indulgence,599,1,1,,50.0,,,,50.0,,,50.0,,50.0,
gemma,Indulgence,599,1,2,,50.0,,,,50.0,,,50.0,,50.0,
gemma,Indulgence,599,1,3,,50.0,,,,50.0,,,50.0,,50.0,
gemma,Indulgence,601,1,1,,50.0,,,,25.0,,,50.0,,50.0,
gemma,Indulgence,601,1,2,,50.0,,,,25.0,,,50.0,,50.0,
gemma,Indulgence,601,1,3,,50.0,,,,25.0,,,50.0,,50.0,
gemma,Indulgence,602,1,1,,50.0,,,,25.0,,,25.0,,25.0,
gemma,Indulgence,602,1,2,,50.0,,,,25.0,,,25.0,,25.0,
gemma,Indulgence,602,1,3,,50.0,,,,25.0,,,25.0,,25.0,
gemma,Indulgence,605,1,1,,25.0,,,,25.0,,,50.0,,25.0,
gemma,Indulgence,605,1,2,,25.0,,,,25.0,,,50.0,,25.0,
gemma,Indulgence,605,1,3,,25.0,,,,25.0,,,50.0,,25.0,
gemma,Indulgence,608,1,1,,50.0,,,,50.0,,,50.0,,50.0,
gemma,Indulgence,608,1,2,,50.0,,,,50.0,,,50.0,,50.0,
gemma,Indulgence,608,1,3,,50.0,,,,50.0,,,50.0,,50.0,
gemma,Indulgence,609,1,1,,25.0,,,,0.0,,,0.0,,0.0,
gemma,Indulgence,609,1,2,,25.0,,,,0.0,,,0.0,,0.0,
gemma,Indulgence,609,1,3,,25.0,,,,0.0,,,0.0,,0.0,
gemma,Indulgence,611,1,1,,50.0,,,,50.0,,,50.0,,50.0,
gemma,Indulgence,611,1,2,,50.0,,,,50.0,,,50.0,,50.0,
gemma,Indulgence,611,1,3,,50.0,,,,50.0,,,50.0,,50.0,
gemma,Indulgence,612,1,1,,25.0,,,,25.0,,,25.0,,25.0,
gemma,Indulgence,612,1,2,,25.0,,,,25.0,,,25.0,,25.0,
gemma,Indulgence,612,1,3,,25.0,,,,25.0,,,25.0,,25.0,
gemma,Indulgence,614,1,1,,75.0,,,,50.0,,,50.0,,50.0,
gemma,Indulgence,614,1,2,,75.0,,,,50.0,,,50.0,,50.0,
gemma,Indulgence,614,1,3,,75.0,,,,50.0,,,50.0,,50.0,
gemma,Indulgence,618,1,1,,25.0,,,,25.0,,,50.0,,50.0,
gemma,Indulgence,618,1,2,,25.0,,,,25.0,,,50.0,,50.0,
gemma,Indulgence,618,1,3,,25.0,,,,25.0,,,50.0,,50.0,
gemma,Indulgence,619,1,1,,25.0,,,,25.0,,,50.0,,25.0,
gemma,Indulgence,619,1,2,,25.0,,,,25.0,,,50.0,,25.0,
gemma,Indulgence,619,1,3,,25.0,,,,25.0,,,50.0,,25.0,
gemma,Indulgence,620,1,1,,25.0,,,,25.0,,,25.0,,50.0,
gemma,Indulgence,620,1,2,,25.0,,,,25.0,,,25.0,,50.0,
gemma,Indulgence,620,1,3,,25.0,,,,25.0,,,25.0,,50.0,
gemma,Indulgence,621,1,1,,25.0,,,,25.0,,,25.0,,25.0,
gemma,Indulgence,621,1,2,,25.0,,,,25.0,,,25.0,,25.0,
gemma,Indulgence,621,1,3,,25.0,,,,25.0,,,25.0,,25.0,
gemma,Indulgence,622,1,1,,50.0,,,,25.0,,,25.0,,0.0,
gemma,Indulgence,622,1,2,,50.0,,,,25.0,,,25.0,,0.0,
gemma,Indulgence,622,1,3,,50.0,,,,25.0,,,25.0,,0.0,
gemma,Indulgence,623,1,1,,50.0,,,,50.0,,,50.0,,50.0,
gemma,Indulgence,623,1,2,,50.0,,,,50.0,,,50.0,,50.0,
gemma,Indulgence,623,1,3,,50.0,,,,50.0,,,50.0,,50.0,
gemma,Indulgence,624,1,1,,50.0,,,,25.0,,,50.0,,50.0,
gemma,Indulgence,624,1,2,,50.0,,,,25.0,,,50.0,,50.0,
gemma,Indulgence,624,1,3,,50.0,,,,25.0,,,50.0,,50.0,
gemma,Indulgence,627,1,1,,50.0,,,,25.0,,,25.0,,25.0,
gemma,Indulgence,627,1,2,,50.0,,,,25.0,,,25.0,,25.0,
gemma,Indulgence,627,1,3,,50.0,,,,25.0,,,25.0,,25.0,
gemma,Indulgence,630,1,1,,50.0,,,,25.0,,,25.0,,25.0,
gemma,Indulgence,630,1,2,,50.0,,,,25.0,,,25.0,,25.0,
gemma,Indulgence,630,1,3,,50.0,,,,25.0,,,25.0,,25.0,
gemma,Indulgence,636,1,1,,50.0,,,,25.0,,,50.0,,50.0,
gemma,Indulgence,636,1,2,,50.0,,,,25.0,,,50.0,,50.0,
gemma,Indulgence,636,1,3,,50.0,,,,25.0,,,50.0,,50.0,
gemma,Indulgence,637,1,1,,50.0,,,,50.0,,,50.0,,50.0,
gemma,Indulgence,637,1,2,,50.0,,,,50.0,,,50.0,,50.0,
gemma,Indulgence,637,1,3,,50.0,,,,50.0,,,50.0,,50.0,
gemma,Indulgence,639,1,1,,50.0,,,,25.0,,,50.0,,50.0,
gemma,Indulgence,639,1,2,,50.0,,,,25.0,,,50.0,,50.0,
gemma,Indulgence,639,1,3,,50.0,,,,25.0,,,50.0,,50.0,
gemma,Indulgence,641,1,1,,50.0,,,,25.0,,,25.0,,50.0,
gemma,Indulgence,641,1,2,,50.0,,,,25.0,,,25.0,,50.0,
gemma,Indulgence,641,1,3,,50.0,,,,25.0,,,25.0,,50.0,
gemma,Indulgence,642,1,1,,25.0,,,,25.0,,,50.0,,50.0,
gemma,Indulgence,642,1,2,,25.0,,,,25.0,,,50.0,,50.0,
gemma,Indulgence,642,1,3,,25.0,,,,25.0,,,50.0,,50.0,
gemma,Indulgence,643,1,1,,25.0,,,,25.0,,,25.0,,25.0,
gemma,Indulgence,643,1,2,,25.0,,,,25.0,,,25.0,,25.0,
gemma,Indulgence,643,1,3,,25.0,,,,25.0,,,25.0,,25.0,
gemma,Indulgence,644,1,1,,50.0,,,,25.0,,,50.0,,100.0,
gemma,Indulgence,644,1,2,,50.0,,,,25.0,,,50.0,,100.0,
gemma,Indulgence,644,1,3,,50.0,,,,25.0,,,50.0,,100.0,
gemma,Indulgence,646,1,1,,25.0,,,,25.0,,,25.0,,25.0,
gemma,Indulgence,646,1,2,,25.0,,,,25.0,,,25.0,,25.0,
gemma,Indulgence,646,1,3,,25.0,,,,25.0,,,25.0,,25.0,
gemma,Indulgence,647,1,1,,50.0,,,,50.0,,,50.0,,50.0,
gemma,Indulgence,647,1,2,,50.0,,,,50.0,,,50.0,,50.0,
gemma,Indulgence,647,1,3,,50.0,,,,50.0,,,50.0,,50.0,
gemma,Indulgence,649,1,1,,50.0,,,,25.0,,,50.0,,50.0,
gemma,Indulgence,649,1,2,,50.0,,,,25.0,,,50.0,,50.0,
gemma,Indulgence,649,1,3,,50.0,,,,25.0,,,50.0,,50.0,
gemma,Indulgence,650,1,1,,50.0,,,,50.0,,,50.0,,50.0,
gemma,Indulgence,650,1,2,,50.0,,,,50.0,,,50.0,,50.0,
gemma,Indulgence,650,1,3,,50.0,,,,50.0,,,50.0,,50.0,
gemma,Indulgence,653,1,1,,50.0,,,,100.0,,,75.0,,75.0,
gemma,Indulgence,653,1,2,,50.0,,,,100.0,,,75.0,,75.0,
gemma,Indulgence,653,1,3,,50.0,,,,100.0,,,75.0,,75.0,
gemma,Indulgence,655,1,1,,50.0,,,,25.0,,,25.0,,25.0,
gemma,Indulgence,655,1,2,,50.0,,,,25.0,,,25.0,,25.0,
gemma,Indulgence,655,1,3,,50.0,,,,25.0,,,25.0,,25.0,
gemma,Indulgence,656,1,1,,50.0,,,,25.0,,,50.0,,25.0,
gemma,Indulgence,656,1,2,,50.0,,,,25.0,,,50.0,,25.0,
gemma,Indulgence,656,1,3,,50.0,,,,25.0,,,50.0,,25.0,
gemma,Indulgence,658,1,1,,25.0,,,,25.0,,,50.0,,25.0,
gemma,Indulgence,658,1,2,,25.0,,,,25.0,,,50.0,,25.0,
gemma,Indulgence,658,1,3,,25.0,,,,25.0,,,50.0,,25.0,
gemma,Indulgence,661,1,1,,50.0,,,,50.0,,,50.0,,50.0,
gemma,Indulgence,661,1,2,,50.0,,,,50.0,,,50.0,,50.0,
gemma,Indulgence,661,1,3,,50.0,,,,50.0,,,50.0,,50.0,
gemma,Indulgence,664,1,1,,25.0,,,,25.0,,,25.0,,50.0,
gemma,Indulgence,664,1,2,,25.0,,,,25.0,,,25.0,,50.0,
gemma,Indulgence,664,1,3,,25.0,,,,25.0,,,25.0,,50.0,
gemma,Indulgence,665,1,1,,50.0,,,,25.0,,,50.0,,50.0,
gemma,Indulgence,665,1,2,,50.0,,,,25.0,,,50.0,,50.0,
gemma,Indulgence,665,1,3,,50.0,,,,25.0,,,50.0,,50.0,
gemma,Indulgence,666,1,1,,50.0,,,,50.0,,,50.0,,50.0,
gemma,Indulgence,666,1,2,,50.0,,,,50.0,,,50.0,,50.0,
gemma,Indulgence,666,1,3,,50.0,,,,50.0,,,50.0,,50.0,
gemma,Indulgence,667,1,1,,25.0,,,,25.0,,,25.0,,50.0,
gemma,Indulgence,667,1,2,,25.0,,,,25.0,,,25.0,,50.0,
gemma,Indulgence,667,1,3,,25.0,,,,25.0,,,25.0,,50.0,
gemma,Indulgence,668,1,1,,25.0,,,,25.0,,,50.0,,50.0,
gemma,Indulgence,668,1,2,,25.0,,,,25.0,,,50.0,,50.0,
gemma,Indulgence,668,1,3,,25.0,,,,25.0,,,50.0,,50.0,
gemma,Indulgence,670,1,1,,25.0,,,,25.0,,,50.0,,50.0,
gemma,Indulgence,670,1,2,,25.0,,,,25.0,,,50.0,,50.0,
gemma,Indulgence,670,1,3,,25.0,,,,25.0,,,50.0,,50.0,
gemma,Indulgence,674,1,1,,50.0,,,,25.0,,,25.0,,25.0,
gemma,Indulgence,674,1,2,,50.0,,,,25.0,,,25.0,,25.0,
gemma,Indulgence,674,1,3,,50.0,,,,25.0,,,25.0,,25.0,
gemma,Indulgence,675,1,1,,50.0,,,,50.0,,,50.0,,50.0,
gemma,Indulgence,675,1,2,,50.0,,,,50.0,,,50.0,,50.0,
gemma,Indulgence,675,1,3,,50.0,,,,50.0,,,50.0,,50.0,
gemma,Indulgence,678,1,1,,25.0,,,,25.0,,,50.0,,50.0,
gemma,Indulgence,678,1,2,,25.0,,,,25.0,,,50.0,,50.0,
gemma,Indulgence,678,1,3,,25.0,,,,25.0,,,50.0,,50.0,
gemma,Indulgence,679,1,1,,25.0,,,,25.0,,,25.0,,50.0,
gemma,Indulgence,679,1,2,,25.0,,,,25.0,,,25.0,,50.0,
gemma,Indulgence,679,1,3,,25.0,,,,25.0,,,25.0,,50.0,
gemma,Indulgence,686,1,1,,25.0,,,,25.0,,,25.0,,50.0,
gemma,Indulgence,686,1,2,,25.0,,,,25.0,,,25.0,,50.0,
gemma,Indulgence,686,1,3,,25.0,,,,25.0,,,25.0,,50.0,
gemma,Indulgence,687,1,1,,25.0,,,,25.0,,,50.0,,50.0,
gemma,Indulgence,687,1,2,,25.0,,,,25.0,,,50.0,,50.0,
gemma,Indulgence,687,1,3,,25.0,,,,25.0,,,50.0,,50.0,
gemma,Indulgence,693,1,1,,50.0,,,,25.0,,,50.0,,50.0,
gemma,Indulgence,693,1,2,,50.0,,,,25.0,,,50.0,,50.0,
gemma,Indulgence,693,1,3,,50.0,,,,25.0,,,50.0,,50.0,
gemma,Indulgence,694,1,1,,25.0,,,,25.0,,,50.0,,50.0,
gemma,Indulgence,694,1,2,,25.0,,,,25.0,,,50.0,,50.0,
gemma,Indulgence,694,1,3,,25.0,,,,25.0,,,50.0,,50.0,
gemma,Indulgence,695,1,1,,25.0,,,,50.0,,,50.0,,50.0,
gemma,Indulgence,695,1,2,,25.0,,,,50.0,,,50.0,,50.0,
gemma,Indulgence,695,1,3,,25.0,,,,50.0,,,50.0,,50.0,
gemma,Indulgence,696,1,1,,50.0,,,,25.0,,,25.0,,25.0,
gemma,Indulgence,696,1,2,,50.0,,,,25.0,,,25.0,,25.0,
gemma,Indulgence,696,1,3,,50.0,,,,25.0,,,25.0,,25.0,
gemma,Indulgence,697,1,1,,25.0,,,,25.0,,,25.0,,50.0,
gemma,Indulgence,697,1,2,,25.0,,,,25.0,,,25.0,,50.0,
gemma,Indulgence,697,1,3,,25.0,,,,25.0,,,25.0,,50.0,
gemma,Indulgence,703,1,1,,50.0,,,,50.0,,,50.0,,50.0,
gemma,Indulgence,703,1,2,,50.0,,,,50.0,,,50.0,,50.0,
gemma,Indulgence,703,1,3,,50.0,,,,50.0,,,50.0,,50.0,
gemma,Indulgence,705,1,1,,25.0,,,,25.0,,,50.0,,100.0,
gemma,Indulgence,705,1,2,,25.0,,,,25.0,,,50.0,,100.0,
gemma,Indulgence,705,1,3,,25.0,,,,25.0,,,50.0,,100.0,
gemma,Indulgence,706,1,1,,25.0,,,,25.0,,,25.0,,25.0,
gemma,Indulgence,706,1,2,,25.0,,,,25.0,,,25.0,,25.0,
gemma,Indulgence,706,1,3,,25.0,,,,25.0,,,25.0,,25.0,
gemma,Long_Term_Orientation,1000,1,1,,25.0,,,,25.0,,,25.0,,25.0,
gemma,Long_Term_Orientation,1000,1,2,,25.0,,,,25.0,,,25.0,,25.0,
gemma,Long_Term_Orientation,1000,1,3,,25.0,,,,25.0,,,25.0,,25.0,
gemma,Long_Term_Orientation,1001,1,1,,25.0,,,,25.0,,,25.0,,25.0,
gemma,Long_Term_Orientation,1001,1,2,,25.0,,,,25.0,,,25.0,,25.0,
gemma,Long_Term_Orientation,1001,1,3,,25.0,,,,25.0,,,25.0,,25.0,
gemma,Long_Term_Orientation,1002,1,1,,25.0,,,,25.0,,,25.0,,25.0,
gemma,Long_Term_Orientation,1002,1,2,,25.0,,,,25.0,,,25.0,,25.0,
gemma,Long_Term_Orientation,1002,1,3,,25.0,,,,25.0,,,25.0,,25.0,
gemma,Long_Term_Orientation,1003,1,1,,25.0,,,,25.0,,,25.0,,25.0,
gemma,Long_Term_Orientation,1003,1,2,,25.0,,,,25.0,,,25.0,,25.0,
gemma,Long_Term_Orientation,1003,1,3,,25.0,,,,25.0,,,25.0,,25.0,
gemma,Long_Term_Orientation,1004,1,1,,25.0,,,,25.0,,,25.0,,25.0,
gemma,Long_Term_Orientation,1004,1,2,,25.0,,,,25.0,,,25.0,,25.0,
gemma,Long_Term_Orientation,1004,1,3,,25.0,,,,25.0,,,25.0,,25.0,
gemma,Long_Term_Orientation,1005,1,1,,25.0,,,,25.0,,,25.0,,25.0,
gemma,Long_Term_Orientation,1005,1,2,,25.0,,,,25.0,,,25.0,,25.0,
gemma,Long_Term_Orientation,1005,1,3,,25.0,,,,25.0,,,25.0,,25.0,
gemma,Long_Term_Orientation,1006,1,1,,50.0,,,,25.0,,,25.0,,25.0,
gemma,Long_Term_Orientation,1006,1,2,,50.0,,,,25.0,,,25.0,,25.0,
gemma,Long_Term_Orientation,1006,1,3,,50.0,,,,25.0,,,25.0,,25.0,
gemma,Long_Term_Orientation,1007,1,1,,25.0,,,,25.0,,,25.0,,25.0,
gemma,Long_Term_Orientation,1007,1,2,,25.0,,,,25.0,,,25.0,,25.0,
gemma,Long_Term_Orientation,1007,1,3,,25.0,,,,25.0,,,25.0,,25.0,
gemma,Long_Term_Orientation,1008,1,1,,25.0,,,,25.0,,,75.0,,75.0,
gemma,Long_Term_Orientation,1008,1,2,,25.0,,,,25.0,,,75.0,,75.0,
gemma,Long_Term_Orientation,1008,1,3,,25.0,,,,25.0,,,75.0,,75.0,
gemma,Long_Term_Orientation,1009,1,1,,25.0,,,,25.0,,,50.0,,25.0,
gemma,Long_Term_Orientation,1009,1,2,,25.0,,,,25.0,,,50.0,,25.0,
gemma,Long_Term_Orientation,1009,1,3,,25.0,,,,25.0,,,50.0,,25.0,
gemma,Long_Term_Orientation,1010,1,1,,50.0,,,,25.0,,,25.0,,25.0,
gemma,Long_Term_Orientation,1010,1,2,,50.0,,,,25.0,,,25.0,,25.0,
gemma,Long_Term_Orientation,1010,1,3,,50.0,,,,25.0,,,25.0,,25.0,
gemma,Long_Term_Orientation,1011,1,1,,50.0,,,,50.0,,,50.0,,50.0,
gemma,Long_Term_Orientation,1011,1,2,,50.0,,,,50.0,,,50.0,,50.0,
gemma,Long_Term_Orientation,1011,1,3,,50.0,,,,50.0,,,50.0,,50.0,
gemma,Long_Term_Orientation,1013,1,1,,50.0,,,,25.0,,,50.0,,0.0,
gemma,Long_Term_Orientation,1013,1,2,,50.0,,,,25.0,,,50.0,,0.0,
gemma,Long_Term_Orientation,1013,1,3,,50.0,,,,25.0,,,50.0,,0.0,
gemma,Long_Term_Orientation,1015,1,1,,50.0,,,,50.0,,,50.0,,50.0,
gemma,Long_Term_Orientation,1015,1,2,,50.0,,,,50.0,,,50.0,,50.0,
gemma,Long_Term_Orientation,1015,1,3,,50.0,,,,50.0,,,50.0,,50.0,
gemma,Long_Term_Orientation,1016,1,1,,25.0,,,,25.0,,,25.0,,0.0,
gemma,Long_Term_Orientation,1016,1,2,,25.0,,,,25.0,,,25.0,,0.0,
gemma,Long_Term_Orientation,1016,1,3,,25.0,,,,25.0,,,25.0,,0.0,
gemma,Long_Term_Orientation,1017,1,1,,50.0,,,,50.0,,,50.0,,50.0,
gemma,Long_Term_Orientation,1017,1,2,,50.0,,,,50.0,,,50.0,,50.0,
gemma,Long_Term_Orientation,1017,1,3,,50.0,,,,50.0,,,50.0,,50.0,
gemma,Long_Term_Orientation,1019,1,1,,25.0,,,,25.0,,,25.0,,25.0,
gemma,Long_Term_Orientation,1019,1,2,,25.0,,,,25.0,,,25.0,,25.0,
gemma,Long_Term_Orientation,1019,1,3,,25.0,,,,25.0,,,25.0,,25.0,
gemma,Long_Term_Orientation,1020,1,1,,50.0,,,,25.0,,,50.0,,50.0,
gemma,Long_Term_Orientation,1020,1,2,,50.0,,,,25.0,,,50.0,,50.0,
gemma,Long_Term_Orientation,1020,1,3,,50.0,,,,25.0,,,50.0,,50.0,
gemma,Long_Term_Orientation,1021,1,1,,25.0,,,,50.0,,,50.0,,25.0,
gemma,Long_Term_Orientation,1021,1,2,,25.0,,,,50.0,,,50.0,,25.0,
gemma,Long_Term_Orientation,1021,1,3,,25.0,,,,50.0,,,50.0,,25.0,
gemma,Long_Term_Orientation,1024,1,1,,50.0,,,,25.0,,,50.0,,50.0,
gemma,Long_Term_Orientation,1024,1,2,,50.0,,,,25.0,,,50.0,,50.0,
gemma,Long_Term_Orientation,1024,1,3,,50.0,,,,25.0,,,50.0,,50.0,
gemma,Long_Term_Orientation,1025,1,1,,25.0,,,,25.0,,,25.0,,25.0,
gemma,Long_Term_Orientation,1025,1,2,,25.0,,,,25.0,,,25.0,,25.0,
gemma,Long_Term_Orientation,1025,1,3,,25.0,,,,25.0,,,25.0,,25.0,
gemma,Long_Term_Orientation,1026,1,1,,25.0,,,,25.0,,,25.0,,25.0,
gemma,Long_Term_Orientation,1026,1,2,,25.0,,,,25.0,,,25.0,,25.0,
gemma,Long_Term_Orientation,1026,1,3,,25.0,,,,25.0,,,25.0,,25.0,
gemma,Long_Term_Orientation,1027,1,1,,50.0,,,,25.0,,,50.0,,25.0,
gemma,Long_Term_Orientation,1027,1,2,,50.0,,,,25.0,,,50.0,,25.0,
gemma,Long_Term_Orientation,1027,1,3,,50.0,,,,25.0,,,50.0,,25.0,
gemma,Long_Term_Orientation,1031,1,1,,25.0,,,,50.0,,,50.0,,25.0,
gemma,Long_Term_Orientation,1031,1,2,,25.0,,,,50.0,,,50.0,,25.0,
gemma,Long_Term_Orientation,1031,1,3,,25.0,,,,50.0,,,50.0,,25.0,
gemma,Long_Term_Orientation,1032,1,1,,25.0,,,,25.0,,,25.0,,25.0,
gemma,Long_Term_Orientation,1032,1,2,,25.0,,,,25.0,,,25.0,,25.0,
gemma,Long_Term_Orientation,1032,1,3,,25.0,,,,25.0,,,25.0,,25.0,
gemma,Long_Term_Orientation,1033,1,1,,25.0,,,,25.0,,,25.0,,25.0,
gemma,Long_Term_Orientation,1033,1,2,,25.0,,,,25.0,,,25.0,,25.0,
gemma,Long_Term_Orientation,1033,1,3,,25.0,,,,25.0,,,25.0,,25.0,
gemma,Long_Term_Orientation,1035,1,1,,25.0,,,,25.0,,,50.0,,50.0,
gemma,Long_Term_Orientation,1035,1,2,,25.0,,,,25.0,,,50.0,,50.0,
gemma,Long_Term_Orientation,1035,1,3,,25.0,,,,25.0,,,50.0,,50.0,
gemma,Long_Term_Orientation,1036,1,1,,50.0,,,,25.0,,,25.0,,25.0,
gemma,Long_Term_Orientation,1036,1,2,,50.0,,,,25.0,,,25.0,,25.0,
gemma,Long_Term_Orientation,1036,1,3,,50.0,,,,25.0,,,25.0,,25.0,
gemma,Long_Term_Orientation,1039,1,1,,25.0,,,,50.0,,,50.0,,50.0,
gemma,Long_Term_Orientation,1039,1,2,,25.0,,,,50.0,,,50.0,,50.0,
gemma,Long_Term_Orientation,1039,1,3,,25.0,,,,50.0,,,50.0,,50.0,
gemma,Long_Term_Orientation,1040,1,1,,25.0,,,,25.0,,,50.0,,25.0,
gemma,Long_Term_Orientation,1040,1,2,,25.0,,,,25.0,,,50.0,,25.0,
gemma,Long_Term_Orientation,1040,1,3,,25.0,,,,25.0,,,50.0,,25.0,
gemma,Long_Term_Orientation,1041,1,1,,50.0,,,,25.0,,,50.0,,50.0,
gemma,Long_Term_Orientation,1041,1,2,,50.0,,,,25.0,,,50.0,,50.0,
gemma,Long_Term_Orientation,1041,1,3,,50.0,,,,25.0,,,50.0,,50.0,
gemma,Long_Term_Orientation,1042,1,1,,25.0,,,,50.0,,,50.0,,50.0,
gemma,Long_Term_Orientation,1042,1,2,,25.0,,,,50.0,,,50.0,,50.0,
gemma,Long_Term_Orientation,1042,1,3,,25.0,,,,50.0,,,50.0,,50.0,
gemma,Long_Term_Orientation,1043,1,1,,25.0,,,,25.0,,,25.0,,25.0,
gemma,Long_Term_Orientation,1043,1,2,,25.0,,,,25.0,,,25.0,,25.0,
gemma,Long_Term_Orientation,1043,1,3,,25.0,,,,25.0,,,25.0,,25.0,
gemma,Long_Term_Orientation,1048,1,1,,25.0,,,,25.0,,,25.0,,25.0,
gemma,Long_Term_Orientation,1048,1,2,,25.0,,,,25.0,,,25.0,,25.0,
gemma,Long_Term_Orientation,1048,1,3,,25.0,,,,25.0,,,25.0,,25.0,
gemma,Long_Term_Orientation,1049,1,1,,50.0,,,,25.0,,,50.0,,25.0,
gemma,Long_Term_Orientation,1049,1,2,,50.0,,,,25.0,,,50.0,,25.0,
gemma,Long_Term_Orientation,1049,1,3,,50.0,,,,25.0,,,50.0,,25.0,
gemma,Long_Term_Orientation,1050,1,1,,50.0,,,,50.0,,,50.0,,50.0,
gemma,Long_Term_Orientation,1050,1,2,,50.0,,,,50.0,,,50.0,,50.0,
gemma,Long_Term_Orientation,1050,1,3,,50.0,,,,50.0,,,50.0,,50.0,
gemma,Long_Term_Orientation,1052,1,1,,25.0,,,,25.0,,,50.0,,50.0,
gemma,Long_Term_Orientation,1052,1,2,,25.0,,,,25.0,,,50.0,,50.0,
gemma,Long_Term_Orientation,1052,1,3,,25.0,,,,25.0,,,50.0,,50.0,
gemma,Long_Term_Orientation,1053,1,1,,50.0,,,,50.0,,,50.0,,25.0,
gemma,Long_Term_Orientation,1053,1,2,,50.0,,,,50.0,,,50.0,,25.0,
gemma,Long_Term_Orientation,1053,1,3,,50.0,,,,50.0,,,50.0,,25.0,
gemma,Long_Term_Orientation,1054,1,1,,25.0,,,,25.0,,,0.0,,0.0,
gemma,Long_Term_Orientation,1054,1,2,,25.0,,,,25.0,,,0.0,,0.0,
gemma,Long_Term_Orientation,1054,1,3,,25.0,,,,25.0,,,0.0,,0.0,
gemma,Long_Term_Orientation,1055,1,1,,50.0,,,,50.0,,,50.0,,50.0,
gemma,Long_Term_Orientation,1055,1,2,,50.0,,,,50.0,,,50.0,,50.0,
gemma,Long_Term_Orientation,1055,1,3,,50.0,,,,50.0,,,50.0,,50.0,
gemma,Long_Term_Orientation,1056,1,1,,50.0,,,,25.0,,,25.0,,25.0,
gemma,Long_Term_Orientation,1056,1,2,,50.0,,,,25.0,,,25.0,,25.0,
gemma,Long_Term_Orientation,1056,1,3,,50.0,,,,25.0,,,25.0,,25.0,
gemma,Long_Term_Orientation,1057,1,1,,25.0,,,,25.0,,,25.0,,25.0,
gemma,Long_Term_Orientation,1057,1,2,,25.0,,,,25.0,,,25.0,,25.0,
gemma,Long_Term_Orientation,1057,1,3,,25.0,,,,25.0,,,25.0,,25.0,
gemma,Long_Term_Orientation,1059,1,1,,25.0,,,,25.0,,,25.0,,25.0,
gemma,Long_Term_Orientation,1059,1,2,,25.0,,,,25.0,,,25.0,,25.0,
gemma,Long_Term_Orientation,1059,1,3,,25.0,,,,25.0,,,25.0,,25.0,
gemma,Long_Term_Orientation,1060,1,1,,25.0,,,,25.0,,,25.0,,25.0,
gemma,Long_Term_Orientation,1060,1,2,,25.0,,,,25.0,,,25.0,,25.0,
gemma,Long_Term_Orientation,1060,1,3,,25.0,,,,25.0,,,25.0,,25.0,
gemma,Long_Term_Orientation,1061,1,1,,50.0,,,,25.0,,,50.0,,25.0,
gemma,Long_Term_Orientation,1061,1,2,,50.0,,,,25.0,,,50.0,,25.0,
gemma,Long_Term_Orientation,1061,1,3,,50.0,,,,25.0,,,50.0,,25.0,
gemma,Long_Term_Orientation,1062,1,1,,25.0,,,,25.0,,,25.0,,25.0,
gemma,Long_Term_Orientation,1062,1,2,,25.0,,,,25.0,,,25.0,,25.0,
gemma,Long_Term_Orientation,1062,1,3,,25.0,,,,25.0,,,25.0,,25.0,
gemma,Long_Term_Orientation,1064,1,1,,25.0,,,,50.0,,,25.0,,50.0,
gemma,Long_Term_Orientation,1064,1,2,,25.0,,,,50.0,,,25.0,,50.0,
gemma,Long_Term_Orientation,1064,1,3,,25.0,,,,50.0,,,25.0,,50.0,
gemma,Long_Term_Orientation,1065,1,1,,25.0,,,,25.0,,,25.0,,50.0,
gemma,Long_Term_Orientation,1065,1,2,,25.0,,,,25.0,,,25.0,,50.0,
gemma,Long_Term_Orientation,1065,1,3,,25.0,,,,25.0,,,25.0,,50.0,
gemma,Long_Term_Orientation,1066,1,1,,50.0,,,,50.0,,,50.0,,50.0,
gemma,Long_Term_Orientation,1066,1,2,,50.0,,,,50.0,,,50.0,,50.0,
gemma,Long_Term_Orientation,1066,1,3,,50.0,,,,50.0,,,50.0,,50.0,
gemma,Long_Term_Orientation,1070,1,1,,25.0,,,,25.0,,,50.0,,25.0,
gemma,Long_Term_Orientation,1070,1,2,,25.0,,,,25.0,,,50.0,,25.0,
gemma,Long_Term_Orientation,1070,1,3,,25.0,,,,25.0,,,50.0,,25.0,
gemma,Long_Term_Orientation,1071,1,1,,25.0,,,,25.0,,,25.0,,0.0,
gemma,Long_Term_Orientation,1071,1,2,,25.0,,,,25.0,,,25.0,,0.0,
gemma,Long_Term_Orientation,1071,1,3,,25.0,,,,25.0,,,25.0,,0.0,
gemma,Long_Term_Orientation,1075,1,1,,50.0,,,,50.0,,,25.0,,50.0,
gemma,Long_Term_Orientation,1075,1,2,,50.0,,,,50.0,,,25.0,,50.0,
gemma,Long_Term_Orientation,1075,1,3,,50.0,,,,50.0,,,25.0,,50.0,
gemma,Long_Term_Orientation,1076,1,1,,50.0,,,,25.0,,,25.0,,25.0,
gemma,Long_Term_Orientation,1076,1,2,,50.0,,,,25.0,,,25.0,,25.0,
gemma,Long_Term_Orientation,1076,1,3,,50.0,,,,25.0,,,25.0,,25.0,
gemma,Long_Term_Orientation,1077,1,1,,25.0,,,,25.0,,,25.0,,0.0,
gemma,Long_Term_Orientation,1077,1,2,,25.0,,,,25.0,,,25.0,,0.0,
gemma,Long_Term_Orientation,1077,1,3,,25.0,,,,25.0,,,25.0,,0.0,
gemma,Long_Term_Orientation,1078,1,1,,50.0,,,,50.0,,,50.0,,50.0,
gemma,Long_Term_Orientation,1078,1,2,,50.0,,,,50.0,,,50.0,,50.0,
gemma,Long_Term_Orientation,1078,1,3,,50.0,,,,50.0,,,50.0,,50.0,
gemma,Long_Term_Orientation,1079,1,1,,50.0,,,,50.0,,,50.0,,0.0,
gemma,Long_Term_Orientation,1079,1,2,,50.0,,,,50.0,,,50.0,,0.0,
gemma,Long_Term_Orientation,1079,1,3,,50.0,,,,50.0,,,50.0,,0.0,
gemma,Long_Term_Orientation,1080,1,1,,25.0,,,,25.0,,,25.0,,25.0,
gemma,Long_Term_Orientation,1080,1,2,,25.0,,,,25.0,,,25.0,,25.0,
gemma,Long_Term_Orientation,1080,1,3,,25.0,,,,25.0,,,25.0,,25.0,
gemma,Long_Term_Orientation,1082,1,1,,50.0,,,,50.0,,,50.0,,50.0,
gemma,Long_Term_Orientation,1082,1,2,,50.0,,,,50.0,,,50.0,,50.0,
gemma,Long_Term_Orientation,1082,1,3,,50.0,,,,50.0,,,50.0,,50.0,
gemma,Long_Term_Orientation,1083,1,1,,25.0,,,,25.0,,,50.0,,75.0,
gemma,Long_Term_Orientation,1083,1,2,,25.0,,,,25.0,,,50.0,,75.0,
gemma,Long_Term_Orientation,1083,1,3,,25.0,,,,25.0,,,50.0,,75.0,
gemma,Long_Term_Orientation,1084,1,1,,25.0,,,,25.0,,,25.0,,25.0,
gemma,Long_Term_Orientation,1084,1,2,,25.0,,,,25.0,,,25.0,,25.0,
gemma,Long_Term_Orientation,1084,1,3,,25.0,,,,25.0,,,25.0,,25.0,
gemma,Long_Term_Orientation,1085,1,1,,25.0,,,,25.0,,,25.0,,0.0,
gemma,Long_Term_Orientation,1085,1,2,,25.0,,,,25.0,,,25.0,,0.0,
gemma,Long_Term_Orientation,1085,1,3,,25.0,,,,25.0,,,25.0,,0.0,
gemma,Long_Term_Orientation,1086,1,1,,50.0,,,,25.0,,,50.0,,25.0,
gemma,Long_Term_Orientation,1086,1,2,,50.0,,,,25.0,,,50.0,,25.0,
gemma,Long_Term_Orientation,1086,1,3,,50.0,,,,25.0,,,50.0,,25.0,
gemma,Long_Term_Orientation,1087,1,1,,25.0,,,,25.0,,,25.0,,25.0,
gemma,Long_Term_Orientation,1087,1,2,,25.0,,,,25.0,,,25.0,,25.0,
gemma,Long_Term_Orientation,1087,1,3,,25.0,,,,25.0,,,25.0,,25.0,
gemma,Long_Term_Orientation,1088,1,1,,25.0,,,,25.0,,,25.0,,25.0,
gemma,Long_Term_Orientation,1088,1,2,,25.0,,,,25.0,,,25.0,,25.0,
gemma,Long_Term_Orientation,1088,1,3,,25.0,,,,25.0,,,25.0,,25.0,
gemma,Long_Term_Orientation,1089,1,1,,50.0,,,,50.0,,,50.0,,50.0,
gemma,Long_Term_Orientation,1089,1,2,,50.0,,,,50.0,,,50.0,,50.0,
gemma,Long_Term_Orientation,1089,1,3,,50.0,,,,50.0,,,50.0,,50.0,
gemma,Long_Term_Orientation,1091,1,1,,50.0,,,,25.0,,,0.0,,0.0,
gemma,Long_Term_Orientation,1091,1,2,,50.0,,,,25.0,,,0.0,,0.0,
gemma,Long_Term_Orientation,1091,1,3,,50.0,,,,25.0,,,0.0,,0.0,
gemma,Long_Term_Orientation,1092,1,1,,25.0,,,,25.0,,,25.0,,25.0,
gemma,Long_Term_Orientation,1092,1,2,,25.0,,,,25.0,,,25.0,,25.0,
gemma,Long_Term_Orientation,1092,1,3,,25.0,,,,25.0,,,25.0,,25.0,
gemma,Long_Term_Orientation,1094,1,1,,25.0,,,,25.0,,,25.0,,25.0,
gemma,Long_Term_Orientation,1094,1,2,,25.0,,,,25.0,,,25.0,,25.0,
gemma,Long_Term_Orientation,1094,1,3,,25.0,,,,25.0,,,25.0,,25.0,
gemma,Long_Term_Orientation,1096,1,1,,50.0,,,,50.0,,,50.0,,50.0,
gemma,Long_Term_Orientation,1096,1,2,,50.0,,,,50.0,,,50.0,,50.0,
gemma,Long_Term_Orientation,1096,1,3,,50.0,,,,50.0,,,50.0,,50.0,
gemma,Long_Term_Orientation,1098,1,1,,50.0,,,,50.0,,,50.0,,50.0,
gemma,Long_Term_Orientation,1098,1,2,,50.0,,,,50.0,,,50.0,,50.0,
gemma,Long_Term_Orientation,1098,1,3,,50.0,,,,50.0,,,50.0,,50.0,
gemma,Long_Term_Orientation,1099,1,1,,50.0,,,,25.0,,,25.0,,25.0,
gemma,Long_Term_Orientation,1099,1,2,,50.0,,,,25.0,,,25.0,,25.0,
gemma,Long_Term_Orientation,1099,1,3,,50.0,,,,25.0,,,25.0,,25.0,
gemma,Long_Term_Orientation,1100,1,1,,25.0,,,,25.0,,,25.0,,25.0,
gemma,Long_Term_Orientation,1100,1,2,,25.0,,,,25.0,,,25.0,,25.0,
gemma,Long_Term_Orientation,1100,1,3,,25.0,,,,25.0,,,25.0,,25.0,
gemma,Long_Term_Orientation,1101,1,1,,50.0,,,,25.0,,,50.0,,50.0,
gemma,Long_Term_Orientation,1101,1,2,,50.0,,,,25.0,,,50.0,,50.0,
gemma,Long_Term_Orientation,1101,1,3,,50.0,,,,25.0,,,50.0,,50.0,
gemma,Long_Term_Orientation,1102,1,1,,25.0,,,,0.0,,,0.0,,0.0,
gemma,Long_Term_Orientation,1102,1,2,,25.0,,,,0.0,,,0.0,,0.0,
gemma,Long_Term_Orientation,1102,1,3,,25.0,,,,0.0,,,0.0,,0.0,
gemma,Long_Term_Orientation,1103,1,1,,50.0,,,,25.0,,,25.0,,25.0,
gemma,Long_Term_Orientation,1103,1,2,,50.0,,,,25.0,,,25.0,,25.0,
gemma,Long_Term_Orientation,1103,1,3,,50.0,,,,25.0,,,25.0,,25.0,
gemma,Long_Term_Orientation,1106,1,1,,50.0,,,,25.0,,,50.0,,0.0,
gemma,Long_Term_Orientation,1106,1,2,,50.0,,,,25.0,,,50.0,,0.0,
gemma,Long_Term_Orientation,1106,1,3,,50.0,,,,25.0,,,50.0,,0.0,
gemma,Long_Term_Orientation,1107,1,1,,25.0,,,,25.0,,,25.0,,25.0,
gemma,Long_Term_Orientation,1107,1,2,,25.0,,,,25.0,,,25.0,,25.0,
gemma,Long_Term_Orientation,1107,1,3,,25.0,,,,25.0,,,25.0,,25.0,
gemma,Long_Term_Orientation,1109,1,1,,50.0,,,,25.0,,,50.0,,25.0,
gemma,Long_Term_Orientation,1109,1,2,,50.0,,,,25.0,,,50.0,,25.0,
gemma,Long_Term_Orientation,1109,1,3,,50.0,,,,25.0,,,50.0,,25.0,
gemma,Long_Term_Orientation,1110,1,1,,25.0,,,,25.0,,,50.0,,25.0,
gemma,Long_Term_Orientation,1110,1,2,,25.0,,,,25.0,,,50.0,,25.0,
gemma,Long_Term_Orientation,1110,1,3,,25.0,,,,25.0,,,50.0,,25.0,
gemma,Long_Term_Orientation,1112,1,1,,25.0,,,,25.0,,,25.0,,25.0,
gemma,Long_Term_Orientation,1112,1,2,,25.0,,,,25.0,,,25.0,,25.0,
gemma,Long_Term_Orientation,1112,1,3,,25.0,,,,25.0,,,25.0,,25.0,
gemma,Long_Term_Orientation,1113,1,1,,25.0,,,,50.0,,,50.0,,50.0,
gemma,Long_Term_Orientation,1113,1,2,,25.0,,,,50.0,,,50.0,,50.0,
gemma,Long_Term_Orientation,1113,1,3,,25.0,,,,50.0,,,50.0,,50.0,
gemma,Long_Term_Orientation,1115,1,1,,50.0,,,,50.0,,,50.0,,50.0,
gemma,Long_Term_Orientation,1115,1,2,,50.0,,,,50.0,,,50.0,,50.0,
gemma,Long_Term_Orientation,1115,1,3,,50.0,,,,50.0,,,50.0,,50.0,
gemma,Long_Term_Orientation,1117,1,1,,50.0,,,,25.0,,,50.0,,25.0,
gemma,Long_Term_Orientation,1117,1,2,,50.0,,,,25.0,,,50.0,,25.0,
gemma,Long_Term_Orientation,1117,1,3,,50.0,,,,25.0,,,50.0,,25.0,
gemma,Long_Term_Orientation,1119,1,1,,25.0,,,,25.0,,,25.0,,50.0,
gemma,Long_Term_Orientation,1119,1,2,,25.0,,,,25.0,,,25.0,,50.0,
gemma,Long_Term_Orientation,1119,1,3,,25.0,,,,25.0,,,25.0,,50.0,
gemma,Long_Term_Orientation,1120,1,1,,50.0,,,,25.0,,,25.0,,25.0,
gemma,Long_Term_Orientation,1120,1,2,,50.0,,,,25.0,,,25.0,,25.0,
gemma,Long_Term_Orientation,1120,1,3,,50.0,,,,25.0,,,25.0,,25.0,
gemma,Long_Term_Orientation,1121,1,1,,50.0,,,,0.0,,,0.0,,0.0,
gemma,Long_Term_Orientation,1121,1,2,,50.0,,,,0.0,,,0.0,,0.0,
gemma,Long_Term_Orientation,1121,1,3,,50.0,,,,0.0,,,0.0,,0.0,
gemma,Long_Term_Orientation,1125,1,1,,25.0,,,,25.0,,,50.0,,25.0,
gemma,Long_Term_Orientation,1125,1,2,,25.0,,,,25.0,,,50.0,,25.0,
gemma,Long_Term_Orientation,1125,1,3,,25.0,,,,25.0,,,50.0,,25.0,
gemma,Long_Term_Orientation,1126,1,1,,50.0,,,,25.0,,,25.0,,25.0,
gemma,Long_Term_Orientation,1126,1,2,,50.0,,,,25.0,,,25.0,,25.0,
gemma,Long_Term_Orientation,1126,1,3,,50.0,,,,25.0,,,25.0,,25.0,
gemma,Long_Term_Orientation,1128,1,1,,50.0,,,,50.0,,,50.0,,50.0,
gemma,Long_Term_Orientation,1128,1,2,,50.0,,,,50.0,,,50.0,,50.0,
gemma,Long_Term_Orientation,1128,1,3,,50.0,,,,50.0,,,50.0,,50.0,
gemma,Long_Term_Orientation,1129,1,1,,50.0,,,,25.0,,,25.0,,25.0,
gemma,Long_Term_Orientation,1129,1,2,,50.0,,,,25.0,,,25.0,,25.0,
gemma,Long_Term_Orientation,1129,1,3,,50.0,,,,25.0,,,25.0,,25.0,
gemma,Long_Term_Orientation,1136,1,1,,50.0,,,,50.0,,,50.0,,50.0,
gemma,Long_Term_Orientation,1136,1,2,,50.0,,,,50.0,,,50.0,,50.0,
gemma,Long_Term_Orientation,1136,1,3,,50.0,,,,50.0,,,50.0,,50.0,
gemma,Long_Term_Orientation,1137,1,1,,25.0,,,,25.0,,,50.0,,50.0,
gemma,Long_Term_Orientation,1137,1,2,,25.0,,,,25.0,,,50.0,,50.0,
gemma,Long_Term_Orientation,1137,1,3,,25.0,,,,25.0,,,50.0,,50.0,
gemma,Long_Term_Orientation,1139,1,1,,25.0,,,,25.0,,,25.0,,0.0,
gemma,Long_Term_Orientation,1139,1,2,,25.0,,,,25.0,,,25.0,,0.0,
gemma,Long_Term_Orientation,1139,1,3,,25.0,,,,25.0,,,25.0,,0.0,
gemma,Long_Term_Orientation,1141,1,1,,50.0,,,,50.0,,,50.0,,50.0,
gemma,Long_Term_Orientation,1141,1,2,,50.0,,,,50.0,,,50.0,,50.0,
gemma,Long_Term_Orientation,1141,1,3,,50.0,,,,50.0,,,50.0,,50.0,
gemma,Long_Term_Orientation,1143,1,1,,50.0,,,,25.0,,,50.0,,25.0,
gemma,Long_Term_Orientation,1143,1,2,,50.0,,,,25.0,,,50.0,,25.0,
gemma,Long_Term_Orientation,1143,1,3,,50.0,,,,25.0,,,50.0,,25.0,
gemma,Long_Term_Orientation,1146,1,1,,50.0,,,,50.0,,,50.0,,25.0,
gemma,Long_Term_Orientation,1146,1,2,,50.0,,,,50.0,,,50.0,,25.0,
gemma,Long_Term_Orientation,1146,1,3,,50.0,,,,50.0,,,50.0,,25.0,
gemma,Long_Term_Orientation,1148,1,1,,25.0,,,,25.0,,,25.0,,25.0,
gemma,Long_Term_Orientation,1148,1,2,,25.0,,,,25.0,,,25.0,,25.0,
gemma,Long_Term_Orientation,1148,1,3,,25.0,,,,25.0,,,25.0,,25.0,
gemma,Long_Term_Orientation,1151,1,1,,25.0,,,,25.0,,,25.0,,25.0,
gemma,Long_Term_Orientation,1151,1,2,,25.0,,,,25.0,,,25.0,,25.0,
gemma,Long_Term_Orientation,1151,1,3,,25.0,,,,25.0,,,25.0,,25.0,
gemma,Long_Term_Orientation,1152,1,1,,50.0,,,,25.0,,,50.0,,25.0,
gemma,Long_Term_Orientation,1152,1,2,,50.0,,,,25.0,,,50.0,,25.0,
gemma,Long_Term_Orientation,1152,1,3,,50.0,,,,25.0,,,50.0,,25.0,
gemma,Long_Term_Orientation,1153,1,1,,25.0,,,,25.0,,,25.0,,50.0,
gemma,Long_Term_Orientation,1153,1,2,,25.0,,,,25.0,,,25.0,,50.0,
gemma,Long_Term_Orientation,1153,1,3,,25.0,,,,25.0,,,25.0,,50.0,
gemma,Long_Term_Orientation,1154,1,1,,50.0,,,,25.0,,,50.0,,25.0,
gemma,Long_Term_Orientation,1154,1,2,,50.0,,,,25.0,,,50.0,,25.0,
gemma,Long_Term_Orientation,1154,1,3,,50.0,,,,25.0,,,50.0,,25.0,
gemma,Long_Term_Orientation,1155,1,1,,25.0,,,,0.0,,,50.0,,0.0,
gemma,Long_Term_Orientation,1155,1,2,,25.0,,,,0.0,,,50.0,,0.0,
gemma,Long_Term_Orientation,1155,1,3,,25.0,,,,0.0,,,50.0,,0.0,
gemma,Long_Term_Orientation,1156,1,1,,50.0,,,,25.0,,,25.0,,25.0,
gemma,Long_Term_Orientation,1156,1,2,,50.0,,,,25.0,,,25.0,,25.0,
gemma,Long_Term_Orientation,1156,1,3,,50.0,,,,25.0,,,25.0,,25.0,
gemma,Long_Term_Orientation,1158,1,1,,25.0,,,,25.0,,,25.0,,25.0,
gemma,Long_Term_Orientation,1158,1,2,,25.0,,,,25.0,,,25.0,,25.0,
gemma,Long_Term_Orientation,1158,1,3,,25.0,,,,25.0,,,25.0,,25.0,
gemma,Long_Term_Orientation,1159,1,1,,50.0,,,,25.0,,,25.0,,25.0,
gemma,Long_Term_Orientation,1159,1,2,,50.0,,,,25.0,,,25.0,,25.0,
gemma,Long_Term_Orientation,1159,1,3,,50.0,,,,25.0,,,25.0,,25.0,
gemma,Long_Term_Orientation,1160,1,1,,25.0,,,,25.0,,,50.0,,50.0,
gemma,Long_Term_Orientation,1160,1,2,,25.0,,,,25.0,,,50.0,,50.0,
gemma,Long_Term_Orientation,1160,1,3,,25.0,,,,25.0,,,50.0,,50.0,
gemma,Long_Term_Orientation,1164,1,1,,50.0,,,,25.0,,,25.0,,25.0,
gemma,Long_Term_Orientation,1164,1,2,,50.0,,,,25.0,,,25.0,,25.0,
gemma,Long_Term_Orientation,1164,1,3,,50.0,,,,25.0,,,25.0,,25.0,
gemma,Long_Term_Orientation,1166,1,1,,25.0,,,,25.0,,,25.0,,25.0,
gemma,Long_Term_Orientation,1166,1,2,,25.0,,,,25.0,,,25.0,,25.0,
gemma,Long_Term_Orientation,1166,1,3,,25.0,,,,25.0,,,25.0,,25.0,
gemma,Long_Term_Orientation,1168,1,1,,25.0,,,,25.0,,,50.0,,100.0,
gemma,Long_Term_Orientation,1168,1,2,,25.0,,,,25.0,,,50.0,,100.0,
gemma,Long_Term_Orientation,1168,1,3,,25.0,,,,25.0,,,50.0,,100.0,
gemma,Long_Term_Orientation,1172,1,1,,25.0,,,,25.0,,,50.0,,25.0,
gemma,Long_Term_Orientation,1172,1,2,,25.0,,,,25.0,,,50.0,,25.0,
gemma,Long_Term_Orientation,1172,1,3,,25.0,,,,25.0,,,50.0,,25.0,
gemma,Long_Term_Orientation,1173,1,1,,25.0,,,,25.0,,,50.0,,50.0,
gemma,Long_Term_Orientation,1173,1,2,,25.0,,,,25.0,,,50.0,,50.0,
gemma,Long_Term_Orientation,1173,1,3,,25.0,,,,25.0,,,50.0,,50.0,
gemma,Long_Term_Orientation,1179,1,1,,25.0,,,,25.0,,,50.0,,25.0,
gemma,Long_Term_Orientation,1179,1,2,,25.0,,,,25.0,,,50.0,,25.0,
gemma,Long_Term_Orientation,1179,1,3,,25.0,,,,25.0,,,50.0,,25.0,
gemma,Long_Term_Orientation,1180,1,1,,25.0,,,,25.0,,,50.0,,50.0,
gemma,Long_Term_Orientation,1180,1,2,,25.0,,,,25.0,,,50.0,,50.0,
gemma,Long_Term_Orientation,1180,1,3,,25.0,,,,25.0,,,50.0,,50.0,
gemma,Long_Term_Orientation,1181,1,1,,50.0,,,,25.0,,,50.0,,25.0,
gemma,Long_Term_Orientation,1181,1,2,,50.0,,,,25.0,,,50.0,,25.0,
gemma,Long_Term_Orientation,1181,1,3,,50.0,,,,25.0,,,50.0,,25.0,
gemma,Long_Term_Orientation,1187,1,1,,25.0,,,,25.0,,,25.0,,25.0,
gemma,Long_Term_Orientation,1187,1,2,,25.0,,,,25.0,,,25.0,,25.0,
gemma,Long_Term_Orientation,1187,1,3,,25.0,,,,25.0,,,25.0,,25.0,
gemma,Long_Term_Orientation,1189,1,1,,25.0,,,,25.0,,,50.0,,25.0,
gemma,Long_Term_Orientation,1189,1,2,,25.0,,,,25.0,,,50.0,,25.0,
gemma,Long_Term_Orientation,1189,1,3,,25.0,,,,25.0,,,50.0,,25.0,
gemma,Long_Term_Orientation,1194,1,1,,25.0,,,,25.0,,,0.0,,25.0,
gemma,Long_Term_Orientation,1194,1,2,,25.0,,,,25.0,,,0.0,,25.0,
gemma,Long_Term_Orientation,1194,1,3,,25.0,,,,25.0,,,0.0,,25.0,
gemma,Long_Term_Orientation,1218,1,1,,50.0,,,,25.0,,,25.0,,25.0,
gemma,Long_Term_Orientation,1218,1,2,,50.0,,,,25.0,,,25.0,,25.0,
gemma,Long_Term_Orientation,1218,1,3,,50.0,,,,25.0,,,25.0,,25.0,
gemma,Long_Term_Orientation,1239,1,1,,50.0,,,,50.0,,,50.0,,50.0,
gemma,Long_Term_Orientation,1239,1,2,,50.0,,,,50.0,,,50.0,,50.0,
gemma,Long_Term_Orientation,1239,1,3,,50.0,,,,50.0,,,50.0,,50.0,
gemma,Long_Term_Orientation,1240,1,1,,50.0,,,,25.0,,,50.0,,50.0,
gemma,Long_Term_Orientation,1240,1,2,,50.0,,,,25.0,,,50.0,,50.0,
gemma,Long_Term_Orientation,1240,1,3,,50.0,,,,25.0,,,50.0,,50.0,
gemma,Long_Term_Orientation,975,1,1,,25.0,,,,25.0,,,25.0,,25.0,
gemma,Long_Term_Orientation,975,1,2,,25.0,,,,25.0,,,25.0,,25.0,
gemma,Long_Term_Orientation,975,1,3,,25.0,,,,25.0,,,25.0,,25.0,
gemma,Long_Term_Orientation,976,1,1,,50.0,,,,25.0,,,50.0,,25.0,
gemma,Long_Term_Orientation,976,1,2,,50.0,,,,25.0,,,50.0,,25.0,
gemma,Long_Term_Orientation,976,1,3,,50.0,,,,25.0,,,50.0,,25.0,
gemma,Long_Term_Orientation,977,1,1,,25.0,,,,25.0,,,25.0,,0.0,
gemma,Long_Term_Orientation,977,1,2,,25.0,,,,25.0,,,25.0,,0.0,
gemma,Long_Term_Orientation,977,1,3,,25.0,,,,25.0,,,25.0,,0.0,
gemma,Long_Term_Orientation,978,1,1,,50.0,,,,25.0,,,25.0,,0.0,
gemma,Long_Term_Orientation,978,1,2,,50.0,,,,25.0,,,25.0,,0.0,
gemma,Long_Term_Orientation,978,1,3,,50.0,,,,25.0,,,25.0,,0.0,
gemma,Long_Term_Orientation,979,1,1,,25.0,,,,25.0,,,25.0,,0.0,
gemma,Long_Term_Orientation,979,1,2,,25.0,,,,25.0,,,25.0,,0.0,
gemma,Long_Term_Orientation,979,1,3,,25.0,,,,25.0,,,25.0,,0.0,
gemma,Long_Term_Orientation,980,1,1,,25.0,,,,25.0,,,25.0,,50.0,
gemma,Long_Term_Orientation,980,1,2,,25.0,,,,25.0,,,25.0,,50.0,
gemma,Long_Term_Orientation,980,1,3,,25.0,,,,25.0,,,25.0,,50.0,
gemma,Long_Term_Orientation,981,1,1,,25.0,,,,25.0,,,25.0,,25.0,
gemma,Long_Term_Orientation,981,1,2,,25.0,,,,25.0,,,25.0,,25.0,
gemma,Long_Term_Orientation,981,1,3,,25.0,,,,25.0,,,25.0,,25.0,
gemma,Long_Term_Orientation,982,1,1,,25.0,,,,50.0,,,50.0,,50.0,
gemma,Long_Term_Orientation,982,1,2,,25.0,,,,50.0,,,50.0,,50.0,
gemma,Long_Term_Orientation,982,1,3,,25.0,,,,50.0,,,50.0,,50.0,
gemma,Long_Term_Orientation,983,1,1,,50.0,,,,25.0,,,50.0,,50.0,
gemma,Long_Term_Orientation,983,1,2,,50.0,,,,25.0,,,50.0,,50.0,
gemma,Long_Term_Orientation,983,1,3,,50.0,,,,25.0,,,50.0,,50.0,
gemma,Long_Term_Orientation,984,1,1,,50.0,,,,25.0,,,25.0,,25.0,
gemma,Long_Term_Orientation,984,1,2,,50.0,,,,25.0,,,25.0,,25.0,
gemma,Long_Term_Orientation,984,1,3,,50.0,,,,25.0,,,25.0,,25.0,
gemma,Long_Term_Orientation,985,1,1,,25.0,,,,25.0,,,25.0,,50.0,
gemma,Long_Term_Orientation,985,1,2,,25.0,,,,25.0,,,25.0,,50.0,
gemma,Long_Term_Orientation,985,1,3,,25.0,,,,25.0,,,25.0,,50.0,
gemma,Long_Term_Orientation,987,1,1,,50.0,,,,0.0,,,25.0,,25.0,
gemma,Long_Term_Orientation,987,1,2,,50.0,,,,0.0,,,25.0,,25.0,
gemma,Long_Term_Orientation,987,1,3,,50.0,,,,0.0,,,25.0,,25.0,
gemma,Long_Term_Orientation,989,1,1,,25.0,,,,0.0,,,50.0,,25.0,
gemma,Long_Term_Orientation,989,1,2,,25.0,,,,0.0,,,50.0,,25.0,
gemma,Long_Term_Orientation,989,1,3,,25.0,,,,0.0,,,50.0,,25.0,
gemma,Long_Term_Orientation,990,1,1,,25.0,,,,50.0,,,25.0,,50.0,
gemma,Long_Term_Orientation,990,1,2,,25.0,,,,50.0,,,25.0,,50.0,
gemma,Long_Term_Orientation,990,1,3,,25.0,,,,50.0,,,25.0,,50.0,
gemma,Long_Term_Orientation,991,1,1,,50.0,,,,50.0,,,50.0,,50.0,
gemma,Long_Term_Orientation,991,1,2,,50.0,,,,50.0,,,50.0,,50.0,
gemma,Long_Term_Orientation,991,1,3,,50.0,,,,50.0,,,50.0,,50.0,
gemma,Long_Term_Orientation,992,1,1,,25.0,,,,25.0,,,50.0,,50.0,
gemma,Long_Term_Orientation,992,1,2,,25.0,,,,25.0,,,50.0,,50.0,
gemma,Long_Term_Orientation,992,1,3,,25.0,,,,25.0,,,50.0,,50.0,
gemma,Long_Term_Orientation,994,1,1,,25.0,,,,25.0,,,25.0,,25.0,
gemma,Long_Term_Orientation,994,1,2,,25.0,,,,25.0,,,25.0,,25.0,
gemma,Long_Term_Orientation,994,1,3,,25.0,,,,25.0,,,25.0,,25.0,
gemma,Long_Term_Orientation,995,1,1,,25.0,,,,50.0,,,50.0,,50.0,
gemma,Long_Term_Orientation,995,1,2,,25.0,,,,50.0,,,50.0,,50.0,
gemma,Long_Term_Orientation,995,1,3,,25.0,,,,50.0,,,50.0,,50.0,
gemma,Long_Term_Orientation,996,1,1,,50.0,,,,25.0,,,50.0,,50.0,
gemma,Long_Term_Orientation,996,1,2,,50.0,,,,25.0,,,50.0,,50.0,
gemma,Long_Term_Orientation,996,1,3,,50.0,,,,25.0,,,50.0,,50.0,
gemma,Long_Term_Orientation,997,1,1,,25.0,,,,25.0,,,25.0,,25.0,
gemma,Long_Term_Orientation,997,1,2,,25.0,,,,25.0,,,25.0,,25.0,
gemma,Long_Term_Orientation,997,1,3,,25.0,,,,25.0,,,25.0,,25.0,
gemma,Long_Term_Orientation,998,1,1,,25.0,,,,25.0,,,25.0,,50.0,
gemma,Long_Term_Orientation,998,1,2,,25.0,,,,25.0,,,25.0,,50.0,
gemma,Long_Term_Orientation,998,1,3,,25.0,,,,25.0,,,25.0,,50.0,
gemma,Masculinity,1459,1,1,,50.0,,,,50.0,,,50.0,,50.0,
gemma,Masculinity,1459,1,2,,50.0,,,,50.0,,,50.0,,50.0,
gemma,Masculinity,1459,1,3,,50.0,,,,50.0,,,50.0,,50.0,
gemma,Masculinity,1461,1,1,,50.0,,,,50.0,,,50.0,,75.0,
gemma,Masculinity,1461,1,2,,50.0,,,,50.0,,,50.0,,75.0,
gemma,Masculinity,1461,1,3,,50.0,,,,50.0,,,50.0,,75.0,
gemma,Masculinity,1463,1,1,,50.0,,,,50.0,,,50.0,,50.0,
gemma,Masculinity,1463,1,2,,50.0,,,,50.0,,,50.0,,50.0,
gemma,Masculinity,1463,1,3,,50.0,,,,50.0,,,50.0,,50.0,
gemma,Masculinity,1464,1,1,,50.0,,,,50.0,,,50.0,,50.0,
gemma,Masculinity,1464,1,2,,50.0,,,,50.0,,,50.0,,50.0,
gemma,Masculinity,1464,1,3,,50.0,,,,50.0,,,50.0,,50.0,
gemma,Masculinity,1465,1,1,,50.0,,,,50.0,,,50.0,,50.0,
gemma,Masculinity,1465,1,2,,50.0,,,,50.0,,,50.0,,50.0,
gemma,Masculinity,1465,1,3,,50.0,,,,50.0,,,50.0,,50.0,
gemma,Masculinity,1466,1,1,,50.0,,,,25.0,,,25.0,,50.0,
gemma,Masculinity,1466,1,2,,50.0,,,,25.0,,,25.0,,50.0,
gemma,Masculinity,1466,1,3,,50.0,,,,25.0,,,25.0,,50.0,
gemma,Masculinity,1467,1,1,,25.0,,,,50.0,,,50.0,,50.0,
gemma,Masculinity,1467,1,2,,25.0,,,,50.0,,,50.0,,50.0,
gemma,Masculinity,1467,1,3,,25.0,,,,50.0,,,50.0,,50.0,
gemma,Masculinity,1468,1,1,,50.0,,,,50.0,,,50.0,,50.0,
gemma,Masculinity,1468,1,2,,50.0,,,,50.0,,,50.0,,50.0,
gemma,Masculinity,1468,1,3,,50.0,,,,50.0,,,50.0,,50.0,
gemma,Masculinity,1470,1,1,,50.0,,,,50.0,,,50.0,,75.0,
gemma,Masculinity,1470,1,2,,50.0,,,,50.0,,,50.0,,75.0,
gemma,Masculinity,1470,1,3,,50.0,,,,50.0,,,50.0,,75.0,
gemma,Masculinity,1471,1,1,,25.0,,,,25.0,,,25.0,,50.0,
gemma,Masculinity,1471,1,2,,25.0,,,,25.0,,,25.0,,50.0,
gemma,Masculinity,1471,1,3,,25.0,,,,25.0,,,25.0,,50.0,
gemma,Masculinity,1472,1,1,,50.0,,,,50.0,,,25.0,,50.0,
gemma,Masculinity,1472,1,2,,50.0,,,,50.0,,,25.0,,50.0,
gemma,Masculinity,1472,1,3,,50.0,,,,50.0,,,25.0,,50.0,
gemma,Masculinity,1473,1,1,,50.0,,,,50.0,,,50.0,,50.0,
gemma,Masculinity,1473,1,2,,50.0,,,,50.0,,,50.0,,50.0,
gemma,Masculinity,1473,1,3,,50.0,,,,50.0,,,50.0,,50.0,
gemma,Masculinity,1474,1,1,,50.0,,,,50.0,,,50.0,,50.0,
gemma,Masculinity,1474,1,2,,50.0,,,,50.0,,,50.0,,50.0,
gemma,Masculinity,1474,1,3,,50.0,,,,50.0,,,50.0,,50.0,
gemma,Masculinity,1475,1,1,,25.0,,,,25.0,,,25.0,,75.0,
gemma,Masculinity,1475,1,2,,25.0,,,,25.0,,,25.0,,75.0,
gemma,Masculinity,1475,1,3,,25.0,,,,25.0,,,25.0,,75.0,
gemma,Masculinity,1476,1,1,,25.0,,,,75.0,,,25.0,,25.0,
gemma,Masculinity,1476,1,2,,25.0,,,,75.0,,,25.0,,25.0,
gemma,Masculinity,1476,1,3,,25.0,,,,75.0,,,25.0,,25.0,
gemma,Masculinity,1477,1,1,,25.0,,,,25.0,,,25.0,,25.0,
gemma,Masculinity,1477,1,2,,25.0,,,,25.0,,,25.0,,25.0,
gemma,Masculinity,1477,1,3,,25.0,,,,25.0,,,25.0,,25.0,
gemma,Masculinity,1478,1,1,,25.0,,,,25.0,,,25.0,,25.0,
gemma,Masculinity,1478,1,2,,25.0,,,,25.0,,,25.0,,25.0,
gemma,Masculinity,1478,1,3,,25.0,,,,25.0,,,25.0,,25.0,
gemma,Masculinity,1480,1,1,,50.0,,,,25.0,,,50.0,,50.0,
gemma,Masculinity,1480,1,2,,50.0,,,,25.0,,,50.0,,50.0,
gemma,Masculinity,1480,1,3,,50.0,,,,25.0,,,50.0,,50.0,
gemma,Masculinity,1481,1,1,,25.0,,,,25.0,,,50.0,,50.0,
gemma,Masculinity,1481,1,2,,25.0,,,,25.0,,,50.0,,50.0,
gemma,Masculinity,1481,1,3,,25.0,,,,25.0,,,50.0,,50.0,
gemma,Masculinity,1482,1,1,,50.0,,,,50.0,,,50.0,,50.0,
gemma,Masculinity,1482,1,2,,50.0,,,,50.0,,,50.0,,50.0,
gemma,Masculinity,1482,1,3,,50.0,,,,50.0,,,50.0,,50.0,
gemma,Masculinity,1486,1,1,,50.0,,,,50.0,,,50.0,,75.0,
gemma,Masculinity,1486,1,2,,50.0,,,,50.0,,,50.0,,75.0,
gemma,Masculinity,1486,1,3,,50.0,,,,50.0,,,50.0,,75.0,
gemma,Masculinity,1487,1,1,,25.0,,,,50.0,,,50.0,,50.0,
gemma,Masculinity,1487,1,2,,25.0,,,,50.0,,,50.0,,50.0,
gemma,Masculinity,1487,1,3,,25.0,,,,50.0,,,50.0,,50.0,
gemma,Masculinity,1490,1,1,,50.0,,,,50.0,,,50.0,,50.0,
gemma,Masculinity,1490,1,2,,50.0,,,,50.0,,,50.0,,50.0,
gemma,Masculinity,1490,1,3,,50.0,,,,50.0,,,50.0,,50.0,
gemma,Masculinity,1492,1,1,,50.0,,,,25.0,,,25.0,,50.0,
gemma,Masculinity,1492,1,2,,50.0,,,,25.0,,,25.0,,50.0,
gemma,Masculinity,1492,1,3,,50.0,,,,25.0,,,25.0,,50.0,
gemma,Masculinity,1493,1,1,,50.0,,,,50.0,,,50.0,,50.0,
gemma,Masculinity,1493,1,2,,50.0,,,,50.0,,,50.0,,50.0,
gemma,Masculinity,1493,1,3,,50.0,,,,50.0,,,50.0,,50.0,
gemma,Masculinity,1495,1,1,,25.0,,,,0.0,,,25.0,,75.0,
gemma,Masculinity,1495,1,2,,25.0,,,,0.0,,,25.0,,75.0,
gemma,Masculinity,1495,1,3,,25.0,,,,0.0,,,25.0,,75.0,
gemma,Masculinity,1497,1,1,,50.0,,,,25.0,,,50.0,,25.0,
gemma,Masculinity,1497,1,2,,50.0,,,,25.0,,,50.0,,25.0,
gemma,Masculinity,1497,1,3,,50.0,,,,25.0,,,50.0,,25.0,
gemma,Masculinity,1498,1,1,,50.0,,,,50.0,,,50.0,,50.0,
gemma,Masculinity,1498,1,2,,50.0,,,,50.0,,,50.0,,50.0,
gemma,Masculinity,1498,1,3,,50.0,,,,50.0,,,50.0,,50.0,
gemma,Masculinity,1499,1,1,,50.0,,,,50.0,,,50.0,,25.0,
gemma,Masculinity,1499,1,2,,50.0,,,,50.0,,,50.0,,25.0,
gemma,Masculinity,1499,1,3,,50.0,,,,50.0,,,50.0,,25.0,
gemma,Masculinity,1500,1,1,,50.0,,,,50.0,,,50.0,,50.0,
gemma,Masculinity,1500,1,2,,50.0,,,,50.0,,,50.0,,50.0,
gemma,Masculinity,1500,1,3,,50.0,,,,50.0,,,50.0,,50.0,
gemma,Masculinity,1501,1,1,,25.0,,,,50.0,,,50.0,,50.0,
gemma,Masculinity,1501,1,2,,25.0,,,,50.0,,,50.0,,50.0,
gemma,Masculinity,1501,1,3,,25.0,,,,50.0,,,50.0,,50.0,
gemma,Masculinity,1502,1,1,,50.0,,,,25.0,,,50.0,,50.0,
gemma,Masculinity,1502,1,2,,50.0,,,,25.0,,,50.0,,50.0,
gemma,Masculinity,1502,1,3,,50.0,,,,25.0,,,50.0,,50.0,
gemma,Masculinity,1504,1,1,,50.0,,,,75.0,,,75.0,,75.0,
gemma,Masculinity,1504,1,2,,50.0,,,,75.0,,,75.0,,75.0,
gemma,Masculinity,1504,1,3,,50.0,,,,75.0,,,75.0,,75.0,
gemma,Masculinity,1505,1,1,,50.0,,,,50.0,,,50.0,,50.0,
gemma,Masculinity,1505,1,2,,50.0,,,,50.0,,,50.0,,50.0,
gemma,Masculinity,1505,1,3,,50.0,,,,50.0,,,50.0,,50.0,
gemma,Masculinity,1506,1,1,,50.0,,,,50.0,,,50.0,,75.0,
gemma,Masculinity,1506,1,2,,50.0,,,,50.0,,,50.0,,75.0,
gemma,Masculinity,1506,1,3,,50.0,,,,50.0,,,50.0,,75.0,
gemma,Masculinity,1508,1,1,,50.0,,,,50.0,,,50.0,,75.0,
gemma,Masculinity,1508,1,2,,50.0,,,,50.0,,,50.0,,75.0,
gemma,Masculinity,1508,1,3,,50.0,,,,50.0,,,50.0,,75.0,
gemma,Masculinity,1509,1,1,,25.0,,,,0.0,,,50.0,,50.0,
gemma,Masculinity,1509,1,2,,25.0,,,,0.0,,,50.0,,50.0,
gemma,Masculinity,1509,1,3,,25.0,,,,0.0,,,50.0,,50.0,
gemma,Masculinity,1511,1,1,,25.0,,,,50.0,,,50.0,,50.0,
gemma,Masculinity,1511,1,2,,25.0,,,,50.0,,,50.0,,50.0,
gemma,Masculinity,1511,1,3,,25.0,,,,50.0,,,50.0,,50.0,
gemma,Masculinity,1512,1,1,,50.0,,,,50.0,,,50.0,,75.0,
gemma,Masculinity,1512,1,2,,50.0,,,,50.0,,,50.0,,75.0,
gemma,Masculinity,1512,1,3,,50.0,,,,50.0,,,50.0,,75.0,
gemma,Masculinity,1515,1,1,,50.0,,,,25.0,,,50.0,,50.0,
gemma,Masculinity,1515,1,2,,50.0,,,,25.0,,,50.0,,50.0,
gemma,Masculinity,1515,1,3,,50.0,,,,25.0,,,50.0,,50.0,
gemma,Masculinity,1519,1,1,,50.0,,,,50.0,,,50.0,,75.0,
gemma,Masculinity,1519,1,2,,50.0,,,,50.0,,,50.0,,75.0,
gemma,Masculinity,1519,1,3,,50.0,,,,50.0,,,50.0,,75.0,
gemma,Masculinity,1520,1,1,,50.0,,,,50.0,,,50.0,,50.0,
gemma,Masculinity,1520,1,2,,50.0,,,,50.0,,,50.0,,50.0,
gemma,Masculinity,1520,1,3,,50.0,,,,50.0,,,50.0,,50.0,
gemma,Masculinity,1522,1,1,,25.0,,,,25.0,,,25.0,,50.0,
gemma,Masculinity,1522,1,2,,25.0,,,,25.0,,,25.0,,50.0,
gemma,Masculinity,1522,1,3,,25.0,,,,25.0,,,25.0,,50.0,
gemma,Masculinity,1523,1,1,,50.0,,,,75.0,,,75.0,,75.0,
gemma,Masculinity,1523,1,2,,50.0,,,,75.0,,,75.0,,75.0,
gemma,Masculinity,1523,1,3,,50.0,,,,75.0,,,75.0,,75.0,
gemma,Masculinity,1524,1,1,,50.0,,,,50.0,,,50.0,,50.0,
gemma,Masculinity,1524,1,2,,50.0,,,,50.0,,,50.0,,50.0,
gemma,Masculinity,1524,1,3,,50.0,,,,50.0,,,50.0,,50.0,
gemma,Masculinity,1525,1,1,,50.0,,,,50.0,,,50.0,,50.0,
gemma,Masculinity,1525,1,2,,50.0,,,,50.0,,,50.0,,50.0,
gemma,Masculinity,1525,1,3,,50.0,,,,50.0,,,50.0,,50.0,
gemma,Masculinity,1526,1,1,,25.0,,,,25.0,,,50.0,,25.0,
gemma,Masculinity,1526,1,2,,25.0,,,,25.0,,,50.0,,25.0,
gemma,Masculinity,1526,1,3,,25.0,,,,25.0,,,50.0,,25.0,
gemma,Masculinity,1528,1,1,,50.0,,,,50.0,,,75.0,,75.0,
gemma,Masculinity,1528,1,2,,50.0,,,,50.0,,,75.0,,75.0,
gemma,Masculinity,1528,1,3,,50.0,,,,50.0,,,75.0,,75.0,
gemma,Masculinity,1529,1,1,,50.0,,,,25.0,,,25.0,,25.0,
gemma,Masculinity,1529,1,2,,50.0,,,,25.0,,,25.0,,25.0,
gemma,Masculinity,1529,1,3,,50.0,,,,25.0,,,25.0,,25.0,
gemma,Masculinity,1532,1,1,,50.0,,,,50.0,,,50.0,,50.0,
gemma,Masculinity,1532,1,2,,50.0,,,,50.0,,,50.0,,50.0,
gemma,Masculinity,1532,1,3,,50.0,,,,50.0,,,50.0,,50.0,
gemma,Masculinity,1533,1,1,,50.0,,,,50.0,,,50.0,,75.0,
gemma,Masculinity,1533,1,2,,50.0,,,,50.0,,,50.0,,75.0,
gemma,Masculinity,1533,1,3,,50.0,,,,50.0,,,50.0,,75.0,
gemma,Masculinity,1534,1,1,,50.0,,,,50.0,,,50.0,,50.0,
gemma,Masculinity,1534,1,2,,50.0,,,,50.0,,,50.0,,50.0,
gemma,Masculinity,1534,1,3,,50.0,,,,50.0,,,50.0,,50.0,
gemma,Masculinity,1538,1,1,,50.0,,,,50.0,,,50.0,,50.0,
gemma,Masculinity,1538,1,2,,50.0,,,,50.0,,,50.0,,50.0,
gemma,Masculinity,1538,1,3,,50.0,,,,50.0,,,50.0,,50.0,
gemma,Masculinity,1539,1,1,,50.0,,,,25.0,,,25.0,,50.0,
gemma,Masculinity,1539,1,2,,50.0,,,,25.0,,,25.0,,50.0,
gemma,Masculinity,1539,1,3,,50.0,,,,25.0,,,25.0,,50.0,
gemma,Masculinity,1541,1,1,,50.0,,,,25.0,,,50.0,,75.0,
gemma,Masculinity,1541,1,2,,50.0,,,,25.0,,,50.0,,75.0,
gemma,Masculinity,1541,1,3,,50.0,,,,25.0,,,50.0,,75.0,
gemma,Masculinity,1542,1,1,,25.0,,,,25.0,,,25.0,,75.0,
gemma,Masculinity,1542,1,2,,25.0,,,,25.0,,,25.0,,75.0,
gemma,Masculinity,1542,1,3,,25.0,,,,25.0,,,25.0,,75.0,
gemma,Masculinity,1543,1,1,,25.0,,,,50.0,,,50.0,,50.0,
gemma,Masculinity,1543,1,2,,25.0,,,,50.0,,,50.0,,50.0,
gemma,Masculinity,1543,1,3,,25.0,,,,50.0,,,50.0,,50.0,
gemma,Masculinity,1544,1,1,,50.0,,,,50.0,,,50.0,,50.0,
gemma,Masculinity,1544,1,2,,50.0,,,,50.0,,,50.0,,50.0,
gemma,Masculinity,1544,1,3,,50.0,,,,50.0,,,50.0,,50.0,
gemma,Masculinity,1546,1,1,,75.0,,,,25.0,,,75.0,,75.0,
gemma,Masculinity,1546,1,2,,75.0,,,,25.0,,,75.0,,75.0,
gemma,Masculinity,1546,1,3,,75.0,,,,25.0,,,75.0,,75.0,
gemma,Masculinity,1548,1,1,,50.0,,,,25.0,,,50.0,,25.0,
gemma,Masculinity,1548,1,2,,50.0,,,,25.0,,,50.0,,25.0,
gemma,Masculinity,1548,1,3,,50.0,,,,25.0,,,50.0,,25.0,
gemma,Masculinity,1549,1,1,,50.0,,,,50.0,,,50.0,,50.0,
gemma,Masculinity,1549,1,2,,50.0,,,,50.0,,,50.0,,50.0,
gemma,Masculinity,1549,1,3,,50.0,,,,50.0,,,50.0,,50.0,
gemma,Masculinity,1551,1,1,,25.0,,,,25.0,,,50.0,,50.0,
gemma,Masculinity,1551,1,2,,25.0,,,,25.0,,,50.0,,50.0,
gemma,Masculinity,1551,1,3,,25.0,,,,25.0,,,50.0,,50.0,
gemma,Masculinity,1552,1,1,,25.0,,,,25.0,,,50.0,,50.0,
gemma,Masculinity,1552,1,2,,25.0,,,,25.0,,,50.0,,50.0,
gemma,Masculinity,1552,1,3,,25.0,,,,25.0,,,50.0,,50.0,
gemma,Masculinity,1553,1,1,,50.0,,,,50.0,,,50.0,,75.0,
gemma,Masculinity,1553,1,2,,50.0,,,,50.0,,,50.0,,75.0,
gemma,Masculinity,1553,1,3,,50.0,,,,50.0,,,50.0,,75.0,
gemma,Masculinity,1554,1,1,,50.0,,,,50.0,,,50.0,,50.0,
gemma,Masculinity,1554,1,2,,50.0,,,,50.0,,,50.0,,50.0,
gemma,Masculinity,1554,1,3,,50.0,,,,50.0,,,50.0,,50.0,
gemma,Masculinity,1555,1,1,,25.0,,,,50.0,,,50.0,,50.0,
gemma,Masculinity,1555,1,2,,25.0,,,,50.0,,,50.0,,50.0,
gemma,Masculinity,1555,1,3,,25.0,,,,50.0,,,50.0,,50.0,
gemma,Masculinity,1556,1,1,,25.0,,,,25.0,,,25.0,,50.0,
gemma,Masculinity,1556,1,2,,25.0,,,,25.0,,,25.0,,50.0,
gemma,Masculinity,1556,1,3,,25.0,,,,25.0,,,25.0,,50.0,
gemma,Masculinity,1557,1,1,,50.0,,,,50.0,,,50.0,,50.0,
gemma,Masculinity,1557,1,2,,50.0,,,,50.0,,,50.0,,50.0,
gemma,Masculinity,1557,1,3,,50.0,,,,50.0,,,50.0,,50.0,
gemma,Masculinity,1560,1,1,,50.0,,,,25.0,,,50.0,,75.0,
gemma,Masculinity,1560,1,2,,50.0,,,,25.0,,,50.0,,75.0,
gemma,Masculinity,1560,1,3,,50.0,,,,25.0,,,50.0,,75.0,
gemma,Masculinity,1561,1,1,,50.0,,,,25.0,,,50.0,,50.0,
gemma,Masculinity,1561,1,2,,50.0,,,,25.0,,,50.0,,50.0,
gemma,Masculinity,1561,1,3,,50.0,,,,25.0,,,50.0,,50.0,
gemma,Masculinity,1562,1,1,,75.0,,,,50.0,,,75.0,,50.0,
gemma,Masculinity,1562,1,2,,75.0,,,,50.0,,,75.0,,50.0,
gemma,Masculinity,1562,1,3,,75.0,,,,50.0,,,75.0,,50.0,
gemma,Masculinity,1563,1,1,,25.0,,,,25.0,,,50.0,,50.0,
gemma,Masculinity,1563,1,2,,25.0,,,,25.0,,,50.0,,50.0,
gemma,Masculinity,1563,1,3,,25.0,,,,25.0,,,50.0,,50.0,
gemma,Masculinity,1564,1,1,,50.0,,,,50.0,,,50.0,,50.0,
gemma,Masculinity,1564,1,2,,50.0,,,,50.0,,,50.0,,50.0,
gemma,Masculinity,1564,1,3,,50.0,,,,50.0,,,50.0,,50.0,
gemma,Masculinity,1565,1,1,,75.0,,,,75.0,,,75.0,,75.0,
gemma,Masculinity,1565,1,2,,75.0,,,,75.0,,,75.0,,75.0,
gemma,Masculinity,1565,1,3,,75.0,,,,75.0,,,75.0,,75.0,
gemma,Masculinity,1566,1,1,,25.0,,,,25.0,,,50.0,,50.0,
gemma,Masculinity,1566,1,2,,25.0,,,,25.0,,,50.0,,50.0,
gemma,Masculinity,1566,1,3,,25.0,,,,25.0,,,50.0,,50.0,
gemma,Masculinity,1568,1,1,,50.0,,,,50.0,,,50.0,,75.0,
gemma,Masculinity,1568,1,2,,50.0,,,,50.0,,,50.0,,75.0,
gemma,Masculinity,1568,1,3,,50.0,,,,50.0,,,50.0,,75.0,
gemma,Masculinity,1569,1,1,,25.0,,,,25.0,,,25.0,,25.0,
gemma,Masculinity,1569,1,2,,25.0,,,,25.0,,,25.0,,25.0,
gemma,Masculinity,1569,1,3,,25.0,,,,25.0,,,25.0,,25.0,
gemma,Masculinity,1570,1,1,,25.0,,,,25.0,,,25.0,,25.0,
gemma,Masculinity,1570,1,2,,25.0,,,,25.0,,,25.0,,25.0,
gemma,Masculinity,1570,1,3,,25.0,,,,25.0,,,25.0,,25.0,
gemma,Masculinity,1571,1,1,,50.0,,,,50.0,,,75.0,,75.0,
gemma,Masculinity,1571,1,2,,50.0,,,,50.0,,,75.0,,75.0,
gemma,Masculinity,1571,1,3,,50.0,,,,50.0,,,75.0,,75.0,
gemma,Masculinity,1572,1,1,,25.0,,,,25.0,,,0.0,,0.0,
gemma,Masculinity,1572,1,2,,25.0,,,,25.0,,,0.0,,0.0,
gemma,Masculinity,1572,1,3,,25.0,,,,25.0,,,0.0,,0.0,
gemma,Masculinity,1573,1,1,,50.0,,,,100.0,,,100.0,,100.0,
gemma,Masculinity,1573,1,2,,50.0,,,,100.0,,,100.0,,100.0,
gemma,Masculinity,1573,1,3,,50.0,,,,100.0,,,100.0,,100.0,
gemma,Masculinity,1574,1,1,,50.0,,,,75.0,,,75.0,,75.0,
gemma,Masculinity,1574,1,2,,50.0,,,,75.0,,,75.0,,75.0,
gemma,Masculinity,1574,1,3,,50.0,,,,75.0,,,75.0,,75.0,
gemma,Masculinity,1575,1,1,,25.0,,,,25.0,,,50.0,,50.0,
gemma,Masculinity,1575,1,2,,25.0,,,,25.0,,,50.0,,50.0,
gemma,Masculinity,1575,1,3,,25.0,,,,25.0,,,50.0,,50.0,
gemma,Masculinity,1576,1,1,,75.0,,,,75.0,,,75.0,,75.0,
gemma,Masculinity,1576,1,2,,75.0,,,,75.0,,,75.0,,75.0,
gemma,Masculinity,1576,1,3,,75.0,,,,75.0,,,75.0,,75.0,
gemma,Masculinity,1577,1,1,,50.0,,,,25.0,,,25.0,,25.0,
gemma,Masculinity,1577,1,2,,50.0,,,,25.0,,,25.0,,25.0,
gemma,Masculinity,1577,1,3,,50.0,,,,25.0,,,25.0,,25.0,
gemma,Masculinity,1579,1,1,,75.0,,,,75.0,,,75.0,,75.0,
gemma,Masculinity,1579,1,2,,75.0,,,,75.0,,,75.0,,75.0,
gemma,Masculinity,1579,1,3,,75.0,,,,75.0,,,75.0,,75.0,
gemma,Masculinity,1580,1,1,,25.0,,,,25.0,,,25.0,,25.0,
gemma,Masculinity,1580,1,2,,25.0,,,,25.0,,,25.0,,25.0,
gemma,Masculinity,1580,1,3,,25.0,,,,25.0,,,25.0,,25.0,
gemma,Masculinity,1581,1,1,,25.0,,,,25.0,,,50.0,,50.0,
gemma,Masculinity,1581,1,2,,25.0,,,,25.0,,,50.0,,50.0,
gemma,Masculinity,1581,1,3,,25.0,,,,25.0,,,50.0,,50.0,
gemma,Masculinity,1582,1,1,,50.0,,,,25.0,,,25.0,,50.0,
gemma,Masculinity,1582,1,2,,50.0,,,,25.0,,,25.0,,50.0,
gemma,Masculinity,1582,1,3,,50.0,,,,25.0,,,25.0,,50.0,
gemma,Masculinity,1586,1,1,,50.0,,,,50.0,,,50.0,,50.0,
gemma,Masculinity,1586,1,2,,50.0,,,,50.0,,,50.0,,50.0,
gemma,Masculinity,1586,1,3,,50.0,,,,50.0,,,50.0,,50.0,
gemma,Masculinity,1587,1,1,,50.0,,,,50.0,,,50.0,,50.0,
gemma,Masculinity,1587,1,2,,50.0,,,,50.0,,,50.0,,50.0,
gemma,Masculinity,1587,1,3,,50.0,,,,50.0,,,50.0,,50.0,
gemma,Masculinity,1588,1,1,,25.0,,,,50.0,,,50.0,,75.0,
gemma,Masculinity,1588,1,2,,25.0,,,,50.0,,,50.0,,75.0,
gemma,Masculinity,1588,1,3,,25.0,,,,50.0,,,50.0,,75.0,
gemma,Masculinity,1589,1,1,,50.0,,,,25.0,,,50.0,,50.0,
gemma,Masculinity,1589,1,2,,50.0,,,,25.0,,,50.0,,50.0,
gemma,Masculinity,1589,1,3,,50.0,,,,25.0,,,50.0,,50.0,
gemma,Masculinity,1591,1,1,,50.0,,,,25.0,,,75.0,,75.0,
gemma,Masculinity,1591,1,2,,50.0,,,,25.0,,,75.0,,75.0,
gemma,Masculinity,1591,1,3,,50.0,,,,25.0,,,75.0,,75.0,
gemma,Masculinity,1592,1,1,,50.0,,,,25.0,,,50.0,,25.0,
gemma,Masculinity,1592,1,2,,50.0,,,,25.0,,,50.0,,25.0,
gemma,Masculinity,1592,1,3,,50.0,,,,25.0,,,50.0,,25.0,
gemma,Masculinity,1593,1,1,,50.0,,,,25.0,,,50.0,,75.0,
gemma,Masculinity,1593,1,2,,50.0,,,,25.0,,,50.0,,75.0,
gemma,Masculinity,1593,1,3,,50.0,,,,25.0,,,50.0,,75.0,
gemma,Masculinity,1594,1,1,,50.0,,,,75.0,,,50.0,,50.0,
gemma,Masculinity,1594,1,2,,50.0,,,,75.0,,,50.0,,50.0,
gemma,Masculinity,1594,1,3,,50.0,,,,75.0,,,50.0,,50.0,
gemma,Masculinity,1595,1,1,,50.0,,,,25.0,,,25.0,,50.0,
gemma,Masculinity,1595,1,2,,50.0,,,,25.0,,,25.0,,50.0,
gemma,Masculinity,1595,1,3,,50.0,,,,25.0,,,25.0,,50.0,
gemma,Masculinity,1597,1,1,,50.0,,,,50.0,,,50.0,,50.0,
gemma,Masculinity,1597,1,2,,50.0,,,,50.0,,,50.0,,50.0,
gemma,Masculinity,1597,1,3,,50.0,,,,50.0,,,50.0,,50.0,
gemma,Masculinity,1598,1,1,,50.0,,,,50.0,,,50.0,,50.0,
gemma,Masculinity,1598,1,2,,50.0,,,,50.0,,,50.0,,50.0,
gemma,Masculinity,1598,1,3,,50.0,,,,50.0,,,50.0,,50.0,
gemma,Masculinity,1600,1,1,,50.0,,,,25.0,,,50.0,,50.0,
gemma,Masculinity,1600,1,2,,50.0,,,,25.0,,,50.0,,50.0,
gemma,Masculinity,1600,1,3,,50.0,,,,25.0,,,50.0,,50.0,
gemma,Masculinity,1601,1,1,,50.0,,,,75.0,,,50.0,,75.0,
gemma,Masculinity,1601,1,2,,50.0,,,,75.0,,,50.0,,75.0,
gemma,Masculinity,1601,1,3,,50.0,,,,75.0,,,50.0,,75.0,
gemma,Masculinity,1603,1,1,,50.0,,,,25.0,,,50.0,,50.0,
gemma,Masculinity,1603,1,2,,50.0,,,,25.0,,,50.0,,50.0,
gemma,Masculinity,1603,1,3,,50.0,,,,25.0,,,50.0,,50.0,
gemma,Masculinity,1606,1,1,,50.0,,,,50.0,,,50.0,,50.0,
gemma,Masculinity,1606,1,2,,50.0,,,,50.0,,,50.0,,50.0,
gemma,Masculinity,1606,1,3,,50.0,,,,50.0,,,50.0,,50.0,
gemma,Masculinity,1607,1,1,,50.0,,,,75.0,,,75.0,,75.0,
gemma,Masculinity,1607,1,2,,50.0,,,,75.0,,,75.0,,75.0,
gemma,Masculinity,1607,1,3,,50.0,,,,75.0,,,75.0,,75.0,
gemma,Masculinity,1608,1,1,,25.0,,,,25.0,,,25.0,,25.0,
gemma,Masculinity,1608,1,2,,25.0,,,,25.0,,,25.0,,25.0,
gemma,Masculinity,1608,1,3,,25.0,,,,25.0,,,25.0,,25.0,
gemma,Masculinity,1609,1,1,,50.0,,,,50.0,,,50.0,,50.0,
gemma,Masculinity,1609,1,2,,50.0,,,,50.0,,,50.0,,50.0,
gemma,Masculinity,1609,1,3,,50.0,,,,50.0,,,50.0,,50.0,
gemma,Masculinity,1610,1,1,,50.0,,,,50.0,,,50.0,,75.0,
gemma,Masculinity,1610,1,2,,50.0,,,,50.0,,,50.0,,75.0,
gemma,Masculinity,1610,1,3,,50.0,,,,50.0,,,50.0,,75.0,
gemma,Masculinity,1611,1,1,,50.0,,,,50.0,,,50.0,,75.0,
gemma,Masculinity,1611,1,2,,50.0,,,,50.0,,,50.0,,75.0,
gemma,Masculinity,1611,1,3,,50.0,,,,50.0,,,50.0,,75.0,
gemma,Masculinity,1613,1,1,,50.0,,,,50.0,,,50.0,,50.0,
gemma,Masculinity,1613,1,2,,50.0,,,,50.0,,,50.0,,50.0,
gemma,Masculinity,1613,1,3,,50.0,,,,50.0,,,50.0,,50.0,
gemma,Masculinity,1614,1,1,,50.0,,,,50.0,,,50.0,,50.0,
gemma,Masculinity,1614,1,2,,50.0,,,,50.0,,,50.0,,50.0,
gemma,Masculinity,1614,1,3,,50.0,,,,50.0,,,50.0,,50.0,
gemma,Masculinity,1615,1,1,,50.0,,,,25.0,,,50.0,,50.0,
gemma,Masculinity,1615,1,2,,50.0,,,,25.0,,,50.0,,50.0,
gemma,Masculinity,1615,1,3,,50.0,,,,25.0,,,50.0,,50.0,
gemma,Masculinity,1616,1,1,,50.0,,,,50.0,,,50.0,,50.0,
gemma,Masculinity,1616,1,2,,50.0,,,,50.0,,,50.0,,50.0,
gemma,Masculinity,1616,1,3,,50.0,,,,50.0,,,50.0,,50.0,
gemma,Masculinity,1617,1,1,,50.0,,,,50.0,,,50.0,,75.0,
gemma,Masculinity,1617,1,2,,50.0,,,,50.0,,,50.0,,75.0,
gemma,Masculinity,1617,1,3,,50.0,,,,50.0,,,50.0,,75.0,
gemma,Masculinity,1618,1,1,,50.0,,,,50.0,,,50.0,,50.0,
gemma,Masculinity,1618,1,2,,50.0,,,,50.0,,,50.0,,50.0,
gemma,Masculinity,1618,1,3,,50.0,,,,50.0,,,50.0,,50.0,
gemma,Masculinity,1622,1,1,,25.0,,,,25.0,,,50.0,,50.0,
gemma,Masculinity,1622,1,2,,25.0,,,,25.0,,,50.0,,50.0,
gemma,Masculinity,1622,1,3,,25.0,,,,25.0,,,50.0,,50.0,
gemma,Masculinity,1628,1,1,,50.0,,,,50.0,,,50.0,,50.0,
gemma,Masculinity,1628,1,2,,50.0,,,,50.0,,,50.0,,50.0,
gemma,Masculinity,1628,1,3,,50.0,,,,50.0,,,50.0,,50.0,
gemma,Masculinity,1629,1,1,,50.0,,,,50.0,,,50.0,,75.0,
gemma,Masculinity,1629,1,2,,50.0,,,,50.0,,,50.0,,75.0,
gemma,Masculinity,1629,1,3,,50.0,,,,50.0,,,50.0,,75.0,
gemma,Masculinity,1632,1,1,,25.0,,,,25.0,,,25.0,,25.0,
gemma,Masculinity,1632,1,2,,25.0,,,,25.0,,,25.0,,25.0,
gemma,Masculinity,1632,1,3,,25.0,,,,25.0,,,25.0,,25.0,
gemma,Masculinity,1633,1,1,,25.0,,,,0.0,,,25.0,,50.0,
gemma,Masculinity,1633,1,2,,25.0,,,,0.0,,,25.0,,50.0,
gemma,Masculinity,1633,1,3,,25.0,,,,0.0,,,25.0,,50.0,
gemma,Masculinity,1634,1,1,,25.0,,,,25.0,,,50.0,,50.0,
gemma,Masculinity,1634,1,2,,25.0,,,,25.0,,,50.0,,50.0,
gemma,Masculinity,1634,1,3,,25.0,,,,25.0,,,50.0,,50.0,
gemma,Masculinity,1641,1,1,,50.0,,,,25.0,,,0.0,,75.0,
gemma,Masculinity,1641,1,2,,50.0,,,,25.0,,,0.0,,75.0,
gemma,Masculinity,1641,1,3,,50.0,,,,25.0,,,0.0,,75.0,
gemma,Masculinity,1644,1,1,,50.0,,,,25.0,,,50.0,,50.0,
gemma,Masculinity,1644,1,2,,50.0,,,,25.0,,,50.0,,50.0,
gemma,Masculinity,1644,1,3,,50.0,,,,25.0,,,50.0,,50.0,
gemma,Masculinity,1646,1,1,,25.0,,,,25.0,,,25.0,,25.0,
gemma,Masculinity,1646,1,2,,25.0,,,,25.0,,,25.0,,25.0,
gemma,Masculinity,1646,1,3,,25.0,,,,25.0,,,25.0,,25.0,
gemma,Masculinity,1654,1,1,,75.0,,,,75.0,,,75.0,,75.0,
gemma,Masculinity,1654,1,2,,75.0,,,,75.0,,,75.0,,75.0,
gemma,Masculinity,1654,1,3,,75.0,,,,75.0,,,75.0,,75.0,
gemma,Masculinity,1656,1,1,,25.0,,,,50.0,,,50.0,,50.0,
gemma,Masculinity,1656,1,2,,25.0,,,,50.0,,,50.0,,50.0,
gemma,Masculinity,1656,1,3,,25.0,,,,50.0,,,50.0,,50.0,
gemma,Masculinity,1657,1,1,,50.0,,,,50.0,,,50.0,,50.0,
gemma,Masculinity,1657,1,2,,50.0,,,,50.0,,,50.0,,50.0,
gemma,Masculinity,1657,1,3,,50.0,,,,50.0,,,50.0,,50.0,
gemma,Masculinity,1659,1,1,,50.0,,,,50.0,,,50.0,,75.0,
gemma,Masculinity,1659,1,2,,50.0,,,,50.0,,,50.0,,75.0,
gemma,Masculinity,1659,1,3,,50.0,,,,50.0,,,50.0,,75.0,
gemma,Masculinity,1660,1,1,,50.0,,,,25.0,,,50.0,,50.0,
gemma,Masculinity,1660,1,2,,50.0,,,,25.0,,,50.0,,50.0,
gemma,Masculinity,1660,1,3,,50.0,,,,25.0,,,50.0,,50.0,
gemma,Masculinity,1661,1,1,,25.0,,,,25.0,,,75.0,,100.0,
gemma,Masculinity,1661,1,2,,25.0,,,,25.0,,,75.0,,100.0,
gemma,Masculinity,1661,1,3,,25.0,,,,25.0,,,75.0,,100.0,
gemma,Masculinity,1663,1,1,,50.0,,,,50.0,,,50.0,,50.0,
gemma,Masculinity,1663,1,2,,50.0,,,,50.0,,,50.0,,50.0,
gemma,Masculinity,1663,1,3,,50.0,,,,50.0,,,50.0,,50.0,
gemma,Masculinity,1664,1,1,,25.0,,,,25.0,,,25.0,,25.0,
gemma,Masculinity,1664,1,2,,25.0,,,,25.0,,,25.0,,25.0,
gemma,Masculinity,1664,1,3,,25.0,,,,25.0,,,25.0,,25.0,
gemma,Masculinity,1668,1,1,,50.0,,,,50.0,,,50.0,,50.0,
gemma,Masculinity,1668,1,2,,50.0,,,,50.0,,,50.0,,50.0,
gemma,Masculinity,1668,1,3,,50.0,,,,50.0,,,50.0,,50.0,
gemma,Masculinity,1670,1,1,,50.0,,,,25.0,,,25.0,,25.0,
gemma,Masculinity,1670,1,2,,50.0,,,,25.0,,,25.0,,25.0,
gemma,Masculinity,1670,1,3,,50.0,,,,25.0,,,25.0,,25.0,
gemma,Masculinity,1671,1,1,,50.0,,,,25.0,,,50.0,,50.0,
gemma,Masculinity,1671,1,2,,50.0,,,,25.0,,,50.0,,50.0,
gemma,Masculinity,1671,1,3,,50.0,,,,25.0,,,50.0,,50.0,
gemma,Masculinity,1672,1,1,,50.0,,,,25.0,,,25.0,,25.0,
gemma,Masculinity,1672,1,2,,50.0,,,,25.0,,,25.0,,25.0,
gemma,Masculinity,1672,1,3,,50.0,,,,25.0,,,25.0,,25.0,
gemma,Masculinity,1673,1,1,,75.0,,,,50.0,,,50.0,,75.0,
gemma,Masculinity,1673,1,2,,75.0,,,,50.0,,,50.0,,75.0,
gemma,Masculinity,1673,1,3,,75.0,,,,50.0,,,50.0,,75.0,
gemma,Masculinity,1677,1,1,,50.0,,,,75.0,,,25.0,,50.0,
gemma,Masculinity,1677,1,2,,50.0,,,,75.0,,,25.0,,50.0,
gemma,Masculinity,1677,1,3,,50.0,,,,75.0,,,25.0,,50.0,
gemma,Masculinity,1678,1,1,,50.0,,,,25.0,,,50.0,,50.0,
gemma,Masculinity,1678,1,2,,50.0,,,,25.0,,,50.0,,50.0,
gemma,Masculinity,1678,1,3,,50.0,,,,25.0,,,50.0,,50.0,
gemma,Masculinity,1679,1,1,,25.0,,,,25.0,,,25.0,,25.0,
gemma,Masculinity,1679,1,2,,25.0,,,,25.0,,,25.0,,25.0,
gemma,Masculinity,1679,1,3,,25.0,,,,25.0,,,25.0,,25.0,
gemma,Masculinity,1681,1,1,,25.0,,,,25.0,,,50.0,,50.0,
gemma,Masculinity,1681,1,2,,25.0,,,,25.0,,,50.0,,50.0,
gemma,Masculinity,1681,1,3,,25.0,,,,25.0,,,50.0,,50.0,
gemma,Masculinity,1682,1,1,,25.0,,,,50.0,,,50.0,,50.0,
gemma,Masculinity,1682,1,2,,25.0,,,,50.0,,,50.0,,50.0,
gemma,Masculinity,1682,1,3,,25.0,,,,50.0,,,50.0,,50.0,
gemma,Masculinity,1683,1,1,,50.0,,,,25.0,,,25.0,,50.0,
gemma,Masculinity,1683,1,2,,50.0,,,,25.0,,,25.0,,50.0,
gemma,Masculinity,1683,1,3,,50.0,,,,25.0,,,25.0,,50.0,
gemma,Masculinity,1685,1,1,,50.0,,,,25.0,,,50.0,,50.0,
gemma,Masculinity,1685,1,2,,50.0,,,,25.0,,,50.0,,50.0,
gemma,Masculinity,1685,1,3,,50.0,,,,25.0,,,50.0,,50.0,
gemma,Masculinity,1692,1,1,,50.0,,,,50.0,,,50.0,,50.0,
gemma,Masculinity,1692,1,2,,50.0,,,,50.0,,,50.0,,50.0,
gemma,Masculinity,1692,1,3,,50.0,,,,50.0,,,50.0,,50.0,
gemma,Power_Distance,1911,1,1,,25.0,,,,50.0,,,50.0,,50.0,
gemma,Power_Distance,1911,1,2,,25.0,,,,50.0,,,50.0,,50.0,
gemma,Power_Distance,1911,1,3,,25.0,,,,50.0,,,50.0,,50.0,
gemma,Power_Distance,1912,1,1,,50.0,,,,25.0,,,50.0,,50.0,
gemma,Power_Distance,1912,1,2,,50.0,,,,25.0,,,50.0,,50.0,
gemma,Power_Distance,1912,1,3,,50.0,,,,25.0,,,50.0,,50.0,
gemma,Power_Distance,1913,1,1,,50.0,,,,50.0,,,50.0,,25.0,
gemma,Power_Distance,1913,1,2,,50.0,,,,50.0,,,50.0,,25.0,
gemma,Power_Distance,1913,1,3,,50.0,,,,50.0,,,50.0,,25.0,
gemma,Power_Distance,1914,1,1,,25.0,,,,25.0,,,25.0,,25.0,
gemma,Power_Distance,1914,1,2,,25.0,,,,25.0,,,25.0,,25.0,
gemma,Power_Distance,1914,1,3,,25.0,,,,25.0,,,25.0,,25.0,
gemma,Power_Distance,1915,1,1,,50.0,,,,50.0,,,50.0,,50.0,
gemma,Power_Distance,1915,1,2,,50.0,,,,50.0,,,50.0,,50.0,
gemma,Power_Distance,1915,1,3,,50.0,,,,50.0,,,50.0,,50.0,
gemma,Power_Distance,1916,1,1,,50.0,,,,25.0,,,25.0,,25.0,
gemma,Power_Distance,1916,1,2,,50.0,,,,25.0,,,25.0,,25.0,
gemma,Power_Distance,1916,1,3,,50.0,,,,25.0,,,25.0,,25.0,
gemma,Power_Distance,1917,1,1,,50.0,,,,25.0,,,50.0,,25.0,
gemma,Power_Distance,1917,1,2,,50.0,,,,25.0,,,50.0,,25.0,
gemma,Power_Distance,1917,1,3,,50.0,,,,25.0,,,50.0,,25.0,
gemma,Power_Distance,1919,1,1,,50.0,,,,25.0,,,50.0,,50.0,
gemma,Power_Distance,1919,1,2,,50.0,,,,25.0,,,50.0,,50.0,
gemma,Power_Distance,1919,1,3,,50.0,,,,25.0,,,50.0,,50.0,
gemma,Power_Distance,1920,1,1,,50.0,,,,25.0,,,25.0,,25.0,
gemma,Power_Distance,1920,1,2,,50.0,,,,25.0,,,25.0,,25.0,
gemma,Power_Distance,1920,1,3,,50.0,,,,25.0,,,25.0,,25.0,
gemma,Power_Distance,1921,1,1,,25.0,,,,25.0,,,25.0,,25.0,
gemma,Power_Distance,1921,1,2,,25.0,,,,25.0,,,25.0,,25.0,
gemma,Power_Distance,1921,1,3,,25.0,,,,25.0,,,25.0,,25.0,
gemma,Power_Distance,1922,1,1,,50.0,,,,25.0,,,25.0,,25.0,
gemma,Power_Distance,1922,1,2,,50.0,,,,25.0,,,25.0,,25.0,
gemma,Power_Distance,1922,1,3,,50.0,,,,25.0,,,25.0,,25.0,
gemma,Power_Distance,1923,1,1,,25.0,,,,50.0,,,50.0,,50.0,
gemma,Power_Distance,1923,1,2,,25.0,,,,50.0,,,50.0,,50.0,
gemma,Power_Distance,1923,1,3,,25.0,,,,50.0,,,50.0,,50.0,
gemma,Power_Distance,1924,1,1,,25.0,,,,25.0,,,25.0,,25.0,
gemma,Power_Distance,1924,1,2,,25.0,,,,25.0,,,25.0,,25.0,
gemma,Power_Distance,1924,1,3,,25.0,,,,25.0,,,25.0,,25.0,
gemma,Power_Distance,1926,1,1,,50.0,,,,75.0,,,75.0,,25.0,
gemma,Power_Distance,1926,1,2,,50.0,,,,75.0,,,75.0,,25.0,
gemma,Power_Distance,1926,1,3,,50.0,,,,75.0,,,75.0,,25.0,
gemma,Power_Distance,1928,1,1,,50.0,,,,50.0,,,50.0,,50.0,
gemma,Power_Distance,1928,1,2,,50.0,,,,50.0,,,50.0,,50.0,
gemma,Power_Distance,1928,1,3,,50.0,,,,50.0,,,50.0,,50.0,
gemma,Power_Distance,1930,1,1,,25.0,,,,25.0,,,50.0,,50.0,
gemma,Power_Distance,1930,1,2,,25.0,,,,25.0,,,50.0,,50.0,
gemma,Power_Distance,1930,1,3,,25.0,,,,25.0,,,50.0,,50.0,
gemma,Power_Distance,1931,1,1,,25.0,,,,25.0,,,25.0,,25.0,
gemma,Power_Distance,1931,1,2,,25.0,,,,25.0,,,25.0,,25.0,
gemma,Power_Distance,1931,1,3,,25.0,,,,25.0,,,25.0,,25.0,
gemma,Power_Distance,1932,1,1,,50.0,,,,50.0,,,75.0,,50.0,
gemma,Power_Distance,1932,1,2,,50.0,,,,50.0,,,75.0,,50.0,
gemma,Power_Distance,1932,1,3,,50.0,,,,50.0,,,75.0,,50.0,
gemma,Power_Distance,1934,1,1,,50.0,,,,50.0,,,75.0,,50.0,
gemma,Power_Distance,1934,1,2,,50.0,,,,50.0,,,75.0,,50.0,
gemma,Power_Distance,1934,1,3,,50.0,,,,50.0,,,75.0,,50.0,
gemma,Power_Distance,1935,1,1,,25.0,,,,25.0,,,25.0,,25.0,
gemma,Power_Distance,1935,1,2,,25.0,,,,25.0,,,25.0,,25.0,
gemma,Power_Distance,1935,1,3,,25.0,,,,25.0,,,25.0,,25.0,
gemma,Power_Distance,1936,1,1,,50.0,,,,25.0,,,25.0,,25.0,
gemma,Power_Distance,1936,1,2,,50.0,,,,25.0,,,25.0,,25.0,
gemma,Power_Distance,1936,1,3,,50.0,,,,25.0,,,25.0,,25.0,
gemma,Power_Distance,1940,1,1,,50.0,,,,25.0,,,50.0,,25.0,
gemma,Power_Distance,1940,1,2,,50.0,,,,25.0,,,50.0,,25.0,
gemma,Power_Distance,1940,1,3,,50.0,,,,25.0,,,50.0,,25.0,
gemma,Power_Distance,1941,1,1,,50.0,,,,25.0,,,50.0,,50.0,
gemma,Power_Distance,1941,1,2,,50.0,,,,25.0,,,50.0,,50.0,
gemma,Power_Distance,1941,1,3,,50.0,,,,25.0,,,50.0,,50.0,
gemma,Power_Distance,1942,1,1,,25.0,,,,25.0,,,25.0,,25.0,
gemma,Power_Distance,1942,1,2,,25.0,,,,25.0,,,25.0,,25.0,
gemma,Power_Distance,1942,1,3,,25.0,,,,25.0,,,25.0,,25.0,
gemma,Power_Distance,1943,1,1,,25.0,,,,25.0,,,25.0,,25.0,
gemma,Power_Distance,1943,1,2,,25.0,,,,25.0,,,25.0,,25.0,
gemma,Power_Distance,1943,1,3,,25.0,,,,25.0,,,25.0,,25.0,
gemma,Power_Distance,1944,1,1,,25.0,,,,25.0,,,50.0,,50.0,
gemma,Power_Distance,1944,1,2,,25.0,,,,25.0,,,50.0,,50.0,
gemma,Power_Distance,1944,1,3,,25.0,,,,25.0,,,50.0,,50.0,
gemma,Power_Distance,1946,1,1,,25.0,,,,25.0,,,25.0,,50.0,
gemma,Power_Distance,1946,1,2,,25.0,,,,25.0,,,25.0,,50.0,
gemma,Power_Distance,1946,1,3,,25.0,,,,25.0,,,25.0,,50.0,
gemma,Power_Distance,1947,1,1,,50.0,,,,50.0,,,50.0,,25.0,
gemma,Power_Distance,1947,1,2,,50.0,,,,50.0,,,50.0,,25.0,
gemma,Power_Distance,1947,1,3,,50.0,,,,50.0,,,50.0,,25.0,
gemma,Power_Distance,1948,1,1,,50.0,,,,25.0,,,50.0,,50.0,
gemma,Power_Distance,1948,1,2,,50.0,,,,25.0,,,50.0,,50.0,
gemma,Power_Distance,1948,1,3,,50.0,,,,25.0,,,50.0,,50.0,
gemma,Power_Distance,1949,1,1,,50.0,,,,25.0,,,50.0,,50.0,
gemma,Power_Distance,1949,1,2,,50.0,,,,25.0,,,50.0,,50.0,
gemma,Power_Distance,1949,1,3,,50.0,,,,25.0,,,50.0,,50.0,
gemma,Power_Distance,1950,1,1,,50.0,,,,25.0,,,50.0,,25.0,
gemma,Power_Distance,1950,1,2,,50.0,,,,25.0,,,50.0,,25.0,
gemma,Power_Distance,1950,1,3,,50.0,,,,25.0,,,50.0,,25.0,
gemma,Power_Distance,1952,1,1,,25.0,,,,25.0,,,25.0,,25.0,
gemma,Power_Distance,1952,1,2,,25.0,,,,25.0,,,25.0,,25.0,
gemma,Power_Distance,1952,1,3,,25.0,,,,25.0,,,25.0,,25.0,
gemma,Power_Distance,1953,1,1,,50.0,,,,25.0,,,25.0,,25.0,
gemma,Power_Distance,1953,1,2,,50.0,,,,25.0,,,25.0,,25.0,
gemma,Power_Distance,1953,1,3,,50.0,,,,25.0,,,25.0,,25.0,
gemma,Power_Distance,1954,1,1,,25.0,,,,25.0,,,50.0,,25.0,
gemma,Power_Distance,1954,1,2,,25.0,,,,25.0,,,50.0,,25.0,
gemma,Power_Distance,1954,1,3,,25.0,,,,25.0,,,50.0,,25.0,
gemma,Power_Distance,1957,1,1,,50.0,,,,25.0,,,50.0,,50.0,
gemma,Power_Distance,1957,1,2,,50.0,,,,25.0,,,50.0,,50.0,
gemma,Power_Distance,1957,1,3,,50.0,,,,25.0,,,50.0,,50.0,
gemma,Power_Distance,1959,1,1,,50.0,,,,50.0,,,50.0,,50.0,
gemma,Power_Distance,1959,1,2,,50.0,,,,50.0,,,50.0,,50.0,
gemma,Power_Distance,1959,1,3,,50.0,,,,50.0,,,50.0,,50.0,
gemma,Power_Distance,1960,1,1,,50.0,,,,25.0,,,25.0,,25.0,
gemma,Power_Distance,1960,1,2,,50.0,,,,25.0,,,25.0,,25.0,
gemma,Power_Distance,1960,1,3,,50.0,,,,25.0,,,25.0,,25.0,
gemma,Power_Distance,1961,1,1,,25.0,,,,25.0,,,25.0,,25.0,
gemma,Power_Distance,1961,1,2,,25.0,,,,25.0,,,25.0,,25.0,
gemma,Power_Distance,1961,1,3,,25.0,,,,25.0,,,25.0,,25.0,
gemma,Power_Distance,1964,1,1,,25.0,,,,25.0,,,25.0,,25.0,
gemma,Power_Distance,1964,1,2,,25.0,,,,25.0,,,25.0,,25.0,
gemma,Power_Distance,1964,1,3,,25.0,,,,25.0,,,25.0,,25.0,
gemma,Power_Distance,1965,1,1,,50.0,,,,25.0,,,25.0,,25.0,
gemma,Power_Distance,1965,1,2,,50.0,,,,25.0,,,25.0,,25.0,
gemma,Power_Distance,1965,1,3,,50.0,,,,25.0,,,25.0,,25.0,
gemma,Power_Distance,1966,1,1,,50.0,,,,50.0,,,50.0,,50.0,
gemma,Power_Distance,1966,1,2,,50.0,,,,50.0,,,50.0,,50.0,
gemma,Power_Distance,1966,1,3,,50.0,,,,50.0,,,50.0,,50.0,
gemma,Power_Distance,1967,1,1,,25.0,,,,75.0,,,25.0,,25.0,
gemma,Power_Distance,1967,1,2,,25.0,,,,75.0,,,25.0,,25.0,
gemma,Power_Distance,1967,1,3,,25.0,,,,75.0,,,25.0,,25.0,
gemma,Power_Distance,1968,1,1,,50.0,,,,25.0,,,50.0,,25.0,
gemma,Power_Distance,1968,1,2,,50.0,,,,25.0,,,50.0,,25.0,
gemma,Power_Distance,1968,1,3,,50.0,,,,25.0,,,50.0,,25.0,
gemma,Power_Distance,1969,1,1,,25.0,,,,25.0,,,25.0,,25.0,
gemma,Power_Distance,1969,1,2,,25.0,,,,25.0,,,25.0,,25.0,
gemma,Power_Distance,1969,1,3,,25.0,,,,25.0,,,25.0,,25.0,
gemma,Power_Distance,1970,1,1,,25.0,,,,25.0,,,25.0,,25.0,
gemma,Power_Distance,1970,1,2,,25.0,,,,25.0,,,25.0,,25.0,
gemma,Power_Distance,1970,1,3,,25.0,,,,25.0,,,25.0,,25.0,
gemma,Power_Distance,1971,1,1,,50.0,,,,25.0,,,25.0,,25.0,
gemma,Power_Distance,1971,1,2,,50.0,,,,25.0,,,25.0,,25.0,
gemma,Power_Distance,1971,1,3,,50.0,,,,25.0,,,25.0,,25.0,
gemma,Power_Distance,1974,1,1,,50.0,,,,25.0,,,50.0,,50.0,
gemma,Power_Distance,1974,1,2,,50.0,,,,25.0,,,50.0,,50.0,
gemma,Power_Distance,1974,1,3,,50.0,,,,25.0,,,50.0,,50.0,
gemma,Power_Distance,1975,1,1,,50.0,,,,25.0,,,50.0,,25.0,
gemma,Power_Distance,1975,1,2,,50.0,,,,25.0,,,50.0,,25.0,
gemma,Power_Distance,1975,1,3,,50.0,,,,25.0,,,50.0,,25.0,
gemma,Power_Distance,1976,1,1,,50.0,,,,25.0,,,50.0,,25.0,
gemma,Power_Distance,1976,1,2,,50.0,,,,25.0,,,50.0,,25.0,
gemma,Power_Distance,1976,1,3,,50.0,,,,25.0,,,50.0,,25.0,
gemma,Power_Distance,1977,1,1,,50.0,,,,25.0,,,50.0,,25.0,
gemma,Power_Distance,1977,1,2,,50.0,,,,25.0,,,50.0,,25.0,
gemma,Power_Distance,1977,1,3,,50.0,,,,25.0,,,50.0,,25.0,
gemma,Power_Distance,1978,1,1,,50.0,,,,25.0,,,50.0,,25.0,
gemma,Power_Distance,1978,1,2,,50.0,,,,25.0,,,50.0,,25.0,
gemma,Power_Distance,1978,1,3,,50.0,,,,25.0,,,50.0,,25.0,
gemma,Power_Distance,1979,1,1,,50.0,,,,50.0,,,50.0,,50.0,
gemma,Power_Distance,1979,1,2,,50.0,,,,50.0,,,50.0,,50.0,
gemma,Power_Distance,1979,1,3,,50.0,,,,50.0,,,50.0,,50.0,
gemma,Power_Distance,1981,1,1,,25.0,,,,25.0,,,25.0,,25.0,
gemma,Power_Distance,1981,1,2,,25.0,,,,25.0,,,25.0,,25.0,
gemma,Power_Distance,1981,1,3,,25.0,,,,25.0,,,25.0,,25.0,
gemma,Power_Distance,1983,1,1,,50.0,,,,25.0,,,50.0,,25.0,
gemma,Power_Distance,1983,1,2,,50.0,,,,25.0,,,50.0,,25.0,
gemma,Power_Distance,1983,1,3,,50.0,,,,25.0,,,50.0,,25.0,
gemma,Power_Distance,1984,1,1,,50.0,,,,50.0,,,50.0,,50.0,
gemma,Power_Distance,1984,1,2,,50.0,,,,50.0,,,50.0,,50.0,
gemma,Power_Distance,1984,1,3,,50.0,,,,50.0,,,50.0,,50.0,
gemma,Power_Distance,1985,1,1,,50.0,,,,25.0,,,25.0,,25.0,
gemma,Power_Distance,1985,1,2,,50.0,,,,25.0,,,25.0,,25.0,
gemma,Power_Distance,1985,1,3,,50.0,,,,25.0,,,25.0,,25.0,
gemma,Power_Distance,1987,1,1,,50.0,,,,25.0,,,50.0,,50.0,
gemma,Power_Distance,1987,1,2,,50.0,,,,25.0,,,50.0,,50.0,
gemma,Power_Distance,1987,1,3,,50.0,,,,25.0,,,50.0,,50.0,
gemma,Power_Distance,1988,1,1,,50.0,,,,50.0,,,50.0,,50.0,
gemma,Power_Distance,1988,1,2,,50.0,,,,50.0,,,50.0,,50.0,
gemma,Power_Distance,1988,1,3,,50.0,,,,50.0,,,50.0,,50.0,
gemma,Power_Distance,1989,1,1,,25.0,,,,25.0,,,25.0,,25.0,
gemma,Power_Distance,1989,1,2,,25.0,,,,25.0,,,25.0,,25.0,
gemma,Power_Distance,1989,1,3,,25.0,,,,25.0,,,25.0,,25.0,
gemma,Power_Distance,1990,1,1,,75.0,,,,25.0,,,25.0,,25.0,
gemma,Power_Distance,1990,1,2,,75.0,,,,25.0,,,25.0,,25.0,
gemma,Power_Distance,1990,1,3,,75.0,,,,25.0,,,25.0,,25.0,
gemma,Power_Distance,1991,1,1,,75.0,,,,25.0,,,25.0,,25.0,
gemma,Power_Distance,1991,1,2,,75.0,,,,25.0,,,25.0,,25.0,
gemma,Power_Distance,1991,1,3,,75.0,,,,25.0,,,25.0,,25.0,
gemma,Power_Distance,1993,1,1,,50.0,,,,25.0,,,25.0,,25.0,
gemma,Power_Distance,1993,1,2,,50.0,,,,25.0,,,25.0,,25.0,
gemma,Power_Distance,1993,1,3,,50.0,,,,25.0,,,25.0,,25.0,
gemma,Power_Distance,1994,1,1,,25.0,,,,25.0,,,25.0,,25.0,
gemma,Power_Distance,1994,1,2,,25.0,,,,25.0,,,25.0,,25.0,
gemma,Power_Distance,1994,1,3,,25.0,,,,25.0,,,25.0,,25.0,
gemma,Power_Distance,1995,1,1,,25.0,,,,25.0,,,50.0,,25.0,
gemma,Power_Distance,1995,1,2,,25.0,,,,25.0,,,50.0,,25.0,
gemma,Power_Distance,1995,1,3,,25.0,,,,25.0,,,50.0,,25.0,
gemma,Power_Distance,1999,1,1,,50.0,,,,25.0,,,25.0,,0.0,
gemma,Power_Distance,1999,1,2,,50.0,,,,25.0,,,25.0,,0.0,
gemma,Power_Distance,1999,1,3,,50.0,,,,25.0,,,25.0,,0.0,
gemma,Power_Distance,2000,1,1,,25.0,,,,0.0,,,25.0,,25.0,
gemma,Power_Distance,2000,1,2,,25.0,,,,0.0,,,25.0,,25.0,
gemma,Power_Distance,2000,1,3,,25.0,,,,0.0,,,25.0,,25.0,
gemma,Power_Distance,2001,1,1,,50.0,,,,75.0,,,75.0,,75.0,
gemma,Power_Distance,2001,1,2,,50.0,,,,75.0,,,75.0,,75.0,
gemma,Power_Distance,2001,1,3,,50.0,,,,75.0,,,75.0,,75.0,
gemma,Power_Distance,2002,1,1,,50.0,,,,25.0,,,50.0,,25.0,
gemma,Power_Distance,2002,1,2,,50.0,,,,25.0,,,50.0,,25.0,
gemma,Power_Distance,2002,1,3,,50.0,,,,25.0,,,50.0,,25.0,
gemma,Power_Distance,2003,1,1,,50.0,,,,50.0,,,25.0,,25.0,
gemma,Power_Distance,2003,1,2,,50.0,,,,50.0,,,25.0,,25.0,
gemma,Power_Distance,2003,1,3,,50.0,,,,50.0,,,25.0,,25.0,
gemma,Power_Distance,2004,1,1,,50.0,,,,25.0,,,50.0,,50.0,
gemma,Power_Distance,2004,1,2,,50.0,,,,25.0,,,50.0,,50.0,
gemma,Power_Distance,2004,1,3,,50.0,,,,25.0,,,50.0,,50.0,
gemma,Power_Distance,2005,1,1,,50.0,,,,25.0,,,25.0,,25.0,
gemma,Power_Distance,2005,1,2,,50.0,,,,25.0,,,25.0,,25.0,
gemma,Power_Distance,2005,1,3,,50.0,,,,25.0,,,25.0,,25.0,
gemma,Power_Distance,2006,1,1,,50.0,,,,25.0,,,25.0,,25.0,
gemma,Power_Distance,2006,1,2,,50.0,,,,25.0,,,25.0,,25.0,
gemma,Power_Distance,2006,1,3,,50.0,,,,25.0,,,25.0,,25.0,
gemma,Power_Distance,2007,1,1,,50.0,,,,25.0,,,25.0,,25.0,
gemma,Power_Distance,2007,1,2,,50.0,,,,25.0,,,25.0,,25.0,
gemma,Power_Distance,2007,1,3,,50.0,,,,25.0,,,25.0,,25.0,
gemma,Power_Distance,2008,1,1,,25.0,,,,25.0,,,25.0,,25.0,
gemma,Power_Distance,2008,1,2,,25.0,,,,25.0,,,25.0,,25.0,
gemma,Power_Distance,2008,1,3,,25.0,,,,25.0,,,25.0,,25.0,
gemma,Power_Distance,2010,1,1,,25.0,,,,25.0,,,25.0,,25.0,
gemma,Power_Distance,2010,1,2,,25.0,,,,25.0,,,25.0,,25.0,
gemma,Power_Distance,2010,1,3,,25.0,,,,25.0,,,25.0,,25.0,
gemma,Power_Distance,2011,1,1,,50.0,,,,50.0,,,50.0,,50.0,
gemma,Power_Distance,2011,1,2,,50.0,,,,50.0,,,50.0,,50.0,
gemma,Power_Distance,2011,1,3,,50.0,,,,50.0,,,50.0,,50.0,
gemma,Power_Distance,2012,1,1,,50.0,,,,50.0,,,50.0,,25.0,
gemma,Power_Distance,2012,1,2,,50.0,,,,50.0,,,50.0,,25.0,
gemma,Power_Distance,2012,1,3,,50.0,,,,50.0,,,50.0,,25.0,
gemma,Power_Distance,2013,1,1,,25.0,,,,25.0,,,25.0,,25.0,
gemma,Power_Distance,2013,1,2,,25.0,,,,25.0,,,25.0,,25.0,
gemma,Power_Distance,2013,1,3,,25.0,,,,25.0,,,25.0,,25.0,
gemma,Power_Distance,2014,1,1,,25.0,,,,0.0,,,25.0,,25.0,
gemma,Power_Distance,2014,1,2,,25.0,,,,0.0,,,25.0,,25.0,
gemma,Power_Distance,2014,1,3,,25.0,,,,0.0,,,25.0,,25.0,
gemma,Power_Distance,2015,1,1,,50.0,,,,25.0,,,25.0,,25.0,
gemma,Power_Distance,2015,1,2,,50.0,,,,25.0,,,25.0,,25.0,
gemma,Power_Distance,2015,1,3,,50.0,,,,25.0,,,25.0,,25.0,
gemma,Power_Distance,2016,1,1,,25.0,,,,25.0,,,50.0,,0.0,
gemma,Power_Distance,2016,1,2,,25.0,,,,25.0,,,50.0,,0.0,
gemma,Power_Distance,2016,1,3,,25.0,,,,25.0,,,50.0,,0.0,
gemma,Power_Distance,2017,1,1,,25.0,,,,25.0,,,25.0,,25.0,
gemma,Power_Distance,2017,1,2,,25.0,,,,25.0,,,25.0,,25.0,
gemma,Power_Distance,2017,1,3,,25.0,,,,25.0,,,25.0,,25.0,
gemma,Power_Distance,2018,1,1,,50.0,,,,25.0,,,25.0,,25.0,
gemma,Power_Distance,2018,1,2,,50.0,,,,25.0,,,25.0,,25.0,
gemma,Power_Distance,2018,1,3,,50.0,,,,25.0,,,25.0,,25.0,
gemma,Power_Distance,2024,1,1,,50.0,,,,25.0,,,75.0,,25.0,
gemma,Power_Distance,2024,1,2,,50.0,,,,25.0,,,75.0,,25.0,
gemma,Power_Distance,2024,1,3,,50.0,,,,25.0,,,75.0,,25.0,
gemma,Power_Distance,2025,1,1,,25.0,,,,50.0,,,50.0,,50.0,
gemma,Power_Distance,2025,1,2,,25.0,,,,50.0,,,50.0,,50.0,
gemma,Power_Distance,2025,1,3,,25.0,,,,50.0,,,50.0,,50.0,
gemma,Power_Distance,2026,1,1,,50.0,,,,25.0,,,50.0,,50.0,
gemma,Power_Distance,2026,1,2,,50.0,,,,25.0,,,50.0,,50.0,
gemma,Power_Distance,2026,1,3,,50.0,,,,25.0,,,50.0,,50.0,
gemma,Power_Distance,2027,1,1,,50.0,,,,25.0,,,25.0,,25.0,
gemma,Power_Distance,2027,1,2,,50.0,,,,25.0,,,25.0,,25.0,
gemma,Power_Distance,2027,1,3,,50.0,,,,25.0,,,25.0,,25.0,
gemma,Power_Distance,2030,1,1,,50.0,,,,0.0,,,0.0,,0.0,
gemma,Power_Distance,2030,1,2,,50.0,,,,0.0,,,0.0,,0.0,
gemma,Power_Distance,2030,1,3,,50.0,,,,0.0,,,0.0,,0.0,
gemma,Power_Distance,2031,1,1,,50.0,,,,25.0,,,25.0,,25.0,
gemma,Power_Distance,2031,1,2,,50.0,,,,25.0,,,25.0,,25.0,
gemma,Power_Distance,2031,1,3,,50.0,,,,25.0,,,25.0,,25.0,
gemma,Power_Distance,2033,1,1,,50.0,,,,25.0,,,50.0,,50.0,
gemma,Power_Distance,2033,1,2,,50.0,,,,25.0,,,50.0,,50.0,
gemma,Power_Distance,2033,1,3,,50.0,,,,25.0,,,50.0,,50.0,
gemma,Power_Distance,2034,1,1,,50.0,,,,25.0,,,25.0,,25.0,
gemma,Power_Distance,2034,1,2,,50.0,,,,25.0,,,25.0,,25.0,
gemma,Power_Distance,2034,1,3,,50.0,,,,25.0,,,25.0,,25.0,
gemma,Power_Distance,2035,1,1,,50.0,,,,100.0,,,50.0,,50.0,
gemma,Power_Distance,2035,1,2,,50.0,,,,100.0,,,50.0,,50.0,
gemma,Power_Distance,2035,1,3,,50.0,,,,100.0,,,50.0,,50.0,
gemma,Power_Distance,2036,1,1,,50.0,,,,50.0,,,50.0,,0.0,
gemma,Power_Distance,2036,1,2,,50.0,,,,50.0,,,50.0,,0.0,
gemma,Power_Distance,2036,1,3,,50.0,,,,50.0,,,50.0,,0.0,
gemma,Power_Distance,2039,1,1,,25.0,,,,25.0,,,25.0,,0.0,
gemma,Power_Distance,2039,1,2,,25.0,,,,25.0,,,25.0,,0.0,
gemma,Power_Distance,2039,1,3,,25.0,,,,25.0,,,25.0,,0.0,
gemma,Power_Distance,2040,1,1,,50.0,,,,50.0,,,50.0,,25.0,
gemma,Power_Distance,2040,1,2,,50.0,,,,50.0,,,50.0,,25.0,
gemma,Power_Distance,2040,1,3,,50.0,,,,50.0,,,50.0,,25.0,
gemma,Power_Distance,2043,1,1,,50.0,,,,25.0,,,50.0,,25.0,
gemma,Power_Distance,2043,1,2,,50.0,,,,25.0,,,50.0,,25.0,
gemma,Power_Distance,2043,1,3,,50.0,,,,25.0,,,50.0,,25.0,
gemma,Power_Distance,2045,1,1,,50.0,,,,25.0,,,25.0,,25.0,
gemma,Power_Distance,2045,1,2,,50.0,,,,25.0,,,25.0,,25.0,
gemma,Power_Distance,2045,1,3,,50.0,,,,25.0,,,25.0,,25.0,
gemma,Power_Distance,2046,1,1,,75.0,,,,25.0,,,25.0,,25.0,
gemma,Power_Distance,2046,1,2,,75.0,,,,25.0,,,25.0,,25.0,
gemma,Power_Distance,2046,1,3,,75.0,,,,25.0,,,25.0,,25.0,
gemma,Power_Distance,2050,1,1,,25.0,,,,25.0,,,25.0,,25.0,
gemma,Power_Distance,2050,1,2,,25.0,,,,25.0,,,25.0,,25.0,
gemma,Power_Distance,2050,1,3,,25.0,,,,25.0,,,25.0,,25.0,
gemma,Power_Distance,2051,1,1,,50.0,,,,25.0,,,25.0,,25.0,
gemma,Power_Distance,2051,1,2,,50.0,,,,25.0,,,25.0,,25.0,
gemma,Power_Distance,2051,1,3,,50.0,,,,25.0,,,25.0,,25.0,
gemma,Power_Distance,2053,1,1,,25.0,,,,50.0,,,50.0,,25.0,
gemma,Power_Distance,2053,1,2,,25.0,,,,50.0,,,50.0,,25.0,
gemma,Power_Distance,2053,1,3,,25.0,,,,50.0,,,50.0,,25.0,
gemma,Power_Distance,2054,1,1,,50.0,,,,25.0,,,25.0,,25.0,
gemma,Power_Distance,2054,1,2,,50.0,,,,25.0,,,25.0,,25.0,
gemma,Power_Distance,2054,1,3,,50.0,,,,25.0,,,25.0,,25.0,
gemma,Power_Distance,2055,1,1,,25.0,,,,0.0,,,25.0,,25.0,
gemma,Power_Distance,2055,1,2,,25.0,,,,0.0,,,25.0,,25.0,
gemma,Power_Distance,2055,1,3,,25.0,,,,0.0,,,25.0,,25.0,
gemma,Power_Distance,2056,1,1,,25.0,,,,25.0,,,25.0,,25.0,
gemma,Power_Distance,2056,1,2,,25.0,,,,25.0,,,25.0,,25.0,
gemma,Power_Distance,2056,1,3,,25.0,,,,25.0,,,25.0,,25.0,
gemma,Power_Distance,2057,1,1,,50.0,,,,25.0,,,50.0,,50.0,
gemma,Power_Distance,2057,1,2,,50.0,,,,25.0,,,50.0,,50.0,
gemma,Power_Distance,2057,1,3,,50.0,,,,25.0,,,50.0,,50.0,
gemma,Power_Distance,2058,1,1,,50.0,,,,75.0,,,50.0,,50.0,
gemma,Power_Distance,2058,1,2,,50.0,,,,75.0,,,50.0,,50.0,
gemma,Power_Distance,2058,1,3,,50.0,,,,75.0,,,50.0,,50.0,
gemma,Power_Distance,2059,1,1,,50.0,,,,50.0,,,50.0,,25.0,
gemma,Power_Distance,2059,1,2,,50.0,,,,50.0,,,50.0,,25.0,
gemma,Power_Distance,2059,1,3,,50.0,,,,50.0,,,50.0,,25.0,
gemma,Power_Distance,2060,1,1,,50.0,,,,25.0,,,50.0,,50.0,
gemma,Power_Distance,2060,1,2,,50.0,,,,25.0,,,50.0,,50.0,
gemma,Power_Distance,2060,1,3,,50.0,,,,25.0,,,50.0,,50.0,
gemma,Power_Distance,2061,1,1,,50.0,,,,75.0,,,75.0,,75.0,
gemma,Power_Distance,2061,1,2,,50.0,,,,75.0,,,75.0,,75.0,
gemma,Power_Distance,2061,1,3,,50.0,,,,75.0,,,75.0,,75.0,
gemma,Power_Distance,2062,1,1,,50.0,,,,25.0,,,50.0,,50.0,
gemma,Power_Distance,2062,1,2,,50.0,,,,25.0,,,50.0,,50.0,
gemma,Power_Distance,2062,1,3,,50.0,,,,25.0,,,50.0,,50.0,
gemma,Power_Distance,2063,1,1,,50.0,,,,50.0,,,50.0,,50.0,
gemma,Power_Distance,2063,1,2,,50.0,,,,50.0,,,50.0,,50.0,
gemma,Power_Distance,2063,1,3,,50.0,,,,50.0,,,50.0,,50.0,
gemma,Power_Distance,2064,1,1,,25.0,,,,25.0,,,25.0,,0.0,
gemma,Power_Distance,2064,1,2,,25.0,,,,25.0,,,25.0,,0.0,
gemma,Power_Distance,2064,1,3,,25.0,,,,25.0,,,25.0,,0.0,
gemma,Power_Distance,2065,1,1,,50.0,,,,25.0,,,25.0,,25.0,
gemma,Power_Distance,2065,1,2,,50.0,,,,25.0,,,25.0,,25.0,
gemma,Power_Distance,2065,1,3,,50.0,,,,25.0,,,25.0,,25.0,
gemma,Power_Distance,2066,1,1,,50.0,,,,50.0,,,50.0,,50.0,
gemma,Power_Distance,2066,1,2,,50.0,,,,50.0,,,50.0,,50.0,
gemma,Power_Distance,2066,1,3,,50.0,,,,50.0,,,50.0,,50.0,
gemma,Power_Distance,2067,1,1,,75.0,,,,50.0,,,50.0,,50.0,
gemma,Power_Distance,2067,1,2,,75.0,,,,50.0,,,50.0,,50.0,
gemma,Power_Distance,2067,1,3,,75.0,,,,50.0,,,50.0,,50.0,
gemma,Power_Distance,2069,1,1,,50.0,,,,25.0,,,25.0,,0.0,
gemma,Power_Distance,2069,1,2,,50.0,,,,25.0,,,25.0,,0.0,
gemma,Power_Distance,2069,1,3,,50.0,,,,25.0,,,25.0,,0.0,
gemma,Power_Distance,2073,1,1,,25.0,,,,25.0,,,25.0,,25.0,
gemma,Power_Distance,2073,1,2,,25.0,,,,25.0,,,25.0,,25.0,
gemma,Power_Distance,2073,1,3,,25.0,,,,25.0,,,25.0,,25.0,
gemma,Power_Distance,2074,1,1,,50.0,,,,50.0,,,50.0,,50.0,
gemma,Power_Distance,2074,1,2,,50.0,,,,50.0,,,50.0,,50.0,
gemma,Power_Distance,2074,1,3,,50.0,,,,50.0,,,50.0,,50.0,
gemma,Power_Distance,2075,1,1,,25.0,,,,25.0,,,50.0,,25.0,
gemma,Power_Distance,2075,1,2,,25.0,,,,25.0,,,50.0,,25.0,
gemma,Power_Distance,2075,1,3,,25.0,,,,25.0,,,50.0,,25.0,
gemma,Power_Distance,2076,1,1,,50.0,,,,25.0,,,25.0,,25.0,
gemma,Power_Distance,2076,1,2,,50.0,,,,25.0,,,25.0,,25.0,
gemma,Power_Distance,2076,1,3,,50.0,,,,25.0,,,25.0,,25.0,
gemma,Power_Distance,2079,1,1,,50.0,,,,25.0,,,50.0,,50.0,
gemma,Power_Distance,2079,1,2,,50.0,,,,25.0,,,50.0,,50.0,
gemma,Power_Distance,2079,1,3,,50.0,,,,25.0,,,50.0,,50.0,
gemma,Power_Distance,2080,1,1,,25.0,,,,25.0,,,25.0,,25.0,
gemma,Power_Distance,2080,1,2,,25.0,,,,25.0,,,25.0,,25.0,
gemma,Power_Distance,2080,1,3,,25.0,,,,25.0,,,25.0,,25.0,
gemma,Power_Distance,2081,1,1,,50.0,,,,25.0,,,25.0,,0.0,
gemma,Power_Distance,2081,1,2,,50.0,,,,25.0,,,25.0,,0.0,
gemma,Power_Distance,2081,1,3,,50.0,,,,25.0,,,25.0,,0.0,
gemma,Power_Distance,2083,1,1,,25.0,,,,50.0,,,50.0,,75.0,
gemma,Power_Distance,2083,1,2,,25.0,,,,50.0,,,50.0,,75.0,
gemma,Power_Distance,2083,1,3,,25.0,,,,50.0,,,50.0,,75.0,
gemma,Power_Distance,2084,1,1,,50.0,,,,25.0,,,25.0,,0.0,
gemma,Power_Distance,2084,1,2,,50.0,,,,25.0,,,25.0,,0.0,
gemma,Power_Distance,2084,1,3,,50.0,,,,25.0,,,25.0,,0.0,
gemma,Power_Distance,2085,1,1,,50.0,,,,25.0,,,50.0,,25.0,
gemma,Power_Distance,2085,1,2,,50.0,,,,25.0,,,50.0,,25.0,
gemma,Power_Distance,2085,1,3,,50.0,,,,25.0,,,50.0,,25.0,
gemma,Power_Distance,2087,1,1,,25.0,,,,25.0,,,25.0,,25.0,
gemma,Power_Distance,2087,1,2,,25.0,,,,25.0,,,25.0,,25.0,
gemma,Power_Distance,2087,1,3,,25.0,,,,25.0,,,25.0,,25.0,
gemma,Power_Distance,2088,1,1,,25.0,,,,25.0,,,50.0,,25.0,
gemma,Power_Distance,2088,1,2,,25.0,,,,25.0,,,50.0,,25.0,
gemma,Power_Distance,2088,1,3,,25.0,,,,25.0,,,50.0,,25.0,
gemma,Power_Distance,2089,1,1,,25.0,,,,25.0,,,25.0,,25.0,
gemma,Power_Distance,2089,1,2,,25.0,,,,25.0,,,25.0,,25.0,
gemma,Power_Distance,2089,1,3,,25.0,,,,25.0,,,25.0,,25.0,
gemma,Power_Distance,2090,1,1,,50.0,,,,25.0,,,25.0,,25.0,
gemma,Power_Distance,2090,1,2,,50.0,,,,25.0,,,25.0,,25.0,
gemma,Power_Distance,2090,1,3,,50.0,,,,25.0,,,25.0,,25.0,
gemma,Power_Distance,2091,1,1,,50.0,,,,25.0,,,50.0,,50.0,
gemma,Power_Distance,2091,1,2,,50.0,,,,25.0,,,50.0,,50.0,
gemma,Power_Distance,2091,1,3,,50.0,,,,25.0,,,50.0,,50.0,
gemma,Power_Distance,2093,1,1,,50.0,,,,50.0,,,50.0,,25.0,
gemma,Power_Distance,2093,1,2,,50.0,,,,50.0,,,50.0,,25.0,
gemma,Power_Distance,2093,1,3,,50.0,,,,50.0,,,50.0,,25.0,
gemma,Power_Distance,2095,1,1,,25.0,,,,25.0,,,25.0,,25.0,
gemma,Power_Distance,2095,1,2,,25.0,,,,25.0,,,25.0,,25.0,
gemma,Power_Distance,2095,1,3,,25.0,,,,25.0,,,25.0,,25.0,
gemma,Power_Distance,2096,1,1,,50.0,,,,25.0,,,50.0,,50.0,
gemma,Power_Distance,2096,1,2,,50.0,,,,25.0,,,50.0,,50.0,
gemma,Power_Distance,2096,1,3,,50.0,,,,25.0,,,50.0,,50.0,
gemma,Power_Distance,2099,1,1,,50.0,,,,25.0,,,50.0,,50.0,
gemma,Power_Distance,2099,1,2,,50.0,,,,25.0,,,50.0,,50.0,
gemma,Power_Distance,2099,1,3,,50.0,,,,25.0,,,50.0,,50.0,
gemma,Power_Distance,2100,1,1,,25.0,,,,0.0,,,0.0,,0.0,
gemma,Power_Distance,2100,1,2,,25.0,,,,0.0,,,0.0,,0.0,
gemma,Power_Distance,2100,1,3,,25.0,,,,0.0,,,0.0,,0.0,
gemma,Power_Distance,2102,1,1,,50.0,,,,50.0,,,25.0,,50.0,
gemma,Power_Distance,2102,1,2,,50.0,,,,50.0,,,25.0,,50.0,
gemma,Power_Distance,2102,1,3,,50.0,,,,50.0,,,25.0,,50.0,
gemma,Power_Distance,2103,1,1,,50.0,,,,0.0,,,50.0,,25.0,
gemma,Power_Distance,2103,1,2,,50.0,,,,0.0,,,50.0,,25.0,
gemma,Power_Distance,2103,1,3,,50.0,,,,0.0,,,50.0,,25.0,
gemma,Power_Distance,2105,1,1,,50.0,,,,25.0,,,50.0,,25.0,
gemma,Power_Distance,2105,1,2,,50.0,,,,25.0,,,50.0,,25.0,
gemma,Power_Distance,2105,1,3,,50.0,,,,25.0,,,50.0,,25.0,
gemma,Power_Distance,2107,1,1,,25.0,,,,0.0,,,25.0,,25.0,
gemma,Power_Distance,2107,1,2,,25.0,,,,0.0,,,25.0,,25.0,
gemma,Power_Distance,2107,1,3,,25.0,,,,0.0,,,25.0,,25.0,
gemma,Power_Distance,2108,1,1,,50.0,,,,25.0,,,50.0,,25.0,
gemma,Power_Distance,2108,1,2,,50.0,,,,25.0,,,50.0,,25.0,
gemma,Power_Distance,2108,1,3,,50.0,,,,25.0,,,50.0,,25.0,
gemma,Power_Distance,2109,1,1,,50.0,,,,25.0,,,0.0,,0.0,
gemma,Power_Distance,2109,1,2,,50.0,,,,25.0,,,0.0,,0.0,
gemma,Power_Distance,2109,1,3,,50.0,,,,25.0,,,0.0,,0.0,
gemma,Power_Distance,2112,1,1,,25.0,,,,25.0,,,50.0,,50.0,
gemma,Power_Distance,2112,1,2,,25.0,,,,25.0,,,50.0,,50.0,
gemma,Power_Distance,2112,1,3,,25.0,,,,25.0,,,50.0,,50.0,
gemma,Power_Distance,2113,1,1,,50.0,,,,50.0,,,50.0,,50.0,
gemma,Power_Distance,2113,1,2,,50.0,,,,50.0,,,50.0,,50.0,
gemma,Power_Distance,2113,1,3,,50.0,,,,50.0,,,50.0,,50.0,
gemma,Power_Distance,2116,1,1,,50.0,,,,50.0,,,50.0,,50.0,
gemma,Power_Distance,2116,1,2,,50.0,,,,50.0,,,50.0,,50.0,
gemma,Power_Distance,2116,1,3,,50.0,,,,50.0,,,50.0,,50.0,
gemma,Power_Distance,2123,1,1,,50.0,,,,25.0,,,50.0,,25.0,
gemma,Power_Distance,2123,1,2,,50.0,,,,25.0,,,50.0,,25.0,
gemma,Power_Distance,2123,1,3,,50.0,,,,25.0,,,50.0,,25.0,
gemma,Power_Distance,2125,1,1,,50.0,,,,100.0,,,50.0,,25.0,
gemma,Power_Distance,2125,1,2,,50.0,,,,100.0,,,50.0,,25.0,
gemma,Power_Distance,2125,1,3,,50.0,,,,100.0,,,50.0,,25.0,
gemma,Power_Distance,2130,1,1,,50.0,,,,50.0,,,25.0,,25.0,
gemma,Power_Distance,2130,1,2,,50.0,,,,50.0,,,25.0,,25.0,
gemma,Power_Distance,2130,1,3,,50.0,,,,50.0,,,25.0,,25.0,
gemma,Power_Distance,2132,1,1,,50.0,,,,25.0,,,50.0,,25.0,
gemma,Power_Distance,2132,1,2,,50.0,,,,25.0,,,50.0,,25.0,
gemma,Power_Distance,2132,1,3,,50.0,,,,25.0,,,50.0,,25.0,
gemma,Power_Distance,2134,1,1,,50.0,,,,50.0,,,50.0,,50.0,
gemma,Power_Distance,2134,1,2,,50.0,,,,50.0,,,50.0,,50.0,
gemma,Power_Distance,2134,1,3,,50.0,,,,50.0,,,50.0,,50.0,
gemma,Uncertainty_Avoidance,2423,1,1,,25.0,,,,25.0,,,25.0,,75.0,
gemma,Uncertainty_Avoidance,2423,1,2,,25.0,,,,25.0,,,25.0,,75.0,
gemma,Uncertainty_Avoidance,2423,1,3,,25.0,,,,25.0,,,25.0,,75.0,
gemma,Uncertainty_Avoidance,2424,1,1,,50.0,,,,25.0,,,25.0,,25.0,
gemma,Uncertainty_Avoidance,2424,1,2,,50.0,,,,25.0,,,25.0,,25.0,
gemma,Uncertainty_Avoidance,2424,1,3,,50.0,,,,25.0,,,25.0,,25.0,
gemma,Uncertainty_Avoidance,2425,1,1,,25.0,,,,25.0,,,25.0,,0.0,
gemma,Uncertainty_Avoidance,2425,1,2,,25.0,,,,25.0,,,25.0,,0.0,
gemma,Uncertainty_Avoidance,2425,1,3,,25.0,,,,25.0,,,25.0,,0.0,
gemma,Uncertainty_Avoidance,2426,1,1,,50.0,,,,25.0,,,50.0,,25.0,
gemma,Uncertainty_Avoidance,2426,1,2,,50.0,,,,25.0,,,50.0,,25.0,
gemma,Uncertainty_Avoidance,2426,1,3,,50.0,,,,25.0,,,50.0,,25.0,
gemma,Uncertainty_Avoidance,2427,1,1,,50.0,,,,25.0,,,50.0,,75.0,
gemma,Uncertainty_Avoidance,2427,1,2,,50.0,,,,25.0,,,50.0,,75.0,
gemma,Uncertainty_Avoidance,2427,1,3,,50.0,,,,25.0,,,50.0,,75.0,
gemma,Uncertainty_Avoidance,2428,1,1,,50.0,,,,50.0,,,50.0,,25.0,
gemma,Uncertainty_Avoidance,2428,1,2,,50.0,,,,50.0,,,50.0,,25.0,
gemma,Uncertainty_Avoidance,2428,1,3,,50.0,,,,50.0,,,50.0,,25.0,
gemma,Uncertainty_Avoidance,2429,1,1,,50.0,,,,50.0,,,50.0,,50.0,
gemma,Uncertainty_Avoidance,2429,1,2,,50.0,,,,50.0,,,50.0,,50.0,
gemma,Uncertainty_Avoidance,2429,1,3,,50.0,,,,50.0,,,50.0,,50.0,
gemma,Uncertainty_Avoidance,2430,1,1,,25.0,,,,25.0,,,25.0,,25.0,
gemma,Uncertainty_Avoidance,2430,1,2,,25.0,,,,25.0,,,25.0,,25.0,
gemma,Uncertainty_Avoidance,2430,1,3,,25.0,,,,25.0,,,25.0,,25.0,
gemma,Uncertainty_Avoidance,2431,1,1,,25.0,,,,25.0,,,25.0,,25.0,
gemma,Uncertainty_Avoidance,2431,1,2,,25.0,,,,25.0,,,25.0,,25.0,
gemma,Uncertainty_Avoidance,2431,1,3,,25.0,,,,25.0,,,25.0,,25.0,
gemma,Uncertainty_Avoidance,2432,1,1,,50.0,,,,25.0,,,25.0,,25.0,
gemma,Uncertainty_Avoidance,2432,1,2,,50.0,,,,25.0,,,25.0,,25.0,
gemma,Uncertainty_Avoidance,2432,1,3,,50.0,,,,25.0,,,25.0,,25.0,
gemma,Uncertainty_Avoidance,2433,1,1,,50.0,,,,50.0,,,50.0,,50.0,
gemma,Uncertainty_Avoidance,2433,1,2,,50.0,,,,50.0,,,50.0,,50.0,
gemma,Uncertainty_Avoidance,2433,1,3,,50.0,,,,50.0,,,50.0,,50.0,
gemma,Uncertainty_Avoidance,2434,1,1,,50.0,,,,25.0,,,25.0,,50.0,
gemma,Uncertainty_Avoidance,2434,1,2,,50.0,,,,25.0,,,25.0,,50.0,
gemma,Uncertainty_Avoidance,2434,1,3,,50.0,,,,25.0,,,25.0,,50.0,
gemma,Uncertainty_Avoidance,2435,1,1,,50.0,,,,0.0,,,25.0,,25.0,
gemma,Uncertainty_Avoidance,2435,1,2,,50.0,,,,0.0,,,25.0,,25.0,
gemma,Uncertainty_Avoidance,2435,1,3,,50.0,,,,0.0,,,25.0,,25.0,
gemma,Uncertainty_Avoidance,2436,1,1,,50.0,,,,25.0,,,50.0,,50.0,
gemma,Uncertainty_Avoidance,2436,1,2,,50.0,,,,25.0,,,50.0,,50.0,
gemma,Uncertainty_Avoidance,2436,1,3,,50.0,,,,25.0,,,50.0,,50.0,
gemma,Uncertainty_Avoidance,2437,1,1,,50.0,,,,25.0,,,25.0,,25.0,
gemma,Uncertainty_Avoidance,2437,1,2,,50.0,,,,25.0,,,25.0,,25.0,
gemma,Uncertainty_Avoidance,2437,1,3,,50.0,,,,25.0,,,25.0,,25.0,
gemma,Uncertainty_Avoidance,2438,1,1,,25.0,,,,25.0,,,25.0,,25.0,
gemma,Uncertainty_Avoidance,2438,1,2,,25.0,,,,25.0,,,25.0,,25.0,
gemma,Uncertainty_Avoidance,2438,1,3,,25.0,,,,25.0,,,25.0,,25.0,
gemma,Uncertainty_Avoidance,2439,1,1,,25.0,,,,25.0,,,25.0,,50.0,
gemma,Uncertainty_Avoidance,2439,1,2,,25.0,,,,25.0,,,25.0,,50.0,
gemma,Uncertainty_Avoidance,2439,1,3,,25.0,,,,25.0,,,25.0,,50.0,
gemma,Uncertainty_Avoidance,2440,1,1,,75.0,,,,50.0,,,50.0,,50.0,
gemma,Uncertainty_Avoidance,2440,1,2,,75.0,,,,50.0,,,50.0,,50.0,
gemma,Uncertainty_Avoidance,2440,1,3,,75.0,,,,50.0,,,50.0,,50.0,
gemma,Uncertainty_Avoidance,2445,1,1,,50.0,,,,50.0,,,50.0,,50.0,
gemma,Uncertainty_Avoidance,2445,1,2,,50.0,,,,50.0,,,50.0,,50.0,
gemma,Uncertainty_Avoidance,2445,1,3,,50.0,,,,50.0,,,50.0,,50.0,
gemma,Uncertainty_Avoidance,2446,1,1,,50.0,,,,50.0,,,50.0,,50.0,
gemma,Uncertainty_Avoidance,2446,1,2,,50.0,,,,50.0,,,50.0,,50.0,
gemma,Uncertainty_Avoidance,2446,1,3,,50.0,,,,50.0,,,50.0,,50.0,
gemma,Uncertainty_Avoidance,2447,1,1,,50.0,,,,25.0,,,25.0,,50.0,
gemma,Uncertainty_Avoidance,2447,1,2,,50.0,,,,25.0,,,25.0,,50.0,
gemma,Uncertainty_Avoidance,2447,1,3,,50.0,,,,25.0,,,25.0,,50.0,
gemma,Uncertainty_Avoidance,2449,1,1,,25.0,,,,25.0,,,50.0,,50.0,
gemma,Uncertainty_Avoidance,2449,1,2,,25.0,,,,25.0,,,50.0,,50.0,
gemma,Uncertainty_Avoidance,2449,1,3,,25.0,,,,25.0,,,50.0,,50.0,
gemma,Uncertainty_Avoidance,2450,1,1,,25.0,,,,25.0,,,25.0,,50.0,
gemma,Uncertainty_Avoidance,2450,1,2,,25.0,,,,25.0,,,25.0,,50.0,
gemma,Uncertainty_Avoidance,2450,1,3,,25.0,,,,25.0,,,25.0,,50.0,
gemma,Uncertainty_Avoidance,2452,1,1,,25.0,,,,25.0,,,25.0,,25.0,
gemma,Uncertainty_Avoidance,2452,1,2,,25.0,,,,25.0,,,25.0,,25.0,
gemma,Uncertainty_Avoidance,2452,1,3,,25.0,,,,25.0,,,25.0,,25.0,
gemma,Uncertainty_Avoidance,2453,1,1,,50.0,,,,25.0,,,25.0,,25.0,
gemma,Uncertainty_Avoidance,2453,1,2,,50.0,,,,25.0,,,25.0,,25.0,
gemma,Uncertainty_Avoidance,2453,1,3,,50.0,,,,25.0,,,25.0,,25.0,
gemma,Uncertainty_Avoidance,2454,1,1,,50.0,,,,25.0,,,50.0,,50.0,
gemma,Uncertainty_Avoidance,2454,1,2,,50.0,,,,25.0,,,50.0,,50.0,
gemma,Uncertainty_Avoidance,2454,1,3,,50.0,,,,25.0,,,50.0,,50.0,
gemma,Uncertainty_Avoidance,2456,1,1,,50.0,,,,25.0,,,25.0,,25.0,
gemma,Uncertainty_Avoidance,2456,1,2,,50.0,,,,25.0,,,25.0,,25.0,
gemma,Uncertainty_Avoidance,2456,1,3,,50.0,,,,25.0,,,25.0,,25.0,
gemma,Uncertainty_Avoidance,2457,1,1,,50.0,,,,0.0,,,25.0,,25.0,
gemma,Uncertainty_Avoidance,2457,1,2,,50.0,,,,0.0,,,25.0,,25.0,
gemma,Uncertainty_Avoidance,2457,1,3,,50.0,,,,0.0,,,25.0,,25.0,
gemma,Uncertainty_Avoidance,2459,1,1,,50.0,,,,50.0,,,50.0,,50.0,
gemma,Uncertainty_Avoidance,2459,1,2,,50.0,,,,50.0,,,50.0,,50.0,
gemma,Uncertainty_Avoidance,2459,1,3,,50.0,,,,50.0,,,50.0,,50.0,
gemma,Uncertainty_Avoidance,2460,1,1,,50.0,,,,25.0,,,50.0,,25.0,
gemma,Uncertainty_Avoidance,2460,1,2,,50.0,,,,25.0,,,50.0,,25.0,
gemma,Uncertainty_Avoidance,2460,1,3,,50.0,,,,25.0,,,50.0,,25.0,
gemma,Uncertainty_Avoidance,2461,1,1,,50.0,,,,25.0,,,25.0,,25.0,
gemma,Uncertainty_Avoidance,2461,1,2,,50.0,,,,25.0,,,25.0,,25.0,
gemma,Uncertainty_Avoidance,2461,1,3,,50.0,,,,25.0,,,25.0,,25.0,
gemma,Uncertainty_Avoidance,2463,1,1,,50.0,,,,25.0,,,50.0,,25.0,
gemma,Uncertainty_Avoidance,2463,1,2,,50.0,,,,25.0,,,50.0,,25.0,
gemma,Uncertainty_Avoidance,2463,1,3,,50.0,,,,25.0,,,50.0,,25.0,
gemma,Uncertainty_Avoidance,2464,1,1,,75.0,,,,100.0,,,75.0,,75.0,
gemma,Uncertainty_Avoidance,2464,1,2,,75.0,,,,100.0,,,75.0,,75.0,
gemma,Uncertainty_Avoidance,2464,1,3,,75.0,,,,100.0,,,75.0,,75.0,
gemma,Uncertainty_Avoidance,2466,1,1,,50.0,,,,50.0,,,25.0,,25.0,
gemma,Uncertainty_Avoidance,2466,1,2,,50.0,,,,50.0,,,25.0,,25.0,
gemma,Uncertainty_Avoidance,2466,1,3,,50.0,,,,50.0,,,25.0,,25.0,
gemma,Uncertainty_Avoidance,2467,1,1,,25.0,,,,25.0,,,25.0,,25.0,
gemma,Uncertainty_Avoidance,2467,1,2,,25.0,,,,25.0,,,25.0,,25.0,
gemma,Uncertainty_Avoidance,2467,1,3,,25.0,,,,25.0,,,25.0,,25.0,
gemma,Uncertainty_Avoidance,2468,1,1,,50.0,,,,25.0,,,50.0,,50.0,
gemma,Uncertainty_Avoidance,2468,1,2,,50.0,,,,25.0,,,50.0,,50.0,
gemma,Uncertainty_Avoidance,2468,1,3,,50.0,,,,25.0,,,50.0,,50.0,
gemma,Uncertainty_Avoidance,2469,1,1,,50.0,,,,25.0,,,25.0,,50.0,
gemma,Uncertainty_Avoidance,2469,1,2,,50.0,,,,25.0,,,25.0,,50.0,
gemma,Uncertainty_Avoidance,2469,1,3,,50.0,,,,25.0,,,25.0,,50.0,
gemma,Uncertainty_Avoidance,2471,1,1,,25.0,,,,25.0,,,25.0,,25.0,
gemma,Uncertainty_Avoidance,2471,1,2,,25.0,,,,25.0,,,25.0,,25.0,
gemma,Uncertainty_Avoidance,2471,1,3,,25.0,,,,25.0,,,25.0,,25.0,
gemma,Uncertainty_Avoidance,2473,1,1,,25.0,,,,25.0,,,25.0,,25.0,
gemma,Uncertainty_Avoidance,2473,1,2,,25.0,,,,25.0,,,25.0,,25.0,
gemma,Uncertainty_Avoidance,2473,1,3,,25.0,,,,25.0,,,25.0,,25.0,
gemma,Uncertainty_Avoidance,2474,1,1,,50.0,,,,50.0,,,50.0,,50.0,
gemma,Uncertainty_Avoidance,2474,1,2,,50.0,,,,50.0,,,50.0,,50.0,
gemma,Uncertainty_Avoidance,2474,1,3,,50.0,,,,50.0,,,50.0,,50.0,
gemma,Uncertainty_Avoidance,2475,1,1,,25.0,,,,25.0,,,50.0,,50.0,
gemma,Uncertainty_Avoidance,2475,1,2,,25.0,,,,25.0,,,50.0,,50.0,
gemma,Uncertainty_Avoidance,2475,1,3,,25.0,,,,25.0,,,50.0,,50.0,
gemma,Uncertainty_Avoidance,2476,1,1,,50.0,,,,0.0,,,25.0,,0.0,
gemma,Uncertainty_Avoidance,2476,1,2,,50.0,,,,0.0,,,25.0,,0.0,
gemma,Uncertainty_Avoidance,2476,1,3,,50.0,,,,0.0,,,25.0,,0.0,
gemma,Uncertainty_Avoidance,2477,1,1,,50.0,,,,50.0,,,50.0,,50.0,
gemma,Uncertainty_Avoidance,2477,1,2,,50.0,,,,50.0,,,50.0,,50.0,
gemma,Uncertainty_Avoidance,2477,1,3,,50.0,,,,50.0,,,50.0,,50.0,
gemma,Uncertainty_Avoidance,2478,1,1,,50.0,,,,25.0,,,50.0,,50.0,
gemma,Uncertainty_Avoidance,2478,1,2,,50.0,,,,25.0,,,50.0,,50.0,
gemma,Uncertainty_Avoidance,2478,1,3,,50.0,,,,25.0,,,50.0,,50.0,
gemma,Uncertainty_Avoidance,2479,1,1,,50.0,,,,50.0,,,50.0,,50.0,
gemma,Uncertainty_Avoidance,2479,1,2,,50.0,,,,50.0,,,50.0,,50.0,
gemma,Uncertainty_Avoidance,2479,1,3,,50.0,,,,50.0,,,50.0,,50.0,
gemma,Uncertainty_Avoidance,2482,1,1,,25.0,,,,25.0,,,25.0,,25.0,
gemma,Uncertainty_Avoidance,2482,1,2,,25.0,,,,25.0,,,25.0,,25.0,
gemma,Uncertainty_Avoidance,2482,1,3,,25.0,,,,25.0,,,25.0,,25.0,
gemma,Uncertainty_Avoidance,2483,1,1,,50.0,,,,25.0,,,25.0,,0.0,
gemma,Uncertainty_Avoidance,2483,1,2,,50.0,,,,25.0,,,25.0,,0.0,
gemma,Uncertainty_Avoidance,2483,1,3,,50.0,,,,25.0,,,25.0,,0.0,
gemma,Uncertainty_Avoidance,2484,1,1,,25.0,,,,25.0,,,25.0,,25.0,
gemma,Uncertainty_Avoidance,2484,1,2,,25.0,,,,25.0,,,25.0,,25.0,
gemma,Uncertainty_Avoidance,2484,1,3,,25.0,,,,25.0,,,25.0,,25.0,
gemma,Uncertainty_Avoidance,2485,1,1,,50.0,,,,25.0,,,50.0,,50.0,
gemma,Uncertainty_Avoidance,2485,1,2,,50.0,,,,25.0,,,50.0,,50.0,
gemma,Uncertainty_Avoidance,2485,1,3,,50.0,,,,25.0,,,50.0,,50.0,
gemma,Uncertainty_Avoidance,2487,1,1,,25.0,,,,25.0,,,25.0,,0.0,
gemma,Uncertainty_Avoidance,2487,1,2,,25.0,,,,25.0,,,25.0,,0.0,
gemma,Uncertainty_Avoidance,2487,1,3,,25.0,,,,25.0,,,25.0,,0.0,
gemma,Uncertainty_Avoidance,2488,1,1,,50.0,,,,25.0,,,25.0,,25.0,
gemma,Uncertainty_Avoidance,2488,1,2,,50.0,,,,25.0,,,25.0,,25.0,
gemma,Uncertainty_Avoidance,2488,1,3,,50.0,,,,25.0,,,25.0,,25.0,
gemma,Uncertainty_Avoidance,2489,1,1,,50.0,,,,25.0,,,50.0,,25.0,
gemma,Uncertainty_Avoidance,2489,1,2,,50.0,,,,25.0,,,50.0,,25.0,
gemma,Uncertainty_Avoidance,2489,1,3,,50.0,,,,25.0,,,50.0,,25.0,
gemma,Uncertainty_Avoidance,2490,1,1,,50.0,,,,75.0,,,75.0,,75.0,
gemma,Uncertainty_Avoidance,2490,1,2,,50.0,,,,75.0,,,75.0,,75.0,
gemma,Uncertainty_Avoidance,2490,1,3,,50.0,,,,75.0,,,75.0,,75.0,
gemma,Uncertainty_Avoidance,2492,1,1,,50.0,,,,25.0,,,50.0,,50.0,
gemma,Uncertainty_Avoidance,2492,1,2,,50.0,,,,25.0,,,50.0,,50.0,
gemma,Uncertainty_Avoidance,2492,1,3,,50.0,,,,25.0,,,50.0,,50.0,
gemma,Uncertainty_Avoidance,2493,1,1,,50.0,,,,75.0,,,50.0,,75.0,
gemma,Uncertainty_Avoidance,2493,1,2,,50.0,,,,75.0,,,50.0,,75.0,
gemma,Uncertainty_Avoidance,2493,1,3,,50.0,,,,75.0,,,50.0,,75.0,
gemma,Uncertainty_Avoidance,2494,1,1,,50.0,,,,25.0,,,25.0,,50.0,
gemma,Uncertainty_Avoidance,2494,1,2,,50.0,,,,25.0,,,25.0,,50.0,
gemma,Uncertainty_Avoidance,2494,1,3,,50.0,,,,25.0,,,25.0,,50.0,
gemma,Uncertainty_Avoidance,2495,1,1,,50.0,,,,25.0,,,75.0,,50.0,
gemma,Uncertainty_Avoidance,2495,1,2,,50.0,,,,25.0,,,75.0,,50.0,
gemma,Uncertainty_Avoidance,2495,1,3,,50.0,,,,25.0,,,75.0,,50.0,
gemma,Uncertainty_Avoidance,2497,1,1,,25.0,,,,25.0,,,25.0,,50.0,
gemma,Uncertainty_Avoidance,2497,1,2,,25.0,,,,25.0,,,25.0,,50.0,
gemma,Uncertainty_Avoidance,2497,1,3,,25.0,,,,25.0,,,25.0,,50.0,
gemma,Uncertainty_Avoidance,2501,1,1,,50.0,,,,25.0,,,50.0,,50.0,
gemma,Uncertainty_Avoidance,2501,1,2,,50.0,,,,25.0,,,50.0,,50.0,
gemma,Uncertainty_Avoidance,2501,1,3,,50.0,,,,25.0,,,50.0,,50.0,
gemma,Uncertainty_Avoidance,2503,1,1,,50.0,,,,25.0,,,50.0,,25.0,
gemma,Uncertainty_Avoidance,2503,1,2,,50.0,,,,25.0,,,50.0,,25.0,
gemma,Uncertainty_Avoidance,2503,1,3,,50.0,,,,25.0,,,50.0,,25.0,
gemma,Uncertainty_Avoidance,2505,1,1,,25.0,,,,25.0,,,25.0,,50.0,
gemma,Uncertainty_Avoidance,2505,1,2,,25.0,,,,25.0,,,25.0,,50.0,
gemma,Uncertainty_Avoidance,2505,1,3,,25.0,,,,25.0,,,25.0,,50.0,
gemma,Uncertainty_Avoidance,2506,1,1,,50.0,,,,25.0,,,50.0,,50.0,
gemma,Uncertainty_Avoidance,2506,1,2,,50.0,,,,25.0,,,50.0,,50.0,
gemma,Uncertainty_Avoidance,2506,1,3,,50.0,,,,25.0,,,50.0,,50.0,
gemma,Uncertainty_Avoidance,2508,1,1,,50.0,,,,25.0,,,25.0,,0.0,
gemma,Uncertainty_Avoidance,2508,1,2,,50.0,,,,25.0,,,25.0,,0.0,
gemma,Uncertainty_Avoidance,2508,1,3,,50.0,,,,25.0,,,25.0,,0.0,
gemma,Uncertainty_Avoidance,2511,1,1,,50.0,,,,25.0,,,75.0,,75.0,
gemma,Uncertainty_Avoidance,2511,1,2,,50.0,,,,25.0,,,75.0,,75.0,
gemma,Uncertainty_Avoidance,2511,1,3,,50.0,,,,25.0,,,75.0,,75.0,
gemma,Uncertainty_Avoidance,2513,1,1,,50.0,,,,0.0,,,25.0,,25.0,
gemma,Uncertainty_Avoidance,2513,1,2,,50.0,,,,0.0,,,25.0,,25.0,
gemma,Uncertainty_Avoidance,2513,1,3,,50.0,,,,0.0,,,25.0,,25.0,
gemma,Uncertainty_Avoidance,2514,1,1,,25.0,,,,25.0,,,25.0,,25.0,
gemma,Uncertainty_Avoidance,2514,1,2,,25.0,,,,25.0,,,25.0,,25.0,
gemma,Uncertainty_Avoidance,2514,1,3,,25.0,,,,25.0,,,25.0,,25.0,
gemma,Uncertainty_Avoidance,2516,1,1,,50.0,,,,50.0,,,50.0,,25.0,
gemma,Uncertainty_Avoidance,2516,1,2,,50.0,,,,50.0,,,50.0,,25.0,
gemma,Uncertainty_Avoidance,2516,1,3,,50.0,,,,50.0,,,50.0,,25.0,
gemma,Uncertainty_Avoidance,2518,1,1,,50.0,,,,25.0,,,25.0,,25.0,
gemma,Uncertainty_Avoidance,2518,1,2,,50.0,,,,25.0,,,25.0,,25.0,
gemma,Uncertainty_Avoidance,2518,1,3,,50.0,,,,25.0,,,25.0,,25.0,
gemma,Uncertainty_Avoidance,2520,1,1,,25.0,,,,50.0,,,50.0,,50.0,
gemma,Uncertainty_Avoidance,2520,1,2,,25.0,,,,50.0,,,50.0,,50.0,
gemma,Uncertainty_Avoidance,2520,1,3,,25.0,,,,50.0,,,50.0,,50.0,
gemma,Uncertainty_Avoidance,2521,1,1,,50.0,,,,25.0,,,25.0,,25.0,
gemma,Uncertainty_Avoidance,2521,1,2,,50.0,,,,25.0,,,25.0,,25.0,
gemma,Uncertainty_Avoidance,2521,1,3,,50.0,,,,25.0,,,25.0,,25.0,
gemma,Uncertainty_Avoidance,2523,1,1,,50.0,,,,25.0,,,50.0,,25.0,
gemma,Uncertainty_Avoidance,2523,1,2,,50.0,,,,25.0,,,50.0,,25.0,
gemma,Uncertainty_Avoidance,2523,1,3,,50.0,,,,25.0,,,50.0,,25.0,
gemma,Uncertainty_Avoidance,2524,1,1,,50.0,,,,50.0,,,50.0,,50.0,
gemma,Uncertainty_Avoidance,2524,1,2,,50.0,,,,50.0,,,50.0,,50.0,
gemma,Uncertainty_Avoidance,2524,1,3,,50.0,,,,50.0,,,50.0,,50.0,
gemma,Uncertainty_Avoidance,2525,1,1,,25.0,,,,50.0,,,50.0,,50.0,
gemma,Uncertainty_Avoidance,2525,1,2,,25.0,,,,50.0,,,50.0,,50.0,
gemma,Uncertainty_Avoidance,2525,1,3,,25.0,,,,50.0,,,50.0,,50.0,
gemma,Uncertainty_Avoidance,2526,1,1,,25.0,,,,25.0,,,25.0,,25.0,
gemma,Uncertainty_Avoidance,2526,1,2,,25.0,,,,25.0,,,25.0,,25.0,
gemma,Uncertainty_Avoidance,2526,1,3,,25.0,,,,25.0,,,25.0,,25.0,
gemma,Uncertainty_Avoidance,2528,1,1,,50.0,,,,50.0,,,50.0,,25.0,
gemma,Uncertainty_Avoidance,2528,1,2,,50.0,,,,50.0,,,50.0,,25.0,
gemma,Uncertainty_Avoidance,2528,1,3,,50.0,,,,50.0,,,50.0,,25.0,
gemma,Uncertainty_Avoidance,2529,1,1,,25.0,,,,25.0,,,25.0,,25.0,
gemma,Uncertainty_Avoidance,2529,1,2,,25.0,,,,25.0,,,25.0,,25.0,
gemma,Uncertainty_Avoidance,2529,1,3,,25.0,,,,25.0,,,25.0,,25.0,
gemma,Uncertainty_Avoidance,2530,1,1,,50.0,,,,75.0,,,50.0,,75.0,
gemma,Uncertainty_Avoidance,2530,1,2,,50.0,,,,75.0,,,50.0,,75.0,
gemma,Uncertainty_Avoidance,2530,1,3,,50.0,,,,75.0,,,50.0,,75.0,
gemma,Uncertainty_Avoidance,2532,1,1,,25.0,,,,25.0,,,25.0,,25.0,
gemma,Uncertainty_Avoidance,2532,1,2,,25.0,,,,25.0,,,25.0,,25.0,
gemma,Uncertainty_Avoidance,2532,1,3,,25.0,,,,25.0,,,25.0,,25.0,
gemma,Uncertainty_Avoidance,2533,1,1,,50.0,,,,25.0,,,50.0,,50.0,
gemma,Uncertainty_Avoidance,2533,1,2,,50.0,,,,25.0,,,50.0,,50.0,
gemma,Uncertainty_Avoidance,2533,1,3,,50.0,,,,25.0,,,50.0,,50.0,
gemma,Uncertainty_Avoidance,2534,1,1,,50.0,,,,75.0,,,50.0,,75.0,
gemma,Uncertainty_Avoidance,2534,1,2,,50.0,,,,75.0,,,50.0,,75.0,
gemma,Uncertainty_Avoidance,2534,1,3,,50.0,,,,75.0,,,50.0,,75.0,
gemma,Uncertainty_Avoidance,2535,1,1,,50.0,,,,50.0,,,50.0,,50.0,
gemma,Uncertainty_Avoidance,2535,1,2,,50.0,,,,50.0,,,50.0,,50.0,
gemma,Uncertainty_Avoidance,2535,1,3,,50.0,,,,50.0,,,50.0,,50.0,
gemma,Uncertainty_Avoidance,2536,1,1,,50.0,,,,25.0,,,50.0,,50.0,
gemma,Uncertainty_Avoidance,2536,1,2,,50.0,,,,25.0,,,50.0,,50.0,
gemma,Uncertainty_Avoidance,2536,1,3,,50.0,,,,25.0,,,50.0,,50.0,
gemma,Uncertainty_Avoidance,2537,1,1,,50.0,,,,50.0,,,50.0,,50.0,
gemma,Uncertainty_Avoidance,2537,1,2,,50.0,,,,50.0,,,50.0,,50.0,
gemma,Uncertainty_Avoidance,2537,1,3,,50.0,,,,50.0,,,50.0,,50.0,
gemma,Uncertainty_Avoidance,2538,1,1,,50.0,,,,50.0,,,50.0,,50.0,
gemma,Uncertainty_Avoidance,2538,1,2,,50.0,,,,50.0,,,50.0,,50.0,
gemma,Uncertainty_Avoidance,2538,1,3,,50.0,,,,50.0,,,50.0,,50.0,
gemma,Uncertainty_Avoidance,2539,1,1,,50.0,,,,50.0,,,50.0,,50.0,
gemma,Uncertainty_Avoidance,2539,1,2,,50.0,,,,50.0,,,50.0,,50.0,
gemma,Uncertainty_Avoidance,2539,1,3,,50.0,,,,50.0,,,50.0,,50.0,
gemma,Uncertainty_Avoidance,2542,1,1,,50.0,,,,25.0,,,50.0,,50.0,
gemma,Uncertainty_Avoidance,2542,1,2,,50.0,,,,25.0,,,50.0,,50.0,
gemma,Uncertainty_Avoidance,2542,1,3,,50.0,,,,25.0,,,50.0,,50.0,
gemma,Uncertainty_Avoidance,2543,1,1,,50.0,,,,25.0,,,50.0,,50.0,
gemma,Uncertainty_Avoidance,2543,1,2,,50.0,,,,25.0,,,50.0,,50.0,
gemma,Uncertainty_Avoidance,2543,1,3,,50.0,,,,25.0,,,50.0,,50.0,
gemma,Uncertainty_Avoidance,2544,1,1,,25.0,,,,25.0,,,50.0,,25.0,
gemma,Uncertainty_Avoidance,2544,1,2,,25.0,,,,25.0,,,50.0,,25.0,
gemma,Uncertainty_Avoidance,2544,1,3,,25.0,,,,25.0,,,50.0,,25.0,
gemma,Uncertainty_Avoidance,2545,1,1,,50.0,,,,25.0,,,25.0,,25.0,
gemma,Uncertainty_Avoidance,2545,1,2,,50.0,,,,25.0,,,25.0,,25.0,
gemma,Uncertainty_Avoidance,2545,1,3,,50.0,,,,25.0,,,25.0,,25.0,
gemma,Uncertainty_Avoidance,2546,1,1,,50.0,,,,50.0,,,50.0,,50.0,
gemma,Uncertainty_Avoidance,2546,1,2,,50.0,,,,50.0,,,50.0,,50.0,
gemma,Uncertainty_Avoidance,2546,1,3,,50.0,,,,50.0,,,50.0,,50.0,
gemma,Uncertainty_Avoidance,2548,1,1,,25.0,,,,25.0,,,50.0,,50.0,
gemma,Uncertainty_Avoidance,2548,1,2,,25.0,,,,25.0,,,50.0,,50.0,
gemma,Uncertainty_Avoidance,2548,1,3,,25.0,,,,25.0,,,50.0,,50.0,
gemma,Uncertainty_Avoidance,2549,1,1,,75.0,,,,50.0,,,50.0,,50.0,
gemma,Uncertainty_Avoidance,2549,1,2,,75.0,,,,50.0,,,50.0,,50.0,
gemma,Uncertainty_Avoidance,2549,1,3,,75.0,,,,50.0,,,50.0,,50.0,
gemma,Uncertainty_Avoidance,2550,1,1,,75.0,,,,75.0,,,75.0,,75.0,
gemma,Uncertainty_Avoidance,2550,1,2,,75.0,,,,75.0,,,75.0,,75.0,
gemma,Uncertainty_Avoidance,2550,1,3,,75.0,,,,75.0,,,75.0,,75.0,
gemma,Uncertainty_Avoidance,2553,1,1,,50.0,,,,50.0,,,50.0,,50.0,
gemma,Uncertainty_Avoidance,2553,1,2,,50.0,,,,50.0,,,50.0,,50.0,
gemma,Uncertainty_Avoidance,2553,1,3,,50.0,,,,50.0,,,50.0,,50.0,
gemma,Uncertainty_Avoidance,2554,1,1,,50.0,,,,50.0,,,50.0,,50.0,
gemma,Uncertainty_Avoidance,2554,1,2,,50.0,,,,50.0,,,50.0,,50.0,
gemma,Uncertainty_Avoidance,2554,1,3,,50.0,,,,50.0,,,50.0,,50.0,
gemma,Uncertainty_Avoidance,2556,1,1,,50.0,,,,25.0,,,25.0,,25.0,
gemma,Uncertainty_Avoidance,2556,1,2,,50.0,,,,25.0,,,25.0,,25.0,
gemma,Uncertainty_Avoidance,2556,1,3,,50.0,,,,25.0,,,25.0,,25.0,
gemma,Uncertainty_Avoidance,2557,1,1,,50.0,,,,0.0,,,25.0,,0.0,
gemma,Uncertainty_Avoidance,2557,1,2,,50.0,,,,0.0,,,25.0,,0.0,
gemma,Uncertainty_Avoidance,2557,1,3,,50.0,,,,0.0,,,25.0,,0.0,
gemma,Uncertainty_Avoidance,2558,1,1,,50.0,,,,50.0,,,25.0,,25.0,
gemma,Uncertainty_Avoidance,2558,1,2,,50.0,,,,50.0,,,25.0,,25.0,
gemma,Uncertainty_Avoidance,2558,1,3,,50.0,,,,50.0,,,25.0,,25.0,
gemma,Uncertainty_Avoidance,2559,1,1,,50.0,,,,50.0,,,50.0,,50.0,
gemma,Uncertainty_Avoidance,2559,1,2,,50.0,,,,50.0,,,50.0,,50.0,
gemma,Uncertainty_Avoidance,2559,1,3,,50.0,,,,50.0,,,50.0,,50.0,
gemma,Uncertainty_Avoidance,2562,1,1,,50.0,,,,25.0,,,25.0,,25.0,
gemma,Uncertainty_Avoidance,2562,1,2,,50.0,,,,25.0,,,25.0,,25.0,
gemma,Uncertainty_Avoidance,2562,1,3,,50.0,,,,25.0,,,25.0,,25.0,
gemma,Uncertainty_Avoidance,2563,1,1,,50.0,,,,100.0,,,100.0,,75.0,
gemma,Uncertainty_Avoidance,2563,1,2,,50.0,,,,100.0,,,100.0,,75.0,
gemma,Uncertainty_Avoidance,2563,1,3,,50.0,,,,100.0,,,100.0,,75.0,
gemma,Uncertainty_Avoidance,2564,1,1,,50.0,,,,25.0,,,50.0,,25.0,
gemma,Uncertainty_Avoidance,2564,1,2,,50.0,,,,25.0,,,50.0,,25.0,
gemma,Uncertainty_Avoidance,2564,1,3,,50.0,,,,25.0,,,50.0,,25.0,
gemma,Uncertainty_Avoidance,2565,1,1,,50.0,,,,75.0,,,50.0,,50.0,
gemma,Uncertainty_Avoidance,2565,1,2,,50.0,,,,75.0,,,50.0,,50.0,
gemma,Uncertainty_Avoidance,2565,1,3,,50.0,,,,75.0,,,50.0,,50.0,
gemma,Uncertainty_Avoidance,2566,1,1,,50.0,,,,25.0,,,25.0,,25.0,
gemma,Uncertainty_Avoidance,2566,1,2,,50.0,,,,25.0,,,25.0,,25.0,
gemma,Uncertainty_Avoidance,2566,1,3,,50.0,,,,25.0,,,25.0,,25.0,
gemma,Uncertainty_Avoidance,2567,1,1,,50.0,,,,25.0,,,25.0,,25.0,
gemma,Uncertainty_Avoidance,2567,1,2,,50.0,,,,25.0,,,25.0,,25.0,
gemma,Uncertainty_Avoidance,2567,1,3,,50.0,,,,25.0,,,25.0,,25.0,
gemma,Uncertainty_Avoidance,2568,1,1,,50.0,,,,50.0,,,50.0,,50.0,
gemma,Uncertainty_Avoidance,2568,1,2,,50.0,,,,50.0,,,50.0,,50.0,
gemma,Uncertainty_Avoidance,2568,1,3,,50.0,,,,50.0,,,50.0,,50.0,
gemma,Uncertainty_Avoidance,2569,1,1,,25.0,,,,25.0,,,50.0,,50.0,
gemma,Uncertainty_Avoidance,2569,1,2,,25.0,,,,25.0,,,50.0,,50.0,
gemma,Uncertainty_Avoidance,2569,1,3,,25.0,,,,25.0,,,50.0,,50.0,
gemma,Uncertainty_Avoidance,2570,1,1,,50.0,,,,25.0,,,25.0,,25.0,
gemma,Uncertainty_Avoidance,2570,1,2,,50.0,,,,25.0,,,25.0,,25.0,
gemma,Uncertainty_Avoidance,2570,1,3,,50.0,,,,25.0,,,25.0,,25.0,
gemma,Uncertainty_Avoidance,2571,1,1,,50.0,,,,25.0,,,75.0,,75.0,
gemma,Uncertainty_Avoidance,2571,1,2,,50.0,,,,25.0,,,75.0,,75.0,
gemma,Uncertainty_Avoidance,2571,1,3,,50.0,,,,25.0,,,75.0,,75.0,
gemma,Uncertainty_Avoidance,2573,1,1,,25.0,,,,25.0,,,50.0,,25.0,
gemma,Uncertainty_Avoidance,2573,1,2,,25.0,,,,25.0,,,50.0,,25.0,
gemma,Uncertainty_Avoidance,2573,1,3,,25.0,,,,25.0,,,50.0,,25.0,
gemma,Uncertainty_Avoidance,2575,1,1,,25.0,,,,25.0,,,25.0,,25.0,
gemma,Uncertainty_Avoidance,2575,1,2,,25.0,,,,25.0,,,25.0,,25.0,
gemma,Uncertainty_Avoidance,2575,1,3,,25.0,,,,25.0,,,25.0,,25.0,
gemma,Uncertainty_Avoidance,2577,1,1,,50.0,,,,50.0,,,50.0,,50.0,
gemma,Uncertainty_Avoidance,2577,1,2,,50.0,,,,50.0,,,50.0,,50.0,
gemma,Uncertainty_Avoidance,2577,1,3,,50.0,,,,50.0,,,50.0,,50.0,
gemma,Uncertainty_Avoidance,2578,1,1,,50.0,,,,0.0,,,25.0,,0.0,
gemma,Uncertainty_Avoidance,2578,1,2,,50.0,,,,0.0,,,25.0,,0.0,
gemma,Uncertainty_Avoidance,2578,1,3,,50.0,,,,0.0,,,25.0,,0.0,
gemma,Uncertainty_Avoidance,2579,1,1,,50.0,,,,25.0,,,25.0,,75.0,
gemma,Uncertainty_Avoidance,2579,1,2,,50.0,,,,25.0,,,25.0,,75.0,
gemma,Uncertainty_Avoidance,2579,1,3,,50.0,,,,25.0,,,25.0,,75.0,
gemma,Uncertainty_Avoidance,2580,1,1,,50.0,,,,50.0,,,50.0,,25.0,
gemma,Uncertainty_Avoidance,2580,1,2,,50.0,,,,50.0,,,50.0,,25.0,
gemma,Uncertainty_Avoidance,2580,1,3,,50.0,,,,50.0,,,50.0,,25.0,
gemma,Uncertainty_Avoidance,2581,1,1,,25.0,,,,25.0,,,25.0,,25.0,
gemma,Uncertainty_Avoidance,2581,1,2,,25.0,,,,25.0,,,25.0,,25.0,
gemma,Uncertainty_Avoidance,2581,1,3,,25.0,,,,25.0,,,25.0,,25.0,
gemma,Uncertainty_Avoidance,2583,1,1,,50.0,,,,50.0,,,50.0,,50.0,
gemma,Uncertainty_Avoidance,2583,1,2,,50.0,,,,50.0,,,50.0,,50.0,
gemma,Uncertainty_Avoidance,2583,1,3,,50.0,,,,50.0,,,50.0,,50.0,
gemma,Uncertainty_Avoidance,2584,1,1,,50.0,,,,50.0,,,50.0,,50.0,
gemma,Uncertainty_Avoidance,2584,1,2,,50.0,,,,50.0,,,50.0,,50.0,
gemma,Uncertainty_Avoidance,2584,1,3,,50.0,,,,50.0,,,50.0,,50.0,
gemma,Uncertainty_Avoidance,2585,1,1,,25.0,,,,25.0,,,50.0,,25.0,
gemma,Uncertainty_Avoidance,2585,1,2,,25.0,,,,25.0,,,50.0,,25.0,
gemma,Uncertainty_Avoidance,2585,1,3,,25.0,,,,25.0,,,50.0,,25.0,
gemma,Uncertainty_Avoidance,2587,1,1,,50.0,,,,25.0,,,25.0,,25.0,
gemma,Uncertainty_Avoidance,2587,1,2,,50.0,,,,25.0,,,25.0,,25.0,
gemma,Uncertainty_Avoidance,2587,1,3,,50.0,,,,25.0,,,25.0,,25.0,
gemma,Uncertainty_Avoidance,2588,1,1,,25.0,,,,25.0,,,25.0,,25.0,
gemma,Uncertainty_Avoidance,2588,1,2,,25.0,,,,25.0,,,25.0,,25.0,
gemma,Uncertainty_Avoidance,2588,1,3,,25.0,,,,25.0,,,25.0,,25.0,
gemma,Uncertainty_Avoidance,2589,1,1,,25.0,,,,25.0,,,25.0,,25.0,
gemma,Uncertainty_Avoidance,2589,1,2,,25.0,,,,25.0,,,25.0,,25.0,
gemma,Uncertainty_Avoidance,2589,1,3,,25.0,,,,25.0,,,25.0,,25.0,
gemma,Uncertainty_Avoidance,2591,1,1,,50.0,,,,25.0,,,50.0,,75.0,
gemma,Uncertainty_Avoidance,2591,1,2,,50.0,,,,25.0,,,50.0,,75.0,
gemma,Uncertainty_Avoidance,2591,1,3,,50.0,,,,25.0,,,50.0,,75.0,
gemma,Uncertainty_Avoidance,2592,1,1,,50.0,,,,25.0,,,50.0,,25.0,
gemma,Uncertainty_Avoidance,2592,1,2,,50.0,,,,25.0,,,50.0,,25.0,
gemma,Uncertainty_Avoidance,2592,1,3,,50.0,,,,25.0,,,50.0,,25.0,
gemma,Uncertainty_Avoidance,2594,1,1,,50.0,,,,25.0,,,50.0,,25.0,
gemma,Uncertainty_Avoidance,2594,1,2,,50.0,,,,25.0,,,50.0,,25.0,
gemma,Uncertainty_Avoidance,2594,1,3,,50.0,,,,25.0,,,50.0,,25.0,
gemma,Uncertainty_Avoidance,2595,1,1,,50.0,,,,25.0,,,50.0,,25.0,
gemma,Uncertainty_Avoidance,2595,1,2,,50.0,,,,25.0,,,50.0,,25.0,
gemma,Uncertainty_Avoidance,2595,1,3,,50.0,,,,25.0,,,50.0,,25.0,
gemma,Uncertainty_Avoidance,2596,1,1,,50.0,,,,50.0,,,50.0,,50.0,
gemma,Uncertainty_Avoidance,2596,1,2,,50.0,,,,50.0,,,50.0,,50.0,
gemma,Uncertainty_Avoidance,2596,1,3,,50.0,,,,50.0,,,50.0,,50.0,
gemma,Uncertainty_Avoidance,2598,1,1,,50.0,,,,50.0,,,50.0,,50.0,
gemma,Uncertainty_Avoidance,2598,1,2,,50.0,,,,50.0,,,50.0,,50.0,
gemma,Uncertainty_Avoidance,2598,1,3,,50.0,,,,50.0,,,50.0,,50.0,
gemma,Uncertainty_Avoidance,2599,1,1,,50.0,,,,50.0,,,50.0,,50.0,
gemma,Uncertainty_Avoidance,2599,1,2,,50.0,,,,50.0,,,50.0,,50.0,
gemma,Uncertainty_Avoidance,2599,1,3,,50.0,,,,50.0,,,50.0,,50.0,
gemma,Uncertainty_Avoidance,2601,1,1,,50.0,,,,25.0,,,50.0,,50.0,
gemma,Uncertainty_Avoidance,2601,1,2,,50.0,,,,25.0,,,50.0,,50.0,
gemma,Uncertainty_Avoidance,2601,1,3,,50.0,,,,25.0,,,50.0,,50.0,
gemma,Uncertainty_Avoidance,2604,1,1,,50.0,,,,25.0,,,25.0,,50.0,
gemma,Uncertainty_Avoidance,2604,1,2,,50.0,,,,25.0,,,25.0,,50.0,
gemma,Uncertainty_Avoidance,2604,1,3,,50.0,,,,25.0,,,25.0,,50.0,
gemma,Uncertainty_Avoidance,2605,1,1,,50.0,,,,50.0,,,50.0,,50.0,
gemma,Uncertainty_Avoidance,2605,1,2,,50.0,,,,50.0,,,50.0,,50.0,
gemma,Uncertainty_Avoidance,2605,1,3,,50.0,,,,50.0,,,50.0,,50.0,
gemma,Uncertainty_Avoidance,2608,1,1,,25.0,,,,50.0,,,50.0,,25.0,
gemma,Uncertainty_Avoidance,2608,1,2,,25.0,,,,50.0,,,50.0,,25.0,
gemma,Uncertainty_Avoidance,2608,1,3,,25.0,,,,50.0,,,50.0,,25.0,
gemma,Uncertainty_Avoidance,2610,1,1,,50.0,,,,25.0,,,50.0,,50.0,
gemma,Uncertainty_Avoidance,2610,1,2,,50.0,,,,25.0,,,50.0,,50.0,
gemma,Uncertainty_Avoidance,2610,1,3,,50.0,,,,25.0,,,50.0,,50.0,
gemma,Uncertainty_Avoidance,2612,1,1,,50.0,,,,25.0,,,25.0,,25.0,
gemma,Uncertainty_Avoidance,2612,1,2,,50.0,,,,25.0,,,25.0,,25.0,
gemma,Uncertainty_Avoidance,2612,1,3,,50.0,,,,25.0,,,25.0,,25.0,
gemma,Uncertainty_Avoidance,2619,1,1,,25.0,,,,25.0,,,50.0,,50.0,
gemma,Uncertainty_Avoidance,2619,1,2,,25.0,,,,25.0,,,50.0,,50.0,
gemma,Uncertainty_Avoidance,2619,1,3,,25.0,,,,25.0,,,50.0,,50.0,
gemma,Uncertainty_Avoidance,2620,1,1,,50.0,,,,50.0,,,50.0,,25.0,
gemma,Uncertainty_Avoidance,2620,1,2,,50.0,,,,50.0,,,50.0,,25.0,
gemma,Uncertainty_Avoidance,2620,1,3,,50.0,,,,50.0,,,50.0,,25.0,
gemma,Uncertainty_Avoidance,2622,1,1,,50.0,,,,50.0,,,50.0,,50.0,
gemma,Uncertainty_Avoidance,2622,1,2,,50.0,,,,50.0,,,50.0,,50.0,
gemma,Uncertainty_Avoidance,2622,1,3,,50.0,,,,50.0,,,50.0,,50.0,
gemma,Uncertainty_Avoidance,2623,1,1,,50.0,,,,75.0,,,25.0,,25.0,
gemma,Uncertainty_Avoidance,2623,1,2,,50.0,,,,75.0,,,25.0,,25.0,
gemma,Uncertainty_Avoidance,2623,1,3,,50.0,,,,75.0,,,25.0,,25.0,
gemma,Uncertainty_Avoidance,2630,1,1,,50.0,,,,25.0,,,25.0,,50.0,
gemma,Uncertainty_Avoidance,2630,1,2,,50.0,,,,25.0,,,25.0,,50.0,
gemma,Uncertainty_Avoidance,2630,1,3,,50.0,,,,25.0,,,25.0,,50.0,
gemma,Uncertainty_Avoidance,2634,1,1,,25.0,,,,25.0,,,25.0,,25.0,
gemma,Uncertainty_Avoidance,2634,1,2,,25.0,,,,25.0,,,25.0,,25.0,
gemma,Uncertainty_Avoidance,2634,1,3,,25.0,,,,25.0,,,25.0,,25.0,
gemma,Uncertainty_Avoidance,2639,1,1,,50.0,,,,50.0,,,50.0,,50.0,
gemma,Uncertainty_Avoidance,2639,1,2,,50.0,,,,50.0,,,50.0,,50.0,
gemma,Uncertainty_Avoidance,2639,1,3,,50.0,,,,50.0,,,50.0,,50.0,
gemma,Uncertainty_Avoidance,2640,1,1,,25.0,,,,25.0,,,25.0,,25.0,
gemma,Uncertainty_Avoidance,2640,1,2,,25.0,,,,25.0,,,25.0,,25.0,
gemma,Uncertainty_Avoidance,2640,1,3,,25.0,,,,25.0,,,25.0,,25.0,
gemma,Uncertainty_Avoidance,2641,1,1,,50.0,,,,50.0,,,50.0,,50.0,
gemma,Uncertainty_Avoidance,2641,1,2,,50.0,,,,50.0,,,50.0,,50.0,
gemma,Uncertainty_Avoidance,2641,1,3,,50.0,,,,50.0,,,50.0,,50.0,
gemma,Uncertainty_Avoidance,2644,1,1,,25.0,,,,25.0,,,25.0,,25.0,
gemma,Uncertainty_Avoidance,2644,1,2,,25.0,,,,25.0,,,25.0,,25.0,
gemma,Uncertainty_Avoidance,2644,1,3,,25.0,,,,25.0,,,25.0,,25.0,
gemma,Uncertainty_Avoidance,2646,1,1,,50.0,,,,50.0,,,50.0,,75.0,
gemma,Uncertainty_Avoidance,2646,1,2,,50.0,,,,50.0,,,50.0,,75.0,
gemma,Uncertainty_Avoidance,2646,1,3,,50.0,,,,50.0,,,50.0,,75.0,
gemma,Uncertainty_Avoidance,2651,1,1,,50.0,,,,100.0,,,75.0,,100.0,
gemma,Uncertainty_Avoidance,2651,1,2,,50.0,,,,100.0,,,75.0,,100.0,
gemma,Uncertainty_Avoidance,2651,1,3,,50.0,,,,100.0,,,75.0,,100.0,
gemma,Uncertainty_Avoidance,2658,1,1,,50.0,,,,50.0,,,50.0,,50.0,
gemma,Uncertainty_Avoidance,2658,1,2,,50.0,,,,50.0,,,50.0,,50.0,
gemma,Uncertainty_Avoidance,2658,1,3,,50.0,,,,50.0,,,50.0,,50.0,
granite,Individualism,0,1,1,,,,,0.0,,,0.0,,,,
granite,Individualism,0,1,2,,,,,0.0,,,0.0,,,,
granite,Individualism,0,1,3,,,,,0.0,,,0.0,,,,
granite,Individualism,1,1,1,,,,,100.0,,,75.0,,,,
granite,Individualism,1,1,2,,,,,100.0,,,75.0,,,,
granite,Individualism,1,1,3,,,,,100.0,,,75.0,,,,
granite,Individualism,10,1,1,,,,,50.0,,,0.0,,,,
granite,Individualism,10,1,2,,,,,50.0,,,0.0,,,,
granite,Individualism,10,1,3,,,,,50.0,,,0.0,,,,
granite,Individualism,100,1,1,,,,,50.0,,,50.0,,,,
granite,Individualism,100,1,2,,,,,50.0,,,50.0,,,,
granite,Individualism,100,1,3,,,,,50.0,,,50.0,,,,
granite,Individualism,102,1,1,,,,,25.0,,,25.0,,,,
granite,Individualism,102,1,2,,,,,25.0,,,25.0,,,,
granite,Individualism,102,1,3,,,,,25.0,,,25.0,,,,
granite,Individualism,103,1,1,,,,,50.0,,,25.0,,,,
granite,Individualism,103,1,2,,,,,50.0,,,25.0,,,,
granite,Individualism,103,1,3,,,,,50.0,,,25.0,,,,
granite,Individualism,104,1,1,,,,,100.0,,,50.0,,,,
granite,Individualism,104,1,2,,,,,100.0,,,50.0,,,,
granite,Individualism,104,1,3,,,,,100.0,,,50.0,,,,
granite,Individualism,105,1,1,,,,,50.0,,,50.0,,,,
granite,Individualism,105,1,2,,,,,50.0,,,50.0,,,,
granite,Individualism,105,1,3,,,,,50.0,,,50.0,,,,
granite,Individualism,106,1,1,,,,,50.0,,,50.0,,,,
granite,Individualism,106,1,2,,,,,50.0,,,50.0,,,,
granite,Individualism,106,1,3,,,,,50.0,,,50.0,,,,
granite,Individualism,107,1,1,,,,,75.0,,,75.0,,,,
granite,Individualism,107,1,2,,,,,75.0,,,75.0,,,,
granite,Individualism,107,1,3,,,,,75.0,,,75.0,,,,
granite,Individualism,109,1,1,,,,,75.0,,,50.0,,,,
granite,Individualism,109,1,2,,,,,75.0,,,50.0,,,,
granite,Individualism,109,1,3,,,,,75.0,,,50.0,,,,
granite,Individualism,11,1,1,,,,,50.0,,,50.0,,,,
granite,Individualism,11,1,2,,,,,50.0,,,50.0,,,,
granite,Individualism,11,1,3,,,,,50.0,,,50.0,,,,
granite,Individualism,110,1,1,,,,,50.0,,,50.0,,,,
granite,Individualism,110,1,2,,,,,50.0,,,50.0,,,,
granite,Individualism,110,1,3,,,,,50.0,,,50.0,,,,
granite,Individualism,113,1,1,,,,,50.0,,,50.0,,,,
granite,Individualism,113,1,2,,,,,50.0,,,50.0,,,,
granite,Individualism,113,1,3,,,,,50.0,,,50.0,,,,
granite,Individualism,114,1,1,,,,,50.0,,,50.0,,,,
granite,Individualism,114,1,2,,,,,50.0,,,50.0,,,,
granite,Individualism,114,1,3,,,,,50.0,,,50.0,,,,
granite,Individualism,118,1,1,,,,,75.0,,,50.0,,,,
granite,Individualism,118,1,2,,,,,75.0,,,50.0,,,,
granite,Individualism,118,1,3,,,,,75.0,,,50.0,,,,
granite,Individualism,119,1,1,,,,,75.0,,,25.0,,,,
granite,Individualism,119,1,2,,,,,75.0,,,25.0,,,,
granite,Individualism,119,1,3,,,,,75.0,,,25.0,,,,
granite,Individualism,12,1,1,,,,,50.0,,,75.0,,,,
granite,Individualism,12,1,2,,,,,50.0,,,75.0,,,,
granite,Individualism,12,1,3,,,,,50.0,,,75.0,,,,
granite,Individualism,121,1,1,,,,,100.0,,,0.0,,,,
granite,Individualism,121,1,2,,,,,100.0,,,0.0,,,,
granite,Individualism,121,1,3,,,,,100.0,,,0.0,,,,
granite,Individualism,122,1,1,,,,,50.0,,,50.0,,,,
granite,Individualism,122,1,2,,,,,50.0,,,50.0,,,,
granite,Individualism,122,1,3,,,,,50.0,,,50.0,,,,
granite,Individualism,123,1,1,,,,,50.0,,,50.0,,,,
granite,Individualism,123,1,2,,,,,50.0,,,50.0,,,,
granite,Individualism,123,1,3,,,,,50.0,,,50.0,,,,
granite,Individualism,126,1,1,,,,,75.0,,,50.0,,,,
granite,Individualism,126,1,2,,,,,75.0,,,50.0,,,,
granite,Individualism,126,1,3,,,,,75.0,,,50.0,,,,
granite,Individualism,127,1,1,,,,,50.0,,,75.0,,,,
granite,Individualism,127,1,2,,,,,50.0,,,75.0,,,,
granite,Individualism,127,1,3,,,,,50.0,,,75.0,,,,
granite,Individualism,128,1,1,,,,,50.0,,,50.0,,,,
granite,Individualism,128,1,2,,,,,50.0,,,50.0,,,,
granite,Individualism,128,1,3,,,,,50.0,,,50.0,,,,
granite,Individualism,129,1,1,,,,,100.0,,,50.0,,,,
granite,Individualism,129,1,2,,,,,100.0,,,50.0,,,,
granite,Individualism,129,1,3,,,,,100.0,,,50.0,,,,
granite,Individualism,130,1,1,,,,,25.0,,,50.0,,,,
granite,Individualism,130,1,2,,,,,25.0,,,50.0,,,,
granite,Individualism,130,1,3,,,,,25.0,,,50.0,,,,
granite,Individualism,131,1,1,,,,,50.0,,,50.0,,,,
granite,Individualism,131,1,2,,,,,50.0,,,50.0,,,,
granite,Individualism,131,1,3,,,,,50.0,,,50.0,,,,
granite,Individualism,134,1,1,,,,,50.0,,,50.0,,,,
granite,Individualism,134,1,2,,,,,50.0,,,50.0,,,,
granite,Individualism,134,1,3,,,,,50.0,,,50.0,,,,
granite,Individualism,135,1,1,,,,,75.0,,,50.0,,,,
granite,Individualism,135,1,2,,,,,75.0,,,50.0,,,,
granite,Individualism,135,1,3,,,,,75.0,,,50.0,,,,
granite,Individualism,136,1,1,,,,,75.0,,,50.0,,,,
granite,Individualism,136,1,2,,,,,75.0,,,50.0,,,,
granite,Individualism,136,1,3,,,,,75.0,,,50.0,,,,
granite,Individualism,138,1,1,,,,,50.0,,,25.0,,,,
granite,Individualism,138,1,2,,,,,50.0,,,25.0,,,,
granite,Individualism,138,1,3,,,,,50.0,,,25.0,,,,
granite,Individualism,139,1,1,,,,,100.0,,,0.0,,,,
granite,Individualism,139,1,2,,,,,100.0,,,0.0,,,,
granite,Individualism,139,1,3,,,,,100.0,,,0.0,,,,
granite,Individualism,140,1,1,,,,,50.0,,,50.0,,,,
granite,Individualism,140,1,2,,,,,50.0,,,50.0,,,,
granite,Individualism,140,1,3,,,,,50.0,,,50.0,,,,
granite,Individualism,145,1,1,,,,,75.0,,,0.0,,,,
granite,Individualism,145,1,2,,,,,75.0,,,0.0,,,,
granite,Individualism,145,1,3,,,,,75.0,,,0.0,,,,
granite,Individualism,147,1,1,,,,,100.0,,,25.0,,,,
granite,Individualism,147,1,2,,,,,100.0,,,25.0,,,,
granite,Individualism,147,1,3,,,,,100.0,,,25.0,,,,
granite,Individualism,149,1,1,,,,,50.0,,,50.0,,,,
granite,Individualism,149,1,2,,,,,50.0,,,50.0,,,,
granite,Individualism,149,1,3,,,,,50.0,,,50.0,,,,
granite,Individualism,15,1,1,,,,,0.0,,,0.0,,,,
granite,Individualism,15,1,2,,,,,0.0,,,0.0,,,,
granite,Individualism,15,1,3,,,,,0.0,,,0.0,,,,
granite,Individualism,151,1,1,,,,,75.0,,,100.0,,,,
granite,Individualism,151,1,2,,,,,75.0,,,100.0,,,,
granite,Individualism,151,1,3,,,,,75.0,,,100.0,,,,
granite,Individualism,152,1,1,,,,,50.0,,,50.0,,,,
granite,Individualism,152,1,2,,,,,50.0,,,50.0,,,,
granite,Individualism,152,1,3,,,,,50.0,,,50.0,,,,
granite,Individualism,158,1,1,,,,,75.0,,,50.0,,,,
granite,Individualism,158,1,2,,,,,75.0,,,50.0,,,,
granite,Individualism,158,1,3,,,,,75.0,,,50.0,,,,
granite,Individualism,159,1,1,,,,,50.0,,,50.0,,,,
granite,Individualism,159,1,2,,,,,50.0,,,50.0,,,,
granite,Individualism,159,1,3,,,,,50.0,,,50.0,,,,
granite,Individualism,16,1,1,,,,,50.0,,,25.0,,,,
granite,Individualism,16,1,2,,,,,50.0,,,25.0,,,,
granite,Individualism,16,1,3,,,,,50.0,,,25.0,,,,
granite,Individualism,163,1,1,,,,,75.0,,,75.0,,,,
granite,Individualism,163,1,2,,,,,75.0,,,75.0,,,,
granite,Individualism,163,1,3,,,,,75.0,,,75.0,,,,
granite,Individualism,165,1,1,,,,,50.0,,,50.0,,,,
granite,Individualism,165,1,2,,,,,50.0,,,50.0,,,,
granite,Individualism,165,1,3,,,,,50.0,,,50.0,,,,
granite,Individualism,166,1,1,,,,,50.0,,,50.0,,,,
granite,Individualism,166,1,2,,,,,50.0,,,50.0,,,,
granite,Individualism,166,1,3,,,,,50.0,,,50.0,,,,
granite,Individualism,167,1,1,,,,,50.0,,,75.0,,,,
granite,Individualism,167,1,2,,,,,50.0,,,75.0,,,,
granite,Individualism,167,1,3,,,,,50.0,,,75.0,,,,
granite,Individualism,169,1,1,,,,,50.0,,,50.0,,,,
granite,Individualism,169,1,2,,,,,50.0,,,50.0,,,,
granite,Individualism,169,1,3,,,,,50.0,,,50.0,,,,
granite,Individualism,17,1,1,,,,,75.0,,,100.0,,,,
granite,Individualism,17,1,2,,,,,75.0,,,100.0,,,,
granite,Individualism,17,1,3,,,,,75.0,,,100.0,,,,
granite,Individualism,171,1,1,,,,,50.0,,,50.0,,,,
granite,Individualism,171,1,2,,,,,50.0,,,50.0,,,,
granite,Individualism,171,1,3,,,,,50.0,,,50.0,,,,
granite,Individualism,173,1,1,,,,,50.0,,,50.0,,,,
granite,Individualism,173,1,2,,,,,50.0,,,50.0,,,,
granite,Individualism,173,1,3,,,,,50.0,,,50.0,,,,
granite,Individualism,176,1,1,,,,,50.0,,,50.0,,,,
granite,Individualism,176,1,2,,,,,50.0,,,50.0,,,,
granite,Individualism,176,1,3,,,,,50.0,,,50.0,,,,
granite,Individualism,178,1,1,,,,,50.0,,,50.0,,,,
granite,Individualism,178,1,2,,,,,50.0,,,50.0,,,,
granite,Individualism,178,1,3,,,,,50.0,,,50.0,,,,
granite,Individualism,179,1,1,,,,,100.0,,,50.0,,,,
granite,Individualism,179,1,2,,,,,100.0,,,50.0,,,,
granite,Individualism,179,1,3,,,,,100.0,,,50.0,,,,
granite,Individualism,18,1,1,,,,,75.0,,,50.0,,,,
granite,Individualism,18,1,2,,,,,75.0,,,50.0,,,,
granite,Individualism,18,1,3,,,,,75.0,,,50.0,,,,
granite,Individualism,180,1,1,,,,,75.0,,,25.0,,,,
granite,Individualism,180,1,2,,,,,75.0,,,25.0,,,,
granite,Individualism,180,1,3,,,,,75.0,,,25.0,,,,
granite,Individualism,182,1,1,,,,,100.0,,,50.0,,,,
granite,Individualism,182,1,2,,,,,100.0,,,50.0,,,,
granite,Individualism,182,1,3,,,,,100.0,,,50.0,,,,
granite,Individualism,184,1,1,,,,,50.0,,,50.0,,,,
granite,Individualism,184,1,2,,,,,50.0,,,50.0,,,,
granite,Individualism,184,1,3,,,,,50.0,,,50.0,,,,
granite,Individualism,187,1,1,,,,,75.0,,,75.0,,,,
granite,Individualism,187,1,2,,,,,75.0,,,75.0,,,,
granite,Individualism,187,1,3,,,,,75.0,,,75.0,,,,
granite,Individualism,189,1,1,,,,,75.0,,,75.0,,,,
granite,Individualism,189,1,2,,,,,75.0,,,75.0,,,,
granite,Individualism,189,1,3,,,,,75.0,,,75.0,,,,
granite,Individualism,19,1,1,,,,,50.0,,,75.0,,,,
granite,Individualism,19,1,2,,,,,50.0,,,75.0,,,,
granite,Individualism,19,1,3,,,,,50.0,,,75.0,,,,
granite,Individualism,190,1,1,,,,,50.0,,,50.0,,,,
granite,Individualism,190,1,2,,,,,50.0,,,50.0,,,,
granite,Individualism,190,1,3,,,,,50.0,,,50.0,,,,
granite,Individualism,192,1,1,,,,,50.0,,,50.0,,,,
granite,Individualism,192,1,2,,,,,50.0,,,50.0,,,,
granite,Individualism,192,1,3,,,,,50.0,,,50.0,,,,
granite,Individualism,195,1,1,,,,,100.0,,,50.0,,,,
granite,Individualism,195,1,2,,,,,100.0,,,50.0,,,,
granite,Individualism,195,1,3,,,,,100.0,,,50.0,,,,
granite,Individualism,197,1,1,,,,,75.0,,,50.0,,,,
granite,Individualism,197,1,2,,,,,75.0,,,50.0,,,,
granite,Individualism,197,1,3,,,,,75.0,,,50.0,,,,
granite,Individualism,198,1,1,,,,,50.0,,,50.0,,,,
granite,Individualism,198,1,2,,,,,50.0,,,50.0,,,,
granite,Individualism,198,1,3,,,,,50.0,,,50.0,,,,
granite,Individualism,2,1,1,,,,,50.0,,,50.0,,,,
granite,Individualism,2,1,2,,,,,50.0,,,50.0,,,,
granite,Individualism,2,1,3,,,,,50.0,,,50.0,,,,
granite,Individualism,20,1,1,,,,,100.0,,,50.0,,,,
granite,Individualism,20,1,2,,,,,100.0,,,50.0,,,,
granite,Individualism,20,1,3,,,,,100.0,,,50.0,,,,
granite,Individualism,202,1,1,,,,,50.0,,,50.0,,,,
granite,Individualism,202,1,2,,,,,50.0,,,50.0,,,,
granite,Individualism,202,1,3,,,,,50.0,,,50.0,,,,
granite,Individualism,203,1,1,,,,,50.0,,,25.0,,,,
granite,Individualism,203,1,2,,,,,50.0,,,25.0,,,,
granite,Individualism,203,1,3,,,,,50.0,,,25.0,,,,
granite,Individualism,204,1,1,,,,,50.0,,,50.0,,,,
granite,Individualism,204,1,2,,,,,50.0,,,50.0,,,,
granite,Individualism,204,1,3,,,,,50.0,,,50.0,,,,
granite,Individualism,207,1,1,,,,,75.0,,,100.0,,,,
granite,Individualism,207,1,2,,,,,75.0,,,100.0,,,,
granite,Individualism,207,1,3,,,,,75.0,,,100.0,,,,
granite,Individualism,208,1,1,,,,,50.0,,,50.0,,,,
granite,Individualism,208,1,2,,,,,50.0,,,50.0,,,,
granite,Individualism,208,1,3,,,,,50.0,,,50.0,,,,
granite,Individualism,21,1,1,,,,,50.0,,,25.0,,,,
granite,Individualism,21,1,2,,,,,50.0,,,25.0,,,,
granite,Individualism,21,1,3,,,,,50.0,,,25.0,,,,
granite,Individualism,216,1,1,,,,,75.0,,,75.0,,,,
granite,Individualism,216,1,2,,,,,75.0,,,75.0,,,,
granite,Individualism,216,1,3,,,,,75.0,,,75.0,,,,
granite,Individualism,217,1,1,,,,,100.0,,,50.0,,,,
granite,Individualism,217,1,2,,,,,100.0,,,50.0,,,,
granite,Individualism,217,1,3,,,,,100.0,,,50.0,,,,
granite,Individualism,223,1,1,,,,,50.0,,,50.0,,,,
granite,Individualism,223,1,2,,,,,50.0,,,50.0,,,,
granite,Individualism,223,1,3,,,,,50.0,,,50.0,,,,
granite,Individualism,226,1,1,,,,,100.0,,,75.0,,,,
granite,Individualism,226,1,2,,,,,100.0,,,75.0,,,,
granite,Individualism,226,1,3,,,,,100.0,,,75.0,,,,
granite,Individualism,228,1,1,,,,,75.0,,,50.0,,,,
granite,Individualism,228,1,2,,,,,75.0,,,50.0,,,,
granite,Individualism,228,1,3,,,,,75.0,,,50.0,,,,
granite,Individualism,232,1,1,,,,,50.0,,,0.0,,,,
granite,Individualism,232,1,2,,,,,50.0,,,0.0,,,,
granite,Individualism,232,1,3,,,,,50.0,,,0.0,,,,
granite,Individualism,235,1,1,,,,,75.0,,,75.0,,,,
granite,Individualism,235,1,2,,,,,75.0,,,75.0,,,,
granite,Individualism,235,1,3,,,,,75.0,,,75.0,,,,
granite,Individualism,24,1,1,,,,,75.0,,,25.0,,,,
granite,Individualism,24,1,2,,,,,75.0,,,25.0,,,,
granite,Individualism,24,1,3,,,,,75.0,,,25.0,,,,
granite,Individualism,242,1,1,,,,,50.0,,,50.0,,,,
granite,Individualism,242,1,2,,,,,50.0,,,50.0,,,,
granite,Individualism,242,1,3,,,,,50.0,,,50.0,,,,
granite,Individualism,27,1,1,,,,,50.0,,,75.0,,,,
granite,Individualism,27,1,2,,,,,50.0,,,75.0,,,,
granite,Individualism,27,1,3,,,,,50.0,,,75.0,,,,
granite,Individualism,29,1,1,,,,,50.0,,,50.0,,,,
granite,Individualism,29,1,2,,,,,50.0,,,50.0,,,,
granite,Individualism,29,1,3,,,,,50.0,,,50.0,,,,
granite,Individualism,3,1,1,,,,,75.0,,,50.0,,,,
granite,Individualism,3,1,2,,,,,75.0,,,50.0,,,,
granite,Individualism,3,1,3,,,,,75.0,,,50.0,,,,
granite,Individualism,31,1,1,,,,,50.0,,,50.0,,,,
granite,Individualism,31,1,2,,,,,50.0,,,50.0,,,,
granite,Individualism,31,1,3,,,,,50.0,,,50.0,,,,
granite,Individualism,34,1,1,,,,,50.0,,,50.0,,,,
granite,Individualism,34,1,2,,,,,50.0,,,50.0,,,,
granite,Individualism,34,1,3,,,,,50.0,,,50.0,,,,
granite,Individualism,36,1,1,,,,,75.0,,,75.0,,,,
granite,Individualism,36,1,2,,,,,75.0,,,75.0,,,,
granite,Individualism,36,1,3,,,,,75.0,,,75.0,,,,
granite,Individualism,37,1,1,,,,,75.0,,,75.0,,,,
granite,Individualism,37,1,2,,,,,75.0,,,75.0,,,,
granite,Individualism,37,1,3,,,,,75.0,,,75.0,,,,
granite,Individualism,38,1,1,,,,,75.0,,,25.0,,,,
granite,Individualism,38,1,2,,,,,75.0,,,25.0,,,,
granite,Individualism,38,1,3,,,,,75.0,,,25.0,,,,
granite,Individualism,39,1,1,,,,,50.0,,,50.0,,,,
granite,Individualism,39,1,2,,,,,50.0,,,50.0,,,,
granite,Individualism,39,1,3,,,,,50.0,,,50.0,,,,
granite,Individualism,4,1,1,,,,,50.0,,,50.0,,,,
granite,Individualism,4,1,2,,,,,50.0,,,50.0,,,,
granite,Individualism,4,1,3,,,,,50.0,,,50.0,,,,
granite,Individualism,40,1,1,,,,,50.0,,,50.0,,,,
granite,Individualism,40,1,2,,,,,50.0,,,50.0,,,,
granite,Individualism,40,1,3,,,,,50.0,,,50.0,,,,
granite,Individualism,42,1,1,,,,,50.0,,,50.0,,,,
granite,Individualism,42,1,2,,,,,50.0,,,50.0,,,,
granite,Individualism,42,1,3,,,,,50.0,,,50.0,,,,
granite,Individualism,43,1,1,,,,,50.0,,,50.0,,,,
granite,Individualism,43,1,2,,,,,50.0,,,50.0,,,,
granite,Individualism,43,1,3,,,,,50.0,,,50.0,,,,
granite,Individualism,44,1,1,,,,,100.0,,,50.0,,,,
granite,Individualism,44,1,2,,,,,100.0,,,50.0,,,,
granite,Individualism,44,1,3,,,,,100.0,,,50.0,,,,
granite,Individualism,47,1,1,,,,,25.0,,,25.0,,,,
granite,Individualism,47,1,2,,,,,25.0,,,25.0,,,,
granite,Individualism,47,1,3,,,,,25.0,,,25.0,,,,
granite,Individualism,48,1,1,,,,,75.0,,,75.0,,,,
granite,Individualism,48,1,2,,,,,75.0,,,75.0,,,,
granite,Individualism,48,1,3,,,,,75.0,,,75.0,,,,
granite,Individualism,49,1,1,,,,,50.0,,,50.0,,,,
granite,Individualism,49,1,2,,,,,50.0,,,50.0,,,,
granite,Individualism,49,1,3,,,,,50.0,,,50.0,,,,
granite,Individualism,5,1,1,,,,,100.0,,,100.0,,,,
granite,Individualism,5,1,2,,,,,100.0,,,100.0,,,,
granite,Individualism,5,1,3,,,,,100.0,,,100.0,,,,
granite,Individualism,50,1,1,,,,,50.0,,,50.0,,,,
granite,Individualism,50,1,2,,,,,50.0,,,50.0,,,,
granite,Individualism,50,1,3,,,,,50.0,,,50.0,,,,
granite,Individualism,51,1,1,,,,,50.0,,,50.0,,,,
granite,Individualism,51,1,2,,,,,50.0,,,50.0,,,,
granite,Individualism,51,1,3,,,,,50.0,,,50.0,,,,
granite,Individualism,53,1,1,,,,,50.0,,,50.0,,,,
granite,Individualism,53,1,2,,,,,50.0,,,50.0,,,,
granite,Individualism,53,1,3,,,,,50.0,,,50.0,,,,
granite,Individualism,54,1,1,,,,,50.0,,,50.0,,,,
granite,Individualism,54,1,2,,,,,50.0,,,50.0,,,,
granite,Individualism,54,1,3,,,,,50.0,,,50.0,,,,
granite,Individualism,55,1,1,,,,,50.0,,,50.0,,,,
granite,Individualism,55,1,2,,,,,50.0,,,50.0,,,,
granite,Individualism,55,1,3,,,,,50.0,,,50.0,,,,
granite,Individualism,56,1,1,,,,,75.0,,,100.0,,,,
granite,Individualism,56,1,2,,,,,75.0,,,100.0,,,,
granite,Individualism,56,1,3,,,,,75.0,,,100.0,,,,
granite,Individualism,57,1,1,,,,,100.0,,,100.0,,,,
granite,Individualism,57,1,2,,,,,100.0,,,100.0,,,,
granite,Individualism,57,1,3,,,,,100.0,,,100.0,,,,
granite,Individualism,58,1,1,,,,,75.0,,,50.0,,,,
granite,Individualism,58,1,2,,,,,75.0,,,50.0,,,,
granite,Individualism,58,1,3,,,,,75.0,,,50.0,,,,
granite,Individualism,59,1,1,,,,,25.0,,,75.0,,,,
granite,Individualism,59,1,2,,,,,25.0,,,75.0,,,,
granite,Individualism,59,1,3,,,,,25.0,,,75.0,,,,
granite,Individualism,60,1,1,,,,,0.0,,,0.0,,,,
granite,Individualism,60,1,2,,,,,0.0,,,0.0,,,,
granite,Individualism,60,1,3,,,,,0.0,,,0.0,,,,
granite,Individualism,61,1,1,,,,,75.0,,,75.0,,,,
granite,Individualism,61,1,2,,,,,75.0,,,75.0,,,,
granite,Individualism,61,1,3,,,,,75.0,,,75.0,,,,
granite,Individualism,62,1,1,,,,,50.0,,,50.0,,,,
granite,Individualism,62,1,2,,,,,50.0,,,50.0,,,,
granite,Individualism,62,1,3,,,,,50.0,,,50.0,,,,
granite,Individualism,63,1,1,,,,,25.0,,,25.0,,,,
granite,Individualism,63,1,2,,,,,25.0,,,25.0,,,,
granite,Individualism,63,1,3,,,,,25.0,,,25.0,,,,
granite,Individualism,64,1,1,,,,,75.0,,,75.0,,,,
granite,Individualism,64,1,2,,,,,75.0,,,75.0,,,,
granite,Individualism,64,1,3,,,,,75.0,,,75.0,,,,
granite,Individualism,66,1,1,,,,,50.0,,,50.0,,,,
granite,Individualism,66,1,2,,,,,50.0,,,50.0,,,,
granite,Individualism,66,1,3,,,,,50.0,,,50.0,,,,
granite,Individualism,67,1,1,,,,,100.0,,,50.0,,,,
granite,Individualism,67,1,2,,,,,100.0,,,50.0,,,,
granite,Individualism,67,1,3,,,,,100.0,,,50.0,,,,
granite,Individualism,70,1,1,,,,,75.0,,,50.0,,,,
granite,Individualism,70,1,2,,,,,75.0,,,50.0,,,,
granite,Individualism,70,1,3,,,,,75.0,,,50.0,,,,
granite,Individualism,72,1,1,,,,,75.0,,,0.0,,,,
granite,Individualism,72,1,2,,,,,75.0,,,0.0,,,,
granite,Individualism,72,1,3,,,,,75.0,,,0.0,,,,
granite,Individualism,73,1,1,,,,,75.0,,,50.0,,,,
granite,Individualism,73,1,2,,,,,75.0,,,50.0,,,,
granite,Individualism,73,1,3,,,,,75.0,,,50.0,,,,
granite,Individualism,78,1,1,,,,,50.0,,,50.0,,,,
granite,Individualism,78,1,2,,,,,50.0,,,50.0,,,,
granite,Individualism,78,1,3,,,,,50.0,,,50.0,,,,
granite,Individualism,79,1,1,,,,,50.0,,,50.0,,,,
granite,Individualism,79,1,2,,,,,50.0,,,50.0,,,,
granite,Individualism,79,1,3,,,,,50.0,,,50.0,,,,
granite,Individualism,8,1,1,,,,,50.0,,,0.0,,,,
granite,Individualism,8,1,2,,,,,50.0,,,0.0,,,,
granite,Individualism,8,1,3,,,,,50.0,,,0.0,,,,
granite,Individualism,80,1,1,,,,,50.0,,,50.0,,,,
granite,Individualism,80,1,2,,,,,50.0,,,50.0,,,,
granite,Individualism,80,1,3,,,,,50.0,,,50.0,,,,
granite,Individualism,81,1,1,,,,,75.0,,,50.0,,,,
granite,Individualism,81,1,2,,,,,75.0,,,50.0,,,,
granite,Individualism,81,1,3,,,,,75.0,,,50.0,,,,
granite,Individualism,84,1,1,,,,,50.0,,,50.0,,,,
granite,Individualism,84,1,2,,,,,50.0,,,50.0,,,,
granite,Individualism,84,1,3,,,,,50.0,,,50.0,,,,
granite,Individualism,85,1,1,,,,,75.0,,,75.0,,,,
granite,Individualism,85,1,2,,,,,75.0,,,75.0,,,,
granite,Individualism,85,1,3,,,,,75.0,,,75.0,,,,
granite,Individualism,88,1,1,,,,,75.0,,,50.0,,,,
granite,Individualism,88,1,2,,,,,75.0,,,50.0,,,,
granite,Individualism,88,1,3,,,,,75.0,,,50.0,,,,
granite,Individualism,9,1,1,,,,,75.0,,,0.0,,,,
granite,Individualism,9,1,2,,,,,75.0,,,0.0,,,,
granite,Individualism,9,1,3,,,,,75.0,,,0.0,,,,
granite,Individualism,90,1,1,,,,,50.0,,,50.0,,,,
granite,Individualism,90,1,2,,,,,50.0,,,50.0,,,,
granite,Individualism,90,1,3,,,,,50.0,,,50.0,,,,
granite,Individualism,97,1,1,,,,,75.0,,,75.0,,,,
granite,Individualism,97,1,2,,,,,75.0,,,75.0,,,,
granite,Individualism,97,1,3,,,,,75.0,,,75.0,,,,
granite,Individualism,98,1,1,,,,,25.0,,,0.0,,,,
granite,Individualism,98,1,2,,,,,25.0,,,0.0,,,,
granite,Individualism,98,1,3,,,,,25.0,,,0.0,,,,
granite,Individualism,99,1,1,,,,,50.0,,,25.0,,,,
granite,Individualism,99,1,2,,,,,50.0,,,25.0,,,,
granite,Individualism,99,1,3,,,,,50.0,,,25.0,,,,
granite,Indulgence,474,1,1,,,,,25.0,,,25.0,,,,
granite,Indulgence,474,1,2,,,,,25.0,,,25.0,,,,
granite,Indulgence,474,1,3,,,,,25.0,,,25.0,,,,
granite,Indulgence,476,1,1,,,,,25.0,,,50.0,,,,
granite,Indulgence,476,1,2,,,,,25.0,,,50.0,,,,
granite,Indulgence,476,1,3,,,,,25.0,,,50.0,,,,
granite,Indulgence,477,1,1,,,,,50.0,,,25.0,,,,
granite,Indulgence,477,1,2,,,,,50.0,,,25.0,,,,
granite,Indulgence,477,1,3,,,,,50.0,,,25.0,,,,
granite,Indulgence,478,1,1,,,,,0.0,,,0.0,,,,
granite,Indulgence,478,1,2,,,,,0.0,,,0.0,,,,
granite,Indulgence,478,1,3,,,,,0.0,,,0.0,,,,
granite,Indulgence,479,1,1,,,,,50.0,,,50.0,,,,
granite,Indulgence,479,1,2,,,,,50.0,,,50.0,,,,
granite,Indulgence,479,1,3,,,,,50.0,,,50.0,,,,
granite,Indulgence,481,1,1,,,,,50.0,,,50.0,,,,
granite,Indulgence,481,1,2,,,,,50.0,,,50.0,,,,
granite,Indulgence,481,1,3,,,,,50.0,,,50.0,,,,
granite,Indulgence,482,1,1,,,,,50.0,,,50.0,,,,
granite,Indulgence,482,1,2,,,,,50.0,,,50.0,,,,
granite,Indulgence,482,1,3,,,,,50.0,,,50.0,,,,
granite,Indulgence,483,1,1,,,,,25.0,,,50.0,,,,
granite,Indulgence,483,1,2,,,,,25.0,,,50.0,,,,
granite,Indulgence,483,1,3,,,,,25.0,,,50.0,,,,
granite,Indulgence,484,1,1,,,,,25.0,,,50.0,,,,
granite,Indulgence,484,1,2,,,,,25.0,,,50.0,,,,
granite,Indulgence,484,1,3,,,,,25.0,,,50.0,,,,
granite,Indulgence,485,1,1,,,,,50.0,,,25.0,,,,
granite,Indulgence,485,1,2,,,,,50.0,,,25.0,,,,
granite,Indulgence,485,1,3,,,,,50.0,,,25.0,,,,
granite,Indulgence,486,1,1,,,,,25.0,,,50.0,,,,
granite,Indulgence,486,1,2,,,,,25.0,,,50.0,,,,
granite,Indulgence,486,1,3,,,,,25.0,,,50.0,,,,
granite,Indulgence,487,1,1,,,,,25.0,,,25.0,,,,
granite,Indulgence,487,1,2,,,,,25.0,,,25.0,,,,
granite,Indulgence,487,1,3,,,,,25.0,,,25.0,,,,
granite,Indulgence,490,1,1,,,,,50.0,,,75.0,,,,
granite,Indulgence,490,1,2,,,,,50.0,,,75.0,,,,
granite,Indulgence,490,1,3,,,,,50.0,,,75.0,,,,
granite,Indulgence,492,1,1,,,,,50.0,,,50.0,,,,
granite,Indulgence,492,1,2,,,,,50.0,,,50.0,,,,
granite,Indulgence,492,1,3,,,,,50.0,,,50.0,,,,
granite,Indulgence,493,1,1,,,,,25.0,,,0.0,,,,
granite,Indulgence,493,1,2,,,,,25.0,,,0.0,,,,
granite,Indulgence,493,1,3,,,,,25.0,,,0.0,,,,
granite,Indulgence,494,1,1,,,,,25.0,,,25.0,,,,
granite,Indulgence,494,1,2,,,,,25.0,,,25.0,,,,
granite,Indulgence,494,1,3,,,,,25.0,,,25.0,,,,
granite,Indulgence,495,1,1,,,,,50.0,,,25.0,,,,
granite,Indulgence,495,1,2,,,,,50.0,,,25.0,,,,
granite,Indulgence,495,1,3,,,,,50.0,,,25.0,,,,
granite,Indulgence,496,1,1,,,,,50.0,,,50.0,,,,
granite,Indulgence,496,1,2,,,,,50.0,,,50.0,,,,
granite,Indulgence,496,1,3,,,,,50.0,,,50.0,,,,
granite,Indulgence,497,1,1,,,,,50.0,,,50.0,,,,
granite,Indulgence,497,1,2,,,,,50.0,,,50.0,,,,
granite,Indulgence,497,1,3,,,,,50.0,,,50.0,,,,
granite,Indulgence,498,1,1,,,,,50.0,,,50.0,,,,
granite,Indulgence,498,1,2,,,,,50.0,,,50.0,,,,
granite,Indulgence,498,1,3,,,,,50.0,,,50.0,,,,
granite,Indulgence,499,1,1,,,,,50.0,,,50.0,,,,
granite,Indulgence,499,1,2,,,,,50.0,,,50.0,,,,
granite,Indulgence,499,1,3,,,,,50.0,,,50.0,,,,
granite,Indulgence,500,1,1,,,,,25.0,,,25.0,,,,
granite,Indulgence,500,1,2,,,,,25.0,,,25.0,,,,
granite,Indulgence,500,1,3,,,,,25.0,,,25.0,,,,
granite,Indulgence,503,1,1,,,,,50.0,,,50.0,,,,
granite,Indulgence,503,1,2,,,,,50.0,,,50.0,,,,
granite,Indulgence,503,1,3,,,,,50.0,,,50.0,,,,
granite,Indulgence,505,1,1,,,,,0.0,,,0.0,,,,
granite,Indulgence,505,1,2,,,,,0.0,,,0.0,,,,
granite,Indulgence,505,1,3,,,,,0.0,,,0.0,,,,
granite,Indulgence,508,1,1,,,,,50.0,,,50.0,,,,
granite,Indulgence,508,1,2,,,,,50.0,,,50.0,,,,
granite,Indulgence,508,1,3,,,,,50.0,,,50.0,,,,
granite,Indulgence,509,1,1,,,,,25.0,,,25.0,,,,
granite,Indulgence,509,1,2,,,,,25.0,,,25.0,,,,
granite,Indulgence,509,1,3,,,,,25.0,,,25.0,,,,
granite,Indulgence,510,1,1,,,,,50.0,,,50.0,,,,
granite,Indulgence,510,1,2,,,,,50.0,,,50.0,,,,
granite,Indulgence,510,1,3,,,,,50.0,,,50.0,,,,
granite,Indulgence,511,1,1,,,,,50.0,,,50.0,,,,
granite,Indulgence,511,1,2,,,,,50.0,,,50.0,,,,
granite,Indulgence,511,1,3,,,,,50.0,,,50.0,,,,
granite,Indulgence,512,1,1,,,,,25.0,,,50.0,,,,
granite,Indulgence,512,1,2,,,,,25.0,,,50.0,,,,
granite,Indulgence,512,1,3,,,,,25.0,,,50.0,,,,
granite,Indulgence,514,1,1,,,,,50.0,,,50.0,,,,
granite,Indulgence,514,1,2,,,,,50.0,,,50.0,,,,
granite,Indulgence,514,1,3,,,,,50.0,,,50.0,,,,
granite,Indulgence,517,1,1,,,,,0.0,,,25.0,,,,
granite,Indulgence,517,1,2,,,,,0.0,,,25.0,,,,
granite,Indulgence,517,1,3,,,,,0.0,,,25.0,,,,
granite,Indulgence,518,1,1,,,,,25.0,,,50.0,,,,
granite,Indulgence,518,1,2,,,,,25.0,,,50.0,,,,
granite,Indulgence,518,1,3,,,,,25.0,,,50.0,,,,
granite,Indulgence,521,1,1,,,,,25.0,,,50.0,,,,
granite,Indulgence,521,1,2,,,,,25.0,,,50.0,,,,
granite,Indulgence,521,1,3,,,,,25.0,,,50.0,,,,
granite,Indulgence,522,1,1,,,,,25.0,,,25.0,,,,
granite,Indulgence,522,1,2,,,,,25.0,,,25.0,,,,
granite,Indulgence,522,1,3,,,,,25.0,,,25.0,,,,
granite,Indulgence,523,1,1,,,,,50.0,,,50.0,,,,
granite,Indulgence,523,1,2,,,,,50.0,,,50.0,,,,
granite,Indulgence,523,1,3,,,,,50.0,,,50.0,,,,
granite,Indulgence,524,1,1,,,,,25.0,,,25.0,,,,
granite,Indulgence,524,1,2,,,,,25.0,,,25.0,,,,
granite,Indulgence,524,1,3,,,,,25.0,,,25.0,,,,
granite,Indulgence,526,1,1,,,,,50.0,,,50.0,,,,
granite,Indulgence,526,1,2,,,,,50.0,,,50.0,,,,
granite,Indulgence,526,1,3,,,,,50.0,,,50.0,,,,
granite,Indulgence,527,1,1,,,,,25.0,,,25.0,,,,
granite,Indulgence,527,1,2,,,,,25.0,,,25.0,,,,
granite,Indulgence,527,1,3,,,,,25.0,,,25.0,,,,
granite,Indulgence,530,1,1,,,,,25.0,,,25.0,,,,
granite,Indulgence,530,1,2,,,,,25.0,,,25.0,,,,
granite,Indulgence,530,1,3,,,,,25.0,,,25.0,,,,
granite,Indulgence,531,1,1,,,,,75.0,,,50.0,,,,
granite,Indulgence,531,1,2,,,,,75.0,,,50.0,,,,
granite,Indulgence,531,1,3,,,,,75.0,,,50.0,,,,
granite,Indulgence,532,1,1,,,,,25.0,,,50.0,,,,
granite,Indulgence,532,1,2,,,,,25.0,,,50.0,,,,
granite,Indulgence,532,1,3,,,,,25.0,,,50.0,,,,
granite,Indulgence,534,1,1,,,,,50.0,,,50.0,,,,
granite,Indulgence,534,1,2,,,,,50.0,,,50.0,,,,
granite,Indulgence,534,1,3,,,,,50.0,,,50.0,,,,
granite,Indulgence,539,1,1,,,,,25.0,,,0.0,,,,
granite,Indulgence,539,1,2,,,,,25.0,,,0.0,,,,
granite,Indulgence,539,1,3,,,,,25.0,,,0.0,,,,
granite,Indulgence,540,1,1,,,,,50.0,,,50.0,,,,
granite,Indulgence,540,1,2,,,,,50.0,,,50.0,,,,
granite,Indulgence,540,1,3,,,,,50.0,,,50.0,,,,
granite,Indulgence,541,1,1,,,,,50.0,,,50.0,,,,
granite,Indulgence,541,1,2,,,,,50.0,,,50.0,,,,
granite,Indulgence,541,1,3,,,,,50.0,,,50.0,,,,
granite,Indulgence,543,1,1,,,,,25.0,,,50.0,,,,
granite,Indulgence,543,1,2,,,,,25.0,,,50.0,,,,
granite,Indulgence,543,1,3,,,,,25.0,,,50.0,,,,
granite,Indulgence,545,1,1,,,,,25.0,,,25.0,,,,
granite,Indulgence,545,1,2,,,,,25.0,,,25.0,,,,
granite,Indulgence,545,1,3,,,,,25.0,,,25.0,,,,
granite,Indulgence,546,1,1,,,,,0.0,,,0.0,,,,
granite,Indulgence,546,1,2,,,,,0.0,,,0.0,,,,
granite,Indulgence,546,1,3,,,,,0.0,,,0.0,,,,
granite,Indulgence,550,1,1,,,,,25.0,,,25.0,,,,
granite,Indulgence,550,1,2,,,,,25.0,,,25.0,,,,
granite,Indulgence,550,1,3,,,,,25.0,,,25.0,,,,
granite,Indulgence,551,1,1,,,,,50.0,,,50.0,,,,
granite,Indulgence,551,1,2,,,,,50.0,,,50.0,,,,
granite,Indulgence,551,1,3,,,,,50.0,,,50.0,,,,
granite,Indulgence,552,1,1,,,,,75.0,,,75.0,,,,
granite,Indulgence,552,1,2,,,,,75.0,,,75.0,,,,
granite,Indulgence,552,1,3,,,,,75.0,,,75.0,,,,
granite,Indulgence,553,1,1,,,,,25.0,,,50.0,,,,
granite,Indulgence,553,1,2,,,,,25.0,,,50.0,,,,
granite,Indulgence,553,1,3,,,,,25.0,,,50.0,,,,
granite,Indulgence,554,1,1,,,,,50.0,,,50.0,,,,
granite,Indulgence,554,1,2,,,,,50.0,,,50.0,,,,
granite,Indulgence,554,1,3,,,,,50.0,,,50.0,,,,
granite,Indulgence,555,1,1,,,,,75.0,,,75.0,,,,
granite,Indulgence,555,1,2,,,,,75.0,,,75.0,,,,
granite,Indulgence,555,1,3,,,,,75.0,,,75.0,,,,
granite,Indulgence,557,1,1,,,,,25.0,,,25.0,,,,
granite,Indulgence,557,1,2,,,,,25.0,,,25.0,,,,
granite,Indulgence,557,1,3,,,,,25.0,,,25.0,,,,
granite,Indulgence,558,1,1,,,,,50.0,,,50.0,,,,
granite,Indulgence,558,1,2,,,,,50.0,,,50.0,,,,
granite,Indulgence,558,1,3,,,,,50.0,,,50.0,,,,
granite,Indulgence,560,1,1,,,,,25.0,,,25.0,,,,
granite,Indulgence,560,1,2,,,,,25.0,,,25.0,,,,
granite,Indulgence,560,1,3,,,,,25.0,,,25.0,,,,
granite,Indulgence,561,1,1,,,,,25.0,,,25.0,,,,
granite,Indulgence,561,1,2,,,,,25.0,,,25.0,,,,
granite,Indulgence,561,1,3,,,,,25.0,,,25.0,,,,
granite,Indulgence,563,1,1,,,,,50.0,,,0.0,,,,
granite,Indulgence,563,1,2,,,,,50.0,,,0.0,,,,
granite,Indulgence,563,1,3,,,,,50.0,,,0.0,,,,
granite,Indulgence,564,1,1,,,,,0.0,,,25.0,,,,
granite,Indulgence,564,1,2,,,,,0.0,,,25.0,,,,
granite,Indulgence,564,1,3,,,,,0.0,,,25.0,,,,
granite,Indulgence,565,1,1,,,,,25.0,,,0.0,,,,
granite,Indulgence,565,1,2,,,,,25.0,,,0.0,,,,
granite,Indulgence,565,1,3,,,,,25.0,,,0.0,,,,
granite,Indulgence,566,1,1,,,,,50.0,,,50.0,,,,
granite,Indulgence,566,1,2,,,,,50.0,,,50.0,,,,
granite,Indulgence,566,1,3,,,,,50.0,,,50.0,,,,
granite,Indulgence,567,1,1,,,,,25.0,,,25.0,,,,
granite,Indulgence,567,1,2,,,,,25.0,,,25.0,,,,
granite,Indulgence,567,1,3,,,,,25.0,,,25.0,,,,
granite,Indulgence,568,1,1,,,,,0.0,,,0.0,,,,
granite,Indulgence,568,1,2,,,,,0.0,,,0.0,,,,
granite,Indulgence,568,1,3,,,,,0.0,,,0.0,,,,
granite,Indulgence,569,1,1,,,,,25.0,,,25.0,,,,
granite,Indulgence,569,1,2,,,,,25.0,,,25.0,,,,
granite,Indulgence,569,1,3,,,,,25.0,,,25.0,,,,
granite,Indulgence,570,1,1,,,,,75.0,,,50.0,,,,
granite,Indulgence,570,1,2,,,,,75.0,,,50.0,,,,
granite,Indulgence,570,1,3,,,,,75.0,,,50.0,,,,
granite,Indulgence,571,1,1,,,,,50.0,,,25.0,,,,
granite,Indulgence,571,1,2,,,,,50.0,,,25.0,,,,
granite,Indulgence,571,1,3,,,,,50.0,,,25.0,,,,
granite,Indulgence,572,1,1,,,,,25.0,,,25.0,,,,
granite,Indulgence,572,1,2,,,,,25.0,,,25.0,,,,
granite,Indulgence,572,1,3,,,,,25.0,,,25.0,,,,
granite,Indulgence,573,1,1,,,,,25.0,,,25.0,,,,
granite,Indulgence,573,1,2,,,,,25.0,,,25.0,,,,
granite,Indulgence,573,1,3,,,,,25.0,,,25.0,,,,
granite,Indulgence,574,1,1,,,,,25.0,,,25.0,,,,
granite,Indulgence,574,1,2,,,,,25.0,,,25.0,,,,
granite,Indulgence,574,1,3,,,,,25.0,,,25.0,,,,
granite,Indulgence,575,1,1,,,,,25.0,,,25.0,,,,
granite,Indulgence,575,1,2,,,,,25.0,,,25.0,,,,
granite,Indulgence,575,1,3,,,,,25.0,,,25.0,,,,
granite,Indulgence,576,1,1,,,,,50.0,,,50.0,,,,
granite,Indulgence,576,1,2,,,,,50.0,,,50.0,,,,
granite,Indulgence,576,1,3,,,,,50.0,,,50.0,,,,
granite,Indulgence,578,1,1,,,,,25.0,,,25.0,,,,
granite,Indulgence,578,1,2,,,,,25.0,,,25.0,,,,
granite,Indulgence,578,1,3,,,,,25.0,,,25.0,,,,
granite,Indulgence,579,1,1,,,,,50.0,,,25.0,,,,
granite,Indulgence,579,1,2,,,,,50.0,,,25.0,,,,
granite,Indulgence,579,1,3,,,,,50.0,,,25.0,,,,
granite,Indulgence,581,1,1,,,,,50.0,,,50.0,,,,
granite,Indulgence,581,1,2,,,,,50.0,,,50.0,,,,
granite,Indulgence,581,1,3,,,,,50.0,,,50.0,,,,
granite,Indulgence,582,1,1,,,,,0.0,,,0.0,,,,
granite,Indulgence,582,1,2,,,,,0.0,,,0.0,,,,
granite,Indulgence,582,1,3,,,,,0.0,,,0.0,,,,
granite,Indulgence,584,1,1,,,,,25.0,,,0.0,,,,
granite,Indulgence,584,1,2,,,,,25.0,,,0.0,,,,
granite,Indulgence,584,1,3,,,,,25.0,,,0.0,,,,
granite,Indulgence,585,1,1,,,,,25.0,,,50.0,,,,
granite,Indulgence,585,1,2,,,,,25.0,,,50.0,,,,
granite,Indulgence,585,1,3,,,,,25.0,,,50.0,,,,
granite,Indulgence,589,1,1,,,,,25.0,,,25.0,,,,
granite,Indulgence,589,1,2,,,,,25.0,,,25.0,,,,
granite,Indulgence,589,1,3,,,,,25.0,,,25.0,,,,
granite,Indulgence,590,1,1,,,,,50.0,,,75.0,,,,
granite,Indulgence,590,1,2,,,,,50.0,,,75.0,,,,
granite,Indulgence,590,1,3,,,,,50.0,,,75.0,,,,
granite,Indulgence,591,1,1,,,,,75.0,,,50.0,,,,
granite,Indulgence,591,1,2,,,,,75.0,,,50.0,,,,
granite,Indulgence,591,1,3,,,,,75.0,,,50.0,,,,
granite,Indulgence,592,1,1,,,,,50.0,,,50.0,,,,
granite,Indulgence,592,1,2,,,,,50.0,,,50.0,,,,
granite,Indulgence,592,1,3,,,,,50.0,,,50.0,,,,
granite,Indulgence,594,1,1,,,,,50.0,,,50.0,,,,
granite,Indulgence,594,1,2,,,,,50.0,,,50.0,,,,
granite,Indulgence,594,1,3,,,,,50.0,,,50.0,,,,
granite,Indulgence,596,1,1,,,,,50.0,,,50.0,,,,
granite,Indulgence,596,1,2,,,,,50.0,,,50.0,,,,
granite,Indulgence,596,1,3,,,,,50.0,,,50.0,,,,
granite,Indulgence,597,1,1,,,,,50.0,,,50.0,,,,
granite,Indulgence,597,1,2,,,,,50.0,,,50.0,,,,
granite,Indulgence,597,1,3,,,,,50.0,,,50.0,,,,
granite,Indulgence,599,1,1,,,,,50.0,,,50.0,,,,
granite,Indulgence,599,1,2,,,,,50.0,,,50.0,,,,
granite,Indulgence,599,1,3,,,,,50.0,,,50.0,,,,
granite,Indulgence,601,1,1,,,,,50.0,,,50.0,,,,
granite,Indulgence,601,1,2,,,,,50.0,,,50.0,,,,
granite,Indulgence,601,1,3,,,,,50.0,,,50.0,,,,
granite,Indulgence,602,1,1,,,,,25.0,,,25.0,,,,
granite,Indulgence,602,1,2,,,,,25.0,,,25.0,,,,
granite,Indulgence,602,1,3,,,,,25.0,,,25.0,,,,
granite,Indulgence,605,1,1,,,,,25.0,,,25.0,,,,
granite,Indulgence,605,1,2,,,,,25.0,,,25.0,,,,
granite,Indulgence,605,1,3,,,,,25.0,,,25.0,,,,
granite,Indulgence,608,1,1,,,,,75.0,,,50.0,,,,
granite,Indulgence,608,1,2,,,,,75.0,,,50.0,,,,
granite,Indulgence,608,1,3,,,,,75.0,,,50.0,,,,
granite,Indulgence,609,1,1,,,,,0.0,,,0.0,,,,
granite,Indulgence,609,1,2,,,,,0.0,,,0.0,,,,
granite,Indulgence,609,1,3,,,,,0.0,,,0.0,,,,
granite,Indulgence,611,1,1,,,,,50.0,,,50.0,,,,
granite,Indulgence,611,1,2,,,,,50.0,,,50.0,,,,
granite,Indulgence,611,1,3,,,,,50.0,,,50.0,,,,
granite,Indulgence,612,1,1,,,,,25.0,,,0.0,,,,
granite,Indulgence,612,1,2,,,,,25.0,,,0.0,,,,
granite,Indulgence,612,1,3,,,,,25.0,,,0.0,,,,
granite,Indulgence,614,1,1,,,,,50.0,,,50.0,,,,
granite,Indulgence,614,1,2,,,,,50.0,,,50.0,,,,
granite,Indulgence,614,1,3,,,,,50.0,,,50.0,,,,
granite,Indulgence,618,1,1,,,,,25.0,,,25.0,,,,
granite,Indulgence,618,1,2,,,,,25.0,,,25.0,,,,
granite,Indulgence,618,1,3,,,,,25.0,,,25.0,,,,
granite,Indulgence,619,1,1,,,,,50.0,,,50.0,,,,
granite,Indulgence,619,1,2,,,,,50.0,,,50.0,,,,
granite,Indulgence,619,1,3,,,,,50.0,,,50.0,,,,
granite,Indulgence,620,1,1,,,,,25.0,,,25.0,,,,
granite,Indulgence,620,1,2,,,,,25.0,,,25.0,,,,
granite,Indulgence,620,1,3,,,,,25.0,,,25.0,,,,
granite,Indulgence,621,1,1,,,,,25.0,,,25.0,,,,
granite,Indulgence,621,1,2,,,,,25.0,,,25.0,,,,
granite,Indulgence,621,1,3,,,,,25.0,,,25.0,,,,
granite,Indulgence,622,1,1,,,,,50.0,,,25.0,,,,
granite,Indulgence,622,1,2,,,,,50.0,,,25.0,,,,
granite,Indulgence,622,1,3,,,,,50.0,,,25.0,,,,
granite,Indulgence,623,1,1,,,,,50.0,,,50.0,,,,
granite,Indulgence,623,1,2,,,,,50.0,,,50.0,,,,
granite,Indulgence,623,1,3,,,,,50.0,,,50.0,,,,
granite,Indulgence,624,1,1,,,,,50.0,,,50.0,,,,
granite,Indulgence,624,1,2,,,,,50.0,,,50.0,,,,
granite,Indulgence,624,1,3,,,,,50.0,,,50.0,,,,
granite,Indulgence,627,1,1,,,,,50.0,,,25.0,,,,
granite,Indulgence,627,1,2,,,,,50.0,,,25.0,,,,
granite,Indulgence,627,1,3,,,,,50.0,,,25.0,,,,
granite,Indulgence,630,1,1,,,,,25.0,,,50.0,,,,
granite,Indulgence,630,1,2,,,,,25.0,,,50.0,,,,
granite,Indulgence,630,1,3,,,,,25.0,,,50.0,,,,
granite,Indulgence,636,1,1,,,,,50.0,,,50.0,,,,
granite,Indulgence,636,1,2,,,,,50.0,,,50.0,,,,
granite,Indulgence,636,1,3,,,,,50.0,,,50.0,,,,
granite,Indulgence,637,1,1,,,,,50.0,,,50.0,,,,
granite,Indulgence,637,1,2,,,,,50.0,,,50.0,,,,
granite,Indulgence,637,1,3,,,,,50.0,,,50.0,,,,
granite,Indulgence,639,1,1,,,,,50.0,,,25.0,,,,
granite,Indulgence,639,1,2,,,,,50.0,,,25.0,,,,
granite,Indulgence,639,1,3,,,,,50.0,,,25.0,,,,
granite,Indulgence,641,1,1,,,,,50.0,,,50.0,,,,
granite,Indulgence,641,1,2,,,,,50.0,,,50.0,,,,
granite,Indulgence,641,1,3,,,,,50.0,,,50.0,,,,
granite,Indulgence,642,1,1,,,,,25.0,,,25.0,,,,
granite,Indulgence,642,1,2,,,,,25.0,,,25.0,,,,
granite,Indulgence,642,1,3,,,,,25.0,,,25.0,,,,
granite,Indulgence,643,1,1,,,,,25.0,,,25.0,,,,
granite,Indulgence,643,1,2,,,,,25.0,,,25.0,,,,
granite,Indulgence,643,1,3,,,,,25.0,,,25.0,,,,
granite,Indulgence,644,1,1,,,,,50.0,,,25.0,,,,
granite,Indulgence,644,1,2,,,,,50.0,,,25.0,,,,
granite,Indulgence,644,1,3,,,,,50.0,,,25.0,,,,
granite,Indulgence,646,1,1,,,,,25.0,,,25.0,,,,
granite,Indulgence,646,1,2,,,,,25.0,,,25.0,,,,
granite,Indulgence,646,1,3,,,,,25.0,,,25.0,,,,
granite,Indulgence,647,1,1,,,,,50.0,,,50.0,,,,
granite,Indulgence,647,1,2,,,,,50.0,,,50.0,,,,
granite,Indulgence,647,1,3,,,,,50.0,,,50.0,,,,
granite,Indulgence,649,1,1,,,,,25.0,,,50.0,,,,
granite,Indulgence,649,1,2,,,,,25.0,,,50.0,,,,
granite,Indulgence,649,1,3,,,,,25.0,,,50.0,,,,
granite,Indulgence,650,1,1,,,,,50.0,,,50.0,,,,
granite,Indulgence,650,1,2,,,,,50.0,,,50.0,,,,
granite,Indulgence,650,1,3,,,,,50.0,,,50.0,,,,
granite,Indulgence,653,1,1,,,,,75.0,,,75.0,,,,
granite,Indulgence,653,1,2,,,,,75.0,,,75.0,,,,
granite,Indulgence,653,1,3,,,,,75.0,,,75.0,,,,
granite,Indulgence,655,1,1,,,,,25.0,,,25.0,,,,
granite,Indulgence,655,1,2,,,,,25.0,,,25.0,,,,
granite,Indulgence,655,1,3,,,,,25.0,,,25.0,,,,
granite,Indulgence,656,1,1,,,,,50.0,,,50.0,,,,
granite,Indulgence,656,1,2,,,,,50.0,,,50.0,,,,
granite,Indulgence,656,1,3,,,,,50.0,,,50.0,,,,
granite,Indulgence,658,1,1,,,,,50.0,,,50.0,,,,
granite,Indulgence,658,1,2,,,,,50.0,,,50.0,,,,
granite,Indulgence,658,1,3,,,,,50.0,,,50.0,,,,
granite,Indulgence,661,1,1,,,,,50.0,,,50.0,,,,
granite,Indulgence,661,1,2,,,,,50.0,,,50.0,,,,
granite,Indulgence,661,1,3,,,,,50.0,,,50.0,,,,
granite,Indulgence,664,1,1,,,,,25.0,,,25.0,,,,
granite,Indulgence,664,1,2,,,,,25.0,,,25.0,,,,
granite,Indulgence,664,1,3,,,,,25.0,,,25.0,,,,
granite,Indulgence,665,1,1,,,,,50.0,,,50.0,,,,
granite,Indulgence,665,1,2,,,,,50.0,,,50.0,,,,
granite,Indulgence,665,1,3,,,,,50.0,,,50.0,,,,
granite,Indulgence,666,1,1,,,,,25.0,,,50.0,,,,
granite,Indulgence,666,1,2,,,,,25.0,,,50.0,,,,
granite,Indulgence,666,1,3,,,,,25.0,,,50.0,,,,
granite,Indulgence,667,1,1,,,,,25.0,,,25.0,,,,
granite,Indulgence,667,1,2,,,,,25.0,,,25.0,,,,
granite,Indulgence,667,1,3,,,,,25.0,,,25.0,,,,
granite,Indulgence,668,1,1,,,,,25.0,,,50.0,,,,
granite,Indulgence,668,1,2,,,,,25.0,,,50.0,,,,
granite,Indulgence,668,1,3,,,,,25.0,,,50.0,,,,
granite,Indulgence,670,1,1,,,,,25.0,,,75.0,,,,
granite,Indulgence,670,1,2,,,,,25.0,,,75.0,,,,
granite,Indulgence,670,1,3,,,,,25.0,,,75.0,,,,
granite,Indulgence,674,1,1,,,,,25.0,,,50.0,,,,
granite,Indulgence,674,1,2,,,,,25.0,,,50.0,,,,
granite,Indulgence,674,1,3,,,,,25.0,,,50.0,,,,
granite,Indulgence,675,1,1,,,,,50.0,,,50.0,,,,
granite,Indulgence,675,1,2,,,,,50.0,,,50.0,,,,
granite,Indulgence,675,1,3,,,,,50.0,,,50.0,,,,
granite,Indulgence,678,1,1,,,,,50.0,,,50.0,,,,
granite,Indulgence,678,1,2,,,,,50.0,,,50.0,,,,
granite,Indulgence,678,1,3,,,,,50.0,,,50.0,,,,
granite,Indulgence,679,1,1,,,,,25.0,,,25.0,,,,
granite,Indulgence,679,1,2,,,,,25.0,,,25.0,,,,
granite,Indulgence,679,1,3,,,,,25.0,,,25.0,,,,
granite,Indulgence,686,1,1,,,,,25.0,,,25.0,,,,
granite,Indulgence,686,1,2,,,,,25.0,,,25.0,,,,
granite,Indulgence,686,1,3,,,,,25.0,,,25.0,,,,
granite,Indulgence,687,1,1,,,,,25.0,,,50.0,,,,
granite,Indulgence,687,1,2,,,,,25.0,,,50.0,,,,
granite,Indulgence,687,1,3,,,,,25.0,,,50.0,,,,
granite,Indulgence,693,1,1,,,,,25.0,,,25.0,,,,
granite,Indulgence,693,1,2,,,,,25.0,,,25.0,,,,
granite,Indulgence,693,1,3,,,,,25.0,,,25.0,,,,
granite,Indulgence,694,1,1,,,,,25.0,,,25.0,,,,
granite,Indulgence,694,1,2,,,,,25.0,,,25.0,,,,
granite,Indulgence,694,1,3,,,,,25.0,,,25.0,,,,
granite,Indulgence,695,1,1,,,,,50.0,,,50.0,,,,
granite,Indulgence,695,1,2,,,,,50.0,,,50.0,,,,
granite,Indulgence,695,1,3,,,,,50.0,,,50.0,,,,
granite,Indulgence,696,1,1,,,,,25.0,,,50.0,,,,
granite,Indulgence,696,1,2,,,,,25.0,,,50.0,,,,
granite,Indulgence,696,1,3,,,,,25.0,,,50.0,,,,
granite,Indulgence,697,1,1,,,,,50.0,,,50.0,,,,
granite,Indulgence,697,1,2,,,,,50.0,,,50.0,,,,
granite,Indulgence,697,1,3,,,,,50.0,,,50.0,,,,
granite,Indulgence,703,1,1,,,,,50.0,,,50.0,,,,
granite,Indulgence,703,1,2,,,,,50.0,,,50.0,,,,
granite,Indulgence,703,1,3,,,,,50.0,,,50.0,,,,
granite,Indulgence,705,1,1,,,,,25.0,,,25.0,,,,
granite,Indulgence,705,1,2,,,,,25.0,,,25.0,,,,
granite,Indulgence,705,1,3,,,,,25.0,,,25.0,,,,
granite,Indulgence,706,1,1,,,,,25.0,,,25.0,,,,
granite,Indulgence,706,1,2,,,,,25.0,,,25.0,,,,
granite,Indulgence,706,1,3,,,,,25.0,,,25.0,,,,
granite,Long_Term_Orientation,1000,1,1,,,,,75.0,,,25.0,,,,
granite,Long_Term_Orientation,1000,1,2,,,,,75.0,,,25.0,,,,
granite,Long_Term_Orientation,1000,1,3,,,,,75.0,,,25.0,,,,
granite,Long_Term_Orientation,1001,1,1,,,,,25.0,,,0.0,,,,
granite,Long_Term_Orientation,1001,1,2,,,,,25.0,,,0.0,,,,
granite,Long_Term_Orientation,1001,1,3,,,,,25.0,,,0.0,,,,
granite,Long_Term_Orientation,1002,1,1,,,,,25.0,,,25.0,,,,
granite,Long_Term_Orientation,1002,1,2,,,,,25.0,,,25.0,,,,
granite,Long_Term_Orientation,1002,1,3,,,,,25.0,,,25.0,,,,
granite,Long_Term_Orientation,1003,1,1,,,,,25.0,,,25.0,,,,
granite,Long_Term_Orientation,1003,1,2,,,,,25.0,,,25.0,,,,
granite,Long_Term_Orientation,1003,1,3,,,,,25.0,,,25.0,,,,
granite,Long_Term_Orientation,1004,1,1,,,,,25.0,,,0.0,,,,
granite,Long_Term_Orientation,1004,1,2,,,,,25.0,,,0.0,,,,
granite,Long_Term_Orientation,1004,1,3,,,,,25.0,,,0.0,,,,
granite,Long_Term_Orientation,1005,1,1,,,,,25.0,,,25.0,,,,
granite,Long_Term_Orientation,1005,1,2,,,,,25.0,,,25.0,,,,
granite,Long_Term_Orientation,1005,1,3,,,,,25.0,,,25.0,,,,
granite,Long_Term_Orientation,1006,1,1,,,,,50.0,,,0.0,,,,
granite,Long_Term_Orientation,1006,1,2,,,,,50.0,,,0.0,,,,
granite,Long_Term_Orientation,1006,1,3,,,,,50.0,,,0.0,,,,
granite,Long_Term_Orientation,1007,1,1,,,,,50.0,,,25.0,,,,
granite,Long_Term_Orientation,1007,1,2,,,,,50.0,,,25.0,,,,
granite,Long_Term_Orientation,1007,1,3,,,,,50.0,,,25.0,,,,
granite,Long_Term_Orientation,1008,1,1,,,,,75.0,,,0.0,,,,
granite,Long_Term_Orientation,1008,1,2,,,,,75.0,,,0.0,,,,
granite,Long_Term_Orientation,1008,1,3,,,,,75.0,,,0.0,,,,
granite,Long_Term_Orientation,1009,1,1,,,,,50.0,,,0.0,,,,
granite,Long_Term_Orientation,1009,1,2,,,,,50.0,,,0.0,,,,
granite,Long_Term_Orientation,1009,1,3,,,,,50.0,,,0.0,,,,
granite,Long_Term_Orientation,1010,1,1,,,,,25.0,,,25.0,,,,
granite,Long_Term_Orientation,1010,1,2,,,,,25.0,,,25.0,,,,
granite,Long_Term_Orientation,1010,1,3,,,,,25.0,,,25.0,,,,
granite,Long_Term_Orientation,1011,1,1,,,,,50.0,,,50.0,,,,
granite,Long_Term_Orientation,1011,1,2,,,,,50.0,,,50.0,,,,
granite,Long_Term_Orientation,1011,1,3,,,,,50.0,,,50.0,,,,
granite,Long_Term_Orientation,1013,1,1,,,,,75.0,,,25.0,,,,
granite,Long_Term_Orientation,1013,1,2,,,,,75.0,,,25.0,,,,
granite,Long_Term_Orientation,1013,1,3,,,,,75.0,,,25.0,,,,
granite,Long_Term_Orientation,1015,1,1,,,,,50.0,,,50.0,,,,
granite,Long_Term_Orientation,1015,1,2,,,,,50.0,,,50.0,,,,
granite,Long_Term_Orientation,1015,1,3,,,,,50.0,,,50.0,,,,
granite,Long_Term_Orientation,1016,1,1,,,,,0.0,,,25.0,,,,
granite,Long_Term_Orientation,1016,1,2,,,,,0.0,,,25.0,,,,
granite,Long_Term_Orientation,1016,1,3,,,,,0.0,,,25.0,,,,
granite,Long_Term_Orientation,1017,1,1,,,,,50.0,,,50.0,,,,
granite,Long_Term_Orientation,1017,1,2,,,,,50.0,,,50.0,,,,
granite,Long_Term_Orientation,1017,1,3,,,,,50.0,,,50.0,,,,
granite,Long_Term_Orientation,1019,1,1,,,,,50.0,,,0.0,,,,
granite,Long_Term_Orientation,1019,1,2,,,,,50.0,,,0.0,,,,
granite,Long_Term_Orientation,1019,1,3,,,,,50.0,,,0.0,,,,
granite,Long_Term_Orientation,1020,1,1,,,,,0.0,,,25.0,,,,
granite,Long_Term_Orientation,1020,1,2,,,,,0.0,,,25.0,,,,
granite,Long_Term_Orientation,1020,1,3,,,,,0.0,,,25.0,,,,
granite,Long_Term_Orientation,1021,1,1,,,,,50.0,,,50.0,,,,
granite,Long_Term_Orientation,1021,1,2,,,,,50.0,,,50.0,,,,
granite,Long_Term_Orientation,1021,1,3,,,,,50.0,,,50.0,,,,
granite,Long_Term_Orientation,1024,1,1,,,,,50.0,,,0.0,,,,
granite,Long_Term_Orientation,1024,1,2,,,,,50.0,,,0.0,,,,
granite,Long_Term_Orientation,1024,1,3,,,,,50.0,,,0.0,,,,
granite,Long_Term_Orientation,1025,1,1,,,,,0.0,,,0.0,,,,
granite,Long_Term_Orientation,1025,1,2,,,,,0.0,,,0.0,,,,
granite,Long_Term_Orientation,1025,1,3,,,,,0.0,,,0.0,,,,
granite,Long_Term_Orientation,1026,1,1,,,,,25.0,,,25.0,,,,
granite,Long_Term_Orientation,1026,1,2,,,,,25.0,,,25.0,,,,
granite,Long_Term_Orientation,1026,1,3,,,,,25.0,,,25.0,,,,
granite,Long_Term_Orientation,1027,1,1,,,,,50.0,,,50.0,,,,
granite,Long_Term_Orientation,1027,1,2,,,,,50.0,,,50.0,,,,
granite,Long_Term_Orientation,1027,1,3,,,,,50.0,,,50.0,,,,
granite,Long_Term_Orientation,1031,1,1,,,,,50.0,,,50.0,,,,
granite,Long_Term_Orientation,1031,1,2,,,,,50.0,,,50.0,,,,
granite,Long_Term_Orientation,1031,1,3,,,,,50.0,,,50.0,,,,
granite,Long_Term_Orientation,1032,1,1,,,,,25.0,,,25.0,,,,
granite,Long_Term_Orientation,1032,1,2,,,,,25.0,,,25.0,,,,
granite,Long_Term_Orientation,1032,1,3,,,,,25.0,,,25.0,,,,
granite,Long_Term_Orientation,1033,1,1,,,,,0.0,,,25.0,,,,
granite,Long_Term_Orientation,1033,1,2,,,,,0.0,,,25.0,,,,
granite,Long_Term_Orientation,1033,1,3,,,,,0.0,,,25.0,,,,
granite,Long_Term_Orientation,1035,1,1,,,,,50.0,,,50.0,,,,
granite,Long_Term_Orientation,1035,1,2,,,,,50.0,,,50.0,,,,
granite,Long_Term_Orientation,1035,1,3,,,,,50.0,,,50.0,,,,
granite,Long_Term_Orientation,1036,1,1,,,,,50.0,,,50.0,,,,
granite,Long_Term_Orientation,1036,1,2,,,,,50.0,,,50.0,,,,
granite,Long_Term_Orientation,1036,1,3,,,,,50.0,,,50.0,,,,
granite,Long_Term_Orientation,1039,1,1,,,,,50.0,,,25.0,,,,
granite,Long_Term_Orientation,1039,1,2,,,,,50.0,,,25.0,,,,
granite,Long_Term_Orientation,1039,1,3,,,,,50.0,,,25.0,,,,
granite,Long_Term_Orientation,1040,1,1,,,,,25.0,,,50.0,,,,
granite,Long_Term_Orientation,1040,1,2,,,,,25.0,,,50.0,,,,
granite,Long_Term_Orientation,1040,1,3,,,,,25.0,,,50.0,,,,
granite,Long_Term_Orientation,1041,1,1,,,,,50.0,,,25.0,,,,
granite,Long_Term_Orientation,1041,1,2,,,,,50.0,,,25.0,,,,
granite,Long_Term_Orientation,1041,1,3,,,,,50.0,,,25.0,,,,
granite,Long_Term_Orientation,1042,1,1,,,,,50.0,,,25.0,,,,
granite,Long_Term_Orientation,1042,1,2,,,,,50.0,,,25.0,,,,
granite,Long_Term_Orientation,1042,1,3,,,,,50.0,,,25.0,,,,
granite,Long_Term_Orientation,1043,1,1,,,,,50.0,,,25.0,,,,
granite,Long_Term_Orientation,1043,1,2,,,,,50.0,,,25.0,,,,
granite,Long_Term_Orientation,1043,1,3,,,,,50.0,,,25.0,,,,
granite,Long_Term_Orientation,1048,1,1,,,,,25.0,,,25.0,,,,
granite,Long_Term_Orientation,1048,1,2,,,,,25.0,,,25.0,,,,
granite,Long_Term_Orientation,1048,1,3,,,,,25.0,,,25.0,,,,
granite,Long_Term_Orientation,1049,1,1,,,,,25.0,,,50.0,,,,
granite,Long_Term_Orientation,1049,1,2,,,,,25.0,,,50.0,,,,
granite,Long_Term_Orientation,1049,1,3,,,,,25.0,,,50.0,,,,
granite,Long_Term_Orientation,1050,1,1,,,,,50.0,,,25.0,,,,
granite,Long_Term_Orientation,1050,1,2,,,,,50.0,,,25.0,,,,
granite,Long_Term_Orientation,1050,1,3,,,,,50.0,,,25.0,,,,
granite,Long_Term_Orientation,1052,1,1,,,,,50.0,,,0.0,,,,
granite,Long_Term_Orientation,1052,1,2,,,,,50.0,,,0.0,,,,
granite,Long_Term_Orientation,1052,1,3,,,,,50.0,,,0.0,,,,
granite,Long_Term_Orientation,1053,1,1,,,,,50.0,,,25.0,,,,
granite,Long_Term_Orientation,1053,1,2,,,,,50.0,,,25.0,,,,
granite,Long_Term_Orientation,1053,1,3,,,,,50.0,,,25.0,,,,
granite,Long_Term_Orientation,1054,1,1,,,,,0.0,,,25.0,,,,
granite,Long_Term_Orientation,1054,1,2,,,,,0.0,,,25.0,,,,
granite,Long_Term_Orientation,1054,1,3,,,,,0.0,,,25.0,,,,
granite,Long_Term_Orientation,1055,1,1,,,,,50.0,,,50.0,,,,
granite,Long_Term_Orientation,1055,1,2,,,,,50.0,,,50.0,,,,
granite,Long_Term_Orientation,1055,1,3,,,,,50.0,,,50.0,,,,
granite,Long_Term_Orientation,1056,1,1,,,,,25.0,,,25.0,,,,
granite,Long_Term_Orientation,1056,1,2,,,,,25.0,,,25.0,,,,
granite,Long_Term_Orientation,1056,1,3,,,,,25.0,,,25.0,,,,
granite,Long_Term_Orientation,1057,1,1,,,,,25.0,,,0.0,,,,
granite,Long_Term_Orientation,1057,1,2,,,,,25.0,,,0.0,,,,
granite,Long_Term_Orientation,1057,1,3,,,,,25.0,,,0.0,,,,
granite,Long_Term_Orientation,1059,1,1,,,,,100.0,,,50.0,,,,
granite,Long_Term_Orientation,1059,1,2,,,,,100.0,,,50.0,,,,
granite,Long_Term_Orientation,1059,1,3,,,,,100.0,,,50.0,,,,
granite,Long_Term_Orientation,1060,1,1,,,,,25.0,,,25.0,,,,
granite,Long_Term_Orientation,1060,1,2,,,,,25.0,,,25.0,,,,
granite,Long_Term_Orientation,1060,1,3,,,,,25.0,,,25.0,,,,
granite,Long_Term_Orientation,1061,1,1,,,,,75.0,,,25.0,,,,
granite,Long_Term_Orientation,1061,1,2,,,,,75.0,,,25.0,,,,
granite,Long_Term_Orientation,1061,1,3,,,,,75.0,,,25.0,,,,
granite,Long_Term_Orientation,1062,1,1,,,,,25.0,,,0.0,,,,
granite,Long_Term_Orientation,1062,1,2,,,,,25.0,,,0.0,,,,
granite,Long_Term_Orientation,1062,1,3,,,,,25.0,,,0.0,,,,
granite,Long_Term_Orientation,1064,1,1,,,,,50.0,,,25.0,,,,
granite,Long_Term_Orientation,1064,1,2,,,,,50.0,,,25.0,,,,
granite,Long_Term_Orientation,1064,1,3,,,,,50.0,,,25.0,,,,
granite,Long_Term_Orientation,1065,1,1,,,,,50.0,,,25.0,,,,
granite,Long_Term_Orientation,1065,1,2,,,,,50.0,,,25.0,,,,
granite,Long_Term_Orientation,1065,1,3,,,,,50.0,,,25.0,,,,
granite,Long_Term_Orientation,1066,1,1,,,,,50.0,,,50.0,,,,
granite,Long_Term_Orientation,1066,1,2,,,,,50.0,,,50.0,,,,
granite,Long_Term_Orientation,1066,1,3,,,,,50.0,,,50.0,,,,
granite,Long_Term_Orientation,1070,1,1,,,,,50.0,,,25.0,,,,
granite,Long_Term_Orientation,1070,1,2,,,,,50.0,,,25.0,,,,
granite,Long_Term_Orientation,1070,1,3,,,,,50.0,,,25.0,,,,
granite,Long_Term_Orientation,1071,1,1,,,,,25.0,,,0.0,,,,
granite,Long_Term_Orientation,1071,1,2,,,,,25.0,,,0.0,,,,
granite,Long_Term_Orientation,1071,1,3,,,,,25.0,,,0.0,,,,
granite,Long_Term_Orientation,1075,1,1,,,,,75.0,,,75.0,,,,
granite,Long_Term_Orientation,1075,1,2,,,,,75.0,,,75.0,,,,
granite,Long_Term_Orientation,1075,1,3,,,,,75.0,,,75.0,,,,
granite,Long_Term_Orientation,1076,1,1,,,,,50.0,,,25.0,,,,
granite,Long_Term_Orientation,1076,1,2,,,,,50.0,,,25.0,,,,
granite,Long_Term_Orientation,1076,1,3,,,,,50.0,,,25.0,,,,
granite,Long_Term_Orientation,1077,1,1,,,,,25.0,,,25.0,,,,
granite,Long_Term_Orientation,1077,1,2,,,,,25.0,,,25.0,,,,
granite,Long_Term_Orientation,1077,1,3,,,,,25.0,,,25.0,,,,
granite,Long_Term_Orientation,1078,1,1,,,,,50.0,,,50.0,,,,
granite,Long_Term_Orientation,1078,1,2,,,,,50.0,,,50.0,,,,
granite,Long_Term_Orientation,1078,1,3,,,,,50.0,,,50.0,,,,
granite,Long_Term_Orientation,1079,1,1,,,,,50.0,,,0.0,,,,
granite,Long_Term_Orientation,1079,1,2,,,,,50.0,,,0.0,,,,
granite,Long_Term_Orientation,1079,1,3,,,,,50.0,,,0.0,,,,
granite,Long_Term_Orientation,1080,1,1,,,,,25.0,,,25.0,,,,
granite,Long_Term_Orientation,1080,1,2,,,,,25.0,,,25.0,,,,
granite,Long_Term_Orientation,1080,1,3,,,,,25.0,,,25.0,,,,
granite,Long_Term_Orientation,1082,1,1,,,,,50.0,,,50.0,,,,
granite,Long_Term_Orientation,1082,1,2,,,,,50.0,,,50.0,,,,
granite,Long_Term_Orientation,1082,1,3,,,,,50.0,,,50.0,,,,
granite,Long_Term_Orientation,1083,1,1,,,,,50.0,,,25.0,,,,
granite,Long_Term_Orientation,1083,1,2,,,,,50.0,,,25.0,,,,
granite,Long_Term_Orientation,1083,1,3,,,,,50.0,,,25.0,,,,
granite,Long_Term_Orientation,1084,1,1,,,,,25.0,,,0.0,,,,
granite,Long_Term_Orientation,1084,1,2,,,,,25.0,,,0.0,,,,
granite,Long_Term_Orientation,1084,1,3,,,,,25.0,,,0.0,,,,
granite,Long_Term_Orientation,1085,1,1,,,,,50.0,,,0.0,,,,
granite,Long_Term_Orientation,1085,1,2,,,,,50.0,,,0.0,,,,
granite,Long_Term_Orientation,1085,1,3,,,,,50.0,,,0.0,,,,
granite,Long_Term_Orientation,1086,1,1,,,,,50.0,,,0.0,,,,
granite,Long_Term_Orientation,1086,1,2,,,,,50.0,,,0.0,,,,
granite,Long_Term_Orientation,1086,1,3,,,,,50.0,,,0.0,,,,
granite,Long_Term_Orientation,1087,1,1,,,,,25.0,,,25.0,,,,
granite,Long_Term_Orientation,1087,1,2,,,,,25.0,,,25.0,,,,
granite,Long_Term_Orientation,1087,1,3,,,,,25.0,,,25.0,,,,
granite,Long_Term_Orientation,1088,1,1,,,,,50.0,,,0.0,,,,
granite,Long_Term_Orientation,1088,1,2,,,,,50.0,,,0.0,,,,
granite,Long_Term_Orientation,1088,1,3,,,,,50.0,,,0.0,,,,
granite,Long_Term_Orientation,1089,1,1,,,,,50.0,,,50.0,,,,
granite,Long_Term_Orientation,1089,1,2,,,,,50.0,,,50.0,,,,
granite,Long_Term_Orientation,1089,1,3,,,,,50.0,,,50.0,,,,
granite,Long_Term_Orientation,1091,1,1,,,,,50.0,,,0.0,,,,
granite,Long_Term_Orientation,1091,1,2,,,,,50.0,,,0.0,,,,
granite,Long_Term_Orientation,1091,1,3,,,,,50.0,,,0.0,,,,
granite,Long_Term_Orientation,1092,1,1,,,,,25.0,,,50.0,,,,
granite,Long_Term_Orientation,1092,1,2,,,,,25.0,,,50.0,,,,
granite,Long_Term_Orientation,1092,1,3,,,,,25.0,,,50.0,,,,
granite,Long_Term_Orientation,1094,1,1,,,,,25.0,,,0.0,,,,
granite,Long_Term_Orientation,1094,1,2,,,,,25.0,,,0.0,,,,
granite,Long_Term_Orientation,1094,1,3,,,,,25.0,,,0.0,,,,
granite,Long_Term_Orientation,1096,1,1,,,,,50.0,,,50.0,,,,
granite,Long_Term_Orientation,1096,1,2,,,,,50.0,,,50.0,,,,
granite,Long_Term_Orientation,1096,1,3,,,,,50.0,,,50.0,,,,
granite,Long_Term_Orientation,1098,1,1,,,,,50.0,,,50.0,,,,
granite,Long_Term_Orientation,1098,1,2,,,,,50.0,,,50.0,,,,
granite,Long_Term_Orientation,1098,1,3,,,,,50.0,,,50.0,,,,
granite,Long_Term_Orientation,1099,1,1,,,,,25.0,,,50.0,,,,
granite,Long_Term_Orientation,1099,1,2,,,,,25.0,,,50.0,,,,
granite,Long_Term_Orientation,1099,1,3,,,,,25.0,,,50.0,,,,
granite,Long_Term_Orientation,1100,1,1,,,,,25.0,,,25.0,,,,
granite,Long_Term_Orientation,1100,1,2,,,,,25.0,,,25.0,,,,
granite,Long_Term_Orientation,1100,1,3,,,,,25.0,,,25.0,,,,
granite,Long_Term_Orientation,1101,1,1,,,,,50.0,,,50.0,,,,
granite,Long_Term_Orientation,1101,1,2,,,,,50.0,,,50.0,,,,
granite,Long_Term_Orientation,1101,1,3,,,,,50.0,,,50.0,,,,
granite,Long_Term_Orientation,1102,1,1,,,,,0.0,,,0.0,,,,
granite,Long_Term_Orientation,1102,1,2,,,,,0.0,,,0.0,,,,
granite,Long_Term_Orientation,1102,1,3,,,,,0.0,,,0.0,,,,
granite,Long_Term_Orientation,1103,1,1,,,,,25.0,,,25.0,,,,
granite,Long_Term_Orientation,1103,1,2,,,,,25.0,,,25.0,,,,
granite,Long_Term_Orientation,1103,1,3,,,,,25.0,,,25.0,,,,
granite,Long_Term_Orientation,1106,1,1,,,,,25.0,,,25.0,,,,
granite,Long_Term_Orientation,1106,1,2,,,,,25.0,,,25.0,,,,
granite,Long_Term_Orientation,1106,1,3,,,,,25.0,,,25.0,,,,
granite,Long_Term_Orientation,1107,1,1,,,,,50.0,,,0.0,,,,
granite,Long_Term_Orientation,1107,1,2,,,,,50.0,,,0.0,,,,
granite,Long_Term_Orientation,1107,1,3,,,,,50.0,,,0.0,,,,
granite,Long_Term_Orientation,1109,1,1,,,,,50.0,,,25.0,,,,
granite,Long_Term_Orientation,1109,1,2,,,,,50.0,,,25.0,,,,
granite,Long_Term_Orientation,1109,1,3,,,,,50.0,,,25.0,,,,
granite,Long_Term_Orientation,1110,1,1,,,,,50.0,,,25.0,,,,
granite,Long_Term_Orientation,1110,1,2,,,,,50.0,,,25.0,,,,
granite,Long_Term_Orientation,1110,1,3,,,,,50.0,,,25.0,,,,
granite,Long_Term_Orientation,1112,1,1,,,,,25.0,,,0.0,,,,
granite,Long_Term_Orientation,1112,1,2,,,,,25.0,,,0.0,,,,
granite,Long_Term_Orientation,1112,1,3,,,,,25.0,,,0.0,,,,
granite,Long_Term_Orientation,1113,1,1,,,,,50.0,,,50.0,,,,
granite,Long_Term_Orientation,1113,1,2,,,,,50.0,,,50.0,,,,
granite,Long_Term_Orientation,1113,1,3,,,,,50.0,,,50.0,,,,
granite,Long_Term_Orientation,1115,1,1,,,,,50.0,,,50.0,,,,
granite,Long_Term_Orientation,1115,1,2,,,,,50.0,,,50.0,,,,
granite,Long_Term_Orientation,1115,1,3,,,,,50.0,,,50.0,,,,
granite,Long_Term_Orientation,1117,1,1,,,,,50.0,,,25.0,,,,
granite,Long_Term_Orientation,1117,1,2,,,,,50.0,,,25.0,,,,
granite,Long_Term_Orientation,1117,1,3,,,,,50.0,,,25.0,,,,
granite,Long_Term_Orientation,1119,1,1,,,,,25.0,,,0.0,,,,
granite,Long_Term_Orientation,1119,1,2,,,,,25.0,,,0.0,,,,
granite,Long_Term_Orientation,1119,1,3,,,,,25.0,,,0.0,,,,
granite,Long_Term_Orientation,1120,1,1,,,,,25.0,,,0.0,,,,
granite,Long_Term_Orientation,1120,1,2,,,,,25.0,,,0.0,,,,
granite,Long_Term_Orientation,1120,1,3,,,,,25.0,,,0.0,,,,
granite,Long_Term_Orientation,1121,1,1,,,,,25.0,,,0.0,,,,
granite,Long_Term_Orientation,1121,1,2,,,,,25.0,,,0.0,,,,
granite,Long_Term_Orientation,1121,1,3,,,,,25.0,,,0.0,,,,
granite,Long_Term_Orientation,1125,1,1,,,,,25.0,,,25.0,,,,
granite,Long_Term_Orientation,1125,1,2,,,,,25.0,,,25.0,,,,
granite,Long_Term_Orientation,1125,1,3,,,,,25.0,,,25.0,,,,
granite,Long_Term_Orientation,1126,1,1,,,,,25.0,,,25.0,,,,
granite,Long_Term_Orientation,1126,1,2,,,,,25.0,,,25.0,,,,
granite,Long_Term_Orientation,1126,1,3,,,,,25.0,,,25.0,,,,
granite,Long_Term_Orientation,1128,1,1,,,,,50.0,,,50.0,,,,
granite,Long_Term_Orientation,1128,1,2,,,,,50.0,,,50.0,,,,
granite,Long_Term_Orientation,1128,1,3,,,,,50.0,,,50.0,,,,
granite,Long_Term_Orientation,1129,1,1,,,,,100.0,,,25.0,,,,
granite,Long_Term_Orientation,1129,1,2,,,,,100.0,,,25.0,,,,
granite,Long_Term_Orientation,1129,1,3,,,,,100.0,,,25.0,,,,
granite,Long_Term_Orientation,1136,1,1,,,,,50.0,,,50.0,,,,
granite,Long_Term_Orientation,1136,1,2,,,,,50.0,,,50.0,,,,
granite,Long_Term_Orientation,1136,1,3,,,,,50.0,,,50.0,,,,
granite,Long_Term_Orientation,1137,1,1,,,,,50.0,,,25.0,,,,
granite,Long_Term_Orientation,1137,1,2,,,,,50.0,,,25.0,,,,
granite,Long_Term_Orientation,1137,1,3,,,,,50.0,,,25.0,,,,
granite,Long_Term_Orientation,1139,1,1,,,,,25.0,,,0.0,,,,
granite,Long_Term_Orientation,1139,1,2,,,,,25.0,,,0.0,,,,
granite,Long_Term_Orientation,1139,1,3,,,,,25.0,,,0.0,,,,
granite,Long_Term_Orientation,1141,1,1,,,,,50.0,,,50.0,,,,
granite,Long_Term_Orientation,1141,1,2,,,,,50.0,,,50.0,,,,
granite,Long_Term_Orientation,1141,1,3,,,,,50.0,,,50.0,,,,
granite,Long_Term_Orientation,1143,1,1,,,,,50.0,,,25.0,,,,
granite,Long_Term_Orientation,1143,1,2,,,,,50.0,,,25.0,,,,
granite,Long_Term_Orientation,1143,1,3,,,,,50.0,,,25.0,,,,
granite,Long_Term_Orientation,1146,1,1,,,,,50.0,,,50.0,,,,
granite,Long_Term_Orientation,1146,1,2,,,,,50.0,,,50.0,,,,
granite,Long_Term_Orientation,1146,1,3,,,,,50.0,,,50.0,,,,
granite,Long_Term_Orientation,1148,1,1,,,,,25.0,,,0.0,,,,
granite,Long_Term_Orientation,1148,1,2,,,,,25.0,,,0.0,,,,
granite,Long_Term_Orientation,1148,1,3,,,,,25.0,,,0.0,,,,
granite,Long_Term_Orientation,1151,1,1,,,,,0.0,,,0.0,,,,
granite,Long_Term_Orientation,1151,1,2,,,,,0.0,,,0.0,,,,
granite,Long_Term_Orientation,1151,1,3,,,,,0.0,,,0.0,,,,
granite,Long_Term_Orientation,1152,1,1,,,,,25.0,,,25.0,,,,
granite,Long_Term_Orientation,1152,1,2,,,,,25.0,,,25.0,,,,
granite,Long_Term_Orientation,1152,1,3,,,,,25.0,,,25.0,,,,
granite,Long_Term_Orientation,1153,1,1,,,,,50.0,,,50.0,,,,
granite,Long_Term_Orientation,1153,1,2,,,,,50.0,,,50.0,,,,
granite,Long_Term_Orientation,1153,1,3,,,,,50.0,,,50.0,,,,
granite,Long_Term_Orientation,1154,1,1,,,,,50.0,,,50.0,,,,
granite,Long_Term_Orientation,1154,1,2,,,,,50.0,,,50.0,,,,
granite,Long_Term_Orientation,1154,1,3,,,,,50.0,,,50.0,,,,
granite,Long_Term_Orientation,1155,1,1,,,,,75.0,,,75.0,,,,
granite,Long_Term_Orientation,1155,1,2,,,,,75.0,,,75.0,,,,
granite,Long_Term_Orientation,1155,1,3,,,,,75.0,,,75.0,,,,
granite,Long_Term_Orientation,1156,1,1,,,,,50.0,,,25.0,,,,
granite,Long_Term_Orientation,1156,1,2,,,,,50.0,,,25.0,,,,
granite,Long_Term_Orientation,1156,1,3,,,,,50.0,,,25.0,,,,
granite,Long_Term_Orientation,1158,1,1,,,,,25.0,,,25.0,,,,
granite,Long_Term_Orientation,1158,1,2,,,,,25.0,,,25.0,,,,
granite,Long_Term_Orientation,1158,1,3,,,,,25.0,,,25.0,,,,
granite,Long_Term_Orientation,1159,1,1,,,,,50.0,,,25.0,,,,
granite,Long_Term_Orientation,1159,1,2,,,,,50.0,,,25.0,,,,
granite,Long_Term_Orientation,1159,1,3,,,,,50.0,,,25.0,,,,
granite,Long_Term_Orientation,1160,1,1,,,,,50.0,,,50.0,,,,
granite,Long_Term_Orientation,1160,1,2,,,,,50.0,,,50.0,,,,
granite,Long_Term_Orientation,1160,1,3,,,,,50.0,,,50.0,,,,
granite,Long_Term_Orientation,1164,1,1,,,,,25.0,,,25.0,,,,
granite,Long_Term_Orientation,1164,1,2,,,,,25.0,,,25.0,,,,
granite,Long_Term_Orientation,1164,1,3,,,,,25.0,,,25.0,,,,
granite,Long_Term_Orientation,1166,1,1,,,,,0.0,,,0.0,,,,
granite,Long_Term_Orientation,1166,1,2,,,,,0.0,,,0.0,,,,
granite,Long_Term_Orientation,1166,1,3,,,,,0.0,,,0.0,,,,
granite,Long_Term_Orientation,1168,1,1,,,,,50.0,,,25.0,,,,
granite,Long_Term_Orientation,1168,1,2,,,,,50.0,,,25.0,,,,
granite,Long_Term_Orientation,1168,1,3,,,,,50.0,,,25.0,,,,
granite,Long_Term_Orientation,1172,1,1,,,,,25.0,,,0.0,,,,
granite,Long_Term_Orientation,1172,1,2,,,,,25.0,,,0.0,,,,
granite,Long_Term_Orientation,1172,1,3,,,,,25.0,,,0.0,,,,
granite,Long_Term_Orientation,1173,1,1,,,,,50.0,,,25.0,,,,
granite,Long_Term_Orientation,1173,1,2,,,,,50.0,,,25.0,,,,
granite,Long_Term_Orientation,1173,1,3,,,,,50.0,,,25.0,,,,
granite,Long_Term_Orientation,1179,1,1,,,,,25.0,,,0.0,,,,
granite,Long_Term_Orientation,1179,1,2,,,,,25.0,,,0.0,,,,
granite,Long_Term_Orientation,1179,1,3,,,,,25.0,,,0.0,,,,
granite,Long_Term_Orientation,1180,1,1,,,,,25.0,,,25.0,,,,
granite,Long_Term_Orientation,1180,1,2,,,,,25.0,,,25.0,,,,
granite,Long_Term_Orientation,1180,1,3,,,,,25.0,,,25.0,,,,
granite,Long_Term_Orientation,1181,1,1,,,,,50.0,,,50.0,,,,
granite,Long_Term_Orientation,1181,1,2,,,,,50.0,,,50.0,,,,
granite,Long_Term_Orientation,1181,1,3,,,,,50.0,,,50.0,,,,
granite,Long_Term_Orientation,1187,1,1,,,,,25.0,,,25.0,,,,
granite,Long_Term_Orientation,1187,1,2,,,,,25.0,,,25.0,,,,
granite,Long_Term_Orientation,1187,1,3,,,,,25.0,,,25.0,,,,
granite,Long_Term_Orientation,1189,1,1,,,,,25.0,,,0.0,,,,
granite,Long_Term_Orientation,1189,1,2,,,,,25.0,,,0.0,,,,
granite,Long_Term_Orientation,1189,1,3,,,,,25.0,,,0.0,,,,
granite,Long_Term_Orientation,1194,1,1,,,,,25.0,,,25.0,,,,
granite,Long_Term_Orientation,1194,1,2,,,,,25.0,,,25.0,,,,
granite,Long_Term_Orientation,1194,1,3,,,,,25.0,,,25.0,,,,
granite,Long_Term_Orientation,1218,1,1,,,,,100.0,,,75.0,,,,
granite,Long_Term_Orientation,1218,1,2,,,,,100.0,,,75.0,,,,
granite,Long_Term_Orientation,1218,1,3,,,,,100.0,,,75.0,,,,
granite,Long_Term_Orientation,1239,1,1,,,,,50.0,,,50.0,,,,
granite,Long_Term_Orientation,1239,1,2,,,,,50.0,,,50.0,,,,
granite,Long_Term_Orientation,1239,1,3,,,,,50.0,,,50.0,,,,
granite,Long_Term_Orientation,1240,1,1,,,,,50.0,,,50.0,,,,
granite,Long_Term_Orientation,1240,1,2,,,,,50.0,,,50.0,,,,
granite,Long_Term_Orientation,1240,1,3,,,,,50.0,,,50.0,,,,
granite,Long_Term_Orientation,975,1,1,,,,,25.0,,,0.0,,,,
granite,Long_Term_Orientation,975,1,2,,,,,25.0,,,0.0,,,,
granite,Long_Term_Orientation,975,1,3,,,,,25.0,,,0.0,,,,
granite,Long_Term_Orientation,976,1,1,,,,,25.0,,,25.0,,,,
granite,Long_Term_Orientation,976,1,2,,,,,25.0,,,25.0,,,,
granite,Long_Term_Orientation,976,1,3,,,,,25.0,,,25.0,,,,
granite,Long_Term_Orientation,977,1,1,,,,,25.0,,,0.0,,,,
granite,Long_Term_Orientation,977,1,2,,,,,25.0,,,0.0,,,,
granite,Long_Term_Orientation,977,1,3,,,,,25.0,,,0.0,,,,
granite,Long_Term_Orientation,978,1,1,,,,,50.0,,,0.0,,,,
granite,Long_Term_Orientation,978,1,2,,,,,50.0,,,0.0,,,,
granite,Long_Term_Orientation,978,1,3,,,,,50.0,,,0.0,,,,
granite,Long_Term_Orientation,979,1,1,,,,,0.0,,,25.0,,,,
granite,Long_Term_Orientation,979,1,2,,,,,0.0,,,25.0,,,,
granite,Long_Term_Orientation,979,1,3,,,,,0.0,,,25.0,,,,
granite,Long_Term_Orientation,980,1,1,,,,,50.0,,,50.0,,,,
granite,Long_Term_Orientation,980,1,2,,,,,50.0,,,50.0,,,,
granite,Long_Term_Orientation,980,1,3,,,,,50.0,,,50.0,,,,
granite,Long_Term_Orientation,981,1,1,,,,,25.0,,,0.0,,,,
granite,Long_Term_Orientation,981,1,2,,,,,25.0,,,0.0,,,,
granite,Long_Term_Orientation,981,1,3,,,,,25.0,,,0.0,,,,
granite,Long_Term_Orientation,982,1,1,,,,,50.0,,,50.0,,,,
granite,Long_Term_Orientation,982,1,2,,,,,50.0,,,50.0,,,,
granite,Long_Term_Orientation,982,1,3,,,,,50.0,,,50.0,,,,
granite,Long_Term_Orientation,983,1,1,,,,,50.0,,,0.0,,,,
granite,Long_Term_Orientation,983,1,2,,,,,50.0,,,0.0,,,,
granite,Long_Term_Orientation,983,1,3,,,,,50.0,,,0.0,,,,
granite,Long_Term_Orientation,984,1,1,,,,,25.0,,,25.0,,,,
granite,Long_Term_Orientation,984,1,2,,,,,25.0,,,25.0,,,,
granite,Long_Term_Orientation,984,1,3,,,,,25.0,,,25.0,,,,
granite,Long_Term_Orientation,985,1,1,,,,,25.0,,,0.0,,,,
granite,Long_Term_Orientation,985,1,2,,,,,25.0,,,0.0,,,,
granite,Long_Term_Orientation,985,1,3,,,,,25.0,,,0.0,,,,
granite,Long_Term_Orientation,987,1,1,,,,,100.0,,,0.0,,,,
granite,Long_Term_Orientation,987,1,2,,,,,100.0,,,0.0,,,,
granite,Long_Term_Orientation,987,1,3,,,,,100.0,,,0.0,,,,
granite,Long_Term_Orientation,989,1,1,,,,,25.0,,,0.0,,,,
granite,Long_Term_Orientation,989,1,2,,,,,25.0,,,0.0,,,,
granite,Long_Term_Orientation,989,1,3,,,,,25.0,,,0.0,,,,
granite,Long_Term_Orientation,990,1,1,,,,,50.0,,,0.0,,,,
granite,Long_Term_Orientation,990,1,2,,,,,50.0,,,0.0,,,,
granite,Long_Term_Orientation,990,1,3,,,,,50.0,,,0.0,,,,
granite,Long_Term_Orientation,991,1,1,,,,,75.0,,,50.0,,,,
granite,Long_Term_Orientation,991,1,2,,,,,75.0,,,50.0,,,,
granite,Long_Term_Orientation,991,1,3,,,,,75.0,,,50.0,,,,
granite,Long_Term_Orientation,992,1,1,,,,,50.0,,,50.0,,,,
granite,Long_Term_Orientation,992,1,2,,,,,50.0,,,50.0,,,,
granite,Long_Term_Orientation,992,1,3,,,,,50.0,,,50.0,,,,
granite,Long_Term_Orientation,994,1,1,,,,,25.0,,,25.0,,,,
granite,Long_Term_Orientation,994,1,2,,,,,25.0,,,25.0,,,,
granite,Long_Term_Orientation,994,1,3,,,,,25.0,,,25.0,,,,
granite,Long_Term_Orientation,995,1,1,,,,,50.0,,,25.0,,,,
granite,Long_Term_Orientation,995,1,2,,,,,50.0,,,25.0,,,,
granite,Long_Term_Orientation,995,1,3,,,,,50.0,,,25.0,,,,
granite,Long_Term_Orientation,996,1,1,,,,,50.0,,,50.0,,,,
granite,Long_Term_Orientation,996,1,2,,,,,50.0,,,50.0,,,,
granite,Long_Term_Orientation,996,1,3,,,,,50.0,,,50.0,,,,
granite,Long_Term_Orientation,997,1,1,,,,,25.0,,,0.0,,,,
granite,Long_Term_Orientation,997,1,2,,,,,25.0,,,0.0,,,,
granite,Long_Term_Orientation,997,1,3,,,,,25.0,,,0.0,,,,
granite,Long_Term_Orientation,998,1,1,,,,,50.0,,,0.0,,,,
granite,Long_Term_Orientation,998,1,2,,,,,50.0,,,0.0,,,,
granite,Long_Term_Orientation,998,1,3,,,,,50.0,,,0.0,,,,
granite,Masculinity,1459,1,1,,,,,75.0,,,50.0,,,,
granite,Masculinity,1459,1,2,,,,,75.0,,,50.0,,,,
granite,Masculinity,1459,1,3,,,,,75.0,,,50.0,,,,
granite,Masculinity,1461,1,1,,,,,75.0,,,75.0,,,,
granite,Masculinity,1461,1,2,,,,,75.0,,,75.0,,,,
granite,Masculinity,1461,1,3,,,,,75.0,,,75.0,,,,
granite,Masculinity,1463,1,1,,,,,50.0,,,50.0,,,,
granite,Masculinity,1463,1,2,,,,,50.0,,,50.0,,,,
granite,Masculinity,1463,1,3,,,,,50.0,,,50.0,,,,
granite,Masculinity,1464,1,1,,,,,75.0,,,50.0,,,,
granite,Masculinity,1464,1,2,,,,,75.0,,,50.0,,,,
granite,Masculinity,1464,1,3,,,,,75.0,,,50.0,,,,
granite,Masculinity,1465,1,1,,,,,50.0,,,50.0,,,,
granite,Masculinity,1465,1,2,,,,,50.0,,,50.0,,,,
granite,Masculinity,1465,1,3,,,,,50.0,,,50.0,,,,
granite,Masculinity,1466,1,1,,,,,100.0,,,50.0,,,,
granite,Masculinity,1466,1,2,,,,,100.0,,,50.0,,,,
granite,Masculinity,1466,1,3,,,,,100.0,,,50.0,,,,
granite,Masculinity,1467,1,1,,,,,50.0,,,50.0,,,,
granite,Masculinity,1467,1,2,,,,,50.0,,,50.0,,,,
granite,Masculinity,1467,1,3,,,,,50.0,,,50.0,,,,
granite,Masculinity,1468,1,1,,,,,50.0,,,50.0,,,,
granite,Masculinity,1468,1,2,,,,,50.0,,,50.0,,,,
granite,Masculinity,1468,1,3,,,,,50.0,,,50.0,,,,
granite,Masculinity,1470,1,1,,,,,50.0,,,50.0,,,,
granite,Masculinity,1470,1,2,,,,,50.0,,,50.0,,,,
granite,Masculinity,1470,1,3,,,,,50.0,,,50.0,,,,
granite,Masculinity,1471,1,1,,,,,50.0,,,25.0,,,,
granite,Masculinity,1471,1,2,,,,,50.0,,,25.0,,,,
granite,Masculinity,1471,1,3,,,,,50.0,,,25.0,,,,
granite,Masculinity,1472,1,1,,,,,50.0,,,50.0,,,,
granite,Masculinity,1472,1,2,,,,,50.0,,,50.0,,,,
granite,Masculinity,1472,1,3,,,,,50.0,,,50.0,,,,
granite,Masculinity,1473,1,1,,,,,50.0,,,50.0,,,,
granite,Masculinity,1473,1,2,,,,,50.0,,,50.0,,,,
granite,Masculinity,1473,1,3,,,,,50.0,,,50.0,,,,
granite,Masculinity,1474,1,1,,,,,75.0,,,50.0,,,,
granite,Masculinity,1474,1,2,,,,,75.0,,,50.0,,,,
granite,Masculinity,1474,1,3,,,,,75.0,,,50.0,,,,
granite,Masculinity,1475,1,1,,,,,75.0,,,50.0,,,,
granite,Masculinity,1475,1,2,,,,,75.0,,,50.0,,,,
granite,Masculinity,1475,1,3,,,,,75.0,,,50.0,,,,
granite,Masculinity,1476,1,1,,,,,25.0,,,25.0,,,,
granite,Masculinity,1476,1,2,,,,,25.0,,,25.0,,,,
granite,Masculinity,1476,1,3,,,,,25.0,,,25.0,,,,
granite,Masculinity,1477,1,1,,,,,50.0,,,25.0,,,,
granite,Masculinity,1477,1,2,,,,,50.0,,,25.0,,,,
granite,Masculinity,1477,1,3,,,,,50.0,,,25.0,,,,
granite,Masculinity,1478,1,1,,,,,25.0,,,25.0,,,,
granite,Masculinity,1478,1,2,,,,,25.0,,,25.0,,,,
granite,Masculinity,1478,1,3,,,,,25.0,,,25.0,,,,
granite,Masculinity,1480,1,1,,,,,50.0,,,50.0,,,,
granite,Masculinity,1480,1,2,,,,,50.0,,,50.0,,,,
granite,Masculinity,1480,1,3,,,,,50.0,,,50.0,,,,
granite,Masculinity,1481,1,1,,,,,75.0,,,50.0,,,,
granite,Masculinity,1481,1,2,,,,,75.0,,,50.0,,,,
granite,Masculinity,1481,1,3,,,,,75.0,,,50.0,,,,
granite,Masculinity,1482,1,1,,,,,50.0,,,50.0,,,,
granite,Masculinity,1482,1,2,,,,,50.0,,,50.0,,,,
granite,Masculinity,1482,1,3,,,,,50.0,,,50.0,,,,
granite,Masculinity,1486,1,1,,,,,75.0,,,75.0,,,,
granite,Masculinity,1486,1,2,,,,,75.0,,,75.0,,,,
granite,Masculinity,1486,1,3,,,,,75.0,,,75.0,,,,
granite,Masculinity,1487,1,1,,,,,50.0,,,50.0,,,,
granite,Masculinity,1487,1,2,,,,,50.0,,,50.0,,,,
granite,Masculinity,1487,1,3,,,,,50.0,,,50.0,,,,
granite,Masculinity,1490,1,1,,,,,100.0,,,50.0,,,,
granite,Masculinity,1490,1,2,,,,,100.0,,,50.0,,,,
granite,Masculinity,1490,1,3,,,,,100.0,,,50.0,,,,
granite,Masculinity,1492,1,1,,,,,25.0,,,25.0,,,,
granite,Masculinity,1492,1,2,,,,,25.0,,,25.0,,,,
granite,Masculinity,1492,1,3,,,,,25.0,,,25.0,,,,
granite,Masculinity,1493,1,1,,,,,50.0,,,50.0,,,,
granite,Masculinity,1493,1,2,,,,,50.0,,,50.0,,,,
granite,Masculinity,1493,1,3,,,,,50.0,,,50.0,,,,
granite,Masculinity,1495,1,1,,,,,50.0,,,50.0,,,,
granite,Masculinity,1495,1,2,,,,,50.0,,,50.0,,,,
granite,Masculinity,1495,1,3,,,,,50.0,,,50.0,,,,
granite,Masculinity,1497,1,1,,,,,50.0,,,25.0,,,,
granite,Masculinity,1497,1,2,,,,,50.0,,,25.0,,,,
granite,Masculinity,1497,1,3,,,,,50.0,,,25.0,,,,
granite,Masculinity,1498,1,1,,,,,50.0,,,50.0,,,,
granite,Masculinity,1498,1,2,,,,,50.0,,,50.0,,,,
granite,Masculinity,1498,1,3,,,,,50.0,,,50.0,,,,
granite,Masculinity,1499,1,1,,,,,50.0,,,50.0,,,,
granite,Masculinity,1499,1,2,,,,,50.0,,,50.0,,,,
granite,Masculinity,1499,1,3,,,,,50.0,,,50.0,,,,
granite,Masculinity,1500,1,1,,,,,50.0,,,50.0,,,,
granite,Masculinity,1500,1,2,,,,,50.0,,,50.0,,,,
granite,Masculinity,1500,1,3,,,,,50.0,,,50.0,,,,
granite,Masculinity,1501,1,1,,,,,25.0,,,50.0,,,,
granite,Masculinity,1501,1,2,,,,,25.0,,,50.0,,,,
granite,Masculinity,1501,1,3,,,,,25.0,,,50.0,,,,
granite,Masculinity,1502,1,1,,,,,50.0,,,75.0,,,,
granite,Masculinity,1502,1,2,,,,,50.0,,,75.0,,,,
granite,Masculinity,1502,1,3,,,,,50.0,,,75.0,,,,
granite,Masculinity,1504,1,1,,,,,75.0,,,75.0,,,,
granite,Masculinity,1504,1,2,,,,,75.0,,,75.0,,,,
granite,Masculinity,1504,1,3,,,,,75.0,,,75.0,,,,
granite,Masculinity,1505,1,1,,,,,50.0,,,50.0,,,,
granite,Masculinity,1505,1,2,,,,,50.0,,,50.0,,,,
granite,Masculinity,1505,1,3,,,,,50.0,,,50.0,,,,
granite,Masculinity,1506,1,1,,,,,75.0,,,50.0,,,,
granite,Masculinity,1506,1,2,,,,,75.0,,,50.0,,,,
granite,Masculinity,1506,1,3,,,,,75.0,,,50.0,,,,
granite,Masculinity,1508,1,1,,,,,50.0,,,75.0,,,,
granite,Masculinity,1508,1,2,,,,,50.0,,,75.0,,,,
granite,Masculinity,1508,1,3,,,,,50.0,,,75.0,,,,
granite,Masculinity,1509,1,1,,,,,50.0,,,50.0,,,,
granite,Masculinity,1509,1,2,,,,,50.0,,,50.0,,,,
granite,Masculinity,1509,1,3,,,,,50.0,,,50.0,,,,
granite,Masculinity,1511,1,1,,,,,50.0,,,50.0,,,,
granite,Masculinity,1511,1,2,,,,,50.0,,,50.0,,,,
granite,Masculinity,1511,1,3,,,,,50.0,,,50.0,,,,
granite,Masculinity,1512,1,1,,,,,75.0,,,75.0,,,,
granite,Masculinity,1512,1,2,,,,,75.0,,,75.0,,,,
granite,Masculinity,1512,1,3,,,,,75.0,,,75.0,,,,
granite,Masculinity,1515,1,1,,,,,50.0,,,50.0,,,,
granite,Masculinity,1515,1,2,,,,,50.0,,,50.0,,,,
granite,Masculinity,1515,1,3,,,,,50.0,,,50.0,,,,
granite,Masculinity,1519,1,1,,,,,75.0,,,75.0,,,,
granite,Masculinity,1519,1,2,,,,,75.0,,,75.0,,,,
granite,Masculinity,1519,1,3,,,,,75.0,,,75.0,,,,
granite,Masculinity,1520,1,1,,,,,50.0,,,50.0,,,,
granite,Masculinity,1520,1,2,,,,,50.0,,,50.0,,,,
granite,Masculinity,1520,1,3,,,,,50.0,,,50.0,,,,
granite,Masculinity,1522,1,1,,,,,50.0,,,50.0,,,,
granite,Masculinity,1522,1,2,,,,,50.0,,,50.0,,,,
granite,Masculinity,1522,1,3,,,,,50.0,,,50.0,,,,
granite,Masculinity,1523,1,1,,,,,75.0,,,75.0,,,,
granite,Masculinity,1523,1,2,,,,,75.0,,,75.0,,,,
granite,Masculinity,1523,1,3,,,,,75.0,,,75.0,,,,
granite,Masculinity,1524,1,1,,,,,50.0,,,50.0,,,,
granite,Masculinity,1524,1,2,,,,,50.0,,,50.0,,,,
granite,Masculinity,1524,1,3,,,,,50.0,,,50.0,,,,
granite,Masculinity,1525,1,1,,,,,50.0,,,50.0,,,,
granite,Masculinity,1525,1,2,,,,,50.0,,,50.0,,,,
granite,Masculinity,1525,1,3,,,,,50.0,,,50.0,,,,
granite,Masculinity,1526,1,1,,,,,50.0,,,50.0,,,,
granite,Masculinity,1526,1,2,,,,,50.0,,,50.0,,,,
granite,Masculinity,1526,1,3,,,,,50.0,,,50.0,,,,
granite,Masculinity,1528,1,1,,,,,75.0,,,75.0,,,,
granite,Masculinity,1528,1,2,,,,,75.0,,,75.0,,,,
granite,Masculinity,1528,1,3,,,,,75.0,,,75.0,,,,
granite,Masculinity,1529,1,1,,,,,75.0,,,50.0,,,,
granite,Masculinity,1529,1,2,,,,,75.0,,,50.0,,,,
granite,Masculinity,1529,1,3,,,,,75.0,,,50.0,,,,
granite,Masculinity,1532,1,1,,,,,50.0,,,75.0,,,,
granite,Masculinity,1532,1,2,,,,,50.0,,,75.0,,,,
granite,Masculinity,1532,1,3,,,,,50.0,,,75.0,,,,
granite,Masculinity,1533,1,1,,,,,50.0,,,50.0,,,,
granite,Masculinity,1533,1,2,,,,,50.0,,,50.0,,,,
granite,Masculinity,1533,1,3,,,,,50.0,,,50.0,,,,
granite,Masculinity,1534,1,1,,,,,50.0,,,50.0,,,,
granite,Masculinity,1534,1,2,,,,,50.0,,,50.0,,,,
granite,Masculinity,1534,1,3,,,,,50.0,,,50.0,,,,
granite,Masculinity,1538,1,1,,,,,50.0,,,50.0,,,,
granite,Masculinity,1538,1,2,,,,,50.0,,,50.0,,,,
granite,Masculinity,1538,1,3,,,,,50.0,,,50.0,,,,
granite,Masculinity,1539,1,1,,,,,75.0,,,50.0,,,,
granite,Masculinity,1539,1,2,,,,,75.0,,,50.0,,,,
granite,Masculinity,1539,1,3,,,,,75.0,,,50.0,,,,
granite,Masculinity,1541,1,1,,,,,75.0,,,75.0,,,,
granite,Masculinity,1541,1,2,,,,,75.0,,,75.0,,,,
granite,Masculinity,1541,1,3,,,,,75.0,,,75.0,,,,
granite,Masculinity,1542,1,1,,,,,50.0,,,25.0,,,,
granite,Masculinity,1542,1,2,,,,,50.0,,,25.0,,,,
granite,Masculinity,1542,1,3,,,,,50.0,,,25.0,,,,
granite,Masculinity,1543,1,1,,,,,50.0,,,50.0,,,,
granite,Masculinity,1543,1,2,,,,,50.0,,,50.0,,,,
granite,Masculinity,1543,1,3,,,,,50.0,,,50.0,,,,
granite,Masculinity,1544,1,1,,,,,50.0,,,50.0,,,,
granite,Masculinity,1544,1,2,,,,,50.0,,,50.0,,,,
granite,Masculinity,1544,1,3,,,,,50.0,,,50.0,,,,
granite,Masculinity,1546,1,1,,,,,75.0,,,75.0,,,,
granite,Masculinity,1546,1,2,,,,,75.0,,,75.0,,,,
granite,Masculinity,1546,1,3,,,,,75.0,,,75.0,,,,
granite,Masculinity,1548,1,1,,,,,50.0,,,50.0,,,,
granite,Masculinity,1548,1,2,,,,,50.0,,,50.0,,,,
granite,Masculinity,1548,1,3,,,,,50.0,,,50.0,,,,
granite,Masculinity,1549,1,1,,,,,50.0,,,75.0,,,,
granite,Masculinity,1549,1,2,,,,,50.0,,,75.0,,,,
granite,Masculinity,1549,1,3,,,,,50.0,,,75.0,,,,
granite,Masculinity,1551,1,1,,,,,50.0,,,50.0,,,,
granite,Masculinity,1551,1,2,,,,,50.0,,,50.0,,,,
granite,Masculinity,1551,1,3,,,,,50.0,,,50.0,,,,
granite,Masculinity,1552,1,1,,,,,50.0,,,50.0,,,,
granite,Masculinity,1552,1,2,,,,,50.0,,,50.0,,,,
granite,Masculinity,1552,1,3,,,,,50.0,,,50.0,,,,
granite,Masculinity,1553,1,1,,,,,75.0,,,75.0,,,,
granite,Masculinity,1553,1,2,,,,,75.0,,,75.0,,,,
granite,Masculinity,1553,1,3,,,,,75.0,,,75.0,,,,
granite,Masculinity,1554,1,1,,,,,75.0,,,50.0,,,,
granite,Masculinity,1554,1,2,,,,,75.0,,,50.0,,,,
granite,Masculinity,1554,1,3,,,,,75.0,,,50.0,,,,
granite,Masculinity,1555,1,1,,,,,50.0,,,50.0,,,,
granite,Masculinity,1555,1,2,,,,,50.0,,,50.0,,,,
granite,Masculinity,1555,1,3,,,,,50.0,,,50.0,,,,
granite,Masculinity,1556,1,1,,,,,50.0,,,25.0,,,,
granite,Masculinity,1556,1,2,,,,,50.0,,,25.0,,,,
granite,Masculinity,1556,1,3,,,,,50.0,,,25.0,,,,
granite,Masculinity,1557,1,1,,,,,50.0,,,75.0,,,,
granite,Masculinity,1557,1,2,,,,,50.0,,,75.0,,,,
granite,Masculinity,1557,1,3,,,,,50.0,,,75.0,,,,
granite,Masculinity,1560,1,1,,,,,75.0,,,50.0,,,,
granite,Masculinity,1560,1,2,,,,,75.0,,,50.0,,,,
granite,Masculinity,1560,1,3,,,,,75.0,,,50.0,,,,
granite,Masculinity,1561,1,1,,,,,50.0,,,75.0,,,,
granite,Masculinity,1561,1,2,,,,,50.0,,,75.0,,,,
granite,Masculinity,1561,1,3,,,,,50.0,,,75.0,,,,
granite,Masculinity,1562,1,1,,,,,50.0,,,50.0,,,,
granite,Masculinity,1562,1,2,,,,,50.0,,,50.0,,,,
granite,Masculinity,1562,1,3,,,,,50.0,,,50.0,,,,
granite,Masculinity,1563,1,1,,,,,50.0,,,50.0,,,,
granite,Masculinity,1563,1,2,,,,,50.0,,,50.0,,,,
granite,Masculinity,1563,1,3,,,,,50.0,,,50.0,,,,
granite,Masculinity,1564,1,1,,,,,50.0,,,50.0,,,,
granite,Masculinity,1564,1,2,,,,,50.0,,,50.0,,,,
granite,Masculinity,1564,1,3,,,,,50.0,,,50.0,,,,
granite,Masculinity,1565,1,1,,,,,75.0,,,75.0,,,,
granite,Masculinity,1565,1,2,,,,,75.0,,,75.0,,,,
granite,Masculinity,1565,1,3,,,,,75.0,,,75.0,,,,
granite,Masculinity,1566,1,1,,,,,50.0,,,50.0,,,,
granite,Masculinity,1566,1,2,,,,,50.0,,,50.0,,,,
granite,Masculinity,1566,1,3,,,,,50.0,,,50.0,,,,
granite,Masculinity,1568,1,1,,,,,75.0,,,75.0,,,,
granite,Masculinity,1568,1,2,,,,,75.0,,,75.0,,,,
granite,Masculinity,1568,1,3,,,,,75.0,,,75.0,,,,
granite,Masculinity,1569,1,1,,,,,25.0,,,25.0,,,,
granite,Masculinity,1569,1,2,,,,,25.0,,,25.0,,,,
granite,Masculinity,1569,1,3,,,,,25.0,,,25.0,,,,
granite,Masculinity,1570,1,1,,,,,25.0,,,25.0,,,,
granite,Masculinity,1570,1,2,,,,,25.0,,,25.0,,,,
granite,Masculinity,1570,1,3,,,,,25.0,,,25.0,,,,
granite,Masculinity,1571,1,1,,,,,50.0,,,50.0,,,,
granite,Masculinity,1571,1,2,,,,,50.0,,,50.0,,,,
granite,Masculinity,1571,1,3,,,,,50.0,,,50.0,,,,
granite,Masculinity,1572,1,1,,,,,50.0,,,0.0,,,,
granite,Masculinity,1572,1,2,,,,,50.0,,,0.0,,,,
granite,Masculinity,1572,1,3,,,,,50.0,,,0.0,,,,
granite,Masculinity,1573,1,1,,,,,100.0,,,75.0,,,,
granite,Masculinity,1573,1,2,,,,,100.0,,,75.0,,,,
granite,Masculinity,1573,1,3,,,,,100.0,,,75.0,,,,
granite,Masculinity,1574,1,1,,,,,75.0,,,75.0,,,,
granite,Masculinity,1574,1,2,,,,,75.0,,,75.0,,,,
granite,Masculinity,1574,1,3,,,,,75.0,,,75.0,,,,
granite,Masculinity,1575,1,1,,,,,50.0,,,50.0,,,,
granite,Masculinity,1575,1,2,,,,,50.0,,,50.0,,,,
granite,Masculinity,1575,1,3,,,,,50.0,,,50.0,,,,
granite,Masculinity,1576,1,1,,,,,75.0,,,75.0,,,,
granite,Masculinity,1576,1,2,,,,,75.0,,,75.0,,,,
granite,Masculinity,1576,1,3,,,,,75.0,,,75.0,,,,
granite,Masculinity,1577,1,1,,,,,50.0,,,50.0,,,,
granite,Masculinity,1577,1,2,,,,,50.0,,,50.0,,,,
granite,Masculinity,1577,1,3,,,,,50.0,,,50.0,,,,
granite,Masculinity,1579,1,1,,,,,75.0,,,75.0,,,,
granite,Masculinity,1579,1,2,,,,,75.0,,,75.0,,,,
granite,Masculinity,1579,1,3,,,,,75.0,,,75.0,,,,
granite,Masculinity,1580,1,1,,,,,50.0,,,50.0,,,,
granite,Masculinity,1580,1,2,,,,,50.0,,,50.0,,,,
granite,Masculinity,1580,1,3,,,,,50.0,,,50.0,,,,
granite,Masculinity,1581,1,1,,,,,50.0,,,25.0,,,,
granite,Masculinity,1581,1,2,,,,,50.0,,,25.0,,,,
granite,Masculinity,1581,1,3,,,,,50.0,,,25.0,,,,
granite,Masculinity,1582,1,1,,,,,50.0,,,50.0,,,,
granite,Masculinity,1582,1,2,,,,,50.0,,,50.0,,,,
granite,Masculinity,1582,1,3,,,,,50.0,,,50.0,,,,
granite,Masculinity,1586,1,1,,,,,50.0,,,50.0,,,,
granite,Masculinity,1586,1,2,,,,,50.0,,,50.0,,,,
granite,Masculinity,1586,1,3,,,,,50.0,,,50.0,,,,
granite,Masculinity,1587,1,1,,,,,50.0,,,50.0,,,,
granite,Masculinity,1587,1,2,,,,,50.0,,,50.0,,,,
granite,Masculinity,1587,1,3,,,,,50.0,,,50.0,,,,
granite,Masculinity,1588,1,1,,,,,75.0,,,75.0,,,,
granite,Masculinity,1588,1,2,,,,,75.0,,,75.0,,,,
granite,Masculinity,1588,1,3,,,,,75.0,,,75.0,,,,
granite,Masculinity,1589,1,1,,,,,50.0,,,75.0,,,,
granite,Masculinity,1589,1,2,,,,,50.0,,,75.0,,,,
granite,Masculinity,1589,1,3,,,,,50.0,,,75.0,,,,
granite,Masculinity,1591,1,1,,,,,25.0,,,50.0,,,,
granite,Masculinity,1591,1,2,,,,,25.0,,,50.0,,,,
granite,Masculinity,1591,1,3,,,,,25.0,,,50.0,,,,
granite,Masculinity,1592,1,1,,,,,50.0,,,50.0,,,,
granite,Masculinity,1592,1,2,,,,,50.0,,,50.0,,,,
granite,Masculinity,1592,1,3,,,,,50.0,,,50.0,,,,
granite,Masculinity,1593,1,1,,,,,50.0,,,50.0,,,,
granite,Masculinity,1593,1,2,,,,,50.0,,,50.0,,,,
granite,Masculinity,1593,1,3,,,,,50.0,,,50.0,,,,
granite,Masculinity,1594,1,1,,,,,75.0,,,75.0,,,,
granite,Masculinity,1594,1,2,,,,,75.0,,,75.0,,,,
granite,Masculinity,1594,1,3,,,,,75.0,,,75.0,,,,
granite,Masculinity,1595,1,1,,,,,75.0,,,50.0,,,,
granite,Masculinity,1595,1,2,,,,,75.0,,,50.0,,,,
granite,Masculinity,1595,1,3,,,,,75.0,,,50.0,,,,
granite,Masculinity,1597,1,1,,,,,50.0,,,50.0,,,,
granite,Masculinity,1597,1,2,,,,,50.0,,,50.0,,,,
granite,Masculinity,1597,1,3,,,,,50.0,,,50.0,,,,
granite,Masculinity,1598,1,1,,,,,50.0,,,50.0,,,,
granite,Masculinity,1598,1,2,,,,,50.0,,,50.0,,,,
granite,Masculinity,1598,1,3,,,,,50.0,,,50.0,,,,
granite,Masculinity,1600,1,1,,,,,50.0,,,50.0,,,,
granite,Masculinity,1600,1,2,,,,,50.0,,,50.0,,,,
granite,Masculinity,1600,1,3,,,,,50.0,,,50.0,,,,
granite,Masculinity,1601,1,1,,,,,100.0,,,75.0,,,,
granite,Masculinity,1601,1,2,,,,,100.0,,,75.0,,,,
granite,Masculinity,1601,1,3,,,,,100.0,,,75.0,,,,
granite,Masculinity,1603,1,1,,,,,50.0,,,50.0,,,,
granite,Masculinity,1603,1,2,,,,,50.0,,,50.0,,,,
granite,Masculinity,1603,1,3,,,,,50.0,,,50.0,,,,
granite,Masculinity,1606,1,1,,,,,50.0,,,50.0,,,,
granite,Masculinity,1606,1,2,,,,,50.0,,,50.0,,,,
granite,Masculinity,1606,1,3,,,,,50.0,,,50.0,,,,
granite,Masculinity,1607,1,1,,,,,100.0,,,75.0,,,,
granite,Masculinity,1607,1,2,,,,,100.0,,,75.0,,,,
granite,Masculinity,1607,1,3,,,,,100.0,,,75.0,,,,
granite,Masculinity,1608,1,1,,,,,50.0,,,50.0,,,,
granite,Masculinity,1608,1,2,,,,,50.0,,,50.0,,,,
granite,Masculinity,1608,1,3,,,,,50.0,,,50.0,,,,
granite,Masculinity,1609,1,1,,,,,50.0,,,50.0,,,,
granite,Masculinity,1609,1,2,,,,,50.0,,,50.0,,,,
granite,Masculinity,1609,1,3,,,,,50.0,,,50.0,,,,
granite,Masculinity,1610,1,1,,,,,75.0,,,50.0,,,,
granite,Masculinity,1610,1,2,,,,,75.0,,,50.0,,,,
granite,Masculinity,1610,1,3,,,,,75.0,,,50.0,,,,
granite,Masculinity,1611,1,1,,,,,50.0,,,50.0,,,,
granite,Masculinity,1611,1,2,,,,,50.0,,,50.0,,,,
granite,Masculinity,1611,1,3,,,,,50.0,,,50.0,,,,
granite,Masculinity,1613,1,1,,,,,50.0,,,50.0,,,,
granite,Masculinity,1613,1,2,,,,,50.0,,,50.0,,,,
granite,Masculinity,1613,1,3,,,,,50.0,,,50.0,,,,
granite,Masculinity,1614,1,1,,,,,50.0,,,75.0,,,,
granite,Masculinity,1614,1,2,,,,,50.0,,,75.0,,,,
granite,Masculinity,1614,1,3,,,,,50.0,,,75.0,,,,
granite,Masculinity,1615,1,1,,,,,50.0,,,50.0,,,,
granite,Masculinity,1615,1,2,,,,,50.0,,,50.0,,,,
granite,Masculinity,1615,1,3,,,,,50.0,,,50.0,,,,
granite,Masculinity,1616,1,1,,,,,50.0,,,50.0,,,,
granite,Masculinity,1616,1,2,,,,,50.0,,,50.0,,,,
granite,Masculinity,1616,1,3,,,,,50.0,,,50.0,,,,
granite,Masculinity,1617,1,1,,,,,75.0,,,75.0,,,,
granite,Masculinity,1617,1,2,,,,,75.0,,,75.0,,,,
granite,Masculinity,1617,1,3,,,,,75.0,,,75.0,,,,
granite,Masculinity,1618,1,1,,,,,75.0,,,75.0,,,,
granite,Masculinity,1618,1,2,,,,,75.0,,,75.0,,,,
granite,Masculinity,1618,1,3,,,,,75.0,,,75.0,,,,
granite,Masculinity,1622,1,1,,,,,50.0,,,50.0,,,,
granite,Masculinity,1622,1,2,,,,,50.0,,,50.0,,,,
granite,Masculinity,1622,1,3,,,,,50.0,,,50.0,,,,
granite,Masculinity,1628,1,1,,,,,50.0,,,50.0,,,,
granite,Masculinity,1628,1,2,,,,,50.0,,,50.0,,,,
granite,Masculinity,1628,1,3,,,,,50.0,,,50.0,,,,
granite,Masculinity,1629,1,1,,,,,50.0,,,75.0,,,,
granite,Masculinity,1629,1,2,,,,,50.0,,,75.0,,,,
granite,Masculinity,1629,1,3,,,,,50.0,,,75.0,,,,
granite,Masculinity,1632,1,1,,,,,25.0,,,25.0,,,,
granite,Masculinity,1632,1,2,,,,,25.0,,,25.0,,,,
granite,Masculinity,1632,1,3,,,,,25.0,,,25.0,,,,
granite,Masculinity,1633,1,1,,,,,50.0,,,25.0,,,,
granite,Masculinity,1633,1,2,,,,,50.0,,,25.0,,,,
granite,Masculinity,1633,1,3,,,,,50.0,,,25.0,,,,
granite,Masculinity,1634,1,1,,,,,25.0,,,50.0,,,,
granite,Masculinity,1634,1,2,,,,,25.0,,,50.0,,,,
granite,Masculinity,1634,1,3,,,,,25.0,,,50.0,,,,
granite,Masculinity,1641,1,1,,,,,75.0,,,50.0,,,,
granite,Masculinity,1641,1,2,,,,,75.0,,,50.0,,,,
granite,Masculinity,1641,1,3,,,,,75.0,,,50.0,,,,
granite,Masculinity,1644,1,1,,,,,50.0,,,25.0,,,,
granite,Masculinity,1644,1,2,,,,,50.0,,,25.0,,,,
granite,Masculinity,1644,1,3,,,,,50.0,,,25.0,,,,
granite,Masculinity,1646,1,1,,,,,50.0,,,25.0,,,,
granite,Masculinity,1646,1,2,,,,,50.0,,,25.0,,,,
granite,Masculinity,1646,1,3,,,,,50.0,,,25.0,,,,
granite,Masculinity,1654,1,1,,,,,75.0,,,75.0,,,,
granite,Masculinity,1654,1,2,,,,,75.0,,,75.0,,,,
granite,Masculinity,1654,1,3,,,,,75.0,,,75.0,,,,
granite,Masculinity,1656,1,1,,,,,50.0,,,50.0,,,,
granite,Masculinity,1656,1,2,,,,,50.0,,,50.0,,,,
granite,Masculinity,1656,1,3,,,,,50.0,,,50.0,,,,
granite,Masculinity,1657,1,1,,,,,50.0,,,50.0,,,,
granite,Masculinity,1657,1,2,,,,,50.0,,,50.0,,,,
granite,Masculinity,1657,1,3,,,,,50.0,,,50.0,,,,
granite,Masculinity,1659,1,1,,,,,75.0,,,50.0,,,,
granite,Masculinity,1659,1,2,,,,,75.0,,,50.0,,,,
granite,Masculinity,1659,1,3,,,,,75.0,,,50.0,,,,
granite,Masculinity,1660,1,1,,,,,50.0,,,50.0,,,,
granite,Masculinity,1660,1,2,,,,,50.0,,,50.0,,,,
granite,Masculinity,1660,1,3,,,,,50.0,,,50.0,,,,
granite,Masculinity,1661,1,1,,,,,100.0,,,50.0,,,,
granite,Masculinity,1661,1,2,,,,,100.0,,,50.0,,,,
granite,Masculinity,1661,1,3,,,,,100.0,,,50.0,,,,
granite,Masculinity,1663,1,1,,,,,50.0,,,50.0,,,,
granite,Masculinity,1663,1,2,,,,,50.0,,,50.0,,,,
granite,Masculinity,1663,1,3,,,,,50.0,,,50.0,,,,
granite,Masculinity,1664,1,1,,,,,50.0,,,25.0,,,,
granite,Masculinity,1664,1,2,,,,,50.0,,,25.0,,,,
granite,Masculinity,1664,1,3,,,,,50.0,,,25.0,,,,
granite,Masculinity,1668,1,1,,,,,50.0,,,50.0,,,,
granite,Masculinity,1668,1,2,,,,,50.0,,,50.0,,,,
granite,Masculinity,1668,1,3,,,,,50.0,,,50.0,,,,
granite,Masculinity,1670,1,1,,,,,50.0,,,50.0,,,,
granite,Masculinity,1670,1,2,,,,,50.0,,,50.0,,,,
granite,Masculinity,1670,1,3,,,,,50.0,,,50.0,,,,
granite,Masculinity,1671,1,1,,,,,75.0,,,50.0,,,,
granite,Masculinity,1671,1,2,,,,,75.0,,,50.0,,,,
granite,Masculinity,1671,1,3,,,,,75.0,,,50.0,,,,
granite,Masculinity,1672,1,1,,,,,50.0,,,25.0,,,,
granite,Masculinity,1672,1,2,,,,,50.0,,,25.0,,,,
granite,Masculinity,1672,1,3,,,,,50.0,,,25.0,,,,
granite,Masculinity,1673,1,1,,,,,50.0,,,75.0,,,,
granite,Masculinity,1673,1,2,,,,,50.0,,,75.0,,,,
granite,Masculinity,1673,1,3,,,,,50.0,,,75.0,,,,
granite,Masculinity,1677,1,1,,,,,75.0,,,75.0,,,,
granite,Masculinity,1677,1,2,,,,,75.0,,,75.0,,,,
granite,Masculinity,1677,1,3,,,,,75.0,,,75.0,,,,
granite,Masculinity,1678,1,1,,,,,50.0,,,50.0,,,,
granite,Masculinity,1678,1,2,,,,,50.0,,,50.0,,,,
granite,Masculinity,1678,1,3,,,,,50.0,,,50.0,,,,
granite,Masculinity,1679,1,1,,,,,50.0,,,25.0,,,,
granite,Masculinity,1679,1,2,,,,,50.0,,,25.0,,,,
granite,Masculinity,1679,1,3,,,,,50.0,,,25.0,,,,
granite,Masculinity,1681,1,1,,,,,50.0,,,50.0,,,,
granite,Masculinity,1681,1,2,,,,,50.0,,,50.0,,,,
granite,Masculinity,1681,1,3,,,,,50.0,,,50.0,,,,
granite,Masculinity,1682,1,1,,,,,100.0,,,0.0,,,,
granite,Masculinity,1682,1,2,,,,,100.0,,,0.0,,,,
granite,Masculinity,1682,1,3,,,,,100.0,,,0.0,,,,
granite,Masculinity,1683,1,1,,,,,50.0,,,75.0,,,,
granite,Masculinity,1683,1,2,,,,,50.0,,,75.0,,,,
granite,Masculinity,1683,1,3,,,,,50.0,,,75.0,,,,
granite,Masculinity,1685,1,1,,,,,50.0,,,25.0,,,,
granite,Masculinity,1685,1,2,,,,,50.0,,,25.0,,,,
granite,Masculinity,1685,1,3,,,,,50.0,,,25.0,,,,
granite,Masculinity,1692,1,1,,,,,75.0,,,50.0,,,,
granite,Masculinity,1692,1,2,,,,,75.0,,,50.0,,,,
granite,Masculinity,1692,1,3,,,,,75.0,,,50.0,,,,
granite,Power_Distance,1911,1,1,,,,,50.0,,,50.0,,,,
granite,Power_Distance,1911,1,2,,,,,50.0,,,50.0,,,,
granite,Power_Distance,1911,1,3,,,,,50.0,,,50.0,,,,
granite,Power_Distance,1912,1,1,,,,,50.0,,,50.0,,,,
granite,Power_Distance,1912,1,2,,,,,50.0,,,50.0,,,,
granite,Power_Distance,1912,1,3,,,,,50.0,,,50.0,,,,
granite,Power_Distance,1913,1,1,,,,,50.0,,,50.0,,,,
granite,Power_Distance,1913,1,2,,,,,50.0,,,50.0,,,,
granite,Power_Distance,1913,1,3,,,,,50.0,,,50.0,,,,
granite,Power_Distance,1914,1,1,,,,,25.0,,,25.0,,,,
granite,Power_Distance,1914,1,2,,,,,25.0,,,25.0,,,,
granite,Power_Distance,1914,1,3,,,,,25.0,,,25.0,,,,
granite,Power_Distance,1915,1,1,,,,,25.0,,,50.0,,,,
granite,Power_Distance,1915,1,2,,,,,25.0,,,50.0,,,,
granite,Power_Distance,1915,1,3,,,,,25.0,,,50.0,,,,
granite,Power_Distance,1916,1,1,,,,,0.0,,,0.0,,,,
granite,Power_Distance,1916,1,2,,,,,0.0,,,0.0,,,,
granite,Power_Distance,1916,1,3,,,,,0.0,,,0.0,,,,
granite,Power_Distance,1917,1,1,,,,,25.0,,,25.0,,,,
granite,Power_Distance,1917,1,2,,,,,25.0,,,25.0,,,,
granite,Power_Distance,1917,1,3,,,,,25.0,,,25.0,,,,
granite,Power_Distance,1919,1,1,,,,,25.0,,,50.0,,,,
granite,Power_Distance,1919,1,2,,,,,25.0,,,50.0,,,,
granite,Power_Distance,1919,1,3,,,,,25.0,,,50.0,,,,
granite,Power_Distance,1920,1,1,,,,,25.0,,,50.0,,,,
granite,Power_Distance,1920,1,2,,,,,25.0,,,50.0,,,,
granite,Power_Distance,1920,1,3,,,,,25.0,,,50.0,,,,
granite,Power_Distance,1921,1,1,,,,,25.0,,,25.0,,,,
granite,Power_Distance,1921,1,2,,,,,25.0,,,25.0,,,,
granite,Power_Distance,1921,1,3,,,,,25.0,,,25.0,,,,
granite,Power_Distance,1922,1,1,,,,,25.0,,,25.0,,,,
granite,Power_Distance,1922,1,2,,,,,25.0,,,25.0,,,,
granite,Power_Distance,1922,1,3,,,,,25.0,,,25.0,,,,
granite,Power_Distance,1923,1,1,,,,,25.0,,,25.0,,,,
granite,Power_Distance,1923,1,2,,,,,25.0,,,25.0,,,,
granite,Power_Distance,1923,1,3,,,,,25.0,,,25.0,,,,
granite,Power_Distance,1924,1,1,,,,,25.0,,,25.0,,,,
granite,Power_Distance,1924,1,2,,,,,25.0,,,25.0,,,,
granite,Power_Distance,1924,1,3,,,,,25.0,,,25.0,,,,
granite,Power_Distance,1926,1,1,,,,,100.0,,,50.0,,,,
granite,Power_Distance,1926,1,2,,,,,100.0,,,50.0,,,,
granite,Power_Distance,1926,1,3,,,,,100.0,,,50.0,,,,
granite,Power_Distance,1928,1,1,,,,,25.0,,,50.0,,,,
granite,Power_Distance,1928,1,2,,,,,25.0,,,50.0,,,,
granite,Power_Distance,1928,1,3,,,,,25.0,,,50.0,,,,
granite,Power_Distance,1930,1,1,,,,,50.0,,,25.0,,,,
granite,Power_Distance,1930,1,2,,,,,50.0,,,25.0,,,,
granite,Power_Distance,1930,1,3,,,,,50.0,,,25.0,,,,
granite,Power_Distance,1931,1,1,,,,,25.0,,,25.0,,,,
granite,Power_Distance,1931,1,2,,,,,25.0,,,25.0,,,,
granite,Power_Distance,1931,1,3,,,,,25.0,,,25.0,,,,
granite,Power_Distance,1932,1,1,,,,,100.0,,,50.0,,,,
granite,Power_Distance,1932,1,2,,,,,100.0,,,50.0,,,,
granite,Power_Distance,1932,1,3,,,,,100.0,,,50.0,,,,
granite,Power_Distance,1934,1,1,,,,,50.0,,,75.0,,,,
granite,Power_Distance,1934,1,2,,,,,50.0,,,75.0,,,,
granite,Power_Distance,1934,1,3,,,,,50.0,,,75.0,,,,
granite,Power_Distance,1935,1,1,,,,,50.0,,,25.0,,,,
granite,Power_Distance,1935,1,2,,,,,50.0,,,25.0,,,,
granite,Power_Distance,1935,1,3,,,,,50.0,,,25.0,,,,
granite,Power_Distance,1936,1,1,,,,,50.0,,,25.0,,,,
granite,Power_Distance,1936,1,2,,,,,50.0,,,25.0,,,,
granite,Power_Distance,1936,1,3,,,,,50.0,,,25.0,,,,
granite,Power_Distance,1940,1,1,,,,,50.0,,,25.0,,,,
granite,Power_Distance,1940,1,2,,,,,50.0,,,25.0,,,,
granite,Power_Distance,1940,1,3,,,,,50.0,,,25.0,,,,
granite,Power_Distance,1941,1,1,,,,,25.0,,,50.0,,,,
granite,Power_Distance,1941,1,2,,,,,25.0,,,50.0,,,,
granite,Power_Distance,1941,1,3,,,,,25.0,,,50.0,,,,
granite,Power_Distance,1942,1,1,,,,,25.0,,,0.0,,,,
granite,Power_Distance,1942,1,2,,,,,25.0,,,0.0,,,,
granite,Power_Distance,1942,1,3,,,,,25.0,,,0.0,,,,
granite,Power_Distance,1943,1,1,,,,,25.0,,,25.0,,,,
granite,Power_Distance,1943,1,2,,,,,25.0,,,25.0,,,,
granite,Power_Distance,1943,1,3,,,,,25.0,,,25.0,,,,
granite,Power_Distance,1944,1,1,,,,,50.0,,,50.0,,,,
granite,Power_Distance,1944,1,2,,,,,50.0,,,50.0,,,,
granite,Power_Distance,1944,1,3,,,,,50.0,,,50.0,,,,
granite,Power_Distance,1946,1,1,,,,,25.0,,,25.0,,,,
granite,Power_Distance,1946,1,2,,,,,25.0,,,25.0,,,,
granite,Power_Distance,1946,1,3,,,,,25.0,,,25.0,,,,
granite,Power_Distance,1947,1,1,,,,,50.0,,,50.0,,,,
granite,Power_Distance,1947,1,2,,,,,50.0,,,50.0,,,,
granite,Power_Distance,1947,1,3,,,,,50.0,,,50.0,,,,
granite,Power_Distance,1948,1,1,,,,,50.0,,,50.0,,,,
granite,Power_Distance,1948,1,2,,,,,50.0,,,50.0,,,,
granite,Power_Distance,1948,1,3,,,,,50.0,,,50.0,,,,
granite,Power_Distance,1949,1,1,,,,,50.0,,,50.0,,,,
granite,Power_Distance,1949,1,2,,,,,50.0,,,50.0,,,,
granite,Power_Distance,1949,1,3,,,,,50.0,,,50.0,,,,
granite,Power_Distance,1950,1,1,,,,,25.0,,,50.0,,,,
granite,Power_Distance,1950,1,2,,,,,25.0,,,50.0,,,,
granite,Power_Distance,1950,1,3,,,,,25.0,,,50.0,,,,
granite,Power_Distance,1952,1,1,,,,,25.0,,,25.0,,,,
granite,Power_Distance,1952,1,2,,,,,25.0,,,25.0,,,,
granite,Power_Distance,1952,1,3,,,,,25.0,,,25.0,,,,
granite,Power_Distance,1953,1,1,,,,,25.0,,,25.0,,,,
granite,Power_Distance,1953,1,2,,,,,25.0,,,25.0,,,,
granite,Power_Distance,1953,1,3,,,,,25.0,,,25.0,,,,
granite,Power_Distance,1954,1,1,,,,,25.0,,,25.0,,,,
granite,Power_Distance,1954,1,2,,,,,25.0,,,25.0,,,,
granite,Power_Distance,1954,1,3,,,,,25.0,,,25.0,,,,
granite,Power_Distance,1957,1,1,,,,,50.0,,,50.0,,,,
granite,Power_Distance,1957,1,2,,,,,50.0,,,50.0,,,,
granite,Power_Distance,1957,1,3,,,,,50.0,,,50.0,,,,
granite,Power_Distance,1959,1,1,,,,,50.0,,,50.0,,,,
granite,Power_Distance,1959,1,2,,,,,50.0,,,50.0,,,,
granite,Power_Distance,1959,1,3,,,,,50.0,,,50.0,,,,
granite,Power_Distance,1960,1,1,,,,,0.0,,,25.0,,,,
granite,Power_Distance,1960,1,2,,,,,0.0,,,25.0,,,,
granite,Power_Distance,1960,1,3,,,,,0.0,,,25.0,,,,
granite,Power_Distance,1961,1,1,,,,,25.0,,,25.0,,,,
granite,Power_Distance,1961,1,2,,,,,25.0,,,25.0,,,,
granite,Power_Distance,1961,1,3,,,,,25.0,,,25.0,,,,
granite,Power_Distance,1964,1,1,,,,,25.0,,,25.0,,,,
granite,Power_Distance,1964,1,2,,,,,25.0,,,25.0,,,,
granite,Power_Distance,1964,1,3,,,,,25.0,,,25.0,,,,
granite,Power_Distance,1965,1,1,,,,,25.0,,,25.0,,,,
granite,Power_Distance,1965,1,2,,,,,25.0,,,25.0,,,,
granite,Power_Distance,1965,1,3,,,,,25.0,,,25.0,,,,
granite,Power_Distance,1966,1,1,,,,,100.0,,,50.0,,,,
granite,Power_Distance,1966,1,2,,,,,100.0,,,50.0,,,,
granite,Power_Distance,1966,1,3,,,,,100.0,,,50.0,,,,
granite,Power_Distance,1967,1,1,,,,,75.0,,,25.0,,,,
granite,Power_Distance,1967,1,2,,,,,75.0,,,25.0,,,,
granite,Power_Distance,1967,1,3,,,,,75.0,,,25.0,,,,
granite,Power_Distance,1968,1,1,,,,,50.0,,,25.0,,,,
granite,Power_Distance,1968,1,2,,,,,50.0,,,25.0,,,,
granite,Power_Distance,1968,1,3,,,,,50.0,,,25.0,,,,
granite,Power_Distance,1969,1,1,,,,,25.0,,,25.0,,,,
granite,Power_Distance,1969,1,2,,,,,25.0,,,25.0,,,,
granite,Power_Distance,1969,1,3,,,,,25.0,,,25.0,,,,
granite,Power_Distance,1970,1,1,,,,,25.0,,,25.0,,,,
granite,Power_Distance,1970,1,2,,,,,25.0,,,25.0,,,,
granite,Power_Distance,1970,1,3,,,,,25.0,,,25.0,,,,
granite,Power_Distance,1971,1,1,,,,,75.0,,,0.0,,,,
granite,Power_Distance,1971,1,2,,,,,75.0,,,0.0,,,,
granite,Power_Distance,1971,1,3,,,,,75.0,,,0.0,,,,
granite,Power_Distance,1974,1,1,,,,,50.0,,,50.0,,,,
granite,Power_Distance,1974,1,2,,,,,50.0,,,50.0,,,,
granite,Power_Distance,1974,1,3,,,,,50.0,,,50.0,,,,
granite,Power_Distance,1975,1,1,,,,,50.0,,,50.0,,,,
granite,Power_Distance,1975,1,2,,,,,50.0,,,50.0,,,,
granite,Power_Distance,1975,1,3,,,,,50.0,,,50.0,,,,
granite,Power_Distance,1976,1,1,,,,,25.0,,,50.0,,,,
granite,Power_Distance,1976,1,2,,,,,25.0,,,50.0,,,,
granite,Power_Distance,1976,1,3,,,,,25.0,,,50.0,,,,
granite,Power_Distance,1977,1,1,,,,,50.0,,,50.0,,,,
granite,Power_Distance,1977,1,2,,,,,50.0,,,50.0,,,,
granite,Power_Distance,1977,1,3,,,,,50.0,,,50.0,,,,
granite,Power_Distance,1978,1,1,,,,,25.0,,,25.0,,,,
granite,Power_Distance,1978,1,2,,,,,25.0,,,25.0,,,,
granite,Power_Distance,1978,1,3,,,,,25.0,,,25.0,,,,
granite,Power_Distance,1979,1,1,,,,,50.0,,,50.0,,,,
granite,Power_Distance,1979,1,2,,,,,50.0,,,50.0,,,,
granite,Power_Distance,1979,1,3,,,,,50.0,,,50.0,,,,
granite,Power_Distance,1981,1,1,,,,,25.0,,,25.0,,,,
granite,Power_Distance,1981,1,2,,,,,25.0,,,25.0,,,,
granite,Power_Distance,1981,1,3,,,,,25.0,,,25.0,,,,
granite,Power_Distance,1983,1,1,,,,,50.0,,,50.0,,,,
granite,Power_Distance,1983,1,2,,,,,50.0,,,50.0,,,,
granite,Power_Distance,1983,1,3,,,,,50.0,,,50.0,,,,
granite,Power_Distance,1984,1,1,,,,,50.0,,,50.0,,,,
granite,Power_Distance,1984,1,2,,,,,50.0,,,50.0,,,,
granite,Power_Distance,1984,1,3,,,,,50.0,,,50.0,,,,
granite,Power_Distance,1985,1,1,,,,,0.0,,,0.0,,,,
granite,Power_Distance,1985,1,2,,,,,0.0,,,0.0,,,,
granite,Power_Distance,1985,1,3,,,,,0.0,,,0.0,,,,
granite,Power_Distance,1987,1,1,,,,,50.0,,,50.0,,,,
granite,Power_Distance,1987,1,2,,,,,50.0,,,50.0,,,,
granite,Power_Distance,1987,1,3,,,,,50.0,,,50.0,,,,
granite,Power_Distance,1988,1,1,,,,,50.0,,,50.0,,,,
granite,Power_Distance,1988,1,2,,,,,50.0,,,50.0,,,,
granite,Power_Distance,1988,1,3,,,,,50.0,,,50.0,,,,
granite,Power_Distance,1989,1,1,,,,,25.0,,,25.0,,,,
granite,Power_Distance,1989,1,2,,,,,25.0,,,25.0,,,,
granite,Power_Distance,1989,1,3,,,,,25.0,,,25.0,,,,
granite,Power_Distance,1990,1,1,,,,,50.0,,,50.0,,,,
granite,Power_Distance,1990,1,2,,,,,50.0,,,50.0,,,,
granite,Power_Distance,1990,1,3,,,,,50.0,,,50.0,,,,
granite,Power_Distance,1991,1,1,,,,,25.0,,,25.0,,,,
granite,Power_Distance,1991,1,2,,,,,25.0,,,25.0,,,,
granite,Power_Distance,1991,1,3,,,,,25.0,,,25.0,,,,
granite,Power_Distance,1993,1,1,,,,,75.0,,,25.0,,,,
granite,Power_Distance,1993,1,2,,,,,75.0,,,25.0,,,,
granite,Power_Distance,1993,1,3,,,,,75.0,,,25.0,,,,
granite,Power_Distance,1994,1,1,,,,,25.0,,,25.0,,,,
granite,Power_Distance,1994,1,2,,,,,25.0,,,25.0,,,,
granite,Power_Distance,1994,1,3,,,,,25.0,,,25.0,,,,
granite,Power_Distance,1995,1,1,,,,,25.0,,,25.0,,,,
granite,Power_Distance,1995,1,2,,,,,25.0,,,25.0,,,,
granite,Power_Distance,1995,1,3,,,,,25.0,,,25.0,,,,
granite,Power_Distance,1999,1,1,,,,,50.0,,,0.0,,,,
granite,Power_Distance,1999,1,2,,,,,50.0,,,0.0,,,,
granite,Power_Distance,1999,1,3,,,,,50.0,,,0.0,,,,
granite,Power_Distance,2000,1,1,,,,,25.0,,,0.0,,,,
granite,Power_Distance,2000,1,2,,,,,25.0,,,0.0,,,,
granite,Power_Distance,2000,1,3,,,,,25.0,,,0.0,,,,
granite,Power_Distance,2001,1,1,,,,,75.0,,,75.0,,,,
granite,Power_Distance,2001,1,2,,,,,75.0,,,75.0,,,,
granite,Power_Distance,2001,1,3,,,,,75.0,,,75.0,,,,
granite,Power_Distance,2002,1,1,,,,,50.0,,,25.0,,,,
granite,Power_Distance,2002,1,2,,,,,50.0,,,25.0,,,,
granite,Power_Distance,2002,1,3,,,,,50.0,,,25.0,,,,
granite,Power_Distance,2003,1,1,,,,,0.0,,,0.0,,,,
granite,Power_Distance,2003,1,2,,,,,0.0,,,0.0,,,,
granite,Power_Distance,2003,1,3,,,,,0.0,,,0.0,,,,
granite,Power_Distance,2004,1,1,,,,,25.0,,,25.0,,,,
granite,Power_Distance,2004,1,2,,,,,25.0,,,25.0,,,,
granite,Power_Distance,2004,1,3,,,,,25.0,,,25.0,,,,
granite,Power_Distance,2005,1,1,,,,,50.0,,,25.0,,,,
granite,Power_Distance,2005,1,2,,,,,50.0,,,25.0,,,,
granite,Power_Distance,2005,1,3,,,,,50.0,,,25.0,,,,
granite,Power_Distance,2006,1,1,,,,,50.0,,,50.0,,,,
granite,Power_Distance,2006,1,2,,,,,50.0,,,50.0,,,,
granite,Power_Distance,2006,1,3,,,,,50.0,,,50.0,,,,
granite,Power_Distance,2007,1,1,,,,,0.0,,,50.0,,,,
granite,Power_Distance,2007,1,2,,,,,0.0,,,50.0,,,,
granite,Power_Distance,2007,1,3,,,,,0.0,,,50.0,,,,
granite,Power_Distance,2008,1,1,,,,,50.0,,,25.0,,,,
granite,Power_Distance,2008,1,2,,,,,50.0,,,25.0,,,,
granite,Power_Distance,2008,1,3,,,,,50.0,,,25.0,,,,
granite,Power_Distance,2010,1,1,,,,,25.0,,,25.0,,,,
granite,Power_Distance,2010,1,2,,,,,25.0,,,25.0,,,,
granite,Power_Distance,2010,1,3,,,,,25.0,,,25.0,,,,
granite,Power_Distance,2011,1,1,,,,,50.0,,,50.0,,,,
granite,Power_Distance,2011,1,2,,,,,50.0,,,50.0,,,,
granite,Power_Distance,2011,1,3,,,,,50.0,,,50.0,,,,
granite,Power_Distance,2012,1,1,,,,,75.0,,,50.0,,,,
granite,Power_Distance,2012,1,2,,,,,75.0,,,50.0,,,,
granite,Power_Distance,2012,1,3,,,,,75.0,,,50.0,,,,
granite,Power_Distance,2013,1,1,,,,,25.0,,,25.0,,,,
granite,Power_Distance,2013,1,2,,,,,25.0,,,25.0,,,,
granite,Power_Distance,2013,1,3,,,,,25.0,,,25.0,,,,
granite,Power_Distance,2014,1,1,,,,,75.0,,,25.0,,,,
granite,Power_Distance,2014,1,2,,,,,75.0,,,25.0,,,,
granite,Power_Distance,2014,1,3,,,,,75.0,,,25.0,,,,
granite,Power_Distance,2015,1,1,,,,,25.0,,,50.0,,,,
granite,Power_Distance,2015,1,2,,,,,25.0,,,50.0,,,,
granite,Power_Distance,2015,1,3,,,,,25.0,,,50.0,,,,
granite,Power_Distance,2016,1,1,,,,,25.0,,,75.0,,,,
granite,Power_Distance,2016,1,2,,,,,25.0,,,75.0,,,,
granite,Power_Distance,2016,1,3,,,,,25.0,,,75.0,,,,
granite,Power_Distance,2017,1,1,,,,,50.0,,,25.0,,,,
granite,Power_Distance,2017,1,2,,,,,50.0,,,25.0,,,,
granite,Power_Distance,2017,1,3,,,,,50.0,,,25.0,,,,
granite,Power_Distance,2018,1,1,,,,,25.0,,,50.0,,,,
granite,Power_Distance,2018,1,2,,,,,25.0,,,50.0,,,,
granite,Power_Distance,2018,1,3,,,,,25.0,,,50.0,,,,
granite,Power_Distance,2024,1,1,,,,,50.0,,,25.0,,,,
granite,Power_Distance,2024,1,2,,,,,50.0,,,25.0,,,,
granite,Power_Distance,2024,1,3,,,,,50.0,,,25.0,,,,
granite,Power_Distance,2025,1,1,,,,,50.0,,,50.0,,,,
granite,Power_Distance,2025,1,2,,,,,50.0,,,50.0,,,,
granite,Power_Distance,2025,1,3,,,,,50.0,,,50.0,,,,
granite,Power_Distance,2026,1,1,,,,,25.0,,,50.0,,,,
granite,Power_Distance,2026,1,2,,,,,25.0,,,50.0,,,,
granite,Power_Distance,2026,1,3,,,,,25.0,,,50.0,,,,
granite,Power_Distance,2027,1,1,,,,,25.0,,,75.0,,,,
granite,Power_Distance,2027,1,2,,,,,25.0,,,75.0,,,,
granite,Power_Distance,2027,1,3,,,,,25.0,,,75.0,,,,
granite,Power_Distance,2030,1,1,,,,,50.0,,,0.0,,,,
granite,Power_Distance,2030,1,2,,,,,50.0,,,0.0,,,,
granite,Power_Distance,2030,1,3,,,,,50.0,,,0.0,,,,
granite,Power_Distance,2031,1,1,,,,,50.0,,,25.0,,,,
granite,Power_Distance,2031,1,2,,,,,50.0,,,25.0,,,,
granite,Power_Distance,2031,1,3,,,,,50.0,,,25.0,,,,
granite,Power_Distance,2033,1,1,,,,,25.0,,,25.0,,,,
granite,Power_Distance,2033,1,2,,,,,25.0,,,25.0,,,,
granite,Power_Distance,2033,1,3,,,,,25.0,,,25.0,,,,
granite,Power_Distance,2034,1,1,,,,,25.0,,,25.0,,,,
granite,Power_Distance,2034,1,2,,,,,25.0,,,25.0,,,,
granite,Power_Distance,2034,1,3,,,,,25.0,,,25.0,,,,
granite,Power_Distance,2035,1,1,,,,,100.0,,,50.0,,,,
granite,Power_Distance,2035,1,2,,,,,100.0,,,50.0,,,,
granite,Power_Distance,2035,1,3,,,,,100.0,,,50.0,,,,
granite,Power_Distance,2036,1,1,,,,,25.0,,,50.0,,,,
granite,Power_Distance,2036,1,2,,,,,25.0,,,50.0,,,,
granite,Power_Distance,2036,1,3,,,,,25.0,,,50.0,,,,
granite,Power_Distance,2039,1,1,,,,,25.0,,,25.0,,,,
granite,Power_Distance,2039,1,2,,,,,25.0,,,25.0,,,,
granite,Power_Distance,2039,1,3,,,,,25.0,,,25.0,,,,
granite,Power_Distance,2040,1,1,,,,,50.0,,,50.0,,,,
granite,Power_Distance,2040,1,2,,,,,50.0,,,50.0,,,,
granite,Power_Distance,2040,1,3,,,,,50.0,,,50.0,,,,
granite,Power_Distance,2043,1,1,,,,,50.0,,,50.0,,,,
granite,Power_Distance,2043,1,2,,,,,50.0,,,50.0,,,,
granite,Power_Distance,2043,1,3,,,,,50.0,,,50.0,,,,
granite,Power_Distance,2045,1,1,,,,,25.0,,,0.0,,,,
granite,Power_Distance,2045,1,2,,,,,25.0,,,0.0,,,,
granite,Power_Distance,2045,1,3,,,,,25.0,,,0.0,,,,
granite,Power_Distance,2046,1,1,,,,,50.0,,,50.0,,,,
granite,Power_Distance,2046,1,2,,,,,50.0,,,50.0,,,,
granite,Power_Distance,2046,1,3,,,,,50.0,,,50.0,,,,
granite,Power_Distance,2050,1,1,,,,,0.0,,,25.0,,,,
granite,Power_Distance,2050,1,2,,,,,0.0,,,25.0,,,,
granite,Power_Distance,2050,1,3,,,,,0.0,,,25.0,,,,
granite,Power_Distance,2051,1,1,,,,,25.0,,,25.0,,,,
granite,Power_Distance,2051,1,2,,,,,25.0,,,25.0,,,,
granite,Power_Distance,2051,1,3,,,,,25.0,,,25.0,,,,
granite,Power_Distance,2053,1,1,,,,,25.0,,,50.0,,,,
granite,Power_Distance,2053,1,2,,,,,25.0,,,50.0,,,,
granite,Power_Distance,2053,1,3,,,,,25.0,,,50.0,,,,
granite,Power_Distance,2054,1,1,,,,,50.0,,,25.0,,,,
granite,Power_Distance,2054,1,2,,,,,50.0,,,25.0,,,,
granite,Power_Distance,2054,1,3,,,,,50.0,,,25.0,,,,
granite,Power_Distance,2055,1,1,,,,,0.0,,,0.0,,,,
granite,Power_Distance,2055,1,2,,,,,0.0,,,0.0,,,,
granite,Power_Distance,2055,1,3,,,,,0.0,,,0.0,,,,
granite,Power_Distance,2056,1,1,,,,,75.0,,,50.0,,,,
granite,Power_Distance,2056,1,2,,,,,75.0,,,50.0,,,,
granite,Power_Distance,2056,1,3,,,,,75.0,,,50.0,,,,
granite,Power_Distance,2057,1,1,,,,,50.0,,,50.0,,,,
granite,Power_Distance,2057,1,2,,,,,50.0,,,50.0,,,,
granite,Power_Distance,2057,1,3,,,,,50.0,,,50.0,,,,
granite,Power_Distance,2058,1,1,,,,,50.0,,,100.0,,,,
granite,Power_Distance,2058,1,2,,,,,50.0,,,100.0,,,,
granite,Power_Distance,2058,1,3,,,,,50.0,,,100.0,,,,
granite,Power_Distance,2059,1,1,,,,,50.0,,,50.0,,,,
granite,Power_Distance,2059,1,2,,,,,50.0,,,50.0,,,,
granite,Power_Distance,2059,1,3,,,,,50.0,,,50.0,,,,
granite,Power_Distance,2060,1,1,,,,,50.0,,,50.0,,,,
granite,Power_Distance,2060,1,2,,,,,50.0,,,50.0,,,,
granite,Power_Distance,2060,1,3,,,,,50.0,,,50.0,,,,
granite,Power_Distance,2061,1,1,,,,,75.0,,,50.0,,,,
granite,Power_Distance,2061,1,2,,,,,75.0,,,50.0,,,,
granite,Power_Distance,2061,1,3,,,,,75.0,,,50.0,,,,
granite,Power_Distance,2062,1,1,,,,,25.0,,,50.0,,,,
granite,Power_Distance,2062,1,2,,,,,25.0,,,50.0,,,,
granite,Power_Distance,2062,1,3,,,,,25.0,,,50.0,,,,
granite,Power_Distance,2063,1,1,,,,,75.0,,,50.0,,,,
granite,Power_Distance,2063,1,2,,,,,75.0,,,50.0,,,,
granite,Power_Distance,2063,1,3,,,,,75.0,,,50.0,,,,
granite,Power_Distance,2064,1,1,,,,,50.0,,,50.0,,,,
granite,Power_Distance,2064,1,2,,,,,50.0,,,50.0,,,,
granite,Power_Distance,2064,1,3,,,,,50.0,,,50.0,,,,
granite,Power_Distance,2065,1,1,,,,,25.0,,,25.0,,,,
granite,Power_Distance,2065,1,2,,,,,25.0,,,25.0,,,,
granite,Power_Distance,2065,1,3,,,,,25.0,,,25.0,,,,
granite,Power_Distance,2066,1,1,,,,,25.0,,,50.0,,,,
granite,Power_Distance,2066,1,2,,,,,25.0,,,50.0,,,,
granite,Power_Distance,2066,1,3,,,,,25.0,,,50.0,,,,
granite,Power_Distance,2067,1,1,,,,,50.0,,,50.0,,,,
granite,Power_Distance,2067,1,2,,,,,50.0,,,50.0,,,,
granite,Power_Distance,2067,1,3,,,,,50.0,,,50.0,,,,
granite,Power_Distance,2069,1,1,,,,,50.0,,,25.0,,,,
granite,Power_Distance,2069,1,2,,,,,50.0,,,25.0,,,,
granite,Power_Distance,2069,1,3,,,,,50.0,,,25.0,,,,
granite,Power_Distance,2073,1,1,,,,,25.0,,,25.0,,,,
granite,Power_Distance,2073,1,2,,,,,25.0,,,25.0,,,,
granite,Power_Distance,2073,1,3,,,,,25.0,,,25.0,,,,
granite,Power_Distance,2074,1,1,,,,,100.0,,,50.0,,,,
granite,Power_Distance,2074,1,2,,,,,100.0,,,50.0,,,,
granite,Power_Distance,2074,1,3,,,,,100.0,,,50.0,,,,
granite,Power_Distance,2075,1,1,,,,,25.0,,,25.0,,,,
granite,Power_Distance,2075,1,2,,,,,25.0,,,25.0,,,,
granite,Power_Distance,2075,1,3,,,,,25.0,,,25.0,,,,
granite,Power_Distance,2076,1,1,,,,,25.0,,,25.0,,,,
granite,Power_Distance,2076,1,2,,,,,25.0,,,25.0,,,,
granite,Power_Distance,2076,1,3,,,,,25.0,,,25.0,,,,
granite,Power_Distance,2079,1,1,,,,,50.0,,,0.0,,,,
granite,Power_Distance,2079,1,2,,,,,50.0,,,0.0,,,,
granite,Power_Distance,2079,1,3,,,,,50.0,,,0.0,,,,
granite,Power_Distance,2080,1,1,,,,,50.0,,,0.0,,,,
granite,Power_Distance,2080,1,2,,,,,50.0,,,0.0,,,,
granite,Power_Distance,2080,1,3,,,,,50.0,,,0.0,,,,
granite,Power_Distance,2081,1,1,,,,,25.0,,,0.0,,,,
granite,Power_Distance,2081,1,2,,,,,25.0,,,0.0,,,,
granite,Power_Distance,2081,1,3,,,,,25.0,,,0.0,,,,
granite,Power_Distance,2083,1,1,,,,,50.0,,,25.0,,,,
granite,Power_Distance,2083,1,2,,,,,50.0,,,25.0,,,,
granite,Power_Distance,2083,1,3,,,,,50.0,,,25.0,,,,
granite,Power_Distance,2084,1,1,,,,,25.0,,,25.0,,,,
granite,Power_Distance,2084,1,2,,,,,25.0,,,25.0,,,,
granite,Power_Distance,2084,1,3,,,,,25.0,,,25.0,,,,
granite,Power_Distance,2085,1,1,,,,,50.0,,,50.0,,,,
granite,Power_Distance,2085,1,2,,,,,50.0,,,50.0,,,,
granite,Power_Distance,2085,1,3,,,,,50.0,,,50.0,,,,
granite,Power_Distance,2087,1,1,,,,,25.0,,,25.0,,,,
granite,Power_Distance,2087,1,2,,,,,25.0,,,25.0,,,,
granite,Power_Distance,2087,1,3,,,,,25.0,,,25.0,,,,
granite,Power_Distance,2088,1,1,,,,,25.0,,,25.0,,,,
granite,Power_Distance,2088,1,2,,,,,25.0,,,25.0,,,,
granite,Power_Distance,2088,1,3,,,,,25.0,,,25.0,,,,
granite,Power_Distance,2089,1,1,,,,,25.0,,,25.0,,,,
granite,Power_Distance,2089,1,2,,,,,25.0,,,25.0,,,,
granite,Power_Distance,2089,1,3,,,,,25.0,,,25.0,,,,
granite,Power_Distance,2090,1,1,,,,,25.0,,,25.0,,,,
granite,Power_Distance,2090,1,2,,,,,25.0,,,25.0,,,,
granite,Power_Distance,2090,1,3,,,,,25.0,,,25.0,,,,
granite,Power_Distance,2091,1,1,,,,,50.0,,,50.0,,,,
granite,Power_Distance,2091,1,2,,,,,50.0,,,50.0,,,,
granite,Power_Distance,2091,1,3,,,,,50.0,,,50.0,,,,
granite,Power_Distance,2093,1,1,,,,,25.0,,,50.0,,,,
granite,Power_Distance,2093,1,2,,,,,25.0,,,50.0,,,,
granite,Power_Distance,2093,1,3,,,,,25.0,,,50.0,,,,
granite,Power_Distance,2095,1,1,,,,,50.0,,,25.0,,,,
granite,Power_Distance,2095,1,2,,,,,50.0,,,25.0,,,,
granite,Power_Distance,2095,1,3,,,,,50.0,,,25.0,,,,
granite,Power_Distance,2096,1,1,,,,,50.0,,,25.0,,,,
granite,Power_Distance,2096,1,2,,,,,50.0,,,25.0,,,,
granite,Power_Distance,2096,1,3,,,,,50.0,,,25.0,,,,
granite,Power_Distance,2099,1,1,,,,,25.0,,,50.0,,,,
granite,Power_Distance,2099,1,2,,,,,25.0,,,50.0,,,,
granite,Power_Distance,2099,1,3,,,,,25.0,,,50.0,,,,
granite,Power_Distance,2100,1,1,,,,,0.0,,,0.0,,,,
granite,Power_Distance,2100,1,2,,,,,0.0,,,0.0,,,,
granite,Power_Distance,2100,1,3,,,,,0.0,,,0.0,,,,
granite,Power_Distance,2102,1,1,,,,,50.0,,,50.0,,,,
granite,Power_Distance,2102,1,2,,,,,50.0,,,50.0,,,,
granite,Power_Distance,2102,1,3,,,,,50.0,,,50.0,,,,
granite,Power_Distance,2103,1,1,,,,,50.0,,,50.0,,,,
granite,Power_Distance,2103,1,2,,,,,50.0,,,50.0,,,,
granite,Power_Distance,2103,1,3,,,,,50.0,,,50.0,,,,
granite,Power_Distance,2105,1,1,,,,,25.0,,,50.0,,,,
granite,Power_Distance,2105,1,2,,,,,25.0,,,50.0,,,,
granite,Power_Distance,2105,1,3,,,,,25.0,,,50.0,,,,
granite,Power_Distance,2107,1,1,,,,,0.0,,,25.0,,,,
granite,Power_Distance,2107,1,2,,,,,0.0,,,25.0,,,,
granite,Power_Distance,2107,1,3,,,,,0.0,,,25.0,,,,
granite,Power_Distance,2108,1,1,,,,,25.0,,,25.0,,,,
granite,Power_Distance,2108,1,2,,,,,25.0,,,25.0,,,,
granite,Power_Distance,2108,1,3,,,,,25.0,,,25.0,,,,
granite,Power_Distance,2109,1,1,,,,,25.0,,,0.0,,,,
granite,Power_Distance,2109,1,2,,,,,25.0,,,0.0,,,,
granite,Power_Distance,2109,1,3,,,,,25.0,,,0.0,,,,
granite,Power_Distance,2112,1,1,,,,,25.0,,,25.0,,,,
granite,Power_Distance,2112,1,2,,,,,25.0,,,25.0,,,,
granite,Power_Distance,2112,1,3,,,,,25.0,,,25.0,,,,
granite,Power_Distance,2113,1,1,,,,,50.0,,,75.0,,,,
granite,Power_Distance,2113,1,2,,,,,50.0,,,75.0,,,,
granite,Power_Distance,2113,1,3,,,,,50.0,,,75.0,,,,
granite,Power_Distance,2116,1,1,,,,,50.0,,,50.0,,,,
granite,Power_Distance,2116,1,2,,,,,50.0,,,50.0,,,,
granite,Power_Distance,2116,1,3,,,,,50.0,,,50.0,,,,
granite,Power_Distance,2123,1,1,,,,,25.0,,,25.0,,,,
granite,Power_Distance,2123,1,2,,,,,25.0,,,25.0,,,,
granite,Power_Distance,2123,1,3,,,,,25.0,,,25.0,,,,
granite,Power_Distance,2125,1,1,,,,,100.0,,,50.0,,,,
granite,Power_Distance,2125,1,2,,,,,100.0,,,50.0,,,,
granite,Power_Distance,2125,1,3,,,,,100.0,,,50.0,,,,
granite,Power_Distance,2130,1,1,,,,,50.0,,,50.0,,,,
granite,Power_Distance,2130,1,2,,,,,50.0,,,50.0,,,,
granite,Power_Distance,2130,1,3,,,,,50.0,,,50.0,,,,
granite,Power_Distance,2132,1,1,,,,,50.0,,,50.0,,,,
granite,Power_Distance,2132,1,2,,,,,50.0,,,50.0,,,,
granite,Power_Distance,2132,1,3,,,,,50.0,,,50.0,,,,
granite,Power_Distance,2134,1,1,,,,,50.0,,,50.0,,,,
granite,Power_Distance,2134,1,2,,,,,50.0,,,50.0,,,,
granite,Power_Distance,2134,1,3,,,,,50.0,,,50.0,,,,
granite,Uncertainty_Avoidance,2423,1,1,,,,,50.0,,,50.0,,,,
granite,Uncertainty_Avoidance,2423,1,2,,,,,50.0,,,50.0,,,,
granite,Uncertainty_Avoidance,2423,1,3,,,,,50.0,,,50.0,,,,
granite,Uncertainty_Avoidance,2424,1,1,,,,,50.0,,,25.0,,,,
granite,Uncertainty_Avoidance,2424,1,2,,,,,50.0,,,25.0,,,,
granite,Uncertainty_Avoidance,2424,1,3,,,,,50.0,,,25.0,,,,
granite,Uncertainty_Avoidance,2425,1,1,,,,,0.0,,,0.0,,,,
granite,Uncertainty_Avoidance,2425,1,2,,,,,0.0,,,0.0,,,,
granite,Uncertainty_Avoidance,2425,1,3,,,,,0.0,,,0.0,,,,
granite,Uncertainty_Avoidance,2426,1,1,,,,,50.0,,,50.0,,,,
granite,Uncertainty_Avoidance,2426,1,2,,,,,50.0,,,50.0,,,,
granite,Uncertainty_Avoidance,2426,1,3,,,,,50.0,,,50.0,,,,
granite,Uncertainty_Avoidance,2427,1,1,,,,,50.0,,,25.0,,,,
granite,Uncertainty_Avoidance,2427,1,2,,,,,50.0,,,25.0,,,,
granite,Uncertainty_Avoidance,2427,1,3,,,,,50.0,,,25.0,,,,
granite,Uncertainty_Avoidance,2428,1,1,,,,,50.0,,,50.0,,,,
granite,Uncertainty_Avoidance,2428,1,2,,,,,50.0,,,50.0,,,,
granite,Uncertainty_Avoidance,2428,1,3,,,,,50.0,,,50.0,,,,
granite,Uncertainty_Avoidance,2429,1,1,,,,,50.0,,,50.0,,,,
granite,Uncertainty_Avoidance,2429,1,2,,,,,50.0,,,50.0,,,,
granite,Uncertainty_Avoidance,2429,1,3,,,,,50.0,,,50.0,,,,
granite,Uncertainty_Avoidance,2430,1,1,,,,,25.0,,,25.0,,,,
granite,Uncertainty_Avoidance,2430,1,2,,,,,25.0,,,25.0,,,,
granite,Uncertainty_Avoidance,2430,1,3,,,,,25.0,,,25.0,,,,
granite,Uncertainty_Avoidance,2431,1,1,,,,,50.0,,,25.0,,,,
granite,Uncertainty_Avoidance,2431,1,2,,,,,50.0,,,25.0,,,,
granite,Uncertainty_Avoidance,2431,1,3,,,,,50.0,,,25.0,,,,
granite,Uncertainty_Avoidance,2432,1,1,,,,,25.0,,,25.0,,,,
granite,Uncertainty_Avoidance,2432,1,2,,,,,25.0,,,25.0,,,,
granite,Uncertainty_Avoidance,2432,1,3,,,,,25.0,,,25.0,,,,
granite,Uncertainty_Avoidance,2433,1,1,,,,,50.0,,,50.0,,,,
granite,Uncertainty_Avoidance,2433,1,2,,,,,50.0,,,50.0,,,,
granite,Uncertainty_Avoidance,2433,1,3,,,,,50.0,,,50.0,,,,
granite,Uncertainty_Avoidance,2434,1,1,,,,,50.0,,,25.0,,,,
granite,Uncertainty_Avoidance,2434,1,2,,,,,50.0,,,25.0,,,,
granite,Uncertainty_Avoidance,2434,1,3,,,,,50.0,,,25.0,,,,
granite,Uncertainty_Avoidance,2435,1,1,,,,,50.0,,,0.0,,,,
granite,Uncertainty_Avoidance,2435,1,2,,,,,50.0,,,0.0,,,,
granite,Uncertainty_Avoidance,2435,1,3,,,,,50.0,,,0.0,,,,
granite,Uncertainty_Avoidance,2436,1,1,,,,,25.0,,,50.0,,,,
granite,Uncertainty_Avoidance,2436,1,2,,,,,25.0,,,50.0,,,,
granite,Uncertainty_Avoidance,2436,1,3,,,,,25.0,,,50.0,,,,
granite,Uncertainty_Avoidance,2437,1,1,,,,,25.0,,,25.0,,,,
granite,Uncertainty_Avoidance,2437,1,2,,,,,25.0,,,25.0,,,,
granite,Uncertainty_Avoidance,2437,1,3,,,,,25.0,,,25.0,,,,
granite,Uncertainty_Avoidance,2438,1,1,,,,,25.0,,,25.0,,,,
granite,Uncertainty_Avoidance,2438,1,2,,,,,25.0,,,25.0,,,,
granite,Uncertainty_Avoidance,2438,1,3,,,,,25.0,,,25.0,,,,
granite,Uncertainty_Avoidance,2439,1,1,,,,,25.0,,,25.0,,,,
granite,Uncertainty_Avoidance,2439,1,2,,,,,25.0,,,25.0,,,,
granite,Uncertainty_Avoidance,2439,1,3,,,,,25.0,,,25.0,,,,
granite,Uncertainty_Avoidance,2440,1,1,,,,,50.0,,,25.0,,,,
granite,Uncertainty_Avoidance,2440,1,2,,,,,50.0,,,25.0,,,,
granite,Uncertainty_Avoidance,2440,1,3,,,,,50.0,,,25.0,,,,
granite,Uncertainty_Avoidance,2445,1,1,,,,,50.0,,,50.0,,,,
granite,Uncertainty_Avoidance,2445,1,2,,,,,50.0,,,50.0,,,,
granite,Uncertainty_Avoidance,2445,1,3,,,,,50.0,,,50.0,,,,
granite,Uncertainty_Avoidance,2446,1,1,,,,,50.0,,,50.0,,,,
granite,Uncertainty_Avoidance,2446,1,2,,,,,50.0,,,50.0,,,,
granite,Uncertainty_Avoidance,2446,1,3,,,,,50.0,,,50.0,,,,
granite,Uncertainty_Avoidance,2447,1,1,,,,,25.0,,,25.0,,,,
granite,Uncertainty_Avoidance,2447,1,2,,,,,25.0,,,25.0,,,,
granite,Uncertainty_Avoidance,2447,1,3,,,,,25.0,,,25.0,,,,
granite,Uncertainty_Avoidance,2449,1,1,,,,,25.0,,,50.0,,,,
granite,Uncertainty_Avoidance,2449,1,2,,,,,25.0,,,50.0,,,,
granite,Uncertainty_Avoidance,2449,1,3,,,,,25.0,,,50.0,,,,
granite,Uncertainty_Avoidance,2450,1,1,,,,,50.0,,,50.0,,,,
granite,Uncertainty_Avoidance,2450,1,2,,,,,50.0,,,50.0,,,,
granite,Uncertainty_Avoidance,2450,1,3,,,,,50.0,,,50.0,,,,
granite,Uncertainty_Avoidance,2452,1,1,,,,,25.0,,,25.0,,,,
granite,Uncertainty_Avoidance,2452,1,2,,,,,25.0,,,25.0,,,,
granite,Uncertainty_Avoidance,2452,1,3,,,,,25.0,,,25.0,,,,
granite,Uncertainty_Avoidance,2453,1,1,,,,,0.0,,,0.0,,,,
granite,Uncertainty_Avoidance,2453,1,2,,,,,0.0,,,0.0,,,,
granite,Uncertainty_Avoidance,2453,1,3,,,,,0.0,,,0.0,,,,
granite,Uncertainty_Avoidance,2454,1,1,,,,,50.0,,,50.0,,,,
granite,Uncertainty_Avoidance,2454,1,2,,,,,50.0,,,50.0,,,,
granite,Uncertainty_Avoidance,2454,1,3,,,,,50.0,,,50.0,,,,
granite,Uncertainty_Avoidance,2456,1,1,,,,,25.0,,,25.0,,,,
granite,Uncertainty_Avoidance,2456,1,2,,,,,25.0,,,25.0,,,,
granite,Uncertainty_Avoidance,2456,1,3,,,,,25.0,,,25.0,,,,
granite,Uncertainty_Avoidance,2457,1,1,,,,,25.0,,,50.0,,,,
granite,Uncertainty_Avoidance,2457,1,2,,,,,25.0,,,50.0,,,,
granite,Uncertainty_Avoidance,2457,1,3,,,,,25.0,,,50.0,,,,
granite,Uncertainty_Avoidance,2459,1,1,,,,,50.0,,,50.0,,,,
granite,Uncertainty_Avoidance,2459,1,2,,,,,50.0,,,50.0,,,,
granite,Uncertainty_Avoidance,2459,1,3,,,,,50.0,,,50.0,,,,
granite,Uncertainty_Avoidance,2460,1,1,,,,,50.0,,,50.0,,,,
granite,Uncertainty_Avoidance,2460,1,2,,,,,50.0,,,50.0,,,,
granite,Uncertainty_Avoidance,2460,1,3,,,,,50.0,,,50.0,,,,
granite,Uncertainty_Avoidance,2461,1,1,,,,,25.0,,,25.0,,,,
granite,Uncertainty_Avoidance,2461,1,2,,,,,25.0,,,25.0,,,,
granite,Uncertainty_Avoidance,2461,1,3,,,,,25.0,,,25.0,,,,
granite,Uncertainty_Avoidance,2463,1,1,,,,,25.0,,,50.0,,,,
granite,Uncertainty_Avoidance,2463,1,2,,,,,25.0,,,50.0,,,,
granite,Uncertainty_Avoidance,2463,1,3,,,,,25.0,,,50.0,,,,
granite,Uncertainty_Avoidance,2464,1,1,,,,,75.0,,,75.0,,,,
granite,Uncertainty_Avoidance,2464,1,2,,,,,75.0,,,75.0,,,,
granite,Uncertainty_Avoidance,2464,1,3,,,,,75.0,,,75.0,,,,
granite,Uncertainty_Avoidance,2466,1,1,,,,,75.0,,,75.0,,,,
granite,Uncertainty_Avoidance,2466,1,2,,,,,75.0,,,75.0,,,,
granite,Uncertainty_Avoidance,2466,1,3,,,,,75.0,,,75.0,,,,
granite,Uncertainty_Avoidance,2467,1,1,,,,,25.0,,,50.0,,,,
granite,Uncertainty_Avoidance,2467,1,2,,,,,25.0,,,50.0,,,,
granite,Uncertainty_Avoidance,2467,1,3,,,,,25.0,,,50.0,,,,
granite,Uncertainty_Avoidance,2468,1,1,,,,,50.0,,,50.0,,,,
granite,Uncertainty_Avoidance,2468,1,2,,,,,50.0,,,50.0,,,,
granite,Uncertainty_Avoidance,2468,1,3,,,,,50.0,,,50.0,,,,
granite,Uncertainty_Avoidance,2469,1,1,,,,,25.0,,,0.0,,,,
granite,Uncertainty_Avoidance,2469,1,2,,,,,25.0,,,0.0,,,,
granite,Uncertainty_Avoidance,2469,1,3,,,,,25.0,,,0.0,,,,
granite,Uncertainty_Avoidance,2471,1,1,,,,,25.0,,,25.0,,,,
granite,Uncertainty_Avoidance,2471,1,2,,,,,25.0,,,25.0,,,,
granite,Uncertainty_Avoidance,2471,1,3,,,,,25.0,,,25.0,,,,
granite,Uncertainty_Avoidance,2473,1,1,,,,,50.0,,,25.0,,,,
granite,Uncertainty_Avoidance,2473,1,2,,,,,50.0,,,25.0,,,,
granite,Uncertainty_Avoidance,2473,1,3,,,,,50.0,,,25.0,,,,
granite,Uncertainty_Avoidance,2474,1,1,,,,,50.0,,,50.0,,,,
granite,Uncertainty_Avoidance,2474,1,2,,,,,50.0,,,50.0,,,,
granite,Uncertainty_Avoidance,2474,1,3,,,,,50.0,,,50.0,,,,
granite,Uncertainty_Avoidance,2475,1,1,,,,,50.0,,,25.0,,,,
granite,Uncertainty_Avoidance,2475,1,2,,,,,50.0,,,25.0,,,,
granite,Uncertainty_Avoidance,2475,1,3,,,,,50.0,,,25.0,,,,
granite,Uncertainty_Avoidance,2476,1,1,,,,,0.0,,,0.0,,,,
granite,Uncertainty_Avoidance,2476,1,2,,,,,0.0,,,0.0,,,,
granite,Uncertainty_Avoidance,2476,1,3,,,,,0.0,,,0.0,,,,
granite,Uncertainty_Avoidance,2477,1,1,,,,,100.0,,,50.0,,,,
granite,Uncertainty_Avoidance,2477,1,2,,,,,100.0,,,50.0,,,,
granite,Uncertainty_Avoidance,2477,1,3,,,,,100.0,,,50.0,,,,
granite,Uncertainty_Avoidance,2478,1,1,,,,,50.0,,,75.0,,,,
granite,Uncertainty_Avoidance,2478,1,2,,,,,50.0,,,75.0,,,,
granite,Uncertainty_Avoidance,2478,1,3,,,,,50.0,,,75.0,,,,
granite,Uncertainty_Avoidance,2479,1,1,,,,,75.0,,,50.0,,,,
granite,Uncertainty_Avoidance,2479,1,2,,,,,75.0,,,50.0,,,,
granite,Uncertainty_Avoidance,2479,1,3,,,,,75.0,,,50.0,,,,
granite,Uncertainty_Avoidance,2482,1,1,,,,,25.0,,,50.0,,,,
granite,Uncertainty_Avoidance,2482,1,2,,,,,25.0,,,50.0,,,,
granite,Uncertainty_Avoidance,2482,1,3,,,,,25.0,,,50.0,,,,
granite,Uncertainty_Avoidance,2483,1,1,,,,,0.0,,,25.0,,,,
granite,Uncertainty_Avoidance,2483,1,2,,,,,0.0,,,25.0,,,,
granite,Uncertainty_Avoidance,2483,1,3,,,,,0.0,,,25.0,,,,
granite,Uncertainty_Avoidance,2484,1,1,,,,,25.0,,,25.0,,,,
granite,Uncertainty_Avoidance,2484,1,2,,,,,25.0,,,25.0,,,,
granite,Uncertainty_Avoidance,2484,1,3,,,,,25.0,,,25.0,,,,
granite,Uncertainty_Avoidance,2485,1,1,,,,,50.0,,,50.0,,,,
granite,Uncertainty_Avoidance,2485,1,2,,,,,50.0,,,50.0,,,,
granite,Uncertainty_Avoidance,2485,1,3,,,,,50.0,,,50.0,,,,
granite,Uncertainty_Avoidance,2487,1,1,,,,,25.0,,,0.0,,,,
granite,Uncertainty_Avoidance,2487,1,2,,,,,25.0,,,0.0,,,,
granite,Uncertainty_Avoidance,2487,1,3,,,,,25.0,,,0.0,,,,
granite,Uncertainty_Avoidance,2488,1,1,,,,,50.0,,,25.0,,,,
granite,Uncertainty_Avoidance,2488,1,2,,,,,50.0,,,25.0,,,,
granite,Uncertainty_Avoidance,2488,1,3,,,,,50.0,,,25.0,,,,
granite,Uncertainty_Avoidance,2489,1,1,,,,,25.0,,,50.0,,,,
granite,Uncertainty_Avoidance,2489,1,2,,,,,25.0,,,50.0,,,,
granite,Uncertainty_Avoidance,2489,1,3,,,,,25.0,,,50.0,,,,
granite,Uncertainty_Avoidance,2490,1,1,,,,,50.0,,,75.0,,,,
granite,Uncertainty_Avoidance,2490,1,2,,,,,50.0,,,75.0,,,,
granite,Uncertainty_Avoidance,2490,1,3,,,,,50.0,,,75.0,,,,
granite,Uncertainty_Avoidance,2492,1,1,,,,,50.0,,,25.0,,,,
granite,Uncertainty_Avoidance,2492,1,2,,,,,50.0,,,25.0,,,,
granite,Uncertainty_Avoidance,2492,1,3,,,,,50.0,,,25.0,,,,
granite,Uncertainty_Avoidance,2493,1,1,,,,,50.0,,,75.0,,,,
granite,Uncertainty_Avoidance,2493,1,2,,,,,50.0,,,75.0,,,,
granite,Uncertainty_Avoidance,2493,1,3,,,,,50.0,,,75.0,,,,
granite,Uncertainty_Avoidance,2494,1,1,,,,,50.0,,,25.0,,,,
granite,Uncertainty_Avoidance,2494,1,2,,,,,50.0,,,25.0,,,,
granite,Uncertainty_Avoidance,2494,1,3,,,,,50.0,,,25.0,,,,
granite,Uncertainty_Avoidance,2495,1,1,,,,,50.0,,,75.0,,,,
granite,Uncertainty_Avoidance,2495,1,2,,,,,50.0,,,75.0,,,,
granite,Uncertainty_Avoidance,2495,1,3,,,,,50.0,,,75.0,,,,
granite,Uncertainty_Avoidance,2497,1,1,,,,,50.0,,,25.0,,,,
granite,Uncertainty_Avoidance,2497,1,2,,,,,50.0,,,25.0,,,,
granite,Uncertainty_Avoidance,2497,1,3,,,,,50.0,,,25.0,,,,
granite,Uncertainty_Avoidance,2501,1,1,,,,,50.0,,,50.0,,,,
granite,Uncertainty_Avoidance,2501,1,2,,,,,50.0,,,50.0,,,,
granite,Uncertainty_Avoidance,2501,1,3,,,,,50.0,,,50.0,,,,
granite,Uncertainty_Avoidance,2503,1,1,,,,,50.0,,,50.0,,,,
granite,Uncertainty_Avoidance,2503,1,2,,,,,50.0,,,50.0,,,,
granite,Uncertainty_Avoidance,2503,1,3,,,,,50.0,,,50.0,,,,
granite,Uncertainty_Avoidance,2505,1,1,,,,,25.0,,,25.0,,,,
granite,Uncertainty_Avoidance,2505,1,2,,,,,25.0,,,25.0,,,,
granite,Uncertainty_Avoidance,2505,1,3,,,,,25.0,,,25.0,,,,
granite,Uncertainty_Avoidance,2506,1,1,,,,,50.0,,,50.0,,,,
granite,Uncertainty_Avoidance,2506,1,2,,,,,50.0,,,50.0,,,,
granite,Uncertainty_Avoidance,2506,1,3,,,,,50.0,,,50.0,,,,
granite,Uncertainty_Avoidance,2508,1,1,,,,,25.0,,,25.0,,,,
granite,Uncertainty_Avoidance,2508,1,2,,,,,25.0,,,25.0,,,,
granite,Uncertainty_Avoidance,2508,1,3,,,,,25.0,,,25.0,,,,
granite,Uncertainty_Avoidance,2511,1,1,,,,,50.0,,,50.0,,,,
granite,Uncertainty_Avoidance,2511,1,2,,,,,50.0,,,50.0,,,,
granite,Uncertainty_Avoidance,2511,1,3,,,,,50.0,,,50.0,,,,
granite,Uncertainty_Avoidance,2513,1,1,,,,,75.0,,,50.0,,,,
granite,Uncertainty_Avoidance,2513,1,2,,,,,75.0,,,50.0,,,,
granite,Uncertainty_Avoidance,2513,1,3,,,,,75.0,,,50.0,,,,
granite,Uncertainty_Avoidance,2514,1,1,,,,,50.0,,,50.0,,,,
granite,Uncertainty_Avoidance,2514,1,2,,,,,50.0,,,50.0,,,,
granite,Uncertainty_Avoidance,2514,1,3,,,,,50.0,,,50.0,,,,
granite,Uncertainty_Avoidance,2516,1,1,,,,,25.0,,,50.0,,,,
granite,Uncertainty_Avoidance,2516,1,2,,,,,25.0,,,50.0,,,,
granite,Uncertainty_Avoidance,2516,1,3,,,,,25.0,,,50.0,,,,
granite,Uncertainty_Avoidance,2518,1,1,,,,,50.0,,,25.0,,,,
granite,Uncertainty_Avoidance,2518,1,2,,,,,50.0,,,25.0,,,,
granite,Uncertainty_Avoidance,2518,1,3,,,,,50.0,,,25.0,,,,
granite,Uncertainty_Avoidance,2520,1,1,,,,,50.0,,,50.0,,,,
granite,Uncertainty_Avoidance,2520,1,2,,,,,50.0,,,50.0,,,,
granite,Uncertainty_Avoidance,2520,1,3,,,,,50.0,,,50.0,,,,
granite,Uncertainty_Avoidance,2521,1,1,,,,,50.0,,,50.0,,,,
granite,Uncertainty_Avoidance,2521,1,2,,,,,50.0,,,50.0,,,,
granite,Uncertainty_Avoidance,2521,1,3,,,,,50.0,,,50.0,,,,
granite,Uncertainty_Avoidance,2523,1,1,,,,,25.0,,,25.0,,,,
granite,Uncertainty_Avoidance,2523,1,2,,,,,25.0,,,25.0,,,,
granite,Uncertainty_Avoidance,2523,1,3,,,,,25.0,,,25.0,,,,
granite,Uncertainty_Avoidance,2524,1,1,,,,,75.0,,,75.0,,,,
granite,Uncertainty_Avoidance,2524,1,2,,,,,75.0,,,75.0,,,,
granite,Uncertainty_Avoidance,2524,1,3,,,,,75.0,,,75.0,,,,
granite,Uncertainty_Avoidance,2525,1,1,,,,,50.0,,,50.0,,,,
granite,Uncertainty_Avoidance,2525,1,2,,,,,50.0,,,50.0,,,,
granite,Uncertainty_Avoidance,2525,1,3,,,,,50.0,,,50.0,,,,
granite,Uncertainty_Avoidance,2526,1,1,,,,,50.0,,,25.0,,,,
granite,Uncertainty_Avoidance,2526,1,2,,,,,50.0,,,25.0,,,,
granite,Uncertainty_Avoidance,2526,1,3,,,,,50.0,,,25.0,,,,
granite,Uncertainty_Avoidance,2528,1,1,,,,,50.0,,,50.0,,,,
granite,Uncertainty_Avoidance,2528,1,2,,,,,50.0,,,50.0,,,,
granite,Uncertainty_Avoidance,2528,1,3,,,,,50.0,,,50.0,,,,
granite,Uncertainty_Avoidance,2529,1,1,,,,,25.0,,,25.0,,,,
granite,Uncertainty_Avoidance,2529,1,2,,,,,25.0,,,25.0,,,,
granite,Uncertainty_Avoidance,2529,1,3,,,,,25.0,,,25.0,,,,
granite,Uncertainty_Avoidance,2530,1,1,,,,,75.0,,,50.0,,,,
granite,Uncertainty_Avoidance,2530,1,2,,,,,75.0,,,50.0,,,,
granite,Uncertainty_Avoidance,2530,1,3,,,,,75.0,,,50.0,,,,
granite,Uncertainty_Avoidance,2532,1,1,,,,,50.0,,,25.0,,,,
granite,Uncertainty_Avoidance,2532,1,2,,,,,50.0,,,25.0,,,,
granite,Uncertainty_Avoidance,2532,1,3,,,,,50.0,,,25.0,,,,
granite,Uncertainty_Avoidance,2533,1,1,,,,,50.0,,,50.0,,,,
granite,Uncertainty_Avoidance,2533,1,2,,,,,50.0,,,50.0,,,,
granite,Uncertainty_Avoidance,2533,1,3,,,,,50.0,,,50.0,,,,
granite,Uncertainty_Avoidance,2534,1,1,,,,,75.0,,,75.0,,,,
granite,Uncertainty_Avoidance,2534,1,2,,,,,75.0,,,75.0,,,,
granite,Uncertainty_Avoidance,2534,1,3,,,,,75.0,,,75.0,,,,
granite,Uncertainty_Avoidance,2535,1,1,,,,,75.0,,,75.0,,,,
granite,Uncertainty_Avoidance,2535,1,2,,,,,75.0,,,75.0,,,,
granite,Uncertainty_Avoidance,2535,1,3,,,,,75.0,,,75.0,,,,
granite,Uncertainty_Avoidance,2536,1,1,,,,,50.0,,,50.0,,,,
granite,Uncertainty_Avoidance,2536,1,2,,,,,50.0,,,50.0,,,,
granite,Uncertainty_Avoidance,2536,1,3,,,,,50.0,,,50.0,,,,
granite,Uncertainty_Avoidance,2537,1,1,,,,,50.0,,,50.0,,,,
granite,Uncertainty_Avoidance,2537,1,2,,,,,50.0,,,50.0,,,,
granite,Uncertainty_Avoidance,2537,1,3,,,,,50.0,,,50.0,,,,
granite,Uncertainty_Avoidance,2538,1,1,,,,,50.0,,,50.0,,,,
granite,Uncertainty_Avoidance,2538,1,2,,,,,50.0,,,50.0,,,,
granite,Uncertainty_Avoidance,2538,1,3,,,,,50.0,,,50.0,,,,
granite,Uncertainty_Avoidance,2539,1,1,,,,,50.0,,,50.0,,,,
granite,Uncertainty_Avoidance,2539,1,2,,,,,50.0,,,50.0,,,,
granite,Uncertainty_Avoidance,2539,1,3,,,,,50.0,,,50.0,,,,
granite,Uncertainty_Avoidance,2542,1,1,,,,,50.0,,,50.0,,,,
granite,Uncertainty_Avoidance,2542,1,2,,,,,50.0,,,50.0,,,,
granite,Uncertainty_Avoidance,2542,1,3,,,,,50.0,,,50.0,,,,
granite,Uncertainty_Avoidance,2543,1,1,,,,,50.0,,,50.0,,,,
granite,Uncertainty_Avoidance,2543,1,2,,,,,50.0,,,50.0,,,,
granite,Uncertainty_Avoidance,2543,1,3,,,,,50.0,,,50.0,,,,
granite,Uncertainty_Avoidance,2544,1,1,,,,,25.0,,,50.0,,,,
granite,Uncertainty_Avoidance,2544,1,2,,,,,25.0,,,50.0,,,,
granite,Uncertainty_Avoidance,2544,1,3,,,,,25.0,,,50.0,,,,
granite,Uncertainty_Avoidance,2545,1,1,,,,,75.0,,,75.0,,,,
granite,Uncertainty_Avoidance,2545,1,2,,,,,75.0,,,75.0,,,,
granite,Uncertainty_Avoidance,2545,1,3,,,,,75.0,,,75.0,,,,
granite,Uncertainty_Avoidance,2546,1,1,,,,,50.0,,,50.0,,,,
granite,Uncertainty_Avoidance,2546,1,2,,,,,50.0,,,50.0,,,,
granite,Uncertainty_Avoidance,2546,1,3,,,,,50.0,,,50.0,,,,
granite,Uncertainty_Avoidance,2548,1,1,,,,,25.0,,,25.0,,,,
granite,Uncertainty_Avoidance,2548,1,2,,,,,25.0,,,25.0,,,,
granite,Uncertainty_Avoidance,2548,1,3,,,,,25.0,,,25.0,,,,
granite,Uncertainty_Avoidance,2549,1,1,,,,,75.0,,,75.0,,,,
granite,Uncertainty_Avoidance,2549,1,2,,,,,75.0,,,75.0,,,,
granite,Uncertainty_Avoidance,2549,1,3,,,,,75.0,,,75.0,,,,
granite,Uncertainty_Avoidance,2550,1,1,,,,,50.0,,,50.0,,,,
granite,Uncertainty_Avoidance,2550,1,2,,,,,50.0,,,50.0,,,,
granite,Uncertainty_Avoidance,2550,1,3,,,,,50.0,,,50.0,,,,
granite,Uncertainty_Avoidance,2553,1,1,,,,,50.0,,,75.0,,,,
granite,Uncertainty_Avoidance,2553,1,2,,,,,50.0,,,75.0,,,,
granite,Uncertainty_Avoidance,2553,1,3,,,,,50.0,,,75.0,,,,
granite,Uncertainty_Avoidance,2554,1,1,,,,,50.0,,,50.0,,,,
granite,Uncertainty_Avoidance,2554,1,2,,,,,50.0,,,50.0,,,,
granite,Uncertainty_Avoidance,2554,1,3,,,,,50.0,,,50.0,,,,
granite,Uncertainty_Avoidance,2556,1,1,,,,,25.0,,,25.0,,,,
granite,Uncertainty_Avoidance,2556,1,2,,,,,25.0,,,25.0,,,,
granite,Uncertainty_Avoidance,2556,1,3,,,,,25.0,,,25.0,,,,
granite,Uncertainty_Avoidance,2557,1,1,,,,,0.0,,,0.0,,,,
granite,Uncertainty_Avoidance,2557,1,2,,,,,0.0,,,0.0,,,,
granite,Uncertainty_Avoidance,2557,1,3,,,,,0.0,,,0.0,,,,
granite,Uncertainty_Avoidance,2558,1,1,,,,,50.0,,,0.0,,,,
granite,Uncertainty_Avoidance,2558,1,2,,,,,50.0,,,0.0,,,,
granite,Uncertainty_Avoidance,2558,1,3,,,,,50.0,,,0.0,,,,
granite,Uncertainty_Avoidance,2559,1,1,,,,,75.0,,,50.0,,,,
granite,Uncertainty_Avoidance,2559,1,2,,,,,75.0,,,50.0,,,,
granite,Uncertainty_Avoidance,2559,1,3,,,,,75.0,,,50.0,,,,
granite,Uncertainty_Avoidance,2562,1,1,,,,,25.0,,,50.0,,,,
granite,Uncertainty_Avoidance,2562,1,2,,,,,25.0,,,50.0,,,,
granite,Uncertainty_Avoidance,2562,1,3,,,,,25.0,,,50.0,,,,
granite,Uncertainty_Avoidance,2563,1,1,,,,,75.0,,,75.0,,,,
granite,Uncertainty_Avoidance,2563,1,2,,,,,75.0,,,75.0,,,,
granite,Uncertainty_Avoidance,2563,1,3,,,,,75.0,,,75.0,,,,
granite,Uncertainty_Avoidance,2564,1,1,,,,,25.0,,,50.0,,,,
granite,Uncertainty_Avoidance,2564,1,2,,,,,25.0,,,50.0,,,,
granite,Uncertainty_Avoidance,2564,1,3,,,,,25.0,,,50.0,,,,
granite,Uncertainty_Avoidance,2565,1,1,,,,,75.0,,,50.0,,,,
granite,Uncertainty_Avoidance,2565,1,2,,,,,75.0,,,50.0,,,,
granite,Uncertainty_Avoidance,2565,1,3,,,,,75.0,,,50.0,,,,
granite,Uncertainty_Avoidance,2566,1,1,,,,,50.0,,,0.0,,,,
granite,Uncertainty_Avoidance,2566,1,2,,,,,50.0,,,0.0,,,,
granite,Uncertainty_Avoidance,2566,1,3,,,,,50.0,,,0.0,,,,
granite,Uncertainty_Avoidance,2567,1,1,,,,,25.0,,,25.0,,,,
granite,Uncertainty_Avoidance,2567,1,2,,,,,25.0,,,25.0,,,,
granite,Uncertainty_Avoidance,2567,1,3,,,,,25.0,,,25.0,,,,
granite,Uncertainty_Avoidance,2568,1,1,,,,,50.0,,,50.0,,,,
granite,Uncertainty_Avoidance,2568,1,2,,,,,50.0,,,50.0,,,,
granite,Uncertainty_Avoidance,2568,1,3,,,,,50.0,,,50.0,,,,
granite,Uncertainty_Avoidance,2569,1,1,,,,,25.0,,,25.0,,,,
granite,Uncertainty_Avoidance,2569,1,2,,,,,25.0,,,25.0,,,,
granite,Uncertainty_Avoidance,2569,1,3,,,,,25.0,,,25.0,,,,
granite,Uncertainty_Avoidance,2570,1,1,,,,,25.0,,,25.0,,,,
granite,Uncertainty_Avoidance,2570,1,2,,,,,25.0,,,25.0,,,,
granite,Uncertainty_Avoidance,2570,1,3,,,,,25.0,,,25.0,,,,
granite,Uncertainty_Avoidance,2571,1,1,,,,,75.0,,,75.0,,,,
granite,Uncertainty_Avoidance,2571,1,2,,,,,75.0,,,75.0,,,,
granite,Uncertainty_Avoidance,2571,1,3,,,,,75.0,,,75.0,,,,
granite,Uncertainty_Avoidance,2573,1,1,,,,,25.0,,,50.0,,,,
granite,Uncertainty_Avoidance,2573,1,2,,,,,25.0,,,50.0,,,,
granite,Uncertainty_Avoidance,2573,1,3,,,,,25.0,,,50.0,,,,
granite,Uncertainty_Avoidance,2575,1,1,,,,,25.0,,,25.0,,,,
granite,Uncertainty_Avoidance,2575,1,2,,,,,25.0,,,25.0,,,,
granite,Uncertainty_Avoidance,2575,1,3,,,,,25.0,,,25.0,,,,
granite,Uncertainty_Avoidance,2577,1,1,,,,,50.0,,,50.0,,,,
granite,Uncertainty_Avoidance,2577,1,2,,,,,50.0,,,50.0,,,,
granite,Uncertainty_Avoidance,2577,1,3,,,,,50.0,,,50.0,,,,
granite,Uncertainty_Avoidance,2578,1,1,,,,,0.0,,,0.0,,,,
granite,Uncertainty_Avoidance,2578,1,2,,,,,0.0,,,0.0,,,,
granite,Uncertainty_Avoidance,2578,1,3,,,,,0.0,,,0.0,,,,
granite,Uncertainty_Avoidance,2579,1,1,,,,,50.0,,,75.0,,,,
granite,Uncertainty_Avoidance,2579,1,2,,,,,50.0,,,75.0,,,,
granite,Uncertainty_Avoidance,2579,1,3,,,,,50.0,,,75.0,,,,
granite,Uncertainty_Avoidance,2580,1,1,,,,,50.0,,,25.0,,,,
granite,Uncertainty_Avoidance,2580,1,2,,,,,50.0,,,25.0,,,,
granite,Uncertainty_Avoidance,2580,1,3,,,,,50.0,,,25.0,,,,
granite,Uncertainty_Avoidance,2581,1,1,,,,,25.0,,,25.0,,,,
granite,Uncertainty_Avoidance,2581,1,2,,,,,25.0,,,25.0,,,,
granite,Uncertainty_Avoidance,2581,1,3,,,,,25.0,,,25.0,,,,
granite,Uncertainty_Avoidance,2583,1,1,,,,,50.0,,,50.0,,,,
granite,Uncertainty_Avoidance,2583,1,2,,,,,50.0,,,50.0,,,,
granite,Uncertainty_Avoidance,2583,1,3,,,,,50.0,,,50.0,,,,
granite,Uncertainty_Avoidance,2584,1,1,,,,,50.0,,,50.0,,,,
granite,Uncertainty_Avoidance,2584,1,2,,,,,50.0,,,50.0,,,,
granite,Uncertainty_Avoidance,2584,1,3,,,,,50.0,,,50.0,,,,
granite,Uncertainty_Avoidance,2585,1,1,,,,,50.0,,,50.0,,,,
granite,Uncertainty_Avoidance,2585,1,2,,,,,50.0,,,50.0,,,,
granite,Uncertainty_Avoidance,2585,1,3,,,,,50.0,,,50.0,,,,
granite,Uncertainty_Avoidance,2587,1,1,,,,,25.0,,,0.0,,,,
granite,Uncertainty_Avoidance,2587,1,2,,,,,25.0,,,0.0,,,,
granite,Uncertainty_Avoidance,2587,1,3,,,,,25.0,,,0.0,,,,
granite,Uncertainty_Avoidance,2588,1,1,,,,,25.0,,,25.0,,,,
granite,Uncertainty_Avoidance,2588,1,2,,,,,25.0,,,25.0,,,,
granite,Uncertainty_Avoidance,2588,1,3,,,,,25.0,,,25.0,,,,
granite,Uncertainty_Avoidance,2589,1,1,,,,,50.0,,,50.0,,,,
granite,Uncertainty_Avoidance,2589,1,2,,,,,50.0,,,50.0,,,,
granite,Uncertainty_Avoidance,2589,1,3,,,,,50.0,,,50.0,,,,
granite,Uncertainty_Avoidance,2591,1,1,,,,,100.0,,,75.0,,,,
granite,Uncertainty_Avoidance,2591,1,2,,,,,100.0,,,75.0,,,,
granite,Uncertainty_Avoidance,2591,1,3,,,,,100.0,,,75.0,,,,
granite,Uncertainty_Avoidance,2592,1,1,,,,,50.0,,,50.0,,,,
granite,Uncertainty_Avoidance,2592,1,2,,,,,50.0,,,50.0,,,,
granite,Uncertainty_Avoidance,2592,1,3,,,,,50.0,,,50.0,,,,
granite,Uncertainty_Avoidance,2594,1,1,,,,,50.0,,,50.0,,,,
granite,Uncertainty_Avoidance,2594,1,2,,,,,50.0,,,50.0,,,,
granite,Uncertainty_Avoidance,2594,1,3,,,,,50.0,,,50.0,,,,
granite,Uncertainty_Avoidance,2595,1,1,,,,,25.0,,,50.0,,,,
granite,Uncertainty_Avoidance,2595,1,2,,,,,25.0,,,50.0,,,,
granite,Uncertainty_Avoidance,2595,1,3,,,,,25.0,,,50.0,,,,
granite,Uncertainty_Avoidance,2596,1,1,,,,,50.0,,,50.0,,,,
granite,Uncertainty_Avoidance,2596,1,2,,,,,50.0,,,50.0,,,,
granite,Uncertainty_Avoidance,2596,1,3,,,,,50.0,,,50.0,,,,
granite,Uncertainty_Avoidance,2598,1,1,,,,,50.0,,,50.0,,,,
granite,Uncertainty_Avoidance,2598,1,2,,,,,50.0,,,50.0,,,,
granite,Uncertainty_Avoidance,2598,1,3,,,,,50.0,,,50.0,,,,
granite,Uncertainty_Avoidance,2599,1,1,,,,,50.0,,,50.0,,,,
granite,Uncertainty_Avoidance,2599,1,2,,,,,50.0,,,50.0,,,,
granite,Uncertainty_Avoidance,2599,1,3,,,,,50.0,,,50.0,,,,
granite,Uncertainty_Avoidance,2601,1,1,,,,,50.0,,,50.0,,,,
granite,Uncertainty_Avoidance,2601,1,2,,,,,50.0,,,50.0,,,,
granite,Uncertainty_Avoidance,2601,1,3,,,,,50.0,,,50.0,,,,
granite,Uncertainty_Avoidance,2604,1,1,,,,,50.0,,,50.0,,,,
granite,Uncertainty_Avoidance,2604,1,2,,,,,50.0,,,50.0,,,,
granite,Uncertainty_Avoidance,2604,1,3,,,,,50.0,,,50.0,,,,
granite,Uncertainty_Avoidance,2605,1,1,,,,,50.0,,,50.0,,,,
granite,Uncertainty_Avoidance,2605,1,2,,,,,50.0,,,50.0,,,,
granite,Uncertainty_Avoidance,2605,1,3,,,,,50.0,,,50.0,,,,
granite,Uncertainty_Avoidance,2608,1,1,,,,,50.0,,,50.0,,,,
granite,Uncertainty_Avoidance,2608,1,2,,,,,50.0,,,50.0,,,,
granite,Uncertainty_Avoidance,2608,1,3,,,,,50.0,,,50.0,,,,
granite,Uncertainty_Avoidance,2610,1,1,,,,,50.0,,,50.0,,,,
granite,Uncertainty_Avoidance,2610,1,2,,,,,50.0,,,50.0,,,,
granite,Uncertainty_Avoidance,2610,1,3,,,,,50.0,,,50.0,,,,
granite,Uncertainty_Avoidance,2612,1,1,,,,,25.0,,,50.0,,,,
granite,Uncertainty_Avoidance,2612,1,2,,,,,25.0,,,50.0,,,,
granite,Uncertainty_Avoidance,2612,1,3,,,,,25.0,,,50.0,,,,
granite,Uncertainty_Avoidance,2619,1,1,,,,,50.0,,,50.0,,,,
granite,Uncertainty_Avoidance,2619,1,2,,,,,50.0,,,50.0,,,,
granite,Uncertainty_Avoidance,2619,1,3,,,,,50.0,,,50.0,,,,
granite,Uncertainty_Avoidance,2620,1,1,,,,,25.0,,,50.0,,,,
granite,Uncertainty_Avoidance,2620,1,2,,,,,25.0,,,50.0,,,,
granite,Uncertainty_Avoidance,2620,1,3,,,,,25.0,,,50.0,,,,
granite,Uncertainty_Avoidance,2622,1,1,,,,,50.0,,,50.0,,,,
granite,Uncertainty_Avoidance,2622,1,2,,,,,50.0,,,50.0,,,,
granite,Uncertainty_Avoidance,2622,1,3,,,,,50.0,,,50.0,,,,
granite,Uncertainty_Avoidance,2623,1,1,,,,,75.0,,,75.0,,,,
granite,Uncertainty_Avoidance,2623,1,2,,,,,75.0,,,75.0,,,,
granite,Uncertainty_Avoidance,2623,1,3,,,,,75.0,,,75.0,,,,
granite,Uncertainty_Avoidance,2630,1,1,,,,,50.0,,,50.0,,,,
granite,Uncertainty_Avoidance,2630,1,2,,,,,50.0,,,50.0,,,,
granite,Uncertainty_Avoidance,2630,1,3,,,,,50.0,,,50.0,,,,
granite,Uncertainty_Avoidance,2634,1,1,,,,,25.0,,,25.0,,,,
granite,Uncertainty_Avoidance,2634,1,2,,,,,25.0,,,25.0,,,,
granite,Uncertainty_Avoidance,2634,1,3,,,,,25.0,,,25.0,,,,
granite,Uncertainty_Avoidance,2639,1,1,,,,,50.0,,,50.0,,,,
granite,Uncertainty_Avoidance,2639,1,2,,,,,50.0,,,50.0,,,,
granite,Uncertainty_Avoidance,2639,1,3,,,,,50.0,,,50.0,,,,
granite,Uncertainty_Avoidance,2640,1,1,,,,,25.0,,,25.0,,,,
granite,Uncertainty_Avoidance,2640,1,2,,,,,25.0,,,25.0,,,,
granite,Uncertainty_Avoidance,2640,1,3,,,,,25.0,,,25.0,,,,
granite,Uncertainty_Avoidance,2641,1,1,,,,,50.0,,,50.0,,,,
granite,Uncertainty_Avoidance,2641,1,2,,,,,50.0,,,50.0,,,,
granite,Uncertainty_Avoidance,2641,1,3,,,,,50.0,,,50.0,,,,
granite,Uncertainty_Avoidance,2644,1,1,,,,,25.0,,,50.0,,,,
granite,Uncertainty_Avoidance,2644,1,2,,,,,25.0,,,50.0,,,,
granite,Uncertainty_Avoidance,2644,1,3,,,,,25.0,,,50.0,,,,
granite,Uncertainty_Avoidance,2646,1,1,,,,,75.0,,,50.0,,,,
granite,Uncertainty_Avoidance,2646,1,2,,,,,75.0,,,50.0,,,,
granite,Uncertainty_Avoidance,2646,1,3,,,,,75.0,,,50.0,,,,
granite,Uncertainty_Avoidance,2651,1,1,,,,,100.0,,,75.0,,,,
granite,Uncertainty_Avoidance,2651,1,2,,,,,100.0,,,75.0,,,,
granite,Uncertainty_Avoidance,2651,1,3,,,,,100.0,,,75.0,,,,
granite,Uncertainty_Avoidance,2658,1,1,,,,,50.0,,,50.0,,,,
granite,Uncertainty_Avoidance,2658,1,2,,,,,50.0,,,50.0,,,,
granite,Uncertainty_Avoidance,2658,1,3,,,,,50.0,,,50.0,,,,
llama,Individualism,0,1,1,,,,,,,,25.0,,,,
llama,Individualism,0,1,2,,,,,,,,25.0,,,,
llama,Individualism,0,1,3,,,,,,,,25.0,,,,
llama,Individualism,1,1,1,,,,,,,,50.0,,,,
llama,Individualism,1,1,2,,,,,,,,50.0,,,,
llama,Individualism,1,1,3,,,,,,,,50.0,,,,
llama,Individualism,10,1,1,,,,,,,,50.0,,,,
llama,Individualism,10,1,2,,,,,,,,50.0,,,,
llama,Individualism,10,1,3,,,,,,,,50.0,,,,
llama,Individualism,100,1,1,,,,,,,,25.0,,,,
llama,Individualism,100,1,2,,,,,,,,25.0,,,,
llama,Individualism,100,1,3,,,,,,,,25.0,,,,
llama,Individualism,102,1,1,,,,,,,,50.0,,,,
llama,Individualism,102,1,2,,,,,,,,50.0,,,,
llama,Individualism,102,1,3,,,,,,,,50.0,,,,
llama,Individualism,103,1,1,,,,,,,,25.0,,,,
llama,Individualism,103,1,2,,,,,,,,25.0,,,,
llama,Individualism,103,1,3,,,,,,,,25.0,,,,
llama,Individualism,104,1,1,,,,,,,,25.0,,,,
llama,Individualism,104,1,2,,,,,,,,25.0,,,,
llama,Individualism,104,1,3,,,,,,,,25.0,,,,
llama,Individualism,105,1,1,,,,,,,,50.0,,,,
llama,Individualism,105,1,2,,,,,,,,50.0,,,,
llama,Individualism,105,1,3,,,,,,,,50.0,,,,
llama,Individualism,106,1,1,,,,,,,,50.0,,,,
llama,Individualism,106,1,2,,,,,,,,50.0,,,,
llama,Individualism,106,1,3,,,,,,,,50.0,,,,
llama,Individualism,107,1,1,,,,,,,,75.0,,,,
llama,Individualism,107,1,2,,,,,,,,75.0,,,,
llama,Individualism,107,1,3,,,,,,,,75.0,,,,
llama,Individualism,109,1,1,,,,,,,,100.0,,,,
llama,Individualism,109,1,2,,,,,,,,100.0,,,,
llama,Individualism,109,1,3,,,,,,,,100.0,,,,
llama,Individualism,11,1,1,,,,,,,,50.0,,,,
llama,Individualism,11,1,2,,,,,,,,50.0,,,,
llama,Individualism,11,1,3,,,,,,,,50.0,,,,
llama,Individualism,110,1,1,,,,,,,,50.0,,,,
llama,Individualism,110,1,2,,,,,,,,50.0,,,,
llama,Individualism,110,1,3,,,,,,,,50.0,,,,
llama,Individualism,113,1,1,,,,,,,,50.0,,,,
llama,Individualism,113,1,2,,,,,,,,50.0,,,,
llama,Individualism,113,1,3,,,,,,,,50.0,,,,
llama,Individualism,114,1,1,,,,,,,,50.0,,,,
llama,Individualism,114,1,2,,,,,,,,50.0,,,,
llama,Individualism,114,1,3,,,,,,,,50.0,,,,
llama,Individualism,118,1,1,,,,,,,,50.0,,,,
llama,Individualism,118,1,2,,,,,,,,50.0,,,,
llama,Individualism,118,1,3,,,,,,,,50.0,,,,
llama,Individualism,119,1,1,,,,,,,,25.0,,,,
llama,Individualism,119,1,2,,,,,,,,25.0,,,,
llama,Individualism,119,1,3,,,,,,,,25.0,,,,
llama,Individualism,12,1,1,,,,,,,,50.0,,,,
llama,Individualism,12,1,2,,,,,,,,50.0,,,,
llama,Individualism,12,1,3,,,,,,,,50.0,,,,
llama,Individualism,121,1,1,,,,,,,,25.0,,,,
llama,Individualism,121,1,2,,,,,,,,25.0,,,,
llama,Individualism,121,1,3,,,,,,,,25.0,,,,
llama,Individualism,122,1,1,,,,,,,,50.0,,,,
llama,Individualism,122,1,2,,,,,,,,50.0,,,,
llama,Individualism,122,1,3,,,,,,,,50.0,,,,
llama,Individualism,123,1,1,,,,,,,,50.0,,,,
llama,Individualism,123,1,2,,,,,,,,50.0,,,,
llama,Individualism,123,1,3,,,,,,,,50.0,,,,
llama,Individualism,126,1,1,,,,,,,,50.0,,,,
llama,Individualism,126,1,2,,,,,,,,50.0,,,,
llama,Individualism,126,1,3,,,,,,,,50.0,,,,
llama,Individualism,127,1,1,,,,,,,,50.0,,,,
llama,Individualism,127,1,2,,,,,,,,50.0,,,,
llama,Individualism,127,1,3,,,,,,,,50.0,,,,
llama,Individualism,128,1,1,,,,,,,,50.0,,,,
llama,Individualism,128,1,2,,,,,,,,50.0,,,,
llama,Individualism,128,1,3,,,,,,,,50.0,,,,
llama,Individualism,129,1,1,,,,,,,,50.0,,,,
llama,Individualism,129,1,2,,,,,,,,50.0,,,,
llama,Individualism,129,1,3,,,,,,,,50.0,,,,
llama,Individualism,130,1,1,,,,,,,,50.0,,,,
llama,Individualism,130,1,2,,,,,,,,50.0,,,,
llama,Individualism,130,1,3,,,,,,,,50.0,,,,
llama,Individualism,131,1,1,,,,,,,,50.0,,,,
llama,Individualism,131,1,2,,,,,,,,50.0,,,,
llama,Individualism,131,1,3,,,,,,,,50.0,,,,
llama,Individualism,134,1,1,,,,,,,,50.0,,,,
llama,Individualism,134,1,2,,,,,,,,50.0,,,,
llama,Individualism,134,1,3,,,,,,,,50.0,,,,
llama,Individualism,135,1,1,,,,,,,,50.0,,,,
llama,Individualism,135,1,2,,,,,,,,50.0,,,,
llama,Individualism,135,1,3,,,,,,,,50.0,,,,
llama,Individualism,136,1,1,,,,,,,,50.0,,,,
llama,Individualism,136,1,2,,,,,,,,50.0,,,,
llama,Individualism,136,1,3,,,,,,,,50.0,,,,
llama,Individualism,138,1,1,,,,,,,,50.0,,,,
llama,Individualism,138,1,2,,,,,,,,50.0,,,,
llama,Individualism,138,1,3,,,,,,,,50.0,,,,
llama,Individualism,139,1,1,,,,,,,,25.0,,,,
llama,Individualism,139,1,2,,,,,,,,25.0,,,,
llama,Individualism,139,1,3,,,,,,,,25.0,,,,
llama,Individualism,140,1,1,,,,,,,,50.0,,,,
llama,Individualism,140,1,2,,,,,,,,50.0,,,,
llama,Individualism,140,1,3,,,,,,,,50.0,,,,
llama,Individualism,145,1,1,,,,,,,,25.0,,,,
llama,Individualism,145,1,2,,,,,,,,25.0,,,,
llama,Individualism,145,1,3,,,,,,,,25.0,,,,
llama,Individualism,147,1,1,,,,,,,,25.0,,,,
llama,Individualism,147,1,2,,,,,,,,25.0,,,,
llama,Individualism,147,1,3,,,,,,,,25.0,,,,
llama,Individualism,149,1,1,,,,,,,,25.0,,,,
llama,Individualism,149,1,2,,,,,,,,25.0,,,,
llama,Individualism,149,1,3,,,,,,,,25.0,,,,
llama,Individualism,15,1,1,,,,,,,,0.0,,,,
llama,Individualism,15,1,2,,,,,,,,0.0,,,,
llama,Individualism,15,1,3,,,,,,,,0.0,,,,
llama,Individualism,151,1,1,,,,,,,,75.0,,,,
llama,Individualism,151,1,2,,,,,,,,75.0,,,,
llama,Individualism,151,1,3,,,,,,,,75.0,,,,
llama,Individualism,152,1,1,,,,,,,,50.0,,,,
llama,Individualism,152,1,2,,,,,,,,50.0,,,,
llama,Individualism,152,1,3,,,,,,,,50.0,,,,
llama,Individualism,158,1,1,,,,,,,,50.0,,,,
llama,Individualism,158,1,2,,,,,,,,50.0,,,,
llama,Individualism,158,1,3,,,,,,,,50.0,,,,
llama,Individualism,159,1,1,,,,,,,,25.0,,,,
llama,Individualism,159,1,2,,,,,,,,25.0,,,,
llama,Individualism,159,1,3,,,,,,,,25.0,,,,
llama,Individualism,16,1,1,,,,,,,,25.0,,,,
llama,Individualism,16,1,2,,,,,,,,25.0,,,,
llama,Individualism,16,1,3,,,,,,,,25.0,,,,
llama,Individualism,163,1,1,,,,,,,,75.0,,,,
llama,Individualism,163,1,2,,,,,,,,75.0,,,,
llama,Individualism,163,1,3,,,,,,,,75.0,,,,
llama,Individualism,165,1,1,,,,,,,,50.0,,,,
llama,Individualism,165,1,2,,,,,,,,50.0,,,,
llama,Individualism,165,1,3,,,,,,,,50.0,,,,
llama,Individualism,166,1,1,,,,,,,,50.0,,,,
llama,Individualism,166,1,2,,,,,,,,50.0,,,,
llama,Individualism,166,1,3,,,,,,,,50.0,,,,
llama,Individualism,167,1,1,,,,,,,,50.0,,,,
llama,Individualism,167,1,2,,,,,,,,50.0,,,,
llama,Individualism,167,1,3,,,,,,,,50.0,,,,
llama,Individualism,169,1,1,,,,,,,,50.0,,,,
llama,Individualism,169,1,2,,,,,,,,50.0,,,,
llama,Individualism,169,1,3,,,,,,,,50.0,,,,
llama,Individualism,17,1,1,,,,,,,,25.0,,,,
llama,Individualism,17,1,2,,,,,,,,25.0,,,,
llama,Individualism,17,1,3,,,,,,,,25.0,,,,
llama,Individualism,171,1,1,,,,,,,,50.0,,,,
llama,Individualism,171,1,2,,,,,,,,50.0,,,,
llama,Individualism,171,1,3,,,,,,,,50.0,,,,
llama,Individualism,173,1,1,,,,,,,,50.0,,,,
llama,Individualism,173,1,2,,,,,,,,50.0,,,,
llama,Individualism,173,1,3,,,,,,,,50.0,,,,
llama,Individualism,176,1,1,,,,,,,,100.0,,,,
llama,Individualism,176,1,2,,,,,,,,100.0,,,,
llama,Individualism,176,1,3,,,,,,,,100.0,,,,
llama,Individualism,178,1,1,,,,,,,,50.0,,,,
llama,Individualism,178,1,2,,,,,,,,50.0,,,,
llama,Individualism,178,1,3,,,,,,,,50.0,,,,
llama,Individualism,179,1,1,,,,,,,,25.0,,,,
llama,Individualism,179,1,2,,,,,,,,25.0,,,,
llama,Individualism,179,1,3,,,,,,,,25.0,,,,
llama,Individualism,18,1,1,,,,,,,,50.0,,,,
llama,Individualism,18,1,2,,,,,,,,50.0,,,,
llama,Individualism,18,1,3,,,,,,,,50.0,,,,
llama,Individualism,180,1,1,,,,,,,,75.0,,,,
llama,Individualism,180,1,2,,,,,,,,75.0,,,,
llama,Individualism,180,1,3,,,,,,,,75.0,,,,
llama,Individualism,182,1,1,,,,,,,,50.0,,,,
llama,Individualism,182,1,2,,,,,,,,50.0,,,,
llama,Individualism,182,1,3,,,,,,,,50.0,,,,
llama,Individualism,184,1,1,,,,,,,,50.0,,,,
llama,Individualism,184,1,2,,,,,,,,50.0,,,,
llama,Individualism,184,1,3,,,,,,,,50.0,,,,
llama,Individualism,187,1,1,,,,,,,,75.0,,,,
llama,Individualism,187,1,2,,,,,,,,75.0,,,,
llama,Individualism,187,1,3,,,,,,,,75.0,,,,
llama,Individualism,189,1,1,,,,,,,,75.0,,,,
llama,Individualism,189,1,2,,,,,,,,75.0,,,,
llama,Individualism,189,1,3,,,,,,,,75.0,,,,
llama,Individualism,19,1,1,,,,,,,,50.0,,,,
llama,Individualism,19,1,2,,,,,,,,50.0,,,,
llama,Individualism,19,1,3,,,,,,,,50.0,,,,
llama,Individualism,190,1,1,,,,,,,,50.0,,,,
llama,Individualism,190,1,2,,,,,,,,50.0,,,,
llama,Individualism,190,1,3,,,,,,,,50.0,,,,
llama,Individualism,192,1,1,,,,,,,,50.0,,,,
llama,Individualism,192,1,2,,,,,,,,50.0,,,,
llama,Individualism,192,1,3,,,,,,,,50.0,,,,
llama,Individualism,195,1,1,,,,,,,,50.0,,,,
llama,Individualism,195,1,2,,,,,,,,50.0,,,,
llama,Individualism,195,1,3,,,,,,,,50.0,,,,
llama,Individualism,197,1,1,,,,,,,,75.0,,,,
llama,Individualism,197,1,2,,,,,,,,75.0,,,,
llama,Individualism,197,1,3,,,,,,,,75.0,,,,
llama,Individualism,198,1,1,,,,,,,,50.0,,,,
llama,Individualism,198,1,2,,,,,,,,50.0,,,,
llama,Individualism,198,1,3,,,,,,,,50.0,,,,
llama,Individualism,2,1,1,,,,,,,,50.0,,,,
llama,Individualism,2,1,2,,,,,,,,50.0,,,,
llama,Individualism,2,1,3,,,,,,,,50.0,,,,
llama,Individualism,20,1,1,,,,,,,,50.0,,,,
llama,Individualism,20,1,2,,,,,,,,50.0,,,,
llama,Individualism,20,1,3,,,,,,,,50.0,,,,
llama,Individualism,202,1,1,,,,,,,,50.0,,,,
llama,Individualism,202,1,2,,,,,,,,50.0,,,,
llama,Individualism,202,1,3,,,,,,,,50.0,,,,
llama,Individualism,203,1,1,,,,,,,,50.0,,,,
llama,Individualism,203,1,2,,,,,,,,50.0,,,,
llama,Individualism,203,1,3,,,,,,,,50.0,,,,
llama,Individualism,204,1,1,,,,,,,,50.0,,,,
llama,Individualism,204,1,2,,,,,,,,50.0,,,,
llama,Individualism,204,1,3,,,,,,,,50.0,,,,
llama,Individualism,207,1,1,,,,,,,,50.0,,,,
llama,Individualism,207,1,2,,,,,,,,50.0,,,,
llama,Individualism,207,1,3,,,,,,,,50.0,,,,
llama,Individualism,208,1,1,,,,,,,,50.0,,,,
llama,Individualism,208,1,2,,,,,,,,50.0,,,,
llama,Individualism,208,1,3,,,,,,,,50.0,,,,
llama,Individualism,21,1,1,,,,,,,,25.0,,,,
llama,Individualism,21,1,2,,,,,,,,25.0,,,,
llama,Individualism,21,1,3,,,,,,,,25.0,,,,
llama,Individualism,216,1,1,,,,,,,,75.0,,,,
llama,Individualism,216,1,2,,,,,,,,75.0,,,,
llama,Individualism,216,1,3,,,,,,,,75.0,,,,
llama,Individualism,217,1,1,,,,,,,,25.0,,,,
llama,Individualism,217,1,2,,,,,,,,25.0,,,,
llama,Individualism,217,1,3,,,,,,,,25.0,,,,
llama,Individualism,223,1,1,,,,,,,,50.0,,,,
llama,Individualism,223,1,2,,,,,,,,50.0,,,,
llama,Individualism,223,1,3,,,,,,,,50.0,,,,
llama,Individualism,226,1,1,,,,,,,,75.0,,,,
llama,Individualism,226,1,2,,,,,,,,75.0,,,,
llama,Individualism,226,1,3,,,,,,,,75.0,,,,
llama,Individualism,228,1,1,,,,,,,,50.0,,,,
llama,Individualism,228,1,2,,,,,,,,50.0,,,,
llama,Individualism,228,1,3,,,,,,,,50.0,,,,
llama,Individualism,232,1,1,,,,,,,,25.0,,,,
llama,Individualism,232,1,2,,,,,,,,25.0,,,,
llama,Individualism,232,1,3,,,,,,,,25.0,,,,
llama,Individualism,235,1,1,,,,,,,,50.0,,,,
llama,Individualism,235,1,2,,,,,,,,50.0,,,,
llama,Individualism,235,1,3,,,,,,,,50.0,,,,
llama,Individualism,24,1,1,,,,,,,,25.0,,,,
llama,Individualism,24,1,2,,,,,,,,25.0,,,,
llama,Individualism,24,1,3,,,,,,,,25.0,,,,
llama,Individualism,242,1,1,,,,,,,,50.0,,,,
llama,Individualism,242,1,2,,,,,,,,50.0,,,,
llama,Individualism,242,1,3,,,,,,,,50.0,,,,
llama,Individualism,27,1,1,,,,,,,,75.0,,,,
llama,Individualism,27,1,2,,,,,,,,75.0,,,,
llama,Individualism,27,1,3,,,,,,,,75.0,,,,
llama,Individualism,29,1,1,,,,,,,,50.0,,,,
llama,Individualism,29,1,2,,,,,,,,50.0,,,,
llama,Individualism,29,1,3,,,,,,,,50.0,,,,
llama,Individualism,3,1,1,,,,,,,,50.0,,,,
llama,Individualism,3,1,2,,,,,,,,50.0,,,,
llama,Individualism,3,1,3,,,,,,,,50.0,,,,
llama,Individualism,31,1,1,,,,,,,,25.0,,,,
llama,Individualism,31,1,2,,,,,,,,25.0,,,,
llama,Individualism,31,1,3,,,,,,,,25.0,,,,
llama,Individualism,34,1,1,,,,,,,,50.0,,,,
llama,Individualism,34,1,2,,,,,,,,50.0,,,,
llama,Individualism,34,1,3,,,,,,,,50.0,,,,
llama,Individualism,36,1,1,,,,,,,,75.0,,,,
llama,Individualism,36,1,2,,,,,,,,75.0,,,,
llama,Individualism,36,1,3,,,,,,,,75.0,,,,
llama,Individualism,37,1,1,,,,,,,,50.0,,,,
llama,Individualism,37,1,2,,,,,,,,50.0,,,,
llama,Individualism,37,1,3,,,,,,,,50.0,,,,
llama,Individualism,38,1,1,,,,,,,,50.0,,,,
llama,Individualism,38,1,2,,,,,,,,50.0,,,,
llama,Individualism,38,1,3,,,,,,,,50.0,,,,
llama,Individualism,39,1,1,,,,,,,,50.0,,,,
llama,Individualism,39,1,2,,,,,,,,50.0,,,,
llama,Individualism,39,1,3,,,,,,,,50.0,,,,
llama,Individualism,4,1,1,,,,,,,,50.0,,,,
llama,Individualism,4,1,2,,,,,,,,50.0,,,,
llama,Individualism,4,1,3,,,,,,,,50.0,,,,
llama,Individualism,40,1,1,,,,,,,,50.0,,,,
llama,Individualism,40,1,2,,,,,,,,50.0,,,,
llama,Individualism,40,1,3,,,,,,,,50.0,,,,
llama,Individualism,42,1,1,,,,,,,,50.0,,,,
llama,Individualism,42,1,2,,,,,,,,50.0,,,,
llama,Individualism,42,1,3,,,,,,,,50.0,,,,
llama,Individualism,43,1,1,,,,,,,,50.0,,,,
llama,Individualism,43,1,2,,,,,,,,50.0,,,,
llama,Individualism,43,1,3,,,,,,,,50.0,,,,
llama,Individualism,44,1,1,,,,,,,,50.0,,,,
llama,Individualism,44,1,2,,,,,,,,50.0,,,,
llama,Individualism,44,1,3,,,,,,,,50.0,,,,
llama,Individualism,47,1,1,,,,,,,,25.0,,,,
llama,Individualism,47,1,2,,,,,,,,25.0,,,,
llama,Individualism,47,1,3,,,,,,,,25.0,,,,
llama,Individualism,48,1,1,,,,,,,,75.0,,,,
llama,Individualism,48,1,2,,,,,,,,75.0,,,,
llama,Individualism,48,1,3,,,,,,,,75.0,,,,
llama,Individualism,49,1,1,,,,,,,,50.0,,,,
llama,Individualism,49,1,2,,,,,,,,50.0,,,,
llama,Individualism,49,1,3,,,,,,,,50.0,,,,
llama,Individualism,5,1,1,,,,,,,,75.0,,,,
llama,Individualism,5,1,2,,,,,,,,75.0,,,,
llama,Individualism,5,1,3,,,,,,,,75.0,,,,
llama,Individualism,50,1,1,,,,,,,,50.0,,,,
llama,Individualism,50,1,2,,,,,,,,50.0,,,,
llama,Individualism,50,1,3,,,,,,,,50.0,,,,
llama,Individualism,51,1,1,,,,,,,,50.0,,,,
llama,Individualism,51,1,2,,,,,,,,50.0,,,,
llama,Individualism,51,1,3,,,,,,,,50.0,,,,
llama,Individualism,53,1,1,,,,,,,,50.0,,,,
llama,Individualism,53,1,2,,,,,,,,50.0,,,,
llama,Individualism,53,1,3,,,,,,,,50.0,,,,
llama,Individualism,54,1,1,,,,,,,,25.0,,,,
llama,Individualism,54,1,2,,,,,,,,25.0,,,,
llama,Individualism,54,1,3,,,,,,,,25.0,,,,
llama,Individualism,55,1,1,,,,,,,,50.0,,,,
llama,Individualism,55,1,2,,,,,,,,50.0,,,,
llama,Individualism,55,1,3,,,,,,,,50.0,,,,
llama,Individualism,56,1,1,,,,,,,,100.0,,,,
llama,Individualism,56,1,2,,,,,,,,100.0,,,,
llama,Individualism,56,1,3,,,,,,,,100.0,,,,
llama,Individualism,57,1,1,,,,,,,,100.0,,,,
llama,Individualism,57,1,2,,,,,,,,100.0,,,,
llama,Individualism,57,1,3,,,,,,,,100.0,,,,
llama,Individualism,58,1,1,,,,,,,,50.0,,,,
llama,Individualism,58,1,2,,,,,,,,50.0,,,,
llama,Individualism,58,1,3,,,,,,,,50.0,,,,
llama,Individualism,59,1,1,,,,,,,,25.0,,,,
llama,Individualism,59,1,2,,,,,,,,25.0,,,,
llama,Individualism,59,1,3,,,,,,,,25.0,,,,
llama,Individualism,60,1,1,,,,,,,,0.0,,,,
llama,Individualism,60,1,2,,,,,,,,0.0,,,,
llama,Individualism,60,1,3,,,,,,,,0.0,,,,
llama,Individualism,61,1,1,,,,,,,,75.0,,,,
llama,Individualism,61,1,2,,,,,,,,75.0,,,,
llama,Individualism,61,1,3,,,,,,,,75.0,,,,
llama,Individualism,62,1,1,,,,,,,,50.0,,,,
llama,Individualism,62,1,2,,,,,,,,50.0,,,,
llama,Individualism,62,1,3,,,,,,,,50.0,,,,
llama,Individualism,63,1,1,,,,,,,,25.0,,,,
llama,Individualism,63,1,2,,,,,,,,25.0,,,,
llama,Individualism,63,1,3,,,,,,,,25.0,,,,
llama,Individualism,64,1,1,,,,,,,,50.0,,,,
llama,Individualism,64,1,2,,,,,,,,50.0,,,,
llama,Individualism,64,1,3,,,,,,,,50.0,,,,
llama,Individualism,66,1,1,,,,,,,,50.0,,,,
llama,Individualism,66,1,2,,,,,,,,50.0,,,,
llama,Individualism,66,1,3,,,,,,,,50.0,,,,
llama,Individualism,67,1,1,,,,,,,,25.0,,,,
llama,Individualism,67,1,2,,,,,,,,25.0,,,,
llama,Individualism,67,1,3,,,,,,,,25.0,,,,
llama,Individualism,70,1,1,,,,,,,,50.0,,,,
llama,Individualism,70,1,2,,,,,,,,50.0,,,,
llama,Individualism,70,1,3,,,,,,,,50.0,,,,
llama,Individualism,72,1,1,,,,,,,,25.0,,,,
llama,Individualism,72,1,2,,,,,,,,25.0,,,,
llama,Individualism,72,1,3,,,,,,,,25.0,,,,
llama,Individualism,73,1,1,,,,,,,,50.0,,,,
llama,Individualism,73,1,2,,,,,,,,50.0,,,,
llama,Individualism,73,1,3,,,,,,,,50.0,,,,
llama,Individualism,78,1,1,,,,,,,,50.0,,,,
llama,Individualism,78,1,2,,,,,,,,50.0,,,,
llama,Individualism,78,1,3,,,,,,,,50.0,,,,
llama,Individualism,79,1,1,,,,,,,,25.0,,,,
llama,Individualism,79,1,2,,,,,,,,25.0,,,,
llama,Individualism,79,1,3,,,,,,,,25.0,,,,
llama,Individualism,8,1,1,,,,,,,,25.0,,,,
llama,Individualism,8,1,2,,,,,,,,25.0,,,,
llama,Individualism,8,1,3,,,,,,,,25.0,,,,
llama,Individualism,80,1,1,,,,,,,,50.0,,,,
llama,Individualism,80,1,2,,,,,,,,50.0,,,,
llama,Individualism,80,1,3,,,,,,,,50.0,,,,
llama,Individualism,81,1,1,,,,,,,,50.0,,,,
llama,Individualism,81,1,2,,,,,,,,50.0,,,,
llama,Individualism,81,1,3,,,,,,,,50.0,,,,
llama,Individualism,84,1,1,,,,,,,,50.0,,,,
llama,Individualism,84,1,2,,,,,,,,50.0,,,,
llama,Individualism,84,1,3,,,,,,,,50.0,,,,
llama,Individualism,85,1,1,,,,,,,,50.0,,,,
llama,Individualism,85,1,2,,,,,,,,50.0,,,,
llama,Individualism,85,1,3,,,,,,,,50.0,,,,
llama,Individualism,88,1,1,,,,,,,,50.0,,,,
llama,Individualism,88,1,2,,,,,,,,50.0,,,,
llama,Individualism,88,1,3,,,,,,,,50.0,,,,
llama,Individualism,9,1,1,,,,,,,,0.0,,,,
llama,Individualism,9,1,2,,,,,,,,0.0,,,,
llama,Individualism,9,1,3,,,,,,,,0.0,,,,
llama,Individualism,90,1,1,,,,,,,,50.0,,,,
llama,Individualism,90,1,2,,,,,,,,50.0,,,,
llama,Individualism,90,1,3,,,,,,,,50.0,,,,
llama,Individualism,97,1,1,,,,,,,,100.0,,,,
llama,Individualism,97,1,2,,,,,,,,100.0,,,,
llama,Individualism,97,1,3,,,,,,,,100.0,,,,
llama,Individualism,98,1,1,,,,,,,,25.0,,,,
llama,Individualism,98,1,2,,,,,,,,25.0,,,,
llama,Individualism,98,1,3,,,,,,,,25.0,,,,
llama,Individualism,99,1,1,,,,,,,,25.0,,,,
llama,Individualism,99,1,2,,,,,,,,25.0,,,,
llama,Individualism,99,1,3,,,,,,,,25.0,,,,
llama,Indulgence,474,1,1,,,,,,,,50.0,,,,
llama,Indulgence,474,1,2,,,,,,,,50.0,,,,
llama,Indulgence,474,1,3,,,,,,,,50.0,,,,
llama,Indulgence,476,1,1,,,,,,,,50.0,,,,
llama,Indulgence,476,1,2,,,,,,,,50.0,,,,
llama,Indulgence,476,1,3,,,,,,,,50.0,,,,
llama,Indulgence,477,1,1,,,,,,,,50.0,,,,
llama,Indulgence,477,1,2,,,,,,,,50.0,,,,
llama,Indulgence,477,1,3,,,,,,,,50.0,,,,
llama,Indulgence,478,1,1,,,,,,,,0.0,,,,
llama,Indulgence,478,1,2,,,,,,,,0.0,,,,
llama,Indulgence,478,1,3,,,,,,,,0.0,,,,
llama,Indulgence,479,1,1,,,,,,,,50.0,,,,
llama,Indulgence,479,1,2,,,,,,,,50.0,,,,
llama,Indulgence,479,1,3,,,,,,,,50.0,,,,
llama,Indulgence,481,1,1,,,,,,,,50.0,,,,
llama,Indulgence,481,1,2,,,,,,,,50.0,,,,
llama,Indulgence,481,1,3,,,,,,,,50.0,,,,
llama,Indulgence,482,1,1,,,,,,,,50.0,,,,
llama,Indulgence,482,1,2,,,,,,,,50.0,,,,
llama,Indulgence,482,1,3,,,,,,,,50.0,,,,
llama,Indulgence,483,1,1,,,,,,,,50.0,,,,
llama,Indulgence,483,1,2,,,,,,,,50.0,,,,
llama,Indulgence,483,1,3,,,,,,,,50.0,,,,
llama,Indulgence,484,1,1,,,,,,,,50.0,,,,
llama,Indulgence,484,1,2,,,,,,,,50.0,,,,
llama,Indulgence,484,1,3,,,,,,,,50.0,,,,
llama,Indulgence,485,1,1,,,,,,,,25.0,,,,
llama,Indulgence,485,1,2,,,,,,,,25.0,,,,
llama,Indulgence,485,1,3,,,,,,,,25.0,,,,
llama,Indulgence,486,1,1,,,,,,,,25.0,,,,
llama,Indulgence,486,1,2,,,,,,,,25.0,,,,
llama,Indulgence,486,1,3,,,,,,,,25.0,,,,
llama,Indulgence,487,1,1,,,,,,,,25.0,,,,
llama,Indulgence,487,1,2,,,,,,,,25.0,,,,
llama,Indulgence,487,1,3,,,,,,,,25.0,,,,
llama,Indulgence,490,1,1,,,,,,,,50.0,,,,
llama,Indulgence,490,1,2,,,,,,,,50.0,,,,
llama,Indulgence,490,1,3,,,,,,,,50.0,,,,
llama,Indulgence,492,1,1,,,,,,,,25.0,,,,
llama,Indulgence,492,1,2,,,,,,,,25.0,,,,
llama,Indulgence,492,1,3,,,,,,,,25.0,,,,
llama,Indulgence,493,1,1,,,,,,,,25.0,,,,
llama,Indulgence,493,1,2,,,,,,,,25.0,,,,
llama,Indulgence,493,1,3,,,,,,,,25.0,,,,
llama,Indulgence,494,1,1,,,,,,,,25.0,,,,
llama,Indulgence,494,1,2,,,,,,,,25.0,,,,
llama,Indulgence,494,1,3,,,,,,,,25.0,,,,
llama,Indulgence,495,1,1,,,,,,,,25.0,,,,
llama,Indulgence,495,1,2,,,,,,,,25.0,,,,
llama,Indulgence,495,1,3,,,,,,,,25.0,,,,
llama,Indulgence,496,1,1,,,,,,,,50.0,,,,
llama,Indulgence,496,1,2,,,,,,,,50.0,,,,
llama,Indulgence,496,1,3,,,,,,,,50.0,,,,
llama,Indulgence,497,1,1,,,,,,,,50.0,,,,
llama,Indulgence,497,1,2,,,,,,,,50.0,,,,
llama,Indulgence,497,1,3,,,,,,,,50.0,,,,
llama,Indulgence,498,1,1,,,,,,,,50.0,,,,
llama,Indulgence,498,1,2,,,,,,,,50.0,,,,
llama,Indulgence,498,1,3,,,,,,,,50.0,,,,
llama,Indulgence,499,1,1,,,,,,,,50.0,,,,
llama,Indulgence,499,1,2,,,,,,,,50.0,,,,
llama,Indulgence,499,1,3,,,,,,,,50.0,,,,
llama,Indulgence,500,1,1,,,,,,,,25.0,,,,
llama,Indulgence,500,1,2,,,,,,,,25.0,,,,
llama,Indulgence,500,1,3,,,,,,,,25.0,,,,
llama,Indulgence,503,1,1,,,,,,,,50.0,,,,
llama,Indulgence,503,1,2,,,,,,,,50.0,,,,
llama,Indulgence,503,1,3,,,,,,,,50.0,,,,
llama,Indulgence,505,1,1,,,,,,,,25.0,,,,
llama,Indulgence,505,1,2,,,,,,,,25.0,,,,
llama,Indulgence,505,1,3,,,,,,,,25.0,,,,
llama,Indulgence,508,1,1,,,,,,,,50.0,,,,
llama,Indulgence,508,1,2,,,,,,,,50.0,,,,
llama,Indulgence,508,1,3,,,,,,,,50.0,,,,
llama,Indulgence,509,1,1,,,,,,,,25.0,,,,
llama,Indulgence,509,1,2,,,,,,,,25.0,,,,
llama,Indulgence,509,1,3,,,,,,,,25.0,,,,
llama,Indulgence,510,1,1,,,,,,,,50.0,,,,
llama,Indulgence,510,1,2,,,,,,,,50.0,,,,
llama,Indulgence,510,1,3,,,,,,,,50.0,,,,
llama,Indulgence,511,1,1,,,,,,,,50.0,,,,
llama,Indulgence,511,1,2,,,,,,,,50.0,,,,
llama,Indulgence,511,1,3,,,,,,,,50.0,,,,
llama,Indulgence,512,1,1,,,,,,,,50.0,,,,
llama,Indulgence,512,1,2,,,,,,,,50.0,,,,
llama,Indulgence,512,1,3,,,,,,,,50.0,,,,
llama,Indulgence,514,1,1,,,,,,,,50.0,,,,
llama,Indulgence,514,1,2,,,,,,,,50.0,,,,
llama,Indulgence,514,1,3,,,,,,,,50.0,,,,
llama,Indulgence,517,1,1,,,,,,,,25.0,,,,
llama,Indulgence,517,1,2,,,,,,,,25.0,,,,
llama,Indulgence,517,1,3,,,,,,,,25.0,,,,
llama,Indulgence,518,1,1,,,,,,,,50.0,,,,
llama,Indulgence,518,1,2,,,,,,,,50.0,,,,
llama,Indulgence,518,1,3,,,,,,,,50.0,,,,
llama,Indulgence,521,1,1,,,,,,,,50.0,,,,
llama,Indulgence,521,1,2,,,,,,,,50.0,,,,
llama,Indulgence,521,1,3,,,,,,,,50.0,,,,
llama,Indulgence,522,1,1,,,,,,,,25.0,,,,
llama,Indulgence,522,1,2,,,,,,,,25.0,,,,
llama,Indulgence,522,1,3,,,,,,,,25.0,,,,
llama,Indulgence,523,1,1,,,,,,,,50.0,,,,
llama,Indulgence,523,1,2,,,,,,,,50.0,,,,
llama,Indulgence,523,1,3,,,,,,,,50.0,,,,
llama,Indulgence,524,1,1,,,,,,,,25.0,,,,
llama,Indulgence,524,1,2,,,,,,,,25.0,,,,
llama,Indulgence,524,1,3,,,,,,,,25.0,,,,
llama,Indulgence,526,1,1,,,,,,,,50.0,,,,
llama,Indulgence,526,1,2,,,,,,,,50.0,,,,
llama,Indulgence,526,1,3,,,,,,,,50.0,,,,
llama,Indulgence,527,1,1,,,,,,,,25.0,,,,
llama,Indulgence,527,1,2,,,,,,,,25.0,,,,
llama,Indulgence,527,1,3,,,,,,,,25.0,,,,
llama,Indulgence,530,1,1,,,,,,,,25.0,,,,
llama,Indulgence,530,1,2,,,,,,,,25.0,,,,
llama,Indulgence,530,1,3,,,,,,,,25.0,,,,
llama,Indulgence,531,1,1,,,,,,,,50.0,,,,
llama,Indulgence,531,1,2,,,,,,,,50.0,,,,
llama,Indulgence,531,1,3,,,,,,,,50.0,,,,
llama,Indulgence,532,1,1,,,,,,,,25.0,,,,
llama,Indulgence,532,1,2,,,,,,,,25.0,,,,
llama,Indulgence,532,1,3,,,,,,,,25.0,,,,
llama,Indulgence,534,1,1,,,,,,,,50.0,,,,
llama,Indulgence,534,1,2,,,,,,,,50.0,,,,
llama,Indulgence,534,1,3,,,,,,,,50.0,,,,
llama,Indulgence,539,1,1,,,,,,,,25.0,,,,
llama,Indulgence,539,1,2,,,,,,,,25.0,,,,
llama,Indulgence,539,1,3,,,,,,,,25.0,,,,
llama,Indulgence,540,1,1,,,,,,,,50.0,,,,
llama,Indulgence,540,1,2,,,,,,,,50.0,,,,
llama,Indulgence,540,1,3,,,,,,,,50.0,,,,
llama,Indulgence,541,1,1,,,,,,,,50.0,,,,
llama,Indulgence,541,1,2,,,,,,,,50.0,,,,
llama,Indulgence,541,1,3,,,,,,,,50.0,,,,
llama,Indulgence,543,1,1,,,,,,,,25.0,,,,
llama,Indulgence,543,1,2,,,,,,,,25.0,,,,
llama,Indulgence,543,1,3,,,,,,,,25.0,,,,
llama,Indulgence,545,1,1,,,,,,,,25.0,,,,
llama,Indulgence,545,1,2,,,,,,,,25.0,,,,
llama,Indulgence,545,1,3,,,,,,,,25.0,,,,
llama,Indulgence,546,1,1,,,,,,,,0.0,,,,
llama,Indulgence,546,1,2,,,,,,,,0.0,,,,
llama,Indulgence,546,1,3,,,,,,,,0.0,,,,
llama,Indulgence,550,1,1,,,,,,,,25.0,,,,
llama,Indulgence,550,1,2,,,,,,,,25.0,,,,
llama,Indulgence,550,1,3,,,,,,,,25.0,,,,
llama,Indulgence,551,1,1,,,,,,,,50.0,,,,
llama,Indulgence,551,1,2,,,,,,,,50.0,,,,
llama,Indulgence,551,1,3,,,,,,,,50.0,,,,
llama,Indulgence,552,1,1,,,,,,,,75.0,,,,
llama,Indulgence,552,1,2,,,,,,,,75.0,,,,
llama,Indulgence,552,1,3,,,,,,,,75.0,,,,
llama,Indulgence,553,1,1,,,,,,,,25.0,,,,
llama,Indulgence,553,1,2,,,,,,,,25.0,,,,
llama,Indulgence,553,1,3,,,,,,,,25.0,,,,
llama,Indulgence,554,1,1,,,,,,,,25.0,,,,
llama,Indulgence,554,1,2,,,,,,,,25.0,,,,
llama,Indulgence,554,1,3,,,,,,,,25.0,,,,
llama,Indulgence,555,1,1,,,,,,,,75.0,,,,
llama,Indulgence,555,1,2,,,,,,,,75.0,,,,
llama,Indulgence,555,1,3,,,,,,,,75.0,,,,
llama,Indulgence,557,1,1,,,,,,,,25.0,,,,
llama,Indulgence,557,1,2,,,,,,,,25.0,,,,
llama,Indulgence,557,1,3,,,,,,,,25.0,,,,
llama,Indulgence,558,1,1,,,,,,,,50.0,,,,
llama,Indulgence,558,1,2,,,,,,,,50.0,,,,
llama,Indulgence,558,1,3,,,,,,,,50.0,,,,
llama,Indulgence,560,1,1,,,,,,,,25.0,,,,
llama,Indulgence,560,1,2,,,,,,,,25.0,,,,
llama,Indulgence,560,1,3,,,,,,,,25.0,,,,
llama,Indulgence,561,1,1,,,,,,,,50.0,,,,
llama,Indulgence,561,1,2,,,,,,,,50.0,,,,
llama,Indulgence,561,1,3,,,,,,,,50.0,,,,
llama,Indulgence,563,1,1,,,,,,,,75.0,,,,
llama,Indulgence,563,1,2,,,,,,,,75.0,,,,
llama,Indulgence,563,1,3,,,,,,,,75.0,,,,
llama,Indulgence,564,1,1,,,,,,,,25.0,,,,
llama,Indulgence,564,1,2,,,,,,,,25.0,,,,
llama,Indulgence,564,1,3,,,,,,,,25.0,,,,
llama,Indulgence,565,1,1,,,,,,,,25.0,,,,
llama,Indulgence,565,1,2,,,,,,,,25.0,,,,
llama,Indulgence,565,1,3,,,,,,,,25.0,,,,
llama,Indulgence,566,1,1,,,,,,,,50.0,,,,
llama,Indulgence,566,1,2,,,,,,,,50.0,,,,
llama,Indulgence,566,1,3,,,,,,,,50.0,,,,
llama,Indulgence,567,1,1,,,,,,,,25.0,,,,
llama,Indulgence,567,1,2,,,,,,,,25.0,,,,
llama,Indulgence,567,1,3,,,,,,,,25.0,,,,
llama,Indulgence,568,1,1,,,,,,,,0.0,,,,
llama,Indulgence,568,1,2,,,,,,,,0.0,,,,
llama,Indulgence,568,1,3,,,,,,,,0.0,,,,
llama,Indulgence,569,1,1,,,,,,,,25.0,,,,
llama,Indulgence,569,1,2,,,,,,,,25.0,,,,
llama,Indulgence,569,1,3,,,,,,,,25.0,,,,
llama,Indulgence,570,1,1,,,,,,,,75.0,,,,
llama,Indulgence,570,1,2,,,,,,,,75.0,,,,
llama,Indulgence,570,1,3,,,,,,,,75.0,,,,
llama,Indulgence,571,1,1,,,,,,,,25.0,,,,
llama,Indulgence,571,1,2,,,,,,,,25.0,,,,
llama,Indulgence,571,1,3,,,,,,,,25.0,,,,
llama,Indulgence,572,1,1,,,,,,,,25.0,,,,
llama,Indulgence,572,1,2,,,,,,,,25.0,,,,
llama,Indulgence,572,1,3,,,,,,,,25.0,,,,
llama,Indulgence,573,1,1,,,,,,,,25.0,,,,
llama,Indulgence,573,1,2,,,,,,,,25.0,,,,
llama,Indulgence,573,1,3,,,,,,,,25.0,,,,
llama,Indulgence,574,1,1,,,,,,,,50.0,,,,
llama,Indulgence,574,1,2,,,,,,,,50.0,,,,
llama,Indulgence,574,1,3,,,,,,,,50.0,,,,
llama,Indulgence,575,1,1,,,,,,,,50.0,,,,
llama,Indulgence,575,1,2,,,,,,,,50.0,,,,
llama,Indulgence,575,1,3,,,,,,,,50.0,,,,
llama,Indulgence,576,1,1,,,,,,,,50.0,,,,
llama,Indulgence,576,1,2,,,,,,,,50.0,,,,
llama,Indulgence,576,1,3,,,,,,,,50.0,,,,
llama,Indulgence,578,1,1,,,,,,,,25.0,,,,
llama,Indulgence,578,1,2,,,,,,,,25.0,,,,
llama,Indulgence,578,1,3,,,,,,,,25.0,,,,
llama,Indulgence,579,1,1,,,,,,,,25.0,,,,
llama,Indulgence,579,1,2,,,,,,,,25.0,,,,
llama,Indulgence,579,1,3,,,,,,,,25.0,,,,
llama,Indulgence,581,1,1,,,,,,,,50.0,,,,
llama,Indulgence,581,1,2,,,,,,,,50.0,,,,
llama,Indulgence,581,1,3,,,,,,,,50.0,,,,
llama,Indulgence,582,1,1,,,,,,,,25.0,,,,
llama,Indulgence,582,1,2,,,,,,,,25.0,,,,
llama,Indulgence,582,1,3,,,,,,,,25.0,,,,
llama,Indulgence,584,1,1,,,,,,,,25.0,,,,
llama,Indulgence,584,1,2,,,,,,,,25.0,,,,
llama,Indulgence,584,1,3,,,,,,,,25.0,,,,
llama,Indulgence,585,1,1,,,,,,,,50.0,,,,
llama,Indulgence,585,1,2,,,,,,,,50.0,,,,
llama,Indulgence,585,1,3,,,,,,,,50.0,,,,
llama,Indulgence,589,1,1,,,,,,,,25.0,,,,
llama,Indulgence,589,1,2,,,,,,,,25.0,,,,
llama,Indulgence,589,1,3,,,,,,,,25.0,,,,
llama,Indulgence,590,1,1,,,,,,,,50.0,,,,
llama,Indulgence,590,1,2,,,,,,,,50.0,,,,
llama,Indulgence,590,1,3,,,,,,,,50.0,,,,
llama,Indulgence,591,1,1,,,,,,,,25.0,,,,
llama,Indulgence,591,1,2,,,,,,,,25.0,,,,
llama,Indulgence,591,1,3,,,,,,,,25.0,,,,
llama,Indulgence,592,1,1,,,,,,,,50.0,,,,
llama,Indulgence,592,1,2,,,,,,,,50.0,,,,
llama,Indulgence,592,1,3,,,,,,,,50.0,,,,
llama,Indulgence,594,1,1,,,,,,,,50.0,,,,
llama,Indulgence,594,1,2,,,,,,,,50.0,,,,
llama,Indulgence,594,1,3,,,,,,,,50.0,,,,
llama,Indulgence,596,1,1,,,,,,,,50.0,,,,
llama,Indulgence,596,1,2,,,,,,,,50.0,,,,
llama,Indulgence,596,1,3,,,,,,,,50.0,,,,
llama,Indulgence,597,1,1,,,,,,,,50.0,,,,
llama,Indulgence,597,1,2,,,,,,,,50.0,,,,
llama,Indulgence,597,1,3,,,,,,,,50.0,,,,
llama,Indulgence,599,1,1,,,,,,,,50.0,,,,
llama,Indulgence,599,1,2,,,,,,,,50.0,,,,
llama,Indulgence,599,1,3,,,,,,,,50.0,,,,
llama,Indulgence,601,1,1,,,,,,,,50.0,,,,
llama,Indulgence,601,1,2,,,,,,,,50.0,,,,
llama,Indulgence,601,1,3,,,,,,,,50.0,,,,
llama,Indulgence,602,1,1,,,,,,,,25.0,,,,
llama,Indulgence,602,1,2,,,,,,,,25.0,,,,
llama,Indulgence,602,1,3,,,,,,,,25.0,,,,
llama,Indulgence,605,1,1,,,,,,,,25.0,,,,
llama,Indulgence,605,1,2,,,,,,,,25.0,,,,
llama,Indulgence,605,1,3,,,,,,,,25.0,,,,
llama,Indulgence,608,1,1,,,,,,,,50.0,,,,
llama,Indulgence,608,1,2,,,,,,,,50.0,,,,
llama,Indulgence,608,1,3,,,,,,,,50.0,,,,
llama,Indulgence,609,1,1,,,,,,,,0.0,,,,
llama,Indulgence,609,1,2,,,,,,,,0.0,,,,
llama,Indulgence,609,1,3,,,,,,,,0.0,,,,
llama,Indulgence,611,1,1,,,,,,,,50.0,,,,
llama,Indulgence,611,1,2,,,,,,,,50.0,,,,
llama,Indulgence,611,1,3,,,,,,,,50.0,,,,
llama,Indulgence,612,1,1,,,,,,,,25.0,,,,
llama,Indulgence,612,1,2,,,,,,,,25.0,,,,
llama,Indulgence,612,1,3,,,,,,,,25.0,,,,
llama,Indulgence,614,1,1,,,,,,,,50.0,,,,
llama,Indulgence,614,1,2,,,,,,,,50.0,,,,
llama,Indulgence,614,1,3,,,,,,,,50.0,,,,
llama,Indulgence,618,1,1,,,,,,,,25.0,,,,
llama,Indulgence,618,1,2,,,,,,,,25.0,,,,
llama,Indulgence,618,1,3,,,,,,,,25.0,,,,
llama,Indulgence,619,1,1,,,,,,,,25.0,,,,
llama,Indulgence,619,1,2,,,,,,,,25.0,,,,
llama,Indulgence,619,1,3,,,,,,,,25.0,,,,
llama,Indulgence,620,1,1,,,,,,,,25.0,,,,
llama,Indulgence,620,1,2,,,,,,,,25.0,,,,
llama,Indulgence,620,1,3,,,,,,,,25.0,,,,
llama,Indulgence,621,1,1,,,,,,,,25.0,,,,
llama,Indulgence,621,1,2,,,,,,,,25.0,,,,
llama,Indulgence,621,1,3,,,,,,,,25.0,,,,
llama,Indulgence,622,1,1,,,,,,,,25.0,,,,
llama,Indulgence,622,1,2,,,,,,,,25.0,,,,
llama,Indulgence,622,1,3,,,,,,,,25.0,,,,
llama,Indulgence,623,1,1,,,,,,,,50.0,,,,
llama,Indulgence,623,1,2,,,,,,,,50.0,,,,
llama,Indulgence,623,1,3,,,,,,,,50.0,,,,
llama,Indulgence,624,1,1,,,,,,,,50.0,,,,
llama,Indulgence,624,1,2,,,,,,,,50.0,,,,
llama,Indulgence,624,1,3,,,,,,,,50.0,,,,
llama,Indulgence,627,1,1,,,,,,,,25.0,,,,
llama,Indulgence,627,1,2,,,,,,,,25.0,,,,
llama,Indulgence,627,1,3,,,,,,,,25.0,,,,
llama,Indulgence,630,1,1,,,,,,,,25.0,,,,
llama,Indulgence,630,1,2,,,,,,,,25.0,,,,
llama,Indulgence,630,1,3,,,,,,,,25.0,,,,
llama,Indulgence,636,1,1,,,,,,,,50.0,,,,
llama,Indulgence,636,1,2,,,,,,,,50.0,,,,
llama,Indulgence,636,1,3,,,,,,,,50.0,,,,
llama,Indulgence,637,1,1,,,,,,,,50.0,,,,
llama,Indulgence,637,1,2,,,,,,,,50.0,,,,
llama,Indulgence,637,1,3,,,,,,,,50.0,,,,
llama,Indulgence,639,1,1,,,,,,,,50.0,,,,
llama,Indulgence,639,1,2,,,,,,,,50.0,,,,
llama,Indulgence,639,1,3,,,,,,,,50.0,,,,
llama,Indulgence,641,1,1,,,,,,,,25.0,,,,
llama,Indulgence,641,1,2,,,,,,,,25.0,,,,
llama,Indulgence,641,1,3,,,,,,,,25.0,,,,
llama,Indulgence,642,1,1,,,,,,,,25.0,,,,
llama,Indulgence,642,1,2,,,,,,,,25.0,,,,
llama,Indulgence,642,1,3,,,,,,,,25.0,,,,
llama,Indulgence,643,1,1,,,,,,,,25.0,,,,
llama,Indulgence,643,1,2,,,,,,,,25.0,,,,
llama,Indulgence,643,1,3,,,,,,,,25.0,,,,
llama,Indulgence,644,1,1,,,,,,,,50.0,,,,
llama,Indulgence,644,1,2,,,,,,,,50.0,,,,
llama,Indulgence,644,1,3,,,,,,,,50.0,,,,
llama,Indulgence,646,1,1,,,,,,,,25.0,,,,
llama,Indulgence,646,1,2,,,,,,,,25.0,,,,
llama,Indulgence,646,1,3,,,,,,,,25.0,,,,
llama,Indulgence,647,1,1,,,,,,,,50.0,,,,
llama,Indulgence,647,1,2,,,,,,,,50.0,,,,
llama,Indulgence,647,1,3,,,,,,,,50.0,,,,
llama,Indulgence,649,1,1,,,,,,,,50.0,,,,
llama,Indulgence,649,1,2,,,,,,,,50.0,,,,
llama,Indulgence,649,1,3,,,,,,,,50.0,,,,
llama,Indulgence,650,1,1,,,,,,,,50.0,,,,
llama,Indulgence,650,1,2,,,,,,,,50.0,,,,
llama,Indulgence,650,1,3,,,,,,,,50.0,,,,
llama,Indulgence,653,1,1,,,,,,,,100.0,,,,
llama,Indulgence,653,1,2,,,,,,,,100.0,,,,
llama,Indulgence,653,1,3,,,,,,,,100.0,,,,
llama,Indulgence,655,1,1,,,,,,,,25.0,,,,
llama,Indulgence,655,1,2,,,,,,,,25.0,,,,
llama,Indulgence,655,1,3,,,,,,,,25.0,,,,
llama,Indulgence,656,1,1,,,,,,,,50.0,,,,
llama,Indulgence,656,1,2,,,,,,,,50.0,,,,
llama,Indulgence,656,1,3,,,,,,,,50.0,,,,
llama,Indulgence,658,1,1,,,,,,,,50.0,,,,
llama,Indulgence,658,1,2,,,,,,,,50.0,,,,
llama,Indulgence,658,1,3,,,,,,,,50.0,,,,
llama,Indulgence,661,1,1,,,,,,,,50.0,,,,
llama,Indulgence,661,1,2,,,,,,,,50.0,,,,
llama,Indulgence,661,1,3,,,,,,,,50.0,,,,
llama,Indulgence,664,1,1,,,,,,,,50.0,,,,
llama,Indulgence,664,1,2,,,,,,,,50.0,,,,
llama,Indulgence,664,1,3,,,,,,,,50.0,,,,
llama,Indulgence,665,1,1,,,,,,,,50.0,,,,
llama,Indulgence,665,1,2,,,,,,,,50.0,,,,
llama,Indulgence,665,1,3,,,,,,,,50.0,,,,
llama,Indulgence,666,1,1,,,,,,,,50.0,,,,
llama,Indulgence,666,1,2,,,,,,,,50.0,,,,
llama,Indulgence,666,1,3,,,,,,,,50.0,,,,
llama,Indulgence,667,1,1,,,,,,,,25.0,,,,
llama,Indulgence,667,1,2,,,,,,,,25.0,,,,
llama,Indulgence,667,1,3,,,,,,,,25.0,,,,
llama,Indulgence,668,1,1,,,,,,,,50.0,,,,
llama,Indulgence,668,1,2,,,,,,,,50.0,,,,
llama,Indulgence,668,1,3,,,,,,,,50.0,,,,
llama,Indulgence,670,1,1,,,,,,,,50.0,,,,
llama,Indulgence,670,1,2,,,,,,,,50.0,,,,
llama,Indulgence,670,1,3,,,,,,,,50.0,,,,
llama,Indulgence,674,1,1,,,,,,,,25.0,,,,
llama,Indulgence,674,1,2,,,,,,,,25.0,,,,
llama,Indulgence,674,1,3,,,,,,,,25.0,,,,
llama,Indulgence,675,1,1,,,,,,,,50.0,,,,
llama,Indulgence,675,1,2,,,,,,,,50.0,,,,
llama,Indulgence,675,1,3,,,,,,,,50.0,,,,
llama,Indulgence,678,1,1,,,,,,,,50.0,,,,
llama,Indulgence,678,1,2,,,,,,,,50.0,,,,
llama,Indulgence,678,1,3,,,,,,,,50.0,,,,
llama,Indulgence,679,1,1,,,,,,,,25.0,,,,
llama,Indulgence,679,1,2,,,,,,,,25.0,,,,
llama,Indulgence,679,1,3,,,,,,,,25.0,,,,
llama,Indulgence,686,1,1,,,,,,,,25.0,,,,
llama,Indulgence,686,1,2,,,,,,,,25.0,,,,
llama,Indulgence,686,1,3,,,,,,,,25.0,,,,
llama,Indulgence,687,1,1,,,,,,,,50.0,,,,
llama,Indulgence,687,1,2,,,,,,,,50.0,,,,
llama,Indulgence,687,1,3,,,,,,,,50.0,,,,
llama,Indulgence,693,1,1,,,,,,,,25.0,,,,
llama,Indulgence,693,1,2,,,,,,,,25.0,,,,
llama,Indulgence,693,1,3,,,,,,,,25.0,,,,
llama,Indulgence,694,1,1,,,,,,,,25.0,,,,
llama,Indulgence,694,1,2,,,,,,,,25.0,,,,
llama,Indulgence,694,1,3,,,,,,,,25.0,,,,
llama,Indulgence,695,1,1,,,,,,,,50.0,,,,
llama,Indulgence,695,1,2,,,,,,,,50.0,,,,
llama,Indulgence,695,1,3,,,,,,,,50.0,,,,
llama,Indulgence,696,1,1,,,,,,,,25.0,,,,
llama,Indulgence,696,1,2,,,,,,,,25.0,,,,
llama,Indulgence,696,1,3,,,,,,,,25.0,,,,
llama,Indulgence,697,1,1,,,,,,,,50.0,,,,
llama,Indulgence,697,1,2,,,,,,,,50.0,,,,
llama,Indulgence,697,1,3,,,,,,,,50.0,,,,
llama,Indulgence,703,1,1,,,,,,,,50.0,,,,
llama,Indulgence,703,1,2,,,,,,,,50.0,,,,
llama,Indulgence,703,1,3,,,,,,,,50.0,,,,
llama,Indulgence,705,1,1,,,,,,,,25.0,,,,
llama,Indulgence,705,1,2,,,,,,,,25.0,,,,
llama,Indulgence,705,1,3,,,,,,,,25.0,,,,
llama,Indulgence,706,1,1,,,,,,,,25.0,,,,
llama,Indulgence,706,1,2,,,,,,,,25.0,,,,
llama,Indulgence,706,1,3,,,,,,,,25.0,,,,
llama,Long_Term_Orientation,1000,1,1,,,,,,,,25.0,,,,
llama,Long_Term_Orientation,1000,1,2,,,,,,,,25.0,,,,
llama,Long_Term_Orientation,1000,1,3,,,,,,,,25.0,,,,
llama,Long_Term_Orientation,1001,1,1,,,,,,,,25.0,,,,
llama,Long_Term_Orientation,1001,1,2,,,,,,,,25.0,,,,
llama,Long_Term_Orientation,1001,1,3,,,,,,,,25.0,,,,
llama,Long_Term_Orientation,1002,1,1,,,,,,,,25.0,,,,
llama,Long_Term_Orientation,1002,1,2,,,,,,,,25.0,,,,
llama,Long_Term_Orientation,1002,1,3,,,,,,,,25.0,,,,
llama,Long_Term_Orientation,1003,1,1,,,,,,,,25.0,,,,
llama,Long_Term_Orientation,1003,1,2,,,,,,,,25.0,,,,
llama,Long_Term_Orientation,1003,1,3,,,,,,,,25.0,,,,
llama,Long_Term_Orientation,1004,1,1,,,,,,,,25.0,,,,
llama,Long_Term_Orientation,1004,1,2,,,,,,,,25.0,,,,
llama,Long_Term_Orientation,1004,1,3,,,,,,,,25.0,,,,
llama,Long_Term_Orientation,1005,1,1,,,,,,,,25.0,,,,
llama,Long_Term_Orientation,1005,1,2,,,,,,,,25.0,,,,
llama,Long_Term_Orientation,1005,1,3,,,,,,,,25.0,,,,
llama,Long_Term_Orientation,1006,1,1,,,,,,,,25.0,,,,
llama,Long_Term_Orientation,1006,1,2,,,,,,,,25.0,,,,
llama,Long_Term_Orientation,1006,1,3,,,,,,,,25.0,,,,
llama,Long_Term_Orientation,1007,1,1,,,,,,,,0.0,,,,
llama,Long_Term_Orientation,1007,1,2,,,,,,,,0.0,,,,
llama,Long_Term_Orientation,1007,1,3,,,,,,,,0.0,,,,
llama,Long_Term_Orientation,1008,1,1,,,,,,,,75.0,,,,
llama,Long_Term_Orientation,1008,1,2,,,,,,,,75.0,,,,
llama,Long_Term_Orientation,1008,1,3,,,,,,,,75.0,,,,
llama,Long_Term_Orientation,1009,1,1,,,,,,,,50.0,,,,
llama,Long_Term_Orientation,1009,1,2,,,,,,,,50.0,,,,
llama,Long_Term_Orientation,1009,1,3,,,,,,,,50.0,,,,
llama,Long_Term_Orientation,1010,1,1,,,,,,,,25.0,,,,
llama,Long_Term_Orientation,1010,1,2,,,,,,,,25.0,,,,
llama,Long_Term_Orientation,1010,1,3,,,,,,,,25.0,,,,
llama,Long_Term_Orientation,1011,1,1,,,,,,,,25.0,,,,
llama,Long_Term_Orientation,1011,1,2,,,,,,,,25.0,,,,
llama,Long_Term_Orientation,1011,1,3,,,,,,,,25.0,,,,
llama,Long_Term_Orientation,1013,1,1,,,,,,,,50.0,,,,
llama,Long_Term_Orientation,1013,1,2,,,,,,,,50.0,,,,
llama,Long_Term_Orientation,1013,1,3,,,,,,,,50.0,,,,
llama,Long_Term_Orientation,1015,1,1,,,,,,,,50.0,,,,
llama,Long_Term_Orientation,1015,1,2,,,,,,,,50.0,,,,
llama,Long_Term_Orientation,1015,1,3,,,,,,,,50.0,,,,
llama,Long_Term_Orientation,1016,1,1,,,,,,,,25.0,,,,
llama,Long_Term_Orientation,1016,1,2,,,,,,,,25.0,,,,
llama,Long_Term_Orientation,1016,1,3,,,,,,,,25.0,,,,
llama,Long_Term_Orientation,1017,1,1,,,,,,,,50.0,,,,
llama,Long_Term_Orientation,1017,1,2,,,,,,,,50.0,,,,
llama,Long_Term_Orientation,1017,1,3,,,,,,,,50.0,,,,
llama,Long_Term_Orientation,1019,1,1,,,,,,,,25.0,,,,
llama,Long_Term_Orientation,1019,1,2,,,,,,,,25.0,,,,
llama,Long_Term_Orientation,1019,1,3,,,,,,,,25.0,,,,
llama,Long_Term_Orientation,1020,1,1,,,,,,,,50.0,,,,
llama,Long_Term_Orientation,1020,1,2,,,,,,,,50.0,,,,
llama,Long_Term_Orientation,1020,1,3,,,,,,,,50.0,,,,
llama,Long_Term_Orientation,1021,1,1,,,,,,,,25.0,,,,
llama,Long_Term_Orientation,1021,1,2,,,,,,,,25.0,,,,
llama,Long_Term_Orientation,1021,1,3,,,,,,,,25.0,,,,
llama,Long_Term_Orientation,1024,1,1,,,,,,,,50.0,,,,
llama,Long_Term_Orientation,1024,1,2,,,,,,,,50.0,,,,
llama,Long_Term_Orientation,1024,1,3,,,,,,,,50.0,,,,
llama,Long_Term_Orientation,1025,1,1,,,,,,,,25.0,,,,
llama,Long_Term_Orientation,1025,1,2,,,,,,,,25.0,,,,
llama,Long_Term_Orientation,1025,1,3,,,,,,,,25.0,,,,
llama,Long_Term_Orientation,1026,1,1,,,,,,,,25.0,,,,
llama,Long_Term_Orientation,1026,1,2,,,,,,,,25.0,,,,
llama,Long_Term_Orientation,1026,1,3,,,,,,,,25.0,,,,
llama,Long_Term_Orientation,1027,1,1,,,,,,,,50.0,,,,
llama,Long_Term_Orientation,1027,1,2,,,,,,,,50.0,,,,
llama,Long_Term_Orientation,1027,1,3,,,,,,,,50.0,,,,
llama,Long_Term_Orientation,1031,1,1,,,,,,,,50.0,,,,
llama,Long_Term_Orientation,1031,1,2,,,,,,,,50.0,,,,
llama,Long_Term_Orientation,1031,1,3,,,,,,,,50.0,,,,
llama,Long_Term_Orientation,1032,1,1,,,,,,,,25.0,,,,
llama,Long_Term_Orientation,1032,1,2,,,,,,,,25.0,,,,
llama,Long_Term_Orientation,1032,1,3,,,,,,,,25.0,,,,
llama,Long_Term_Orientation,1033,1,1,,,,,,,,25.0,,,,
llama,Long_Term_Orientation,1033,1,2,,,,,,,,25.0,,,,
llama,Long_Term_Orientation,1033,1,3,,,,,,,,25.0,,,,
llama,Long_Term_Orientation,1035,1,1,,,,,,,,50.0,,,,
llama,Long_Term_Orientation,1035,1,2,,,,,,,,50.0,,,,
llama,Long_Term_Orientation,1035,1,3,,,,,,,,50.0,,,,
llama,Long_Term_Orientation,1036,1,1,,,,,,,,50.0,,,,
llama,Long_Term_Orientation,1036,1,2,,,,,,,,50.0,,,,
llama,Long_Term_Orientation,1036,1,3,,,,,,,,50.0,,,,
llama,Long_Term_Orientation,1039,1,1,,,,,,,,50.0,,,,
llama,Long_Term_Orientation,1039,1,2,,,,,,,,50.0,,,,
llama,Long_Term_Orientation,1039,1,3,,,,,,,,50.0,,,,
llama,Long_Term_Orientation,1040,1,1,,,,,,,,25.0,,,,
llama,Long_Term_Orientation,1040,1,2,,,,,,,,25.0,,,,
llama,Long_Term_Orientation,1040,1,3,,,,,,,,25.0,,,,
llama,Long_Term_Orientation,1041,1,1,,,,,,,,50.0,,,,
llama,Long_Term_Orientation,1041,1,2,,,,,,,,50.0,,,,
llama,Long_Term_Orientation,1041,1,3,,,,,,,,50.0,,,,
llama,Long_Term_Orientation,1042,1,1,,,,,,,,50.0,,,,
llama,Long_Term_Orientation,1042,1,2,,,,,,,,50.0,,,,
llama,Long_Term_Orientation,1042,1,3,,,,,,,,50.0,,,,
llama,Long_Term_Orientation,1043,1,1,,,,,,,,25.0,,,,
llama,Long_Term_Orientation,1043,1,2,,,,,,,,25.0,,,,
llama,Long_Term_Orientation,1043,1,3,,,,,,,,25.0,,,,
llama,Long_Term_Orientation,1048,1,1,,,,,,,,25.0,,,,
llama,Long_Term_Orientation,1048,1,2,,,,,,,,25.0,,,,
llama,Long_Term_Orientation,1048,1,3,,,,,,,,25.0,,,,
llama,Long_Term_Orientation,1049,1,1,,,,,,,,25.0,,,,
llama,Long_Term_Orientation,1049,1,2,,,,,,,,25.0,,,,
llama,Long_Term_Orientation,1049,1,3,,,,,,,,25.0,,,,
llama,Long_Term_Orientation,1050,1,1,,,,,,,,50.0,,,,
llama,Long_Term_Orientation,1050,1,2,,,,,,,,50.0,,,,
llama,Long_Term_Orientation,1050,1,3,,,,,,,,50.0,,,,
llama,Long_Term_Orientation,1052,1,1,,,,,,,,25.0,,,,
llama,Long_Term_Orientation,1052,1,2,,,,,,,,25.0,,,,
llama,Long_Term_Orientation,1052,1,3,,,,,,,,25.0,,,,
llama,Long_Term_Orientation,1053,1,1,,,,,,,,25.0,,,,
llama,Long_Term_Orientation,1053,1,2,,,,,,,,25.0,,,,
llama,Long_Term_Orientation,1053,1,3,,,,,,,,25.0,,,,
llama,Long_Term_Orientation,1054,1,1,,,,,,,,0.0,,,,
llama,Long_Term_Orientation,1054,1,2,,,,,,,,0.0,,,,
llama,Long_Term_Orientation,1054,1,3,,,,,,,,0.0,,,,
llama,Long_Term_Orientation,1055,1,1,,,,,,,,50.0,,,,
llama,Long_Term_Orientation,1055,1,2,,,,,,,,50.0,,,,
llama,Long_Term_Orientation,1055,1,3,,,,,,,,50.0,,,,
llama,Long_Term_Orientation,1056,1,1,,,,,,,,25.0,,,,
llama,Long_Term_Orientation,1056,1,2,,,,,,,,25.0,,,,
llama,Long_Term_Orientation,1056,1,3,,,,,,,,25.0,,,,
llama,Long_Term_Orientation,1057,1,1,,,,,,,,25.0,,,,
llama,Long_Term_Orientation,1057,1,2,,,,,,,,25.0,,,,
llama,Long_Term_Orientation,1057,1,3,,,,,,,,25.0,,,,
llama,Long_Term_Orientation,1059,1,1,,,,,,,,25.0,,,,
llama,Long_Term_Orientation,1059,1,2,,,,,,,,25.0,,,,
llama,Long_Term_Orientation,1059,1,3,,,,,,,,25.0,,,,
llama,Long_Term_Orientation,1060,1,1,,,,,,,,50.0,,,,
llama,Long_Term_Orientation,1060,1,2,,,,,,,,50.0,,,,
llama,Long_Term_Orientation,1060,1,3,,,,,,,,50.0,,,,
llama,Long_Term_Orientation,1061,1,1,,,,,,,,25.0,,,,
llama,Long_Term_Orientation,1061,1,2,,,,,,,,25.0,,,,
llama,Long_Term_Orientation,1061,1,3,,,,,,,,25.0,,,,
llama,Long_Term_Orientation,1062,1,1,,,,,,,,25.0,,,,
llama,Long_Term_Orientation,1062,1,2,,,,,,,,25.0,,,,
llama,Long_Term_Orientation,1062,1,3,,,,,,,,25.0,,,,
llama,Long_Term_Orientation,1064,1,1,,,,,,,,50.0,,,,
llama,Long_Term_Orientation,1064,1,2,,,,,,,,50.0,,,,
llama,Long_Term_Orientation,1064,1,3,,,,,,,,50.0,,,,
llama,Long_Term_Orientation,1065,1,1,,,,,,,,25.0,,,,
llama,Long_Term_Orientation,1065,1,2,,,,,,,,25.0,,,,
llama,Long_Term_Orientation,1065,1,3,,,,,,,,25.0,,,,
llama,Long_Term_Orientation,1066,1,1,,,,,,,,50.0,,,,
llama,Long_Term_Orientation,1066,1,2,,,,,,,,50.0,,,,
llama,Long_Term_Orientation,1066,1,3,,,,,,,,50.0,,,,
llama,Long_Term_Orientation,1070,1,1,,,,,,,,25.0,,,,
llama,Long_Term_Orientation,1070,1,2,,,,,,,,25.0,,,,
llama,Long_Term_Orientation,1070,1,3,,,,,,,,25.0,,,,
llama,Long_Term_Orientation,1071,1,1,,,,,,,,25.0,,,,
llama,Long_Term_Orientation,1071,1,2,,,,,,,,25.0,,,,
llama,Long_Term_Orientation,1071,1,3,,,,,,,,25.0,,,,
llama,Long_Term_Orientation,1075,1,1,,,,,,,,25.0,,,,
llama,Long_Term_Orientation,1075,1,2,,,,,,,,25.0,,,,
llama,Long_Term_Orientation,1075,1,3,,,,,,,,25.0,,,,
llama,Long_Term_Orientation,1076,1,1,,,,,,,,25.0,,,,
llama,Long_Term_Orientation,1076,1,2,,,,,,,,25.0,,,,
llama,Long_Term_Orientation,1076,1,3,,,,,,,,25.0,,,,
llama,Long_Term_Orientation,1077,1,1,,,,,,,,25.0,,,,
llama,Long_Term_Orientation,1077,1,2,,,,,,,,25.0,,,,
llama,Long_Term_Orientation,1077,1,3,,,,,,,,25.0,,,,
llama,Long_Term_Orientation,1078,1,1,,,,,,,,50.0,,,,
llama,Long_Term_Orientation,1078,1,2,,,,,,,,50.0,,,,
llama,Long_Term_Orientation,1078,1,3,,,,,,,,50.0,,,,
llama,Long_Term_Orientation,1079,1,1,,,,,,,,0.0,,,,
llama,Long_Term_Orientation,1079,1,2,,,,,,,,0.0,,,,
llama,Long_Term_Orientation,1079,1,3,,,,,,,,0.0,,,,
llama,Long_Term_Orientation,1080,1,1,,,,,,,,25.0,,,,
llama,Long_Term_Orientation,1080,1,2,,,,,,,,25.0,,,,
llama,Long_Term_Orientation,1080,1,3,,,,,,,,25.0,,,,
llama,Long_Term_Orientation,1082,1,1,,,,,,,,50.0,,,,
llama,Long_Term_Orientation,1082,1,2,,,,,,,,50.0,,,,
llama,Long_Term_Orientation,1082,1,3,,,,,,,,50.0,,,,
llama,Long_Term_Orientation,1083,1,1,,,,,,,,50.0,,,,
llama,Long_Term_Orientation,1083,1,2,,,,,,,,50.0,,,,
llama,Long_Term_Orientation,1083,1,3,,,,,,,,50.0,,,,
llama,Long_Term_Orientation,1084,1,1,,,,,,,,25.0,,,,
llama,Long_Term_Orientation,1084,1,2,,,,,,,,25.0,,,,
llama,Long_Term_Orientation,1084,1,3,,,,,,,,25.0,,,,
llama,Long_Term_Orientation,1085,1,1,,,,,,,,50.0,,,,
llama,Long_Term_Orientation,1085,1,2,,,,,,,,50.0,,,,
llama,Long_Term_Orientation,1085,1,3,,,,,,,,50.0,,,,
llama,Long_Term_Orientation,1086,1,1,,,,,,,,50.0,,,,
llama,Long_Term_Orientation,1086,1,2,,,,,,,,50.0,,,,
llama,Long_Term_Orientation,1086,1,3,,,,,,,,50.0,,,,
llama,Long_Term_Orientation,1087,1,1,,,,,,,,25.0,,,,
llama,Long_Term_Orientation,1087,1,2,,,,,,,,25.0,,,,
llama,Long_Term_Orientation,1087,1,3,,,,,,,,25.0,,,,
llama,Long_Term_Orientation,1088,1,1,,,,,,,,0.0,,,,
llama,Long_Term_Orientation,1088,1,2,,,,,,,,0.0,,,,
llama,Long_Term_Orientation,1088,1,3,,,,,,,,0.0,,,,
llama,Long_Term_Orientation,1089,1,1,,,,,,,,50.0,,,,
llama,Long_Term_Orientation,1089,1,2,,,,,,,,50.0,,,,
llama,Long_Term_Orientation,1089,1,3,,,,,,,,50.0,,,,
llama,Long_Term_Orientation,1091,1,1,,,,,,,,0.0,,,,
llama,Long_Term_Orientation,1091,1,2,,,,,,,,0.0,,,,
llama,Long_Term_Orientation,1091,1,3,,,,,,,,0.0,,,,
llama,Long_Term_Orientation,1092,1,1,,,,,,,,25.0,,,,
llama,Long_Term_Orientation,1092,1,2,,,,,,,,25.0,,,,
llama,Long_Term_Orientation,1092,1,3,,,,,,,,25.0,,,,
llama,Long_Term_Orientation,1094,1,1,,,,,,,,25.0,,,,
llama,Long_Term_Orientation,1094,1,2,,,,,,,,25.0,,,,
llama,Long_Term_Orientation,1094,1,3,,,,,,,,25.0,,,,
llama,Long_Term_Orientation,1096,1,1,,,,,,,,50.0,,,,
llama,Long_Term_Orientation,1096,1,2,,,,,,,,50.0,,,,
llama,Long_Term_Orientation,1096,1,3,,,,,,,,50.0,,,,
llama,Long_Term_Orientation,1098,1,1,,,,,,,,50.0,,,,
llama,Long_Term_Orientation,1098,1,2,,,,,,,,50.0,,,,
llama,Long_Term_Orientation,1098,1,3,,,,,,,,50.0,,,,
llama,Long_Term_Orientation,1099,1,1,,,,,,,,25.0,,,,
llama,Long_Term_Orientation,1099,1,2,,,,,,,,25.0,,,,
llama,Long_Term_Orientation,1099,1,3,,,,,,,,25.0,,,,
llama,Long_Term_Orientation,1100,1,1,,,,,,,,25.0,,,,
llama,Long_Term_Orientation,1100,1,2,,,,,,,,25.0,,,,
llama,Long_Term_Orientation,1100,1,3,,,,,,,,25.0,,,,
llama,Long_Term_Orientation,1101,1,1,,,,,,,,50.0,,,,
llama,Long_Term_Orientation,1101,1,2,,,,,,,,50.0,,,,
llama,Long_Term_Orientation,1101,1,3,,,,,,,,50.0,,,,
llama,Long_Term_Orientation,1102,1,1,,,,,,,,0.0,,,,
llama,Long_Term_Orientation,1102,1,2,,,,,,,,0.0,,,,
llama,Long_Term_Orientation,1102,1,3,,,,,,,,0.0,,,,
llama,Long_Term_Orientation,1103,1,1,,,,,,,,25.0,,,,
llama,Long_Term_Orientation,1103,1,2,,,,,,,,25.0,,,,
llama,Long_Term_Orientation,1103,1,3,,,,,,,,25.0,,,,
llama,Long_Term_Orientation,1106,1,1,,,,,,,,25.0,,,,
llama,Long_Term_Orientation,1106,1,2,,,,,,,,25.0,,,,
llama,Long_Term_Orientation,1106,1,3,,,,,,,,25.0,,,,
llama,Long_Term_Orientation,1107,1,1,,,,,,,,25.0,,,,
llama,Long_Term_Orientation,1107,1,2,,,,,,,,25.0,,,,
llama,Long_Term_Orientation,1107,1,3,,,,,,,,25.0,,,,
llama,Long_Term_Orientation,1109,1,1,,,,,,,,50.0,,,,
llama,Long_Term_Orientation,1109,1,2,,,,,,,,50.0,,,,
llama,Long_Term_Orientation,1109,1,3,,,,,,,,50.0,,,,
llama,Long_Term_Orientation,1110,1,1,,,,,,,,25.0,,,,
llama,Long_Term_Orientation,1110,1,2,,,,,,,,25.0,,,,
llama,Long_Term_Orientation,1110,1,3,,,,,,,,25.0,,,,
llama,Long_Term_Orientation,1112,1,1,,,,,,,,25.0,,,,
llama,Long_Term_Orientation,1112,1,2,,,,,,,,25.0,,,,
llama,Long_Term_Orientation,1112,1,3,,,,,,,,25.0,,,,
llama,Long_Term_Orientation,1113,1,1,,,,,,,,50.0,,,,
llama,Long_Term_Orientation,1113,1,2,,,,,,,,50.0,,,,
llama,Long_Term_Orientation,1113,1,3,,,,,,,,50.0,,,,
llama,Long_Term_Orientation,1115,1,1,,,,,,,,25.0,,,,
llama,Long_Term_Orientation,1115,1,2,,,,,,,,25.0,,,,
llama,Long_Term_Orientation,1115,1,3,,,,,,,,25.0,,,,
llama,Long_Term_Orientation,1117,1,1,,,,,,,,25.0,,,,
llama,Long_Term_Orientation,1117,1,2,,,,,,,,25.0,,,,
llama,Long_Term_Orientation,1117,1,3,,,,,,,,25.0,,,,
llama,Long_Term_Orientation,1119,1,1,,,,,,,,50.0,,,,
llama,Long_Term_Orientation,1119,1,2,,,,,,,,50.0,,,,
llama,Long_Term_Orientation,1119,1,3,,,,,,,,50.0,,,,
llama,Long_Term_Orientation,1120,1,1,,,,,,,,0.0,,,,
llama,Long_Term_Orientation,1120,1,2,,,,,,,,0.0,,,,
llama,Long_Term_Orientation,1120,1,3,,,,,,,,0.0,,,,
llama,Long_Term_Orientation,1121,1,1,,,,,,,,25.0,,,,
llama,Long_Term_Orientation,1121,1,2,,,,,,,,25.0,,,,
llama,Long_Term_Orientation,1121,1,3,,,,,,,,25.0,,,,
llama,Long_Term_Orientation,1125,1,1,,,,,,,,50.0,,,,
llama,Long_Term_Orientation,1125,1,2,,,,,,,,50.0,,,,
llama,Long_Term_Orientation,1125,1,3,,,,,,,,50.0,,,,
llama,Long_Term_Orientation,1126,1,1,,,,,,,,25.0,,,,
llama,Long_Term_Orientation,1126,1,2,,,,,,,,25.0,,,,
llama,Long_Term_Orientation,1126,1,3,,,,,,,,25.0,,,,
llama,Long_Term_Orientation,1128,1,1,,,,,,,,50.0,,,,
llama,Long_Term_Orientation,1128,1,2,,,,,,,,50.0,,,,
llama,Long_Term_Orientation,1128,1,3,,,,,,,,50.0,,,,
llama,Long_Term_Orientation,1129,1,1,,,,,,,,25.0,,,,
llama,Long_Term_Orientation,1129,1,2,,,,,,,,25.0,,,,
llama,Long_Term_Orientation,1129,1,3,,,,,,,,25.0,,,,
llama,Long_Term_Orientation,1136,1,1,,,,,,,,50.0,,,,
llama,Long_Term_Orientation,1136,1,2,,,,,,,,50.0,,,,
llama,Long_Term_Orientation,1136,1,3,,,,,,,,50.0,,,,
llama,Long_Term_Orientation,1137,1,1,,,,,,,,50.0,,,,
llama,Long_Term_Orientation,1137,1,2,,,,,,,,50.0,,,,
llama,Long_Term_Orientation,1137,1,3,,,,,,,,50.0,,,,
llama,Long_Term_Orientation,1139,1,1,,,,,,,,25.0,,,,
llama,Long_Term_Orientation,1139,1,2,,,,,,,,25.0,,,,
llama,Long_Term_Orientation,1139,1,3,,,,,,,,25.0,,,,
llama,Long_Term_Orientation,1141,1,1,,,,,,,,50.0,,,,
llama,Long_Term_Orientation,1141,1,2,,,,,,,,50.0,,,,
llama,Long_Term_Orientation,1141,1,3,,,,,,,,50.0,,,,
llama,Long_Term_Orientation,1143,1,1,,,,,,,,25.0,,,,
llama,Long_Term_Orientation,1143,1,2,,,,,,,,25.0,,,,
llama,Long_Term_Orientation,1143,1,3,,,,,,,,25.0,,,,
llama,Long_Term_Orientation,1146,1,1,,,,,,,,50.0,,,,
llama,Long_Term_Orientation,1146,1,2,,,,,,,,50.0,,,,
llama,Long_Term_Orientation,1146,1,3,,,,,,,,50.0,,,,
llama,Long_Term_Orientation,1148,1,1,,,,,,,,25.0,,,,
llama,Long_Term_Orientation,1148,1,2,,,,,,,,25.0,,,,
llama,Long_Term_Orientation,1148,1,3,,,,,,,,25.0,,,,
llama,Long_Term_Orientation,1151,1,1,,,,,,,,25.0,,,,
llama,Long_Term_Orientation,1151,1,2,,,,,,,,25.0,,,,
llama,Long_Term_Orientation,1151,1,3,,,,,,,,25.0,,,,
llama,Long_Term_Orientation,1152,1,1,,,,,,,,25.0,,,,
llama,Long_Term_Orientation,1152,1,2,,,,,,,,25.0,,,,
llama,Long_Term_Orientation,1152,1,3,,,,,,,,25.0,,,,
llama,Long_Term_Orientation,1153,1,1,,,,,,,,50.0,,,,
llama,Long_Term_Orientation,1153,1,2,,,,,,,,50.0,,,,
llama,Long_Term_Orientation,1153,1,3,,,,,,,,50.0,,,,
llama,Long_Term_Orientation,1154,1,1,,,,,,,,50.0,,,,
llama,Long_Term_Orientation,1154,1,2,,,,,,,,50.0,,,,
llama,Long_Term_Orientation,1154,1,3,,,,,,,,50.0,,,,
llama,Long_Term_Orientation,1155,1,1,,,,,,,,75.0,,,,
llama,Long_Term_Orientation,1155,1,2,,,,,,,,75.0,,,,
llama,Long_Term_Orientation,1155,1,3,,,,,,,,75.0,,,,
llama,Long_Term_Orientation,1156,1,1,,,,,,,,25.0,,,,
llama,Long_Term_Orientation,1156,1,2,,,,,,,,25.0,,,,
llama,Long_Term_Orientation,1156,1,3,,,,,,,,25.0,,,,
llama,Long_Term_Orientation,1158,1,1,,,,,,,,25.0,,,,
llama,Long_Term_Orientation,1158,1,2,,,,,,,,25.0,,,,
llama,Long_Term_Orientation,1158,1,3,,,,,,,,25.0,,,,
llama,Long_Term_Orientation,1159,1,1,,,,,,,,25.0,,,,
llama,Long_Term_Orientation,1159,1,2,,,,,,,,25.0,,,,
llama,Long_Term_Orientation,1159,1,3,,,,,,,,25.0,,,,
llama,Long_Term_Orientation,1160,1,1,,,,,,,,50.0,,,,
llama,Long_Term_Orientation,1160,1,2,,,,,,,,50.0,,,,
llama,Long_Term_Orientation,1160,1,3,,,,,,,,50.0,,,,
llama,Long_Term_Orientation,1164,1,1,,,,,,,,25.0,,,,
llama,Long_Term_Orientation,1164,1,2,,,,,,,,25.0,,,,
llama,Long_Term_Orientation,1164,1,3,,,,,,,,25.0,,,,
llama,Long_Term_Orientation,1166,1,1,,,,,,,,25.0,,,,
llama,Long_Term_Orientation,1166,1,2,,,,,,,,25.0,,,,
llama,Long_Term_Orientation,1166,1,3,,,,,,,,25.0,,,,
llama,Long_Term_Orientation,1168,1,1,,,,,,,,50.0,,,,
llama,Long_Term_Orientation,1168,1,2,,,,,,,,50.0,,,,
llama,Long_Term_Orientation,1168,1,3,,,,,,,,50.0,,,,
llama,Long_Term_Orientation,1172,1,1,,,,,,,,25.0,,,,
llama,Long_Term_Orientation,1172,1,2,,,,,,,,25.0,,,,
llama,Long_Term_Orientation,1172,1,3,,,,,,,,25.0,,,,
llama,Long_Term_Orientation,1173,1,1,,,,,,,,50.0,,,,
llama,Long_Term_Orientation,1173,1,2,,,,,,,,50.0,,,,
llama,Long_Term_Orientation,1173,1,3,,,,,,,,50.0,,,,
llama,Long_Term_Orientation,1179,1,1,,,,,,,,25.0,,,,
llama,Long_Term_Orientation,1179,1,2,,,,,,,,25.0,,,,
llama,Long_Term_Orientation,1179,1,3,,,,,,,,25.0,,,,
llama,Long_Term_Orientation,1180,1,1,,,,,,,,50.0,,,,
llama,Long_Term_Orientation,1180,1,2,,,,,,,,50.0,,,,
llama,Long_Term_Orientation,1180,1,3,,,,,,,,50.0,,,,
llama,Long_Term_Orientation,1181,1,1,,,,,,,,50.0,,,,
llama,Long_Term_Orientation,1181,1,2,,,,,,,,50.0,,,,
llama,Long_Term_Orientation,1181,1,3,,,,,,,,50.0,,,,
llama,Long_Term_Orientation,1187,1,1,,,,,,,,25.0,,,,
llama,Long_Term_Orientation,1187,1,2,,,,,,,,25.0,,,,
llama,Long_Term_Orientation,1187,1,3,,,,,,,,25.0,,,,
llama,Long_Term_Orientation,1189,1,1,,,,,,,,25.0,,,,
llama,Long_Term_Orientation,1189,1,2,,,,,,,,25.0,,,,
llama,Long_Term_Orientation,1189,1,3,,,,,,,,25.0,,,,
llama,Long_Term_Orientation,1194,1,1,,,,,,,,25.0,,,,
llama,Long_Term_Orientation,1194,1,2,,,,,,,,25.0,,,,
llama,Long_Term_Orientation,1194,1,3,,,,,,,,25.0,,,,
llama,Long_Term_Orientation,1218,1,1,,,,,,,,100.0,,,,
llama,Long_Term_Orientation,1218,1,2,,,,,,,,100.0,,,,
llama,Long_Term_Orientation,1218,1,3,,,,,,,,100.0,,,,
llama,Long_Term_Orientation,1239,1,1,,,,,,,,50.0,,,,
llama,Long_Term_Orientation,1239,1,2,,,,,,,,50.0,,,,
llama,Long_Term_Orientation,1239,1,3,,,,,,,,50.0,,,,
llama,Long_Term_Orientation,1240,1,1,,,,,,,,50.0,,,,
llama,Long_Term_Orientation,1240,1,2,,,,,,,,50.0,,,,
llama,Long_Term_Orientation,1240,1,3,,,,,,,,50.0,,,,
llama,Long_Term_Orientation,975,1,1,,,,,,,,50.0,,,,
llama,Long_Term_Orientation,975,1,2,,,,,,,,50.0,,,,
llama,Long_Term_Orientation,975,1,3,,,,,,,,50.0,,,,
llama,Long_Term_Orientation,976,1,1,,,,,,,,25.0,,,,
llama,Long_Term_Orientation,976,1,2,,,,,,,,25.0,,,,
llama,Long_Term_Orientation,976,1,3,,,,,,,,25.0,,,,
llama,Long_Term_Orientation,977,1,1,,,,,,,,25.0,,,,
llama,Long_Term_Orientation,977,1,2,,,,,,,,25.0,,,,
llama,Long_Term_Orientation,977,1,3,,,,,,,,25.0,,,,
llama,Long_Term_Orientation,978,1,1,,,,,,,,25.0,,,,
llama,Long_Term_Orientation,978,1,2,,,,,,,,25.0,,,,
llama,Long_Term_Orientation,978,1,3,,,,,,,,25.0,,,,
llama,Long_Term_Orientation,979,1,1,,,,,,,,25.0,,,,
llama,Long_Term_Orientation,979,1,2,,,,,,,,25.0,,,,
llama,Long_Term_Orientation,979,1,3,,,,,,,,25.0,,,,
llama,Long_Term_Orientation,980,1,1,,,,,,,,50.0,,,,
llama,Long_Term_Orientation,980,1,2,,,,,,,,50.0,,,,
llama,Long_Term_Orientation,980,1,3,,,,,,,,50.0,,,,
llama,Long_Term_Orientation,981,1,1,,,,,,,,25.0,,,,
llama,Long_Term_Orientation,981,1,2,,,,,,,,25.0,,,,
llama,Long_Term_Orientation,981,1,3,,,,,,,,25.0,,,,
llama,Long_Term_Orientation,982,1,1,,,,,,,,50.0,,,,
llama,Long_Term_Orientation,982,1,2,,,,,,,,50.0,,,,
llama,Long_Term_Orientation,982,1,3,,,,,,,,50.0,,,,
llama,Long_Term_Orientation,983,1,1,,,,,,,,50.0,,,,
llama,Long_Term_Orientation,983,1,2,,,,,,,,50.0,,,,
llama,Long_Term_Orientation,983,1,3,,,,,,,,50.0,,,,
llama,Long_Term_Orientation,984,1,1,,,,,,,,25.0,,,,
llama,Long_Term_Orientation,984,1,2,,,,,,,,25.0,,,,
llama,Long_Term_Orientation,984,1,3,,,,,,,,25.0,,,,
llama,Long_Term_Orientation,985,1,1,,,,,,,,25.0,,,,
llama,Long_Term_Orientation,985,1,2,,,,,,,,25.0,,,,
llama,Long_Term_Orientation,985,1,3,,,,,,,,25.0,,,,
llama,Long_Term_Orientation,987,1,1,,,,,,,,100.0,,,,
llama,Long_Term_Orientation,987,1,2,,,,,,,,100.0,,,,
llama,Long_Term_Orientation,987,1,3,,,,,,,,100.0,,,,
llama,Long_Term_Orientation,989,1,1,,,,,,,,25.0,,,,
llama,Long_Term_Orientation,989,1,2,,,,,,,,25.0,,,,
llama,Long_Term_Orientation,989,1,3,,,,,,,,25.0,,,,
llama,Long_Term_Orientation,990,1,1,,,,,,,,25.0,,,,
llama,Long_Term_Orientation,990,1,2,,,,,,,,25.0,,,,
llama,Long_Term_Orientation,990,1,3,,,,,,,,25.0,,,,
llama,Long_Term_Orientation,991,1,1,,,,,,,,50.0,,,,
llama,Long_Term_Orientation,991,1,2,,,,,,,,50.0,,,,
llama,Long_Term_Orientation,991,1,3,,,,,,,,50.0,,,,
llama,Long_Term_Orientation,992,1,1,,,,,,,,50.0,,,,
llama,Long_Term_Orientation,992,1,2,,,,,,,,50.0,,,,
llama,Long_Term_Orientation,992,1,3,,,,,,,,50.0,,,,
llama,Long_Term_Orientation,994,1,1,,,,,,,,25.0,,,,
llama,Long_Term_Orientation,994,1,2,,,,,,,,25.0,,,,
llama,Long_Term_Orientation,994,1,3,,,,,,,,25.0,,,,
llama,Long_Term_Orientation,995,1,1,,,,,,,,50.0,,,,
llama,Long_Term_Orientation,995,1,2,,,,,,,,50.0,,,,
llama,Long_Term_Orientation,995,1,3,,,,,,,,50.0,,,,
llama,Long_Term_Orientation,996,1,1,,,,,,,,25.0,,,,
llama,Long_Term_Orientation,996,1,2,,,,,,,,25.0,,,,
llama,Long_Term_Orientation,996,1,3,,,,,,,,25.0,,,,
llama,Long_Term_Orientation,997,1,1,,,,,,,,25.0,,,,
llama,Long_Term_Orientation,997,1,2,,,,,,,,25.0,,,,
llama,Long_Term_Orientation,997,1,3,,,,,,,,25.0,,,,
llama,Long_Term_Orientation,998,1,1,,,,,,,,25.0,,,,
llama,Long_Term_Orientation,998,1,2,,,,,,,,25.0,,,,
llama,Long_Term_Orientation,998,1,3,,,,,,,,25.0,,,,
llama,Masculinity,1459,1,1,,,,,,,,50.0,,,,
llama,Masculinity,1459,1,2,,,,,,,,50.0,,,,
llama,Masculinity,1459,1,3,,,,,,,,50.0,,,,
llama,Masculinity,1461,1,1,,,,,,,,100.0,,,,
llama,Masculinity,1461,1,2,,,,,,,,100.0,,,,
llama,Masculinity,1461,1,3,,,,,,,,100.0,,,,
llama,Masculinity,1463,1,1,,,,,,,,50.0,,,,
llama,Masculinity,1463,1,2,,,,,,,,50.0,,,,
llama,Masculinity,1463,1,3,,,,,,,,50.0,,,,
llama,Masculinity,1464,1,1,,,,,,,,50.0,,,,
llama,Masculinity,1464,1,2,,,,,,,,50.0,,,,
llama,Masculinity,1464,1,3,,,,,,,,50.0,,,,
llama,Masculinity,1465,1,1,,,,,,,,50.0,,,,
llama,Masculinity,1465,1,2,,,,,,,,50.0,,,,
llama,Masculinity,1465,1,3,,,,,,,,50.0,,,,
llama,Masculinity,1466,1,1,,,,,,,,25.0,,,,
llama,Masculinity,1466,1,2,,,,,,,,25.0,,,,
llama,Masculinity,1466,1,3,,,,,,,,25.0,,,,
llama,Masculinity,1467,1,1,,,,,,,,50.0,,,,
llama,Masculinity,1467,1,2,,,,,,,,50.0,,,,
llama,Masculinity,1467,1,3,,,,,,,,50.0,,,,
llama,Masculinity,1468,1,1,,,,,,,,50.0,,,,
llama,Masculinity,1468,1,2,,,,,,,,50.0,,,,
llama,Masculinity,1468,1,3,,,,,,,,50.0,,,,
llama,Masculinity,1470,1,1,,,,,,,,50.0,,,,
llama,Masculinity,1470,1,2,,,,,,,,50.0,,,,
llama,Masculinity,1470,1,3,,,,,,,,50.0,,,,
llama,Masculinity,1471,1,1,,,,,,,,50.0,,,,
llama,Masculinity,1471,1,2,,,,,,,,50.0,,,,
llama,Masculinity,1471,1,3,,,,,,,,50.0,,,,
llama,Masculinity,1472,1,1,,,,,,,,50.0,,,,
llama,Masculinity,1472,1,2,,,,,,,,50.0,,,,
llama,Masculinity,1472,1,3,,,,,,,,50.0,,,,
llama,Masculinity,1473,1,1,,,,,,,,50.0,,,,
llama,Masculinity,1473,1,2,,,,,,,,50.0,,,,
llama,Masculinity,1473,1,3,,,,,,,,50.0,,,,
llama,Masculinity,1474,1,1,,,,,,,,50.0,,,,
llama,Masculinity,1474,1,2,,,,,,,,50.0,,,,
llama,Masculinity,1474,1,3,,,,,,,,50.0,,,,
llama,Masculinity,1475,1,1,,,,,,,,25.0,,,,
llama,Masculinity,1475,1,2,,,,,,,,25.0,,,,
llama,Masculinity,1475,1,3,,,,,,,,25.0,,,,
llama,Masculinity,1476,1,1,,,,,,,,25.0,,,,
llama,Masculinity,1476,1,2,,,,,,,,25.0,,,,
llama,Masculinity,1476,1,3,,,,,,,,25.0,,,,
llama,Masculinity,1477,1,1,,,,,,,,25.0,,,,
llama,Masculinity,1477,1,2,,,,,,,,25.0,,,,
llama,Masculinity,1477,1,3,,,,,,,,25.0,,,,
llama,Masculinity,1478,1,1,,,,,,,,25.0,,,,
llama,Masculinity,1478,1,2,,,,,,,,25.0,,,,
llama,Masculinity,1478,1,3,,,,,,,,25.0,,,,
llama,Masculinity,1480,1,1,,,,,,,,50.0,,,,
llama,Masculinity,1480,1,2,,,,,,,,50.0,,,,
llama,Masculinity,1480,1,3,,,,,,,,50.0,,,,
llama,Masculinity,1481,1,1,,,,,,,,50.0,,,,
llama,Masculinity,1481,1,2,,,,,,,,50.0,,,,
llama,Masculinity,1481,1,3,,,,,,,,50.0,,,,
llama,Masculinity,1482,1,1,,,,,,,,50.0,,,,
llama,Masculinity,1482,1,2,,,,,,,,50.0,,,,
llama,Masculinity,1482,1,3,,,,,,,,50.0,,,,
llama,Masculinity,1486,1,1,,,,,,,,75.0,,,,
llama,Masculinity,1486,1,2,,,,,,,,75.0,,,,
llama,Masculinity,1486,1,3,,,,,,,,75.0,,,,
llama,Masculinity,1487,1,1,,,,,,,,25.0,,,,
llama,Masculinity,1487,1,2,,,,,,,,25.0,,,,
llama,Masculinity,1487,1,3,,,,,,,,25.0,,,,
llama,Masculinity,1490,1,1,,,,,,,,50.0,,,,
llama,Masculinity,1490,1,2,,,,,,,,50.0,,,,
llama,Masculinity,1490,1,3,,,,,,,,50.0,,,,
llama,Masculinity,1492,1,1,,,,,,,,25.0,,,,
llama,Masculinity,1492,1,2,,,,,,,,25.0,,,,
llama,Masculinity,1492,1,3,,,,,,,,25.0,,,,
llama,Masculinity,1493,1,1,,,,,,,,50.0,,,,
llama,Masculinity,1493,1,2,,,,,,,,50.0,,,,
llama,Masculinity,1493,1,3,,,,,,,,50.0,,,,
llama,Masculinity,1495,1,1,,,,,,,,25.0,,,,
llama,Masculinity,1495,1,2,,,,,,,,25.0,,,,
llama,Masculinity,1495,1,3,,,,,,,,25.0,,,,
llama,Masculinity,1497,1,1,,,,,,,,50.0,,,,
llama,Masculinity,1497,1,2,,,,,,,,50.0,,,,
llama,Masculinity,1497,1,3,,,,,,,,50.0,,,,
llama,Masculinity,1498,1,1,,,,,,,,50.0,,,,
llama,Masculinity,1498,1,2,,,,,,,,50.0,,,,
llama,Masculinity,1498,1,3,,,,,,,,50.0,,,,
llama,Masculinity,1499,1,1,,,,,,,,50.0,,,,
llama,Masculinity,1499,1,2,,,,,,,,50.0,,,,
llama,Masculinity,1499,1,3,,,,,,,,50.0,,,,
llama,Masculinity,1500,1,1,,,,,,,,50.0,,,,
llama,Masculinity,1500,1,2,,,,,,,,50.0,,,,
llama,Masculinity,1500,1,3,,,,,,,,50.0,,,,
llama,Masculinity,1501,1,1,,,,,,,,50.0,,,,
llama,Masculinity,1501,1,2,,,,,,,,50.0,,,,
llama,Masculinity,1501,1,3,,,,,,,,50.0,,,,
llama,Masculinity,1502,1,1,,,,,,,,50.0,,,,
llama,Masculinity,1502,1,2,,,,,,,,50.0,,,,
llama,Masculinity,1502,1,3,,,,,,,,50.0,,,,
llama,Masculinity,1504,1,1,,,,,,,,75.0,,,,
llama,Masculinity,1504,1,2,,,,,,,,75.0,,,,
llama,Masculinity,1504,1,3,,,,,,,,75.0,,,,
llama,Masculinity,1505,1,1,,,,,,,,50.0,,,,
llama,Masculinity,1505,1,2,,,,,,,,50.0,,,,
llama,Masculinity,1505,1,3,,,,,,,,50.0,,,,
llama,Masculinity,1506,1,1,,,,,,,,75.0,,,,
llama,Masculinity,1506,1,2,,,,,,,,75.0,,,,
llama,Masculinity,1506,1,3,,,,,,,,75.0,,,,
llama,Masculinity,1508,1,1,,,,,,,,50.0,,,,
llama,Masculinity,1508,1,2,,,,,,,,50.0,,,,
llama,Masculinity,1508,1,3,,,,,,,,50.0,,,,
llama,Masculinity,1509,1,1,,,,,,,,25.0,,,,
llama,Masculinity,1509,1,2,,,,,,,,25.0,,,,
llama,Masculinity,1509,1,3,,,,,,,,25.0,,,,
llama,Masculinity,1511,1,1,,,,,,,,50.0,,,,
llama,Masculinity,1511,1,2,,,,,,,,50.0,,,,
llama,Masculinity,1511,1,3,,,,,,,,50.0,,,,
llama,Masculinity,1512,1,1,,,,,,,,100.0,,,,
llama,Masculinity,1512,1,2,,,,,,,,100.0,,,,
llama,Masculinity,1512,1,3,,,,,,,,100.0,,,,
llama,Masculinity,1515,1,1,,,,,,,,50.0,,,,
llama,Masculinity,1515,1,2,,,,,,,,50.0,,,,
llama,Masculinity,1515,1,3,,,,,,,,50.0,,,,
llama,Masculinity,1519,1,1,,,,,,,,50.0,,,,
llama,Masculinity,1519,1,2,,,,,,,,50.0,,,,
llama,Masculinity,1519,1,3,,,,,,,,50.0,,,,
llama,Masculinity,1520,1,1,,,,,,,,25.0,,,,
llama,Masculinity,1520,1,2,,,,,,,,25.0,,,,
llama,Masculinity,1520,1,3,,,,,,,,25.0,,,,
llama,Masculinity,1522,1,1,,,,,,,,50.0,,,,
llama,Masculinity,1522,1,2,,,,,,,,50.0,,,,
llama,Masculinity,1522,1,3,,,,,,,,50.0,,,,
llama,Masculinity,1523,1,1,,,,,,,,100.0,,,,
llama,Masculinity,1523,1,2,,,,,,,,100.0,,,,
llama,Masculinity,1523,1,3,,,,,,,,100.0,,,,
llama,Masculinity,1524,1,1,,,,,,,,50.0,,,,
llama,Masculinity,1524,1,2,,,,,,,,50.0,,,,
llama,Masculinity,1524,1,3,,,,,,,,50.0,,,,
llama,Masculinity,1525,1,1,,,,,,,,50.0,,,,
llama,Masculinity,1525,1,2,,,,,,,,50.0,,,,
llama,Masculinity,1525,1,3,,,,,,,,50.0,,,,
llama,Masculinity,1526,1,1,,,,,,,,25.0,,,,
llama,Masculinity,1526,1,2,,,,,,,,25.0,,,,
llama,Masculinity,1526,1,3,,,,,,,,25.0,,,,
llama,Masculinity,1528,1,1,,,,,,,,75.0,,,,
llama,Masculinity,1528,1,2,,,,,,,,75.0,,,,
llama,Masculinity,1528,1,3,,,,,,,,75.0,,,,
llama,Masculinity,1529,1,1,,,,,,,,25.0,,,,
llama,Masculinity,1529,1,2,,,,,,,,25.0,,,,
llama,Masculinity,1529,1,3,,,,,,,,25.0,,,,
llama,Masculinity,1532,1,1,,,,,,,,100.0,,,,
llama,Masculinity,1532,1,2,,,,,,,,100.0,,,,
llama,Masculinity,1532,1,3,,,,,,,,100.0,,,,
llama,Masculinity,1533,1,1,,,,,,,,50.0,,,,
llama,Masculinity,1533,1,2,,,,,,,,50.0,,,,
llama,Masculinity,1533,1,3,,,,,,,,50.0,,,,
llama,Masculinity,1534,1,1,,,,,,,,50.0,,,,
llama,Masculinity,1534,1,2,,,,,,,,50.0,,,,
llama,Masculinity,1534,1,3,,,,,,,,50.0,,,,
llama,Masculinity,1538,1,1,,,,,,,,50.0,,,,
llama,Masculinity,1538,1,2,,,,,,,,50.0,,,,
llama,Masculinity,1538,1,3,,,,,,,,50.0,,,,
llama,Masculinity,1539,1,1,,,,,,,,50.0,,,,
llama,Masculinity,1539,1,2,,,,,,,,50.0,,,,
llama,Masculinity,1539,1,3,,,,,,,,50.0,,,,
llama,Masculinity,1541,1,1,,,,,,,,75.0,,,,
llama,Masculinity,1541,1,2,,,,,,,,75.0,,,,
llama,Masculinity,1541,1,3,,,,,,,,75.0,,,,
llama,Masculinity,1542,1,1,,,,,,,,50.0,,,,
llama,Masculinity,1542,1,2,,,,,,,,50.0,,,,
llama,Masculinity,1542,1,3,,,,,,,,50.0,,,,
llama,Masculinity,1543,1,1,,,,,,,,25.0,,,,
llama,Masculinity,1543,1,2,,,,,,,,25.0,,,,
llama,Masculinity,1543,1,3,,,,,,,,25.0,,,,
llama,Masculinity,1544,1,1,,,,,,,,50.0,,,,
llama,Masculinity,1544,1,2,,,,,,,,50.0,,,,
llama,Masculinity,1544,1,3,,,,,,,,50.0,,,,
llama,Masculinity,1546,1,1,,,,,,,,100.0,,,,
llama,Masculinity,1546,1,2,,,,,,,,100.0,,,,
llama,Masculinity,1546,1,3,,,,,,,,100.0,,,,
llama,Masculinity,1548,1,1,,,,,,,,50.0,,,,
llama,Masculinity,1548,1,2,,,,,,,,50.0,,,,
llama,Masculinity,1548,1,3,,,,,,,,50.0,,,,
llama,Masculinity,1549,1,1,,,,,,,,50.0,,,,
llama,Masculinity,1549,1,2,,,,,,,,50.0,,,,
llama,Masculinity,1549,1,3,,,,,,,,50.0,,,,
llama,Masculinity,1551,1,1,,,,,,,,50.0,,,,
llama,Masculinity,1551,1,2,,,,,,,,50.0,,,,
llama,Masculinity,1551,1,3,,,,,,,,50.0,,,,
llama,Masculinity,1552,1,1,,,,,,,,50.0,,,,
llama,Masculinity,1552,1,2,,,,,,,,50.0,,,,
llama,Masculinity,1552,1,3,,,,,,,,50.0,,,,
llama,Masculinity,1553,1,1,,,,,,,,50.0,,,,
llama,Masculinity,1553,1,2,,,,,,,,50.0,,,,
llama,Masculinity,1553,1,3,,,,,,,,50.0,,,,
llama,Masculinity,1554,1,1,,,,,,,,50.0,,,,
llama,Masculinity,1554,1,2,,,,,,,,50.0,,,,
llama,Masculinity,1554,1,3,,,,,,,,50.0,,,,
llama,Masculinity,1555,1,1,,,,,,,,50.0,,,,
llama,Masculinity,1555,1,2,,,,,,,,50.0,,,,
llama,Masculinity,1555,1,3,,,,,,,,50.0,,,,
llama,Masculinity,1556,1,1,,,,,,,,25.0,,,,
llama,Masculinity,1556,1,2,,,,,,,,25.0,,,,
llama,Masculinity,1556,1,3,,,,,,,,25.0,,,,
llama,Masculinity,1557,1,1,,,,,,,,50.0,,,,
llama,Masculinity,1557,1,2,,,,,,,,50.0,,,,
llama,Masculinity,1557,1,3,,,,,,,,50.0,,,,
llama,Masculinity,1560,1,1,,,,,,,,50.0,,,,
llama,Masculinity,1560,1,2,,,,,,,,50.0,,,,
llama,Masculinity,1560,1,3,,,,,,,,50.0,,,,
llama,Masculinity,1561,1,1,,,,,,,,50.0,,,,
llama,Masculinity,1561,1,2,,,,,,,,50.0,,,,
llama,Masculinity,1561,1,3,,,,,,,,50.0,,,,
llama,Masculinity,1562,1,1,,,,,,,,50.0,,,,
llama,Masculinity,1562,1,2,,,,,,,,50.0,,,,
llama,Masculinity,1562,1,3,,,,,,,,50.0,,,,
llama,Masculinity,1563,1,1,,,,,,,,50.0,,,,
llama,Masculinity,1563,1,2,,,,,,,,50.0,,,,
llama,Masculinity,1563,1,3,,,,,,,,50.0,,,,
llama,Masculinity,1564,1,1,,,,,,,,50.0,,,,
llama,Masculinity,1564,1,2,,,,,,,,50.0,,,,
llama,Masculinity,1564,1,3,,,,,,,,50.0,,,,
llama,Masculinity,1565,1,1,,,,,,,,100.0,,,,
llama,Masculinity,1565,1,2,,,,,,,,100.0,,,,
llama,Masculinity,1565,1,3,,,,,,,,100.0,,,,
llama,Masculinity,1566,1,1,,,,,,,,50.0,,,,
llama,Masculinity,1566,1,2,,,,,,,,50.0,,,,
llama,Masculinity,1566,1,3,,,,,,,,50.0,,,,
llama,Masculinity,1568,1,1,,,,,,,,50.0,,,,
llama,Masculinity,1568,1,2,,,,,,,,50.0,,,,
llama,Masculinity,1568,1,3,,,,,,,,50.0,,,,
llama,Masculinity,1569,1,1,,,,,,,,25.0,,,,
llama,Masculinity,1569,1,2,,,,,,,,25.0,,,,
llama,Masculinity,1569,1,3,,,,,,,,25.0,,,,
llama,Masculinity,1570,1,1,,,,,,,,25.0,,,,
llama,Masculinity,1570,1,2,,,,,,,,25.0,,,,
llama,Masculinity,1570,1,3,,,,,,,,25.0,,,,
llama,Masculinity,1571,1,1,,,,,,,,100.0,,,,
llama,Masculinity,1571,1,2,,,,,,,,100.0,,,,
llama,Masculinity,1571,1,3,,,,,,,,100.0,,,,
llama,Masculinity,1572,1,1,,,,,,,,0.0,,,,
llama,Masculinity,1572,1,2,,,,,,,,0.0,,,,
llama,Masculinity,1572,1,3,,,,,,,,0.0,,,,
llama,Masculinity,1573,1,1,,,,,,,,100.0,,,,
llama,Masculinity,1573,1,2,,,,,,,,100.0,,,,
llama,Masculinity,1573,1,3,,,,,,,,100.0,,,,
llama,Masculinity,1574,1,1,,,,,,,,75.0,,,,
llama,Masculinity,1574,1,2,,,,,,,,75.0,,,,
llama,Masculinity,1574,1,3,,,,,,,,75.0,,,,
llama,Masculinity,1575,1,1,,,,,,,,50.0,,,,
llama,Masculinity,1575,1,2,,,,,,,,50.0,,,,
llama,Masculinity,1575,1,3,,,,,,,,50.0,,,,
llama,Masculinity,1576,1,1,,,,,,,,100.0,,,,
llama,Masculinity,1576,1,2,,,,,,,,100.0,,,,
llama,Masculinity,1576,1,3,,,,,,,,100.0,,,,
llama,Masculinity,1577,1,1,,,,,,,,50.0,,,,
llama,Masculinity,1577,1,2,,,,,,,,50.0,,,,
llama,Masculinity,1577,1,3,,,,,,,,50.0,,,,
llama,Masculinity,1579,1,1,,,,,,,,75.0,,,,
llama,Masculinity,1579,1,2,,,,,,,,75.0,,,,
llama,Masculinity,1579,1,3,,,,,,,,75.0,,,,
llama,Masculinity,1580,1,1,,,,,,,,25.0,,,,
llama,Masculinity,1580,1,2,,,,,,,,25.0,,,,
llama,Masculinity,1580,1,3,,,,,,,,25.0,,,,
llama,Masculinity,1581,1,1,,,,,,,,25.0,,,,
llama,Masculinity,1581,1,2,,,,,,,,25.0,,,,
llama,Masculinity,1581,1,3,,,,,,,,25.0,,,,
llama,Masculinity,1582,1,1,,,,,,,,50.0,,,,
llama,Masculinity,1582,1,2,,,,,,,,50.0,,,,
llama,Masculinity,1582,1,3,,,,,,,,50.0,,,,
llama,Masculinity,1586,1,1,,,,,,,,50.0,,,,
llama,Masculinity,1586,1,2,,,,,,,,50.0,,,,
llama,Masculinity,1586,1,3,,,,,,,,50.0,,,,
llama,Masculinity,1587,1,1,,,,,,,,50.0,,,,
llama,Masculinity,1587,1,2,,,,,,,,50.0,,,,
llama,Masculinity,1587,1,3,,,,,,,,50.0,,,,
llama,Masculinity,1588,1,1,,,,,,,,75.0,,,,
llama,Masculinity,1588,1,2,,,,,,,,75.0,,,,
llama,Masculinity,1588,1,3,,,,,,,,75.0,,,,
llama,Masculinity,1589,1,1,,,,,,,,50.0,,,,
llama,Masculinity,1589,1,2,,,,,,,,50.0,,,,
llama,Masculinity,1589,1,3,,,,,,,,50.0,,,,
llama,Masculinity,1591,1,1,,,,,,,,50.0,,,,
llama,Masculinity,1591,1,2,,,,,,,,50.0,,,,
llama,Masculinity,1591,1,3,,,,,,,,50.0,,,,
llama,Masculinity,1592,1,1,,,,,,,,25.0,,,,
llama,Masculinity,1592,1,2,,,,,,,,25.0,,,,
llama,Masculinity,1592,1,3,,,,,,,,25.0,,,,
llama,Masculinity,1593,1,1,,,,,,,,50.0,,,,
llama,Masculinity,1593,1,2,,,,,,,,50.0,,,,
llama,Masculinity,1593,1,3,,,,,,,,50.0,,,,
llama,Masculinity,1594,1,1,,,,,,,,75.0,,,,
llama,Masculinity,1594,1,2,,,,,,,,75.0,,,,
llama,Masculinity,1594,1,3,,,,,,,,75.0,,,,
llama,Masculinity,1595,1,1,,,,,,,,50.0,,,,
llama,Masculinity,1595,1,2,,,,,,,,50.0,,,,
llama,Masculinity,1595,1,3,,,,,,,,50.0,,,,
llama,Masculinity,1597,1,1,,,,,,,,50.0,,,,
llama,Masculinity,1597,1,2,,,,,,,,50.0,,,,
llama,Masculinity,1597,1,3,,,,,,,,50.0,,,,
llama,Masculinity,1598,1,1,,,,,,,,50.0,,,,
llama,Masculinity,1598,1,2,,,,,,,,50.0,,,,
llama,Masculinity,1598,1,3,,,,,,,,50.0,,,,
llama,Masculinity,1600,1,1,,,,,,,,50.0,,,,
llama,Masculinity,1600,1,2,,,,,,,,50.0,,,,
llama,Masculinity,1600,1,3,,,,,,,,50.0,,,,
llama,Masculinity,1601,1,1,,,,,,,,100.0,,,,
llama,Masculinity,1601,1,2,,,,,,,,100.0,,,,
llama,Masculinity,1601,1,3,,,,,,,,100.0,,,,
llama,Masculinity,1603,1,1,,,,,,,,50.0,,,,
llama,Masculinity,1603,1,2,,,,,,,,50.0,,,,
llama,Masculinity,1603,1,3,,,,,,,,50.0,,,,
llama,Masculinity,1606,1,1,,,,,,,,50.0,,,,
llama,Masculinity,1606,1,2,,,,,,,,50.0,,,,
llama,Masculinity,1606,1,3,,,,,,,,50.0,,,,
llama,Masculinity,1607,1,1,,,,,,,,100.0,,,,
llama,Masculinity,1607,1,2,,,,,,,,100.0,,,,
llama,Masculinity,1607,1,3,,,,,,,,100.0,,,,
llama,Masculinity,1608,1,1,,,,,,,,25.0,,,,
llama,Masculinity,1608,1,2,,,,,,,,25.0,,,,
llama,Masculinity,1608,1,3,,,,,,,,25.0,,,,
llama,Masculinity,1609,1,1,,,,,,,,50.0,,,,
llama,Masculinity,1609,1,2,,,,,,,,50.0,,,,
llama,Masculinity,1609,1,3,,,,,,,,50.0,,,,
llama,Masculinity,1610,1,1,,,,,,,,50.0,,,,
llama,Masculinity,1610,1,2,,,,,,,,50.0,,,,
llama,Masculinity,1610,1,3,,,,,,,,50.0,,,,
llama,Masculinity,1611,1,1,,,,,,,,50.0,,,,
llama,Masculinity,1611,1,2,,,,,,,,50.0,,,,
llama,Masculinity,1611,1,3,,,,,,,,50.0,,,,
llama,Masculinity,1613,1,1,,,,,,,,75.0,,,,
llama,Masculinity,1613,1,2,,,,,,,,75.0,,,,
llama,Masculinity,1613,1,3,,,,,,,,75.0,,,,
llama,Masculinity,1614,1,1,,,,,,,,50.0,,,,
llama,Masculinity,1614,1,2,,,,,,,,50.0,,,,
llama,Masculinity,1614,1,3,,,,,,,,50.0,,,,
llama,Masculinity,1615,1,1,,,,,,,,50.0,,,,
llama,Masculinity,1615,1,2,,,,,,,,50.0,,,,
llama,Masculinity,1615,1,3,,,,,,,,50.0,,,,
llama,Masculinity,1616,1,1,,,,,,,,50.0,,,,
llama,Masculinity,1616,1,2,,,,,,,,50.0,,,,
llama,Masculinity,1616,1,3,,,,,,,,50.0,,,,
llama,Masculinity,1617,1,1,,,,,,,,75.0,,,,
llama,Masculinity,1617,1,2,,,,,,,,75.0,,,,
llama,Masculinity,1617,1,3,,,,,,,,75.0,,,,
llama,Masculinity,1618,1,1,,,,,,,,50.0,,,,
llama,Masculinity,1618,1,2,,,,,,,,50.0,,,,
llama,Masculinity,1618,1,3,,,,,,,,50.0,,,,
llama,Masculinity,1622,1,1,,,,,,,,50.0,,,,
llama,Masculinity,1622,1,2,,,,,,,,50.0,,,,
llama,Masculinity,1622,1,3,,,,,,,,50.0,,,,
llama,Masculinity,1628,1,1,,,,,,,,50.0,,,,
llama,Masculinity,1628,1,2,,,,,,,,50.0,,,,
llama,Masculinity,1628,1,3,,,,,,,,50.0,,,,
llama,Masculinity,1629,1,1,,,,,,,,50.0,,,,
llama,Masculinity,1629,1,2,,,,,,,,50.0,,,,
llama,Masculinity,1629,1,3,,,,,,,,50.0,,,,
llama,Masculinity,1632,1,1,,,,,,,,25.0,,,,
llama,Masculinity,1632,1,2,,,,,,,,25.0,,,,
llama,Masculinity,1632,1,3,,,,,,,,25.0,,,,
llama,Masculinity,1633,1,1,,,,,,,,25.0,,,,
llama,Masculinity,1633,1,2,,,,,,,,25.0,,,,
llama,Masculinity,1633,1,3,,,,,,,,25.0,,,,
llama,Masculinity,1634,1,1,,,,,,,,25.0,,,,
llama,Masculinity,1634,1,2,,,,,,,,25.0,,,,
llama,Masculinity,1634,1,3,,,,,,,,25.0,,,,
llama,Masculinity,1641,1,1,,,,,,,,75.0,,,,
llama,Masculinity,1641,1,2,,,,,,,,75.0,,,,
llama,Masculinity,1641,1,3,,,,,,,,75.0,,,,
llama,Masculinity,1644,1,1,,,,,,,,50.0,,,,
llama,Masculinity,1644,1,2,,,,,,,,50.0,,,,
llama,Masculinity,1644,1,3,,,,,,,,50.0,,,,
llama,Masculinity,1646,1,1,,,,,,,,25.0,,,,
llama,Masculinity,1646,1,2,,,,,,,,25.0,,,,
llama,Masculinity,1646,1,3,,,,,,,,25.0,,,,
llama,Masculinity,1654,1,1,,,,,,,,100.0,,,,
llama,Masculinity,1654,1,2,,,,,,,,100.0,,,,
llama,Masculinity,1654,1,3,,,,,,,,100.0,,,,
llama,Masculinity,1656,1,1,,,,,,,,50.0,,,,
llama,Masculinity,1656,1,2,,,,,,,,50.0,,,,
llama,Masculinity,1656,1,3,,,,,,,,50.0,,,,
llama,Masculinity,1657,1,1,,,,,,,,50.0,,,,
llama,Masculinity,1657,1,2,,,,,,,,50.0,,,,
llama,Masculinity,1657,1,3,,,,,,,,50.0,,,,
llama,Masculinity,1659,1,1,,,,,,,,100.0,,,,
llama,Masculinity,1659,1,2,,,,,,,,100.0,,,,
llama,Masculinity,1659,1,3,,,,,,,,100.0,,,,
llama,Masculinity,1660,1,1,,,,,,,,50.0,,,,
llama,Masculinity,1660,1,2,,,,,,,,50.0,,,,
llama,Masculinity,1660,1,3,,,,,,,,50.0,,,,
llama,Masculinity,1661,1,1,,,,,,,,50.0,,,,
llama,Masculinity,1661,1,2,,,,,,,,50.0,,,,
llama,Masculinity,1661,1,3,,,,,,,,50.0,,,,
llama,Masculinity,1663,1,1,,,,,,,,50.0,,,,
llama,Masculinity,1663,1,2,,,,,,,,50.0,,,,
llama,Masculinity,1663,1,3,,,,,,,,50.0,,,,
llama,Masculinity,1664,1,1,,,,,,,,25.0,,,,
llama,Masculinity,1664,1,2,,,,,,,,25.0,,,,
llama,Masculinity,1664,1,3,,,,,,,,25.0,,,,
llama,Masculinity,1668,1,1,,,,,,,,50.0,,,,
llama,Masculinity,1668,1,2,,,,,,,,50.0,,,,
llama,Masculinity,1668,1,3,,,,,,,,50.0,,,,
llama,Masculinity,1670,1,1,,,,,,,,50.0,,,,
llama,Masculinity,1670,1,2,,,,,,,,50.0,,,,
llama,Masculinity,1670,1,3,,,,,,,,50.0,,,,
llama,Masculinity,1671,1,1,,,,,,,,25.0,,,,
llama,Masculinity,1671,1,2,,,,,,,,25.0,,,,
llama,Masculinity,1671,1,3,,,,,,,,25.0,,,,
llama,Masculinity,1672,1,1,,,,,,,,50.0,,,,
llama,Masculinity,1672,1,2,,,,,,,,50.0,,,,
llama,Masculinity,1672,1,3,,,,,,,,50.0,,,,
llama,Masculinity,1673,1,1,,,,,,,,50.0,,,,
llama,Masculinity,1673,1,2,,,,,,,,50.0,,,,
llama,Masculinity,1673,1,3,,,,,,,,50.0,,,,
llama,Masculinity,1677,1,1,,,,,,,,50.0,,,,
llama,Masculinity,1677,1,2,,,,,,,,50.0,,,,
llama,Masculinity,1677,1,3,,,,,,,,50.0,,,,
llama,Masculinity,1678,1,1,,,,,,,,50.0,,,,
llama,Masculinity,1678,1,2,,,,,,,,50.0,,,,
llama,Masculinity,1678,1,3,,,,,,,,50.0,,,,
llama,Masculinity,1679,1,1,,,,,,,,25.0,,,,
llama,Masculinity,1679,1,2,,,,,,,,25.0,,,,
llama,Masculinity,1679,1,3,,,,,,,,25.0,,,,
llama,Masculinity,1681,1,1,,,,,,,,50.0,,,,
llama,Masculinity,1681,1,2,,,,,,,,50.0,,,,
llama,Masculinity,1681,1,3,,,,,,,,50.0,,,,
llama,Masculinity,1682,1,1,,,,,,,,50.0,,,,
llama,Masculinity,1682,1,2,,,,,,,,50.0,,,,
llama,Masculinity,1682,1,3,,,,,,,,50.0,,,,
llama,Masculinity,1683,1,1,,,,,,,,25.0,,,,
llama,Masculinity,1683,1,2,,,,,,,,25.0,,,,
llama,Masculinity,1683,1,3,,,,,,,,25.0,,,,
llama,Masculinity,1685,1,1,,,,,,,,50.0,,,,
llama,Masculinity,1685,1,2,,,,,,,,50.0,,,,
llama,Masculinity,1685,1,3,,,,,,,,50.0,,,,
llama,Masculinity,1692,1,1,,,,,,,,50.0,,,,
llama,Masculinity,1692,1,2,,,,,,,,50.0,,,,
llama,Masculinity,1692,1,3,,,,,,,,50.0,,,,
llama,Power_Distance,1911,1,1,,,,,,,,25.0,,,,
llama,Power_Distance,1911,1,2,,,,,,,,25.0,,,,
llama,Power_Distance,1911,1,3,,,,,,,,25.0,,,,
llama,Power_Distance,1912,1,1,,,,,,,,50.0,,,,
llama,Power_Distance,1912,1,2,,,,,,,,50.0,,,,
llama,Power_Distance,1912,1,3,,,,,,,,50.0,,,,
llama,Power_Distance,1913,1,1,,,,,,,,25.0,,,,
llama,Power_Distance,1913,1,2,,,,,,,,25.0,,,,
llama,Power_Distance,1913,1,3,,,,,,,,25.0,,,,
llama,Power_Distance,1914,1,1,,,,,,,,25.0,,,,
llama,Power_Distance,1914,1,2,,,,,,,,25.0,,,,
llama,Power_Distance,1914,1,3,,,,,,,,25.0,,,,
llama,Power_Distance,1915,1,1,,,,,,,,50.0,,,,
llama,Power_Distance,1915,1,2,,,,,,,,50.0,,,,
llama,Power_Distance,1915,1,3,,,,,,,,50.0,,,,
llama,Power_Distance,1916,1,1,,,,,,,,25.0,,,,
llama,Power_Distance,1916,1,2,,,,,,,,25.0,,,,
llama,Power_Distance,1916,1,3,,,,,,,,25.0,,,,
llama,Power_Distance,1917,1,1,,,,,,,,25.0,,,,
llama,Power_Distance,1917,1,2,,,,,,,,25.0,,,,
llama,Power_Distance,1917,1,3,,,,,,,,25.0,,,,
llama,Power_Distance,1919,1,1,,,,,,,,25.0,,,,
llama,Power_Distance,1919,1,2,,,,,,,,25.0,,,,
llama,Power_Distance,1919,1,3,,,,,,,,25.0,,,,
llama,Power_Distance,1920,1,1,,,,,,,,25.0,,,,
llama,Power_Distance,1920,1,2,,,,,,,,25.0,,,,
llama,Power_Distance,1920,1,3,,,,,,,,25.0,,,,
llama,Power_Distance,1921,1,1,,,,,,,,50.0,,,,
llama,Power_Distance,1921,1,2,,,,,,,,50.0,,,,
llama,Power_Distance,1921,1,3,,,,,,,,50.0,,,,
llama,Power_Distance,1922,1,1,,,,,,,,50.0,,,,
llama,Power_Distance,1922,1,2,,,,,,,,50.0,,,,
llama,Power_Distance,1922,1,3,,,,,,,,50.0,,,,
llama,Power_Distance,1923,1,1,,,,,,,,25.0,,,,
llama,Power_Distance,1923,1,2,,,,,,,,25.0,,,,
llama,Power_Distance,1923,1,3,,,,,,,,25.0,,,,
llama,Power_Distance,1924,1,1,,,,,,,,25.0,,,,
llama,Power_Distance,1924,1,2,,,,,,,,25.0,,,,
llama,Power_Distance,1924,1,3,,,,,,,,25.0,,,,
llama,Power_Distance,1926,1,1,,,,,,,,75.0,,,,
llama,Power_Distance,1926,1,2,,,,,,,,75.0,,,,
llama,Power_Distance,1926,1,3,,,,,,,,75.0,,,,
llama,Power_Distance,1928,1,1,,,,,,,,25.0,,,,
llama,Power_Distance,1928,1,2,,,,,,,,25.0,,,,
llama,Power_Distance,1928,1,3,,,,,,,,25.0,,,,
llama,Power_Distance,1930,1,1,,,,,,,,50.0,,,,
llama,Power_Distance,1930,1,2,,,,,,,,50.0,,,,
llama,Power_Distance,1930,1,3,,,,,,,,50.0,,,,
llama,Power_Distance,1931,1,1,,,,,,,,25.0,,,,
llama,Power_Distance,1931,1,2,,,,,,,,25.0,,,,
llama,Power_Distance,1931,1,3,,,,,,,,25.0,,,,
llama,Power_Distance,1932,1,1,,,,,,,,75.0,,,,
llama,Power_Distance,1932,1,2,,,,,,,,75.0,,,,
llama,Power_Distance,1932,1,3,,,,,,,,75.0,,,,
llama,Power_Distance,1934,1,1,,,,,,,,75.0,,,,
llama,Power_Distance,1934,1,2,,,,,,,,75.0,,,,
llama,Power_Distance,1934,1,3,,,,,,,,75.0,,,,
llama,Power_Distance,1935,1,1,,,,,,,,25.0,,,,
llama,Power_Distance,1935,1,2,,,,,,,,25.0,,,,
llama,Power_Distance,1935,1,3,,,,,,,,25.0,,,,
llama,Power_Distance,1936,1,1,,,,,,,,25.0,,,,
llama,Power_Distance,1936,1,2,,,,,,,,25.0,,,,
llama,Power_Distance,1936,1,3,,,,,,,,25.0,,,,
llama,Power_Distance,1940,1,1,,,,,,,,25.0,,,,
llama,Power_Distance,1940,1,2,,,,,,,,25.0,,,,
llama,Power_Distance,1940,1,3,,,,,,,,25.0,,,,
llama,Power_Distance,1941,1,1,,,,,,,,50.0,,,,
llama,Power_Distance,1941,1,2,,,,,,,,50.0,,,,
llama,Power_Distance,1941,1,3,,,,,,,,50.0,,,,
llama,Power_Distance,1942,1,1,,,,,,,,25.0,,,,
llama,Power_Distance,1942,1,2,,,,,,,,25.0,,,,
llama,Power_Distance,1942,1,3,,,,,,,,25.0,,,,
llama,Power_Distance,1943,1,1,,,,,,,,25.0,,,,
llama,Power_Distance,1943,1,2,,,,,,,,25.0,,,,
llama,Power_Distance,1943,1,3,,,,,,,,25.0,,,,
llama,Power_Distance,1944,1,1,,,,,,,,50.0,,,,
llama,Power_Distance,1944,1,2,,,,,,,,50.0,,,,
llama,Power_Distance,1944,1,3,,,,,,,,50.0,,,,
llama,Power_Distance,1946,1,1,,,,,,,,25.0,,,,
llama,Power_Distance,1946,1,2,,,,,,,,25.0,,,,
llama,Power_Distance,1946,1,3,,,,,,,,25.0,,,,
llama,Power_Distance,1947,1,1,,,,,,,,50.0,,,,
llama,Power_Distance,1947,1,2,,,,,,,,50.0,,,,
llama,Power_Distance,1947,1,3,,,,,,,,50.0,,,,
llama,Power_Distance,1948,1,1,,,,,,,,100.0,,,,
llama,Power_Distance,1948,1,2,,,,,,,,100.0,,,,
llama,Power_Distance,1948,1,3,,,,,,,,100.0,,,,
llama,Power_Distance,1949,1,1,,,,,,,,50.0,,,,
llama,Power_Distance,1949,1,2,,,,,,,,50.0,,,,
llama,Power_Distance,1949,1,3,,,,,,,,50.0,,,,
llama,Power_Distance,1950,1,1,,,,,,,,25.0,,,,
llama,Power_Distance,1950,1,2,,,,,,,,25.0,,,,
llama,Power_Distance,1950,1,3,,,,,,,,25.0,,,,
llama,Power_Distance,1952,1,1,,,,,,,,25.0,,,,
llama,Power_Distance,1952,1,2,,,,,,,,25.0,,,,
llama,Power_Distance,1952,1,3,,,,,,,,25.0,,,,
llama,Power_Distance,1953,1,1,,,,,,,,25.0,,,,
llama,Power_Distance,1953,1,2,,,,,,,,25.0,,,,
llama,Power_Distance,1953,1,3,,,,,,,,25.0,,,,
llama,Power_Distance,1954,1,1,,,,,,,,50.0,,,,
llama,Power_Distance,1954,1,2,,,,,,,,50.0,,,,
llama,Power_Distance,1954,1,3,,,,,,,,50.0,,,,
llama,Power_Distance,1957,1,1,,,,,,,,50.0,,,,
llama,Power_Distance,1957,1,2,,,,,,,,50.0,,,,
llama,Power_Distance,1957,1,3,,,,,,,,50.0,,,,
llama,Power_Distance,1959,1,1,,,,,,,,100.0,,,,
llama,Power_Distance,1959,1,2,,,,,,,,100.0,,,,
llama,Power_Distance,1959,1,3,,,,,,,,100.0,,,,
llama,Power_Distance,1960,1,1,,,,,,,,25.0,,,,
llama,Power_Distance,1960,1,2,,,,,,,,25.0,,,,
llama,Power_Distance,1960,1,3,,,,,,,,25.0,,,,
llama,Power_Distance,1961,1,1,,,,,,,,25.0,,,,
llama,Power_Distance,1961,1,2,,,,,,,,25.0,,,,
llama,Power_Distance,1961,1,3,,,,,,,,25.0,,,,
llama,Power_Distance,1964,1,1,,,,,,,,25.0,,,,
llama,Power_Distance,1964,1,2,,,,,,,,25.0,,,,
llama,Power_Distance,1964,1,3,,,,,,,,25.0,,,,
llama,Power_Distance,1965,1,1,,,,,,,,25.0,,,,
llama,Power_Distance,1965,1,2,,,,,,,,25.0,,,,
llama,Power_Distance,1965,1,3,,,,,,,,25.0,,,,
llama,Power_Distance,1966,1,1,,,,,,,,75.0,,,,
llama,Power_Distance,1966,1,2,,,,,,,,75.0,,,,
llama,Power_Distance,1966,1,3,,,,,,,,75.0,,,,
llama,Power_Distance,1967,1,1,,,,,,,,25.0,,,,
llama,Power_Distance,1967,1,2,,,,,,,,25.0,,,,
llama,Power_Distance,1967,1,3,,,,,,,,25.0,,,,
llama,Power_Distance,1968,1,1,,,,,,,,25.0,,,,
llama,Power_Distance,1968,1,2,,,,,,,,25.0,,,,
llama,Power_Distance,1968,1,3,,,,,,,,25.0,,,,
llama,Power_Distance,1969,1,1,,,,,,,,25.0,,,,
llama,Power_Distance,1969,1,2,,,,,,,,25.0,,,,
llama,Power_Distance,1969,1,3,,,,,,,,25.0,,,,
llama,Power_Distance,1970,1,1,,,,,,,,25.0,,,,
llama,Power_Distance,1970,1,2,,,,,,,,25.0,,,,
llama,Power_Distance,1970,1,3,,,,,,,,25.0,,,,
llama,Power_Distance,1971,1,1,,,,,,,,25.0,,,,
llama,Power_Distance,1971,1,2,,,,,,,,25.0,,,,
llama,Power_Distance,1971,1,3,,,,,,,,25.0,,,,
llama,Power_Distance,1974,1,1,,,,,,,,50.0,,,,
llama,Power_Distance,1974,1,2,,,,,,,,50.0,,,,
llama,Power_Distance,1974,1,3,,,,,,,,50.0,,,,
llama,Power_Distance,1975,1,1,,,,,,,,50.0,,,,
llama,Power_Distance,1975,1,2,,,,,,,,50.0,,,,
llama,Power_Distance,1975,1,3,,,,,,,,50.0,,,,
llama,Power_Distance,1976,1,1,,,,,,,,25.0,,,,
llama,Power_Distance,1976,1,2,,,,,,,,25.0,,,,
llama,Power_Distance,1976,1,3,,,,,,,,25.0,,,,
llama,Power_Distance,1977,1,1,,,,,,,,50.0,,,,
llama,Power_Distance,1977,1,2,,,,,,,,50.0,,,,
llama,Power_Distance,1977,1,3,,,,,,,,50.0,,,,
llama,Power_Distance,1978,1,1,,,,,,,,50.0,,,,
llama,Power_Distance,1978,1,2,,,,,,,,50.0,,,,
llama,Power_Distance,1978,1,3,,,,,,,,50.0,,,,
llama,Power_Distance,1979,1,1,,,,,,,,50.0,,,,
llama,Power_Distance,1979,1,2,,,,,,,,50.0,,,,
llama,Power_Distance,1979,1,3,,,,,,,,50.0,,,,
llama,Power_Distance,1981,1,1,,,,,,,,25.0,,,,
llama,Power_Distance,1981,1,2,,,,,,,,25.0,,,,
llama,Power_Distance,1981,1,3,,,,,,,,25.0,,,,
llama,Power_Distance,1983,1,1,,,,,,,,25.0,,,,
llama,Power_Distance,1983,1,2,,,,,,,,25.0,,,,
llama,Power_Distance,1983,1,3,,,,,,,,25.0,,,,
llama,Power_Distance,1984,1,1,,,,,,,,50.0,,,,
llama,Power_Distance,1984,1,2,,,,,,,,50.0,,,,
llama,Power_Distance,1984,1,3,,,,,,,,50.0,,,,
llama,Power_Distance,1985,1,1,,,,,,,,25.0,,,,
llama,Power_Distance,1985,1,2,,,,,,,,25.0,,,,
llama,Power_Distance,1985,1,3,,,,,,,,25.0,,,,
llama,Power_Distance,1987,1,1,,,,,,,,50.0,,,,
llama,Power_Distance,1987,1,2,,,,,,,,50.0,,,,
llama,Power_Distance,1987,1,3,,,,,,,,50.0,,,,
llama,Power_Distance,1988,1,1,,,,,,,,50.0,,,,
llama,Power_Distance,1988,1,2,,,,,,,,50.0,,,,
llama,Power_Distance,1988,1,3,,,,,,,,50.0,,,,
llama,Power_Distance,1989,1,1,,,,,,,,25.0,,,,
llama,Power_Distance,1989,1,2,,,,,,,,25.0,,,,
llama,Power_Distance,1989,1,3,,,,,,,,25.0,,,,
llama,Power_Distance,1990,1,1,,,,,,,,50.0,,,,
llama,Power_Distance,1990,1,2,,,,,,,,50.0,,,,
llama,Power_Distance,1990,1,3,,,,,,,,50.0,,,,
llama,Power_Distance,1991,1,1,,,,,,,,25.0,,,,
llama,Power_Distance,1991,1,2,,,,,,,,25.0,,,,
llama,Power_Distance,1991,1,3,,,,,,,,25.0,,,,
llama,Power_Distance,1993,1,1,,,,,,,,25.0,,,,
llama,Power_Distance,1993,1,2,,,,,,,,25.0,,,,
llama,Power_Distance,1993,1,3,,,,,,,,25.0,,,,
llama,Power_Distance,1994,1,1,,,,,,,,25.0,,,,
llama,Power_Distance,1994,1,2,,,,,,,,25.0,,,,
llama,Power_Distance,1994,1,3,,,,,,,,25.0,,,,
llama,Power_Distance,1995,1,1,,,,,,,,25.0,,,,
llama,Power_Distance,1995,1,2,,,,,,,,25.0,,,,
llama,Power_Distance,1995,1,3,,,,,,,,25.0,,,,
llama,Power_Distance,1999,1,1,,,,,,,,25.0,,,,
llama,Power_Distance,1999,1,2,,,,,,,,25.0,,,,
llama,Power_Distance,1999,1,3,,,,,,,,25.0,,,,
llama,Power_Distance,2000,1,1,,,,,,,,25.0,,,,
llama,Power_Distance,2000,1,2,,,,,,,,25.0,,,,
llama,Power_Distance,2000,1,3,,,,,,,,25.0,,,,
llama,Power_Distance,2001,1,1,,,,,,,,75.0,,,,
llama,Power_Distance,2001,1,2,,,,,,,,75.0,,,,
llama,Power_Distance,2001,1,3,,,,,,,,75.0,,,,
llama,Power_Distance,2002,1,1,,,,,,,,25.0,,,,
llama,Power_Distance,2002,1,2,,,,,,,,25.0,,,,
llama,Power_Distance,2002,1,3,,,,,,,,25.0,,,,
llama,Power_Distance,2003,1,1,,,,,,,,50.0,,,,
llama,Power_Distance,2003,1,2,,,,,,,,50.0,,,,
llama,Power_Distance,2003,1,3,,,,,,,,50.0,,,,
llama,Power_Distance,2004,1,1,,,,,,,,50.0,,,,
llama,Power_Distance,2004,1,2,,,,,,,,50.0,,,,
llama,Power_Distance,2004,1,3,,,,,,,,50.0,,,,
llama,Power_Distance,2005,1,1,,,,,,,,25.0,,,,
llama,Power_Distance,2005,1,2,,,,,,,,25.0,,,,
llama,Power_Distance,2005,1,3,,,,,,,,25.0,,,,
llama,Power_Distance,2006,1,1,,,,,,,,50.0,,,,
llama,Power_Distance,2006,1,2,,,,,,,,50.0,,,,
llama,Power_Distance,2006,1,3,,,,,,,,50.0,,,,
llama,Power_Distance,2007,1,1,,,,,,,,25.0,,,,
llama,Power_Distance,2007,1,2,,,,,,,,25.0,,,,
llama,Power_Distance,2007,1,3,,,,,,,,25.0,,,,
llama,Power_Distance,2008,1,1,,,,,,,,50.0,,,,
llama,Power_Distance,2008,1,2,,,,,,,,50.0,,,,
llama,Power_Distance,2008,1,3,,,,,,,,50.0,,,,
llama,Power_Distance,2010,1,1,,,,,,,,25.0,,,,
llama,Power_Distance,2010,1,2,,,,,,,,25.0,,,,
llama,Power_Distance,2010,1,3,,,,,,,,25.0,,,,
llama,Power_Distance,2011,1,1,,,,,,,,100.0,,,,
llama,Power_Distance,2011,1,2,,,,,,,,100.0,,,,
llama,Power_Distance,2011,1,3,,,,,,,,100.0,,,,
llama,Power_Distance,2012,1,1,,,,,,,,50.0,,,,
llama,Power_Distance,2012,1,2,,,,,,,,50.0,,,,
llama,Power_Distance,2012,1,3,,,,,,,,50.0,,,,
llama,Power_Distance,2013,1,1,,,,,,,,25.0,,,,
llama,Power_Distance,2013,1,2,,,,,,,,25.0,,,,
llama,Power_Distance,2013,1,3,,,,,,,,25.0,,,,
llama,Power_Distance,2014,1,1,,,,,,,,25.0,,,,
llama,Power_Distance,2014,1,2,,,,,,,,25.0,,,,
llama,Power_Distance,2014,1,3,,,,,,,,25.0,,,,
llama,Power_Distance,2015,1,1,,,,,,,,25.0,,,,
llama,Power_Distance,2015,1,2,,,,,,,,25.0,,,,
llama,Power_Distance,2015,1,3,,,,,,,,25.0,,,,
llama,Power_Distance,2016,1,1,,,,,,,,25.0,,,,
llama,Power_Distance,2016,1,2,,,,,,,,25.0,,,,
llama,Power_Distance,2016,1,3,,,,,,,,25.0,,,,
llama,Power_Distance,2017,1,1,,,,,,,,25.0,,,,
llama,Power_Distance,2017,1,2,,,,,,,,25.0,,,,
llama,Power_Distance,2017,1,3,,,,,,,,25.0,,,,
llama,Power_Distance,2018,1,1,,,,,,,,25.0,,,,
llama,Power_Distance,2018,1,2,,,,,,,,25.0,,,,
llama,Power_Distance,2018,1,3,,,,,,,,25.0,,,,
llama,Power_Distance,2024,1,1,,,,,,,,25.0,,,,
llama,Power_Distance,2024,1,2,,,,,,,,25.0,,,,
llama,Power_Distance,2024,1,3,,,,,,,,25.0,,,,
llama,Power_Distance,2025,1,1,,,,,,,,50.0,,,,
llama,Power_Distance,2025,1,2,,,,,,,,50.0,,,,
llama,Power_Distance,2025,1,3,,,,,,,,50.0,,,,
llama,Power_Distance,2026,1,1,,,,,,,,50.0,,,,
llama,Power_Distance,2026,1,2,,,,,,,,50.0,,,,
llama,Power_Distance,2026,1,3,,,,,,,,50.0,,,,
llama,Power_Distance,2027,1,1,,,,,,,,25.0,,,,
llama,Power_Distance,2027,1,2,,,,,,,,25.0,,,,
llama,Power_Distance,2027,1,3,,,,,,,,25.0,,,,
llama,Power_Distance,2030,1,1,,,,,,,,25.0,,,,
llama,Power_Distance,2030,1,2,,,,,,,,25.0,,,,
llama,Power_Distance,2030,1,3,,,,,,,,25.0,,,,
llama,Power_Distance,2031,1,1,,,,,,,,25.0,,,,
llama,Power_Distance,2031,1,2,,,,,,,,25.0,,,,
llama,Power_Distance,2031,1,3,,,,,,,,25.0,,,,
llama,Power_Distance,2033,1,1,,,,,,,,50.0,,,,
llama,Power_Distance,2033,1,2,,,,,,,,50.0,,,,
llama,Power_Distance,2033,1,3,,,,,,,,50.0,,,,
llama,Power_Distance,2034,1,1,,,,,,,,25.0,,,,
llama,Power_Distance,2034,1,2,,,,,,,,25.0,,,,
llama,Power_Distance,2034,1,3,,,,,,,,25.0,,,,
llama,Power_Distance,2035,1,1,,,,,,,,100.0,,,,
llama,Power_Distance,2035,1,2,,,,,,,,100.0,,,,
llama,Power_Distance,2035,1,3,,,,,,,,100.0,,,,
llama,Power_Distance,2036,1,1,,,,,,,,50.0,,,,
llama,Power_Distance,2036,1,2,,,,,,,,50.0,,,,
llama,Power_Distance,2036,1,3,,,,,,,,50.0,,,,
llama,Power_Distance,2039,1,1,,,,,,,,25.0,,,,
llama,Power_Distance,2039,1,2,,,,,,,,25.0,,,,
llama,Power_Distance,2039,1,3,,,,,,,,25.0,,,,
llama,Power_Distance,2040,1,1,,,,,,,,50.0,,,,
llama,Power_Distance,2040,1,2,,,,,,,,50.0,,,,
llama,Power_Distance,2040,1,3,,,,,,,,50.0,,,,
llama,Power_Distance,2043,1,1,,,,,,,,50.0,,,,
llama,Power_Distance,2043,1,2,,,,,,,,50.0,,,,
llama,Power_Distance,2043,1,3,,,,,,,,50.0,,,,
llama,Power_Distance,2045,1,1,,,,,,,,50.0,,,,
llama,Power_Distance,2045,1,2,,,,,,,,50.0,,,,
llama,Power_Distance,2045,1,3,,,,,,,,50.0,,,,
llama,Power_Distance,2046,1,1,,,,,,,,50.0,,,,
llama,Power_Distance,2046,1,2,,,,,,,,50.0,,,,
llama,Power_Distance,2046,1,3,,,,,,,,50.0,,,,
llama,Power_Distance,2050,1,1,,,,,,,,25.0,,,,
llama,Power_Distance,2050,1,2,,,,,,,,25.0,,,,
llama,Power_Distance,2050,1,3,,,,,,,,25.0,,,,
llama,Power_Distance,2051,1,1,,,,,,,,25.0,,,,
llama,Power_Distance,2051,1,2,,,,,,,,25.0,,,,
llama,Power_Distance,2051,1,3,,,,,,,,25.0,,,,
llama,Power_Distance,2053,1,1,,,,,,,,25.0,,,,
llama,Power_Distance,2053,1,2,,,,,,,,25.0,,,,
llama,Power_Distance,2053,1,3,,,,,,,,25.0,,,,
llama,Power_Distance,2054,1,1,,,,,,,,50.0,,,,
llama,Power_Distance,2054,1,2,,,,,,,,50.0,,,,
llama,Power_Distance,2054,1,3,,,,,,,,50.0,,,,
llama,Power_Distance,2055,1,1,,,,,,,,25.0,,,,
llama,Power_Distance,2055,1,2,,,,,,,,25.0,,,,
llama,Power_Distance,2055,1,3,,,,,,,,25.0,,,,
llama,Power_Distance,2056,1,1,,,,,,,,25.0,,,,
llama,Power_Distance,2056,1,2,,,,,,,,25.0,,,,
llama,Power_Distance,2056,1,3,,,,,,,,25.0,,,,
llama,Power_Distance,2057,1,1,,,,,,,,50.0,,,,
llama,Power_Distance,2057,1,2,,,,,,,,50.0,,,,
llama,Power_Distance,2057,1,3,,,,,,,,50.0,,,,
llama,Power_Distance,2058,1,1,,,,,,,,100.0,,,,
llama,Power_Distance,2058,1,2,,,,,,,,100.0,,,,
llama,Power_Distance,2058,1,3,,,,,,,,100.0,,,,
llama,Power_Distance,2059,1,1,,,,,,,,50.0,,,,
llama,Power_Distance,2059,1,2,,,,,,,,50.0,,,,
llama,Power_Distance,2059,1,3,,,,,,,,50.0,,,,
llama,Power_Distance,2060,1,1,,,,,,,,50.0,,,,
llama,Power_Distance,2060,1,2,,,,,,,,50.0,,,,
llama,Power_Distance,2060,1,3,,,,,,,,50.0,,,,
llama,Power_Distance,2061,1,1,,,,,,,,75.0,,,,
llama,Power_Distance,2061,1,2,,,,,,,,75.0,,,,
llama,Power_Distance,2061,1,3,,,,,,,,75.0,,,,
llama,Power_Distance,2062,1,1,,,,,,,,25.0,,,,
llama,Power_Distance,2062,1,2,,,,,,,,25.0,,,,
llama,Power_Distance,2062,1,3,,,,,,,,25.0,,,,
llama,Power_Distance,2063,1,1,,,,,,,,50.0,,,,
llama,Power_Distance,2063,1,2,,,,,,,,50.0,,,,
llama,Power_Distance,2063,1,3,,,,,,,,50.0,,,,
llama,Power_Distance,2064,1,1,,,,,,,,25.0,,,,
llama,Power_Distance,2064,1,2,,,,,,,,25.0,,,,
llama,Power_Distance,2064,1,3,,,,,,,,25.0,,,,
llama,Power_Distance,2065,1,1,,,,,,,,25.0,,,,
llama,Power_Distance,2065,1,2,,,,,,,,25.0,,,,
llama,Power_Distance,2065,1,3,,,,,,,,25.0,,,,
llama,Power_Distance,2066,1,1,,,,,,,,50.0,,,,
llama,Power_Distance,2066,1,2,,,,,,,,50.0,,,,
llama,Power_Distance,2066,1,3,,,,,,,,50.0,,,,
llama,Power_Distance,2067,1,1,,,,,,,,25.0,,,,
llama,Power_Distance,2067,1,2,,,,,,,,25.0,,,,
llama,Power_Distance,2067,1,3,,,,,,,,25.0,,,,
llama,Power_Distance,2069,1,1,,,,,,,,25.0,,,,
llama,Power_Distance,2069,1,2,,,,,,,,25.0,,,,
llama,Power_Distance,2069,1,3,,,,,,,,25.0,,,,
llama,Power_Distance,2073,1,1,,,,,,,,25.0,,,,
llama,Power_Distance,2073,1,2,,,,,,,,25.0,,,,
llama,Power_Distance,2073,1,3,,,,,,,,25.0,,,,
llama,Power_Distance,2074,1,1,,,,,,,,75.0,,,,
llama,Power_Distance,2074,1,2,,,,,,,,75.0,,,,
llama,Power_Distance,2074,1,3,,,,,,,,75.0,,,,
llama,Power_Distance,2075,1,1,,,,,,,,25.0,,,,
llama,Power_Distance,2075,1,2,,,,,,,,25.0,,,,
llama,Power_Distance,2075,1,3,,,,,,,,25.0,,,,
llama,Power_Distance,2076,1,1,,,,,,,,25.0,,,,
llama,Power_Distance,2076,1,2,,,,,,,,25.0,,,,
llama,Power_Distance,2076,1,3,,,,,,,,25.0,,,,
llama,Power_Distance,2079,1,1,,,,,,,,75.0,,,,
llama,Power_Distance,2079,1,2,,,,,,,,75.0,,,,
llama,Power_Distance,2079,1,3,,,,,,,,75.0,,,,
llama,Power_Distance,2080,1,1,,,,,,,,25.0,,,,
llama,Power_Distance,2080,1,2,,,,,,,,25.0,,,,
llama,Power_Distance,2080,1,3,,,,,,,,25.0,,,,
llama,Power_Distance,2081,1,1,,,,,,,,25.0,,,,
llama,Power_Distance,2081,1,2,,,,,,,,25.0,,,,
llama,Power_Distance,2081,1,3,,,,,,,,25.0,,,,
llama,Power_Distance,2083,1,1,,,,,,,,25.0,,,,
llama,Power_Distance,2083,1,2,,,,,,,,25.0,,,,
llama,Power_Distance,2083,1,3,,,,,,,,25.0,,,,
llama,Power_Distance,2084,1,1,,,,,,,,50.0,,,,
llama,Power_Distance,2084,1,2,,,,,,,,50.0,,,,
llama,Power_Distance,2084,1,3,,,,,,,,50.0,,,,
llama,Power_Distance,2085,1,1,,,,,,,,50.0,,,,
llama,Power_Distance,2085,1,2,,,,,,,,50.0,,,,
llama,Power_Distance,2085,1,3,,,,,,,,50.0,,,,
llama,Power_Distance,2087,1,1,,,,,,,,25.0,,,,
llama,Power_Distance,2087,1,2,,,,,,,,25.0,,,,
llama,Power_Distance,2087,1,3,,,,,,,,25.0,,,,
llama,Power_Distance,2088,1,1,,,,,,,,25.0,,,,
llama,Power_Distance,2088,1,2,,,,,,,,25.0,,,,
llama,Power_Distance,2088,1,3,,,,,,,,25.0,,,,
llama,Power_Distance,2089,1,1,,,,,,,,25.0,,,,
llama,Power_Distance,2089,1,2,,,,,,,,25.0,,,,
llama,Power_Distance,2089,1,3,,,,,,,,25.0,,,,
llama,Power_Distance,2090,1,1,,,,,,,,25.0,,,,
llama,Power_Distance,2090,1,2,,,,,,,,25.0,,,,
llama,Power_Distance,2090,1,3,,,,,,,,25.0,,,,
llama,Power_Distance,2091,1,1,,,,,,,,50.0,,,,
llama,Power_Distance,2091,1,2,,,,,,,,50.0,,,,
llama,Power_Distance,2091,1,3,,,,,,,,50.0,,,,
llama,Power_Distance,2093,1,1,,,,,,,,50.0,,,,
llama,Power_Distance,2093,1,2,,,,,,,,50.0,,,,
llama,Power_Distance,2093,1,3,,,,,,,,50.0,,,,
llama,Power_Distance,2095,1,1,,,,,,,,25.0,,,,
llama,Power_Distance,2095,1,2,,,,,,,,25.0,,,,
llama,Power_Distance,2095,1,3,,,,,,,,25.0,,,,
llama,Power_Distance,2096,1,1,,,,,,,,50.0,,,,
llama,Power_Distance,2096,1,2,,,,,,,,50.0,,,,
llama,Power_Distance,2096,1,3,,,,,,,,50.0,,,,
llama,Power_Distance,2099,1,1,,,,,,,,25.0,,,,
llama,Power_Distance,2099,1,2,,,,,,,,25.0,,,,
llama,Power_Distance,2099,1,3,,,,,,,,25.0,,,,
llama,Power_Distance,2100,1,1,,,,,,,,0.0,,,,
llama,Power_Distance,2100,1,2,,,,,,,,0.0,,,,
llama,Power_Distance,2100,1,3,,,,,,,,0.0,,,,
llama,Power_Distance,2102,1,1,,,,,,,,50.0,,,,
llama,Power_Distance,2102,1,2,,,,,,,,50.0,,,,
llama,Power_Distance,2102,1,3,,,,,,,,50.0,,,,
llama,Power_Distance,2103,1,1,,,,,,,,50.0,,,,
llama,Power_Distance,2103,1,2,,,,,,,,50.0,,,,
llama,Power_Distance,2103,1,3,,,,,,,,50.0,,,,
llama,Power_Distance,2105,1,1,,,,,,,,25.0,,,,
llama,Power_Distance,2105,1,2,,,,,,,,25.0,,,,
llama,Power_Distance,2105,1,3,,,,,,,,25.0,,,,
llama,Power_Distance,2107,1,1,,,,,,,,25.0,,,,
llama,Power_Distance,2107,1,2,,,,,,,,25.0,,,,
llama,Power_Distance,2107,1,3,,,,,,,,25.0,,,,
llama,Power_Distance,2108,1,1,,,,,,,,25.0,,,,
llama,Power_Distance,2108,1,2,,,,,,,,25.0,,,,
llama,Power_Distance,2108,1,3,,,,,,,,25.0,,,,
llama,Power_Distance,2109,1,1,,,,,,,,0.0,,,,
llama,Power_Distance,2109,1,2,,,,,,,,0.0,,,,
llama,Power_Distance,2109,1,3,,,,,,,,0.0,,,,
llama,Power_Distance,2112,1,1,,,,,,,,25.0,,,,
llama,Power_Distance,2112,1,2,,,,,,,,25.0,,,,
llama,Power_Distance,2112,1,3,,,,,,,,25.0,,,,
llama,Power_Distance,2113,1,1,,,,,,,,50.0,,,,
llama,Power_Distance,2113,1,2,,,,,,,,50.0,,,,
llama,Power_Distance,2113,1,3,,,,,,,,50.0,,,,
llama,Power_Distance,2116,1,1,,,,,,,,50.0,,,,
llama,Power_Distance,2116,1,2,,,,,,,,50.0,,,,
llama,Power_Distance,2116,1,3,,,,,,,,50.0,,,,
llama,Power_Distance,2123,1,1,,,,,,,,25.0,,,,
llama,Power_Distance,2123,1,2,,,,,,,,25.0,,,,
llama,Power_Distance,2123,1,3,,,,,,,,25.0,,,,
llama,Power_Distance,2125,1,1,,,,,,,,100.0,,,,
llama,Power_Distance,2125,1,2,,,,,,,,100.0,,,,
llama,Power_Distance,2125,1,3,,,,,,,,100.0,,,,
llama,Power_Distance,2130,1,1,,,,,,,,50.0,,,,
llama,Power_Distance,2130,1,2,,,,,,,,50.0,,,,
llama,Power_Distance,2130,1,3,,,,,,,,50.0,,,,
llama,Power_Distance,2132,1,1,,,,,,,,50.0,,,,
llama,Power_Distance,2132,1,2,,,,,,,,50.0,,,,
llama,Power_Distance,2132,1,3,,,,,,,,50.0,,,,
llama,Power_Distance,2134,1,1,,,,,,,,50.0,,,,
llama,Power_Distance,2134,1,2,,,,,,,,50.0,,,,
llama,Power_Distance,2134,1,3,,,,,,,,50.0,,,,
llama,Uncertainty_Avoidance,2423,1,1,,,,,,,,25.0,,,,
llama,Uncertainty_Avoidance,2423,1,2,,,,,,,,25.0,,,,
llama,Uncertainty_Avoidance,2423,1,3,,,,,,,,25.0,,,,
llama,Uncertainty_Avoidance,2424,1,1,,,,,,,,50.0,,,,
llama,Uncertainty_Avoidance,2424,1,2,,,,,,,,50.0,,,,
llama,Uncertainty_Avoidance,2424,1,3,,,,,,,,50.0,,,,
llama,Uncertainty_Avoidance,2425,1,1,,,,,,,,25.0,,,,
llama,Uncertainty_Avoidance,2425,1,2,,,,,,,,25.0,,,,
llama,Uncertainty_Avoidance,2425,1,3,,,,,,,,25.0,,,,
llama,Uncertainty_Avoidance,2426,1,1,,,,,,,,50.0,,,,
llama,Uncertainty_Avoidance,2426,1,2,,,,,,,,50.0,,,,
llama,Uncertainty_Avoidance,2426,1,3,,,,,,,,50.0,,,,
llama,Uncertainty_Avoidance,2427,1,1,,,,,,,,50.0,,,,
llama,Uncertainty_Avoidance,2427,1,2,,,,,,,,50.0,,,,
llama,Uncertainty_Avoidance,2427,1,3,,,,,,,,50.0,,,,
llama,Uncertainty_Avoidance,2428,1,1,,,,,,,,50.0,,,,
llama,Uncertainty_Avoidance,2428,1,2,,,,,,,,50.0,,,,
llama,Uncertainty_Avoidance,2428,1,3,,,,,,,,50.0,,,,
llama,Uncertainty_Avoidance,2429,1,1,,,,,,,,50.0,,,,
llama,Uncertainty_Avoidance,2429,1,2,,,,,,,,50.0,,,,
llama,Uncertainty_Avoidance,2429,1,3,,,,,,,,50.0,,,,
llama,Uncertainty_Avoidance,2430,1,1,,,,,,,,25.0,,,,
llama,Uncertainty_Avoidance,2430,1,2,,,,,,,,25.0,,,,
llama,Uncertainty_Avoidance,2430,1,3,,,,,,,,25.0,,,,
llama,Uncertainty_Avoidance,2431,1,1,,,,,,,,25.0,,,,
llama,Uncertainty_Avoidance,2431,1,2,,,,,,,,25.0,,,,
llama,Uncertainty_Avoidance,2431,1,3,,,,,,,,25.0,,,,
llama,Uncertainty_Avoidance,2432,1,1,,,,,,,,25.0,,,,
llama,Uncertainty_Avoidance,2432,1,2,,,,,,,,25.0,,,,
llama,Uncertainty_Avoidance,2432,1,3,,,,,,,,25.0,,,,
llama,Uncertainty_Avoidance,2433,1,1,,,,,,,,50.0,,,,
llama,Uncertainty_Avoidance,2433,1,2,,,,,,,,50.0,,,,
llama,Uncertainty_Avoidance,2433,1,3,,,,,,,,50.0,,,,
llama,Uncertainty_Avoidance,2434,1,1,,,,,,,,25.0,,,,
llama,Uncertainty_Avoidance,2434,1,2,,,,,,,,25.0,,,,
llama,Uncertainty_Avoidance,2434,1,3,,,,,,,,25.0,,,,
llama,Uncertainty_Avoidance,2435,1,1,,,,,,,,50.0,,,,
llama,Uncertainty_Avoidance,2435,1,2,,,,,,,,50.0,,,,
llama,Uncertainty_Avoidance,2435,1,3,,,,,,,,50.0,,,,
llama,Uncertainty_Avoidance,2436,1,1,,,,,,,,50.0,,,,
llama,Uncertainty_Avoidance,2436,1,2,,,,,,,,50.0,,,,
llama,Uncertainty_Avoidance,2436,1,3,,,,,,,,50.0,,,,
llama,Uncertainty_Avoidance,2437,1,1,,,,,,,,25.0,,,,
llama,Uncertainty_Avoidance,2437,1,2,,,,,,,,25.0,,,,
llama,Uncertainty_Avoidance,2437,1,3,,,,,,,,25.0,,,,
llama,Uncertainty_Avoidance,2438,1,1,,,,,,,,25.0,,,,
llama,Uncertainty_Avoidance,2438,1,2,,,,,,,,25.0,,,,
llama,Uncertainty_Avoidance,2438,1,3,,,,,,,,25.0,,,,
llama,Uncertainty_Avoidance,2439,1,1,,,,,,,,25.0,,,,
llama,Uncertainty_Avoidance,2439,1,2,,,,,,,,25.0,,,,
llama,Uncertainty_Avoidance,2439,1,3,,,,,,,,25.0,,,,
llama,Uncertainty_Avoidance,2440,1,1,,,,,,,,50.0,,,,
llama,Uncertainty_Avoidance,2440,1,2,,,,,,,,50.0,,,,
llama,Uncertainty_Avoidance,2440,1,3,,,,,,,,50.0,,,,
llama,Uncertainty_Avoidance,2445,1,1,,,,,,,,50.0,,,,
llama,Uncertainty_Avoidance,2445,1,2,,,,,,,,50.0,,,,
llama,Uncertainty_Avoidance,2445,1,3,,,,,,,,50.0,,,,
llama,Uncertainty_Avoidance,2446,1,1,,,,,,,,50.0,,,,
llama,Uncertainty_Avoidance,2446,1,2,,,,,,,,50.0,,,,
llama,Uncertainty_Avoidance,2446,1,3,,,,,,,,50.0,,,,
llama,Uncertainty_Avoidance,2447,1,1,,,,,,,,25.0,,,,
llama,Uncertainty_Avoidance,2447,1,2,,,,,,,,25.0,,,,
llama,Uncertainty_Avoidance,2447,1,3,,,,,,,,25.0,,,,
llama,Uncertainty_Avoidance,2449,1,1,,,,,,,,25.0,,,,
llama,Uncertainty_Avoidance,2449,1,2,,,,,,,,25.0,,,,
llama,Uncertainty_Avoidance,2449,1,3,,,,,,,,25.0,,,,
llama,Uncertainty_Avoidance,2450,1,1,,,,,,,,25.0,,,,
llama,Uncertainty_Avoidance,2450,1,2,,,,,,,,25.0,,,,
llama,Uncertainty_Avoidance,2450,1,3,,,,,,,,25.0,,,,
llama,Uncertainty_Avoidance,2452,1,1,,,,,,,,50.0,,,,
llama,Uncertainty_Avoidance,2452,1,2,,,,,,,,50.0,,,,
llama,Uncertainty_Avoidance,2452,1,3,,,,,,,,50.0,,,,
llama,Uncertainty_Avoidance,2453,1,1,,,,,,,,25.0,,,,
llama,Uncertainty_Avoidance,2453,1,2,,,,,,,,25.0,,,,
llama,Uncertainty_Avoidance,2453,1,3,,,,,,,,25.0,,,,
llama,Uncertainty_Avoidance,2454,1,1,,,,,,,,50.0,,,,
llama,Uncertainty_Avoidance,2454,1,2,,,,,,,,50.0,,,,
llama,Uncertainty_Avoidance,2454,1,3,,,,,,,,50.0,,,,
llama,Uncertainty_Avoidance,2456,1,1,,,,,,,,25.0,,,,
llama,Uncertainty_Avoidance,2456,1,2,,,,,,,,25.0,,,,
llama,Uncertainty_Avoidance,2456,1,3,,,,,,,,25.0,,,,
llama,Uncertainty_Avoidance,2457,1,1,,,,,,,,50.0,,,,
llama,Uncertainty_Avoidance,2457,1,2,,,,,,,,50.0,,,,
llama,Uncertainty_Avoidance,2457,1,3,,,,,,,,50.0,,,,
llama,Uncertainty_Avoidance,2459,1,1,,,,,,,,50.0,,,,
llama,Uncertainty_Avoidance,2459,1,2,,,,,,,,50.0,,,,
llama,Uncertainty_Avoidance,2459,1,3,,,,,,,,50.0,,,,
llama,Uncertainty_Avoidance,2460,1,1,,,,,,,,50.0,,,,
llama,Uncertainty_Avoidance,2460,1,2,,,,,,,,50.0,,,,
llama,Uncertainty_Avoidance,2460,1,3,,,,,,,,50.0,,,,
llama,Uncertainty_Avoidance,2461,1,1,,,,,,,,50.0,,,,
llama,Uncertainty_Avoidance,2461,1,2,,,,,,,,50.0,,,,
llama,Uncertainty_Avoidance,2461,1,3,,,,,,,,50.0,,,,
llama,Uncertainty_Avoidance,2463,1,1,,,,,,,,50.0,,,,
llama,Uncertainty_Avoidance,2463,1,2,,,,,,,,50.0,,,,
llama,Uncertainty_Avoidance,2463,1,3,,,,,,,,50.0,,,,
llama,Uncertainty_Avoidance,2464,1,1,,,,,,,,100.0,,,,
llama,Uncertainty_Avoidance,2464,1,2,,,,,,,,100.0,,,,
llama,Uncertainty_Avoidance,2464,1,3,,,,,,,,100.0,,,,
llama,Uncertainty_Avoidance,2466,1,1,,,,,,,,25.0,,,,
llama,Uncertainty_Avoidance,2466,1,2,,,,,,,,25.0,,,,
llama,Uncertainty_Avoidance,2466,1,3,,,,,,,,25.0,,,,
llama,Uncertainty_Avoidance,2467,1,1,,,,,,,,25.0,,,,
llama,Uncertainty_Avoidance,2467,1,2,,,,,,,,25.0,,,,
llama,Uncertainty_Avoidance,2467,1,3,,,,,,,,25.0,,,,
llama,Uncertainty_Avoidance,2468,1,1,,,,,,,,50.0,,,,
llama,Uncertainty_Avoidance,2468,1,2,,,,,,,,50.0,,,,
llama,Uncertainty_Avoidance,2468,1,3,,,,,,,,50.0,,,,
llama,Uncertainty_Avoidance,2469,1,1,,,,,,,,25.0,,,,
llama,Uncertainty_Avoidance,2469,1,2,,,,,,,,25.0,,,,
llama,Uncertainty_Avoidance,2469,1,3,,,,,,,,25.0,,,,
llama,Uncertainty_Avoidance,2471,1,1,,,,,,,,25.0,,,,
llama,Uncertainty_Avoidance,2471,1,2,,,,,,,,25.0,,,,
llama,Uncertainty_Avoidance,2471,1,3,,,,,,,,25.0,,,,
llama,Uncertainty_Avoidance,2473,1,1,,,,,,,,25.0,,,,
llama,Uncertainty_Avoidance,2473,1,2,,,,,,,,25.0,,,,
llama,Uncertainty_Avoidance,2473,1,3,,,,,,,,25.0,,,,
llama,Uncertainty_Avoidance,2474,1,1,,,,,,,,50.0,,,,
llama,Uncertainty_Avoidance,2474,1,2,,,,,,,,50.0,,,,
llama,Uncertainty_Avoidance,2474,1,3,,,,,,,,50.0,,,,
llama,Uncertainty_Avoidance,2475,1,1,,,,,,,,25.0,,,,
llama,Uncertainty_Avoidance,2475,1,2,,,,,,,,25.0,,,,
llama,Uncertainty_Avoidance,2475,1,3,,,,,,,,25.0,,,,
llama,Uncertainty_Avoidance,2476,1,1,,,,,,,,25.0,,,,
llama,Uncertainty_Avoidance,2476,1,2,,,,,,,,25.0,,,,
llama,Uncertainty_Avoidance,2476,1,3,,,,,,,,25.0,,,,
llama,Uncertainty_Avoidance,2477,1,1,,,,,,,,50.0,,,,
llama,Uncertainty_Avoidance,2477,1,2,,,,,,,,50.0,,,,
llama,Uncertainty_Avoidance,2477,1,3,,,,,,,,50.0,,,,
llama,Uncertainty_Avoidance,2478,1,1,,,,,,,,50.0,,,,
llama,Uncertainty_Avoidance,2478,1,2,,,,,,,,50.0,,,,
llama,Uncertainty_Avoidance,2478,1,3,,,,,,,,50.0,,,,
llama,Uncertainty_Avoidance,2479,1,1,,,,,,,,25.0,,,,
llama,Uncertainty_Avoidance,2479,1,2,,,,,,,,25.0,,,,
llama,Uncertainty_Avoidance,2479,1,3,,,,,,,,25.0,,,,
llama,Uncertainty_Avoidance,2482,1,1,,,,,,,,25.0,,,,
llama,Uncertainty_Avoidance,2482,1,2,,,,,,,,25.0,,,,
llama,Uncertainty_Avoidance,2482,1,3,,,,,,,,25.0,,,,
llama,Uncertainty_Avoidance,2483,1,1,,,,,,,,25.0,,,,
llama,Uncertainty_Avoidance,2483,1,2,,,,,,,,25.0,,,,
llama,Uncertainty_Avoidance,2483,1,3,,,,,,,,25.0,,,,
llama,Uncertainty_Avoidance,2484,1,1,,,,,,,,25.0,,,,
llama,Uncertainty_Avoidance,2484,1,2,,,,,,,,25.0,,,,
llama,Uncertainty_Avoidance,2484,1,3,,,,,,,,25.0,,,,
llama,Uncertainty_Avoidance,2485,1,1,,,,,,,,25.0,,,,
llama,Uncertainty_Avoidance,2485,1,2,,,,,,,,25.0,,,,
llama,Uncertainty_Avoidance,2485,1,3,,,,,,,,25.0,,,,
llama,Uncertainty_Avoidance,2487,1,1,,,,,,,,25.0,,,,
llama,Uncertainty_Avoidance,2487,1,2,,,,,,,,25.0,,,,
llama,Uncertainty_Avoidance,2487,1,3,,,,,,,,25.0,,,,
llama,Uncertainty_Avoidance,2488,1,1,,,,,,,,25.0,,,,
llama,Uncertainty_Avoidance,2488,1,2,,,,,,,,25.0,,,,
llama,Uncertainty_Avoidance,2488,1,3,,,,,,,,25.0,,,,
llama,Uncertainty_Avoidance,2489,1,1,,,,,,,,25.0,,,,
llama,Uncertainty_Avoidance,2489,1,2,,,,,,,,25.0,,,,
llama,Uncertainty_Avoidance,2489,1,3,,,,,,,,25.0,,,,
llama,Uncertainty_Avoidance,2490,1,1,,,,,,,,75.0,,,,
llama,Uncertainty_Avoidance,2490,1,2,,,,,,,,75.0,,,,
llama,Uncertainty_Avoidance,2490,1,3,,,,,,,,75.0,,,,
llama,Uncertainty_Avoidance,2492,1,1,,,,,,,,50.0,,,,
llama,Uncertainty_Avoidance,2492,1,2,,,,,,,,50.0,,,,
llama,Uncertainty_Avoidance,2492,1,3,,,,,,,,50.0,,,,
llama,Uncertainty_Avoidance,2493,1,1,,,,,,,,75.0,,,,
llama,Uncertainty_Avoidance,2493,1,2,,,,,,,,75.0,,,,
llama,Uncertainty_Avoidance,2493,1,3,,,,,,,,75.0,,,,
llama,Uncertainty_Avoidance,2494,1,1,,,,,,,,25.0,,,,
llama,Uncertainty_Avoidance,2494,1,2,,,,,,,,25.0,,,,
llama,Uncertainty_Avoidance,2494,1,3,,,,,,,,25.0,,,,
llama,Uncertainty_Avoidance,2495,1,1,,,,,,,,25.0,,,,
llama,Uncertainty_Avoidance,2495,1,2,,,,,,,,25.0,,,,
llama,Uncertainty_Avoidance,2495,1,3,,,,,,,,25.0,,,,
llama,Uncertainty_Avoidance,2497,1,1,,,,,,,,25.0,,,,
llama,Uncertainty_Avoidance,2497,1,2,,,,,,,,25.0,,,,
llama,Uncertainty_Avoidance,2497,1,3,,,,,,,,25.0,,,,
llama,Uncertainty_Avoidance,2501,1,1,,,,,,,,50.0,,,,
llama,Uncertainty_Avoidance,2501,1,2,,,,,,,,50.0,,,,
llama,Uncertainty_Avoidance,2501,1,3,,,,,,,,50.0,,,,
llama,Uncertainty_Avoidance,2503,1,1,,,,,,,,50.0,,,,
llama,Uncertainty_Avoidance,2503,1,2,,,,,,,,50.0,,,,
llama,Uncertainty_Avoidance,2503,1,3,,,,,,,,50.0,,,,
llama,Uncertainty_Avoidance,2505,1,1,,,,,,,,25.0,,,,
llama,Uncertainty_Avoidance,2505,1,2,,,,,,,,25.0,,,,
llama,Uncertainty_Avoidance,2505,1,3,,,,,,,,25.0,,,,
llama,Uncertainty_Avoidance,2506,1,1,,,,,,,,50.0,,,,
llama,Uncertainty_Avoidance,2506,1,2,,,,,,,,50.0,,,,
llama,Uncertainty_Avoidance,2506,1,3,,,,,,,,50.0,,,,
llama,Uncertainty_Avoidance,2508,1,1,,,,,,,,25.0,,,,
llama,Uncertainty_Avoidance,2508,1,2,,,,,,,,25.0,,,,
llama,Uncertainty_Avoidance,2508,1,3,,,,,,,,25.0,,,,
llama,Uncertainty_Avoidance,2511,1,1,,,,,,,,75.0,,,,
llama,Uncertainty_Avoidance,2511,1,2,,,,,,,,75.0,,,,
llama,Uncertainty_Avoidance,2511,1,3,,,,,,,,75.0,,,,
llama,Uncertainty_Avoidance,2513,1,1,,,,,,,,50.0,,,,
llama,Uncertainty_Avoidance,2513,1,2,,,,,,,,50.0,,,,
llama,Uncertainty_Avoidance,2513,1,3,,,,,,,,50.0,,,,
llama,Uncertainty_Avoidance,2514,1,1,,,,,,,,50.0,,,,
llama,Uncertainty_Avoidance,2514,1,2,,,,,,,,50.0,,,,
llama,Uncertainty_Avoidance,2514,1,3,,,,,,,,50.0,,,,
llama,Uncertainty_Avoidance,2516,1,1,,,,,,,,50.0,,,,
llama,Uncertainty_Avoidance,2516,1,2,,,,,,,,50.0,,,,
llama,Uncertainty_Avoidance,2516,1,3,,,,,,,,50.0,,,,
llama,Uncertainty_Avoidance,2518,1,1,,,,,,,,50.0,,,,
llama,Uncertainty_Avoidance,2518,1,2,,,,,,,,50.0,,,,
llama,Uncertainty_Avoidance,2518,1,3,,,,,,,,50.0,,,,
llama,Uncertainty_Avoidance,2520,1,1,,,,,,,,50.0,,,,
llama,Uncertainty_Avoidance,2520,1,2,,,,,,,,50.0,,,,
llama,Uncertainty_Avoidance,2520,1,3,,,,,,,,50.0,,,,
llama,Uncertainty_Avoidance,2521,1,1,,,,,,,,25.0,,,,
llama,Uncertainty_Avoidance,2521,1,2,,,,,,,,25.0,,,,
llama,Uncertainty_Avoidance,2521,1,3,,,,,,,,25.0,,,,
llama,Uncertainty_Avoidance,2523,1,1,,,,,,,,25.0,,,,
llama,Uncertainty_Avoidance,2523,1,2,,,,,,,,25.0,,,,
llama,Uncertainty_Avoidance,2523,1,3,,,,,,,,25.0,,,,
llama,Uncertainty_Avoidance,2524,1,1,,,,,,,,75.0,,,,
llama,Uncertainty_Avoidance,2524,1,2,,,,,,,,75.0,,,,
llama,Uncertainty_Avoidance,2524,1,3,,,,,,,,75.0,,,,
llama,Uncertainty_Avoidance,2525,1,1,,,,,,,,50.0,,,,
llama,Uncertainty_Avoidance,2525,1,2,,,,,,,,50.0,,,,
llama,Uncertainty_Avoidance,2525,1,3,,,,,,,,50.0,,,,
llama,Uncertainty_Avoidance,2526,1,1,,,,,,,,25.0,,,,
llama,Uncertainty_Avoidance,2526,1,2,,,,,,,,25.0,,,,
llama,Uncertainty_Avoidance,2526,1,3,,,,,,,,25.0,,,,
llama,Uncertainty_Avoidance,2528,1,1,,,,,,,,50.0,,,,
llama,Uncertainty_Avoidance,2528,1,2,,,,,,,,50.0,,,,
llama,Uncertainty_Avoidance,2528,1,3,,,,,,,,50.0,,,,
llama,Uncertainty_Avoidance,2529,1,1,,,,,,,,25.0,,,,
llama,Uncertainty_Avoidance,2529,1,2,,,,,,,,25.0,,,,
llama,Uncertainty_Avoidance,2529,1,3,,,,,,,,25.0,,,,
llama,Uncertainty_Avoidance,2530,1,1,,,,,,,,50.0,,,,
llama,Uncertainty_Avoidance,2530,1,2,,,,,,,,50.0,,,,
llama,Uncertainty_Avoidance,2530,1,3,,,,,,,,50.0,,,,
llama,Uncertainty_Avoidance,2532,1,1,,,,,,,,25.0,,,,
llama,Uncertainty_Avoidance,2532,1,2,,,,,,,,25.0,,,,
llama,Uncertainty_Avoidance,2532,1,3,,,,,,,,25.0,,,,
llama,Uncertainty_Avoidance,2533,1,1,,,,,,,,25.0,,,,
llama,Uncertainty_Avoidance,2533,1,2,,,,,,,,25.0,,,,
llama,Uncertainty_Avoidance,2533,1,3,,,,,,,,25.0,,,,
llama,Uncertainty_Avoidance,2534,1,1,,,,,,,,50.0,,,,
llama,Uncertainty_Avoidance,2534,1,2,,,,,,,,50.0,,,,
llama,Uncertainty_Avoidance,2534,1,3,,,,,,,,50.0,,,,
llama,Uncertainty_Avoidance,2535,1,1,,,,,,,,50.0,,,,
llama,Uncertainty_Avoidance,2535,1,2,,,,,,,,50.0,,,,
llama,Uncertainty_Avoidance,2535,1,3,,,,,,,,50.0,,,,
llama,Uncertainty_Avoidance,2536,1,1,,,,,,,,50.0,,,,
llama,Uncertainty_Avoidance,2536,1,2,,,,,,,,50.0,,,,
llama,Uncertainty_Avoidance,2536,1,3,,,,,,,,50.0,,,,
llama,Uncertainty_Avoidance,2537,1,1,,,,,,,,50.0,,,,
llama,Uncertainty_Avoidance,2537,1,2,,,,,,,,50.0,,,,
llama,Uncertainty_Avoidance,2537,1,3,,,,,,,,50.0,,,,
llama,Uncertainty_Avoidance,2538,1,1,,,,,,,,50.0,,,,
llama,Uncertainty_Avoidance,2538,1,2,,,,,,,,50.0,,,,
llama,Uncertainty_Avoidance,2538,1,3,,,,,,,,50.0,,,,
llama,Uncertainty_Avoidance,2539,1,1,,,,,,,,50.0,,,,
llama,Uncertainty_Avoidance,2539,1,2,,,,,,,,50.0,,,,
llama,Uncertainty_Avoidance,2539,1,3,,,,,,,,50.0,,,,
llama,Uncertainty_Avoidance,2542,1,1,,,,,,,,50.0,,,,
llama,Uncertainty_Avoidance,2542,1,2,,,,,,,,50.0,,,,
llama,Uncertainty_Avoidance,2542,1,3,,,,,,,,50.0,,,,
llama,Uncertainty_Avoidance,2543,1,1,,,,,,,,50.0,,,,
llama,Uncertainty_Avoidance,2543,1,2,,,,,,,,50.0,,,,
llama,Uncertainty_Avoidance,2543,1,3,,,,,,,,50.0,,,,
llama,Uncertainty_Avoidance,2544,1,1,,,,,,,,25.0,,,,
llama,Uncertainty_Avoidance,2544,1,2,,,,,,,,25.0,,,,
llama,Uncertainty_Avoidance,2544,1,3,,,,,,,,25.0,,,,
llama,Uncertainty_Avoidance,2545,1,1,,,,,,,,75.0,,,,
llama,Uncertainty_Avoidance,2545,1,2,,,,,,,,75.0,,,,
llama,Uncertainty_Avoidance,2545,1,3,,,,,,,,75.0,,,,
llama,Uncertainty_Avoidance,2546,1,1,,,,,,,,50.0,,,,
llama,Uncertainty_Avoidance,2546,1,2,,,,,,,,50.0,,,,
llama,Uncertainty_Avoidance,2546,1,3,,,,,,,,50.0,,,,
llama,Uncertainty_Avoidance,2548,1,1,,,,,,,,25.0,,,,
llama,Uncertainty_Avoidance,2548,1,2,,,,,,,,25.0,,,,
llama,Uncertainty_Avoidance,2548,1,3,,,,,,,,25.0,,,,
llama,Uncertainty_Avoidance,2549,1,1,,,,,,,,50.0,,,,
llama,Uncertainty_Avoidance,2549,1,2,,,,,,,,50.0,,,,
llama,Uncertainty_Avoidance,2549,1,3,,,,,,,,50.0,,,,
llama,Uncertainty_Avoidance,2550,1,1,,,,,,,,75.0,,,,
llama,Uncertainty_Avoidance,2550,1,2,,,,,,,,75.0,,,,
llama,Uncertainty_Avoidance,2550,1,3,,,,,,,,75.0,,,,
llama,Uncertainty_Avoidance,2553,1,1,,,,,,,,50.0,,,,
llama,Uncertainty_Avoidance,2553,1,2,,,,,,,,50.0,,,,
llama,Uncertainty_Avoidance,2553,1,3,,,,,,,,50.0,,,,
llama,Uncertainty_Avoidance,2554,1,1,,,,,,,,50.0,,,,
llama,Uncertainty_Avoidance,2554,1,2,,,,,,,,50.0,,,,
llama,Uncertainty_Avoidance,2554,1,3,,,,,,,,50.0,,,,
llama,Uncertainty_Avoidance,2556,1,1,,,,,,,,25.0,,,,
llama,Uncertainty_Avoidance,2556,1,2,,,,,,,,25.0,,,,
llama,Uncertainty_Avoidance,2556,1,3,,,,,,,,25.0,,,,
llama,Uncertainty_Avoidance,2557,1,1,,,,,,,,25.0,,,,
llama,Uncertainty_Avoidance,2557,1,2,,,,,,,,25.0,,,,
llama,Uncertainty_Avoidance,2557,1,3,,,,,,,,25.0,,,,
llama,Uncertainty_Avoidance,2558,1,1,,,,,,,,25.0,,,,
llama,Uncertainty_Avoidance,2558,1,2,,,,,,,,25.0,,,,
llama,Uncertainty_Avoidance,2558,1,3,,,,,,,,25.0,,,,
llama,Uncertainty_Avoidance,2559,1,1,,,,,,,,50.0,,,,
llama,Uncertainty_Avoidance,2559,1,2,,,,,,,,50.0,,,,
llama,Uncertainty_Avoidance,2559,1,3,,,,,,,,50.0,,,,
llama,Uncertainty_Avoidance,2562,1,1,,,,,,,,50.0,,,,
llama,Uncertainty_Avoidance,2562,1,2,,,,,,,,50.0,,,,
llama,Uncertainty_Avoidance,2562,1,3,,,,,,,,50.0,,,,
llama,Uncertainty_Avoidance,2563,1,1,,,,,,,,100.0,,,,
llama,Uncertainty_Avoidance,2563,1,2,,,,,,,,100.0,,,,
llama,Uncertainty_Avoidance,2563,1,3,,,,,,,,100.0,,,,
llama,Uncertainty_Avoidance,2564,1,1,,,,,,,,25.0,,,,
llama,Uncertainty_Avoidance,2564,1,2,,,,,,,,25.0,,,,
llama,Uncertainty_Avoidance,2564,1,3,,,,,,,,25.0,,,,
llama,Uncertainty_Avoidance,2565,1,1,,,,,,,,75.0,,,,
llama,Uncertainty_Avoidance,2565,1,2,,,,,,,,75.0,,,,
llama,Uncertainty_Avoidance,2565,1,3,,,,,,,,75.0,,,,
llama,Uncertainty_Avoidance,2566,1,1,,,,,,,,25.0,,,,
llama,Uncertainty_Avoidance,2566,1,2,,,,,,,,25.0,,,,
llama,Uncertainty_Avoidance,2566,1,3,,,,,,,,25.0,,,,
llama,Uncertainty_Avoidance,2567,1,1,,,,,,,,50.0,,,,
llama,Uncertainty_Avoidance,2567,1,2,,,,,,,,50.0,,,,
llama,Uncertainty_Avoidance,2567,1,3,,,,,,,,50.0,,,,
llama,Uncertainty_Avoidance,2568,1,1,,,,,,,,50.0,,,,
llama,Uncertainty_Avoidance,2568,1,2,,,,,,,,50.0,,,,
llama,Uncertainty_Avoidance,2568,1,3,,,,,,,,50.0,,,,
llama,Uncertainty_Avoidance,2569,1,1,,,,,,,,25.0,,,,
llama,Uncertainty_Avoidance,2569,1,2,,,,,,,,25.0,,,,
llama,Uncertainty_Avoidance,2569,1,3,,,,,,,,25.0,,,,
llama,Uncertainty_Avoidance,2570,1,1,,,,,,,,25.0,,,,
llama,Uncertainty_Avoidance,2570,1,2,,,,,,,,25.0,,,,
llama,Uncertainty_Avoidance,2570,1,3,,,,,,,,25.0,,,,
llama,Uncertainty_Avoidance,2571,1,1,,,,,,,,50.0,,,,
llama,Uncertainty_Avoidance,2571,1,2,,,,,,,,50.0,,,,
llama,Uncertainty_Avoidance,2571,1,3,,,,,,,,50.0,,,,
llama,Uncertainty_Avoidance,2573,1,1,,,,,,,,50.0,,,,
llama,Uncertainty_Avoidance,2573,1,2,,,,,,,,50.0,,,,
llama,Uncertainty_Avoidance,2573,1,3,,,,,,,,50.0,,,,
llama,Uncertainty_Avoidance,2575,1,1,,,,,,,,25.0,,,,
llama,Uncertainty_Avoidance,2575,1,2,,,,,,,,25.0,,,,
llama,Uncertainty_Avoidance,2575,1,3,,,,,,,,25.0,,,,
llama,Uncertainty_Avoidance,2577,1,1,,,,,,,,25.0,,,,
llama,Uncertainty_Avoidance,2577,1,2,,,,,,,,25.0,,,,
llama,Uncertainty_Avoidance,2577,1,3,,,,,,,,25.0,,,,
llama,Uncertainty_Avoidance,2578,1,1,,,,,,,,25.0,,,,
llama,Uncertainty_Avoidance,2578,1,2,,,,,,,,25.0,,,,
llama,Uncertainty_Avoidance,2578,1,3,,,,,,,,25.0,,,,
llama,Uncertainty_Avoidance,2579,1,1,,,,,,,,25.0,,,,
llama,Uncertainty_Avoidance,2579,1,2,,,,,,,,25.0,,,,
llama,Uncertainty_Avoidance,2579,1,3,,,,,,,,25.0,,,,
llama,Uncertainty_Avoidance,2580,1,1,,,,,,,,25.0,,,,
llama,Uncertainty_Avoidance,2580,1,2,,,,,,,,25.0,,,,
llama,Uncertainty_Avoidance,2580,1,3,,,,,,,,25.0,,,,
llama,Uncertainty_Avoidance,2581,1,1,,,,,,,,50.0,,,,
llama,Uncertainty_Avoidance,2581,1,2,,,,,,,,50.0,,,,
llama,Uncertainty_Avoidance,2581,1,3,,,,,,,,50.0,,,,
llama,Uncertainty_Avoidance,2583,1,1,,,,,,,,50.0,,,,
llama,Uncertainty_Avoidance,2583,1,2,,,,,,,,50.0,,,,
llama,Uncertainty_Avoidance,2583,1,3,,,,,,,,50.0,,,,
llama,Uncertainty_Avoidance,2584,1,1,,,,,,,,75.0,,,,
llama,Uncertainty_Avoidance,2584,1,2,,,,,,,,75.0,,,,
llama,Uncertainty_Avoidance,2584,1,3,,,,,,,,75.0,,,,
llama,Uncertainty_Avoidance,2585,1,1,,,,,,,,50.0,,,,
llama,Uncertainty_Avoidance,2585,1,2,,,,,,,,50.0,,,,
llama,Uncertainty_Avoidance,2585,1,3,,,,,,,,50.0,,,,
llama,Uncertainty_Avoidance,2587,1,1,,,,,,,,25.0,,,,
llama,Uncertainty_Avoidance,2587,1,2,,,,,,,,25.0,,,,
llama,Uncertainty_Avoidance,2587,1,3,,,,,,,,25.0,,,,
llama,Uncertainty_Avoidance,2588,1,1,,,,,,,,25.0,,,,
llama,Uncertainty_Avoidance,2588,1,2,,,,,,,,25.0,,,,
llama,Uncertainty_Avoidance,2588,1,3,,,,,,,,25.0,,,,
llama,Uncertainty_Avoidance,2589,1,1,,,,,,,,50.0,,,,
llama,Uncertainty_Avoidance,2589,1,2,,,,,,,,50.0,,,,
llama,Uncertainty_Avoidance,2589,1,3,,,,,,,,50.0,,,,
llama,Uncertainty_Avoidance,2591,1,1,,,,,,,,100.0,,,,
llama,Uncertainty_Avoidance,2591,1,2,,,,,,,,100.0,,,,
llama,Uncertainty_Avoidance,2591,1,3,,,,,,,,100.0,,,,
llama,Uncertainty_Avoidance,2592,1,1,,,,,,,,50.0,,,,
llama,Uncertainty_Avoidance,2592,1,2,,,,,,,,50.0,,,,
llama,Uncertainty_Avoidance,2592,1,3,,,,,,,,50.0,,,,
llama,Uncertainty_Avoidance,2594,1,1,,,,,,,,25.0,,,,
llama,Uncertainty_Avoidance,2594,1,2,,,,,,,,25.0,,,,
llama,Uncertainty_Avoidance,2594,1,3,,,,,,,,25.0,,,,
llama,Uncertainty_Avoidance,2595,1,1,,,,,,,,50.0,,,,
llama,Uncertainty_Avoidance,2595,1,2,,,,,,,,50.0,,,,
llama,Uncertainty_Avoidance,2595,1,3,,,,,,,,50.0,,,,
llama,Uncertainty_Avoidance,2596,1,1,,,,,,,,50.0,,,,
llama,Uncertainty_Avoidance,2596,1,2,,,,,,,,50.0,,,,
llama,Uncertainty_Avoidance,2596,1,3,,,,,,,,50.0,,,,
llama,Uncertainty_Avoidance,2598,1,1,,,,,,,,50.0,,,,
llama,Uncertainty_Avoidance,2598,1,2,,,,,,,,50.0,,,,
llama,Uncertainty_Avoidance,2598,1,3,,,,,,,,50.0,,,,
llama,Uncertainty_Avoidance,2599,1,1,,,,,,,,50.0,,,,
llama,Uncertainty_Avoidance,2599,1,2,,,,,,,,50.0,,,,
llama,Uncertainty_Avoidance,2599,1,3,,,,,,,,50.0,,,,
llama,Uncertainty_Avoidance,2601,1,1,,,,,,,,25.0,,,,
llama,Uncertainty_Avoidance,2601,1,2,,,,,,,,25.0,,,,
llama,Uncertainty_Avoidance,2601,1,3,,,,,,,,25.0,,,,
llama,Uncertainty_Avoidance,2604,1,1,,,,,,,,25.0,,,,
llama,Uncertainty_Avoidance,2604,1,2,,,,,,,,25.0,,,,
llama,Uncertainty_Avoidance,2604,1,3,,,,,,,,25.0,,,,
llama,Uncertainty_Avoidance,2605,1,1,,,,,,,,50.0,,,,
llama,Uncertainty_Avoidance,2605,1,2,,,,,,,,50.0,,,,
llama,Uncertainty_Avoidance,2605,1,3,,,,,,,,50.0,,,,
llama,Uncertainty_Avoidance,2608,1,1,,,,,,,,50.0,,,,
llama,Uncertainty_Avoidance,2608,1,2,,,,,,,,50.0,,,,
llama,Uncertainty_Avoidance,2608,1,3,,,,,,,,50.0,,,,
llama,Uncertainty_Avoidance,2610,1,1,,,,,,,,50.0,,,,
llama,Uncertainty_Avoidance,2610,1,2,,,,,,,,50.0,,,,
llama,Uncertainty_Avoidance,2610,1,3,,,,,,,,50.0,,,,
llama,Uncertainty_Avoidance,2612,1,1,,,,,,,,50.0,,,,
llama,Uncertainty_Avoidance,2612,1,2,,,,,,,,50.0,,,,
llama,Uncertainty_Avoidance,2612,1,3,,,,,,,,50.0,,,,
llama,Uncertainty_Avoidance,2619,1,1,,,,,,,,50.0,,,,
llama,Uncertainty_Avoidance,2619,1,2,,,,,,,,50.0,,,,
llama,Uncertainty_Avoidance,2619,1,3,,,,,,,,50.0,,,,
llama,Uncertainty_Avoidance,2620,1,1,,,,,,,,50.0,,,,
llama,Uncertainty_Avoidance,2620,1,2,,,,,,,,50.0,,,,
llama,Uncertainty_Avoidance,2620,1,3,,,,,,,,50.0,,,,
llama,Uncertainty_Avoidance,2622,1,1,,,,,,,,50.0,,,,
llama,Uncertainty_Avoidance,2622,1,2,,,,,,,,50.0,,,,
llama,Uncertainty_Avoidance,2622,1,3,,,,,,,,50.0,,,,
llama,Uncertainty_Avoidance,2623,1,1,,,,,,,,75.0,,,,
llama,Uncertainty_Avoidance,2623,1,2,,,,,,,,75.0,,,,
llama,Uncertainty_Avoidance,2623,1,3,,,,,,,,75.0,,,,
llama,Uncertainty_Avoidance,2630,1,1,,,,,,,,25.0,,,,
llama,Uncertainty_Avoidance,2630,1,2,,,,,,,,25.0,,,,
llama,Uncertainty_Avoidance,2630,1,3,,,,,,,,25.0,,,,
llama,Uncertainty_Avoidance,2634,1,1,,,,,,,,25.0,,,,
llama,Uncertainty_Avoidance,2634,1,2,,,,,,,,25.0,,,,
llama,Uncertainty_Avoidance,2634,1,3,,,,,,,,25.0,,,,
llama,Uncertainty_Avoidance,2639,1,1,,,,,,,,50.0,,,,
llama,Uncertainty_Avoidance,2639,1,2,,,,,,,,50.0,,,,
llama,Uncertainty_Avoidance,2639,1,3,,,,,,,,50.0,,,,
llama,Uncertainty_Avoidance,2640,1,1,,,,,,,,25.0,,,,
llama,Uncertainty_Avoidance,2640,1,2,,,,,,,,25.0,,,,
llama,Uncertainty_Avoidance,2640,1,3,,,,,,,,25.0,,,,
llama,Uncertainty_Avoidance,2641,1,1,,,,,,,,50.0,,,,
llama,Uncertainty_Avoidance,2641,1,2,,,,,,,,50.0,,,,
llama,Uncertainty_Avoidance,2641,1,3,,,,,,,,50.0,,,,
llama,Uncertainty_Avoidance,2644,1,1,,,,,,,,25.0,,,,
llama,Uncertainty_Avoidance,2644,1,2,,,,,,,,25.0,,,,
llama,Uncertainty_Avoidance,2644,1,3,,,,,,,,25.0,,,,
llama,Uncertainty_Avoidance,2646,1,1,,,,,,,,50.0,,,,
llama,Uncertainty_Avoidance,2646,1,2,,,,,,,,50.0,,,,
llama,Uncertainty_Avoidance,2646,1,3,,,,,,,,50.0,,,,
llama,Uncertainty_Avoidance,2651,1,1,,,,,,,,100.0,,,,
llama,Uncertainty_Avoidance,2651,1,2,,,,,,,,100.0,,,,
llama,Uncertainty_Avoidance,2651,1,3,,,,,,,,100.0,,,,
llama,Uncertainty_Avoidance,2658,1,1,,,,,,,,50.0,,,,
llama,Uncertainty_Avoidance,2658,1,2,,,,,,,,50.0,,,,
llama,Uncertainty_Avoidance,2658,1,3,,,,,,,,50.0,,,,
mistral,Individualism,0,1,1,,,,,,,0.0,,,,,
mistral,Individualism,0,1,2,,,,,,,0.0,,,,,
mistral,Individualism,0,1,3,,,,,,,0.0,,,,,
mistral,Individualism,1,1,1,,,,,,,75.0,,,,,
mistral,Individualism,1,1,2,,,,,,,75.0,,,,,
mistral,Individualism,1,1,3,,,,,,,75.0,,,,,
mistral,Individualism,10,1,1,,,,,,,0.0,,,,,
mistral,Individualism,10,1,2,,,,,,,0.0,,,,,
mistral,Individualism,10,1,3,,,,,,,0.0,,,,,
mistral,Individualism,100,1,1,,,,,,,25.0,,,,,
mistral,Individualism,100,1,2,,,,,,,25.0,,,,,
mistral,Individualism,100,1,3,,,,,,,25.0,,,,,
mistral,Individualism,102,1,1,,,,,,,25.0,,,,,
mistral,Individualism,102,1,2,,,,,,,25.0,,,,,
mistral,Individualism,102,1,3,,,,,,,25.0,,,,,
mistral,Individualism,103,1,1,,,,,,,25.0,,,,,
mistral,Individualism,103,1,2,,,,,,,25.0,,,,,
mistral,Individualism,103,1,3,,,,,,,25.0,,,,,
mistral,Individualism,104,1,1,,,,,,,75.0,,,,,
mistral,Individualism,104,1,2,,,,,,,75.0,,,,,
mistral,Individualism,104,1,3,,,,,,,75.0,,,,,
mistral,Individualism,105,1,1,,,,,,,50.0,,,,,
mistral,Individualism,105,1,2,,,,,,,50.0,,,,,
mistral,Individualism,105,1,3,,,,,,,50.0,,,,,
mistral,Individualism,106,1,1,,,,,,,25.0,,,,,
mistral,Individualism,106,1,2,,,,,,,25.0,,,,,
mistral,Individualism,106,1,3,,,,,,,25.0,,,,,
mistral,Individualism,107,1,1,,,,,,,75.0,,,,,
mistral,Individualism,107,1,2,,,,,,,75.0,,,,,
mistral,Individualism,107,1,3,,,,,,,75.0,,,,,
mistral,Individualism,109,1,1,,,,,,,100.0,,,,,
mistral,Individualism,109,1,2,,,,,,,100.0,,,,,
mistral,Individualism,109,1,3,,,,,,,100.0,,,,,
mistral,Individualism,11,1,1,,,,,,,0.0,,,,,
mistral,Individualism,11,1,2,,,,,,,0.0,,,,,
mistral,Individualism,11,1,3,,,,,,,0.0,,,,,
mistral,Individualism,110,1,1,,,,,,,0.0,,,,,
mistral,Individualism,110,1,2,,,,,,,0.0,,,,,
mistral,Individualism,110,1,3,,,,,,,0.0,,,,,
mistral,Individualism,113,1,1,,,,,,,50.0,,,,,
mistral,Individualism,113,1,2,,,,,,,50.0,,,,,
mistral,Individualism,113,1,3,,,,,,,50.0,,,,,
mistral,Individualism,114,1,1,,,,,,,0.0,,,,,
mistral,Individualism,114,1,2,,,,,,,0.0,,,,,
mistral,Individualism,114,1,3,,,,,,,0.0,,,,,
mistral,Individualism,118,1,1,,,,,,,25.0,,,,,
mistral,Individualism,118,1,2,,,,,,,25.0,,,,,
mistral,Individualism,118,1,3,,,,,,,25.0,,,,,
mistral,Individualism,119,1,1,,,,,,,25.0,,,,,
mistral,Individualism,119,1,2,,,,,,,25.0,,,,,
mistral,Individualism,119,1,3,,,,,,,25.0,,,,,
mistral,Individualism,12,1,1,,,,,,,50.0,,,,,
mistral,Individualism,12,1,2,,,,,,,50.0,,,,,
mistral,Individualism,12,1,3,,,,,,,50.0,,,,,
mistral,Individualism,121,1,1,,,,,,,25.0,,,,,
mistral,Individualism,121,1,2,,,,,,,25.0,,,,,
mistral,Individualism,121,1,3,,,,,,,25.0,,,,,
mistral,Individualism,122,1,1,,,,,,,25.0,,,,,
mistral,Individualism,122,1,2,,,,,,,25.0,,,,,
mistral,Individualism,122,1,3,,,,,,,25.0,,,,,
mistral,Individualism,123,1,1,,,,,,,25.0,,,,,
mistral,Individualism,123,1,2,,,,,,,25.0,,,,,
mistral,Individualism,123,1,3,,,,,,,25.0,,,,,
mistral,Individualism,126,1,1,,,,,,,50.0,,,,,
mistral,Individualism,126,1,2,,,,,,,50.0,,,,,
mistral,Individualism,126,1,3,,,,,,,50.0,,,,,
mistral,Individualism,127,1,1,,,,,,,75.0,,,,,
mistral,Individualism,127,1,2,,,,,,,75.0,,,,,
mistral,Individualism,127,1,3,,,,,,,75.0,,,,,
mistral,Individualism,128,1,1,,,,,,,75.0,,,,,
mistral,Individualism,128,1,2,,,,,,,75.0,,,,,
mistral,Individualism,128,1,3,,,,,,,75.0,,,,,
mistral,Individualism,129,1,1,,,,,,,100.0,,,,,
mistral,Individualism,129,1,2,,,,,,,100.0,,,,,
mistral,Individualism,129,1,3,,,,,,,100.0,,,,,
mistral,Individualism,130,1,1,,,,,,,50.0,,,,,
mistral,Individualism,130,1,2,,,,,,,50.0,,,,,
mistral,Individualism,130,1,3,,,,,,,50.0,,,,,
mistral,Individualism,131,1,1,,,,,,,0.0,,,,,
mistral,Individualism,131,1,2,,,,,,,0.0,,,,,
mistral,Individualism,131,1,3,,,,,,,0.0,,,,,
mistral,Individualism,134,1,1,,,,,,,50.0,,,,,
mistral,Individualism,134,1,2,,,,,,,50.0,,,,,
mistral,Individualism,134,1,3,,,,,,,50.0,,,,,
mistral,Individualism,135,1,1,,,,,,,50.0,,,,,
mistral,Individualism,135,1,2,,,,,,,50.0,,,,,
mistral,Individualism,135,1,3,,,,,,,50.0,,,,,
mistral,Individualism,136,1,1,,,,,,,50.0,,,,,
mistral,Individualism,136,1,2,,,,,,,50.0,,,,,
mistral,Individualism,136,1,3,,,,,,,50.0,,,,,
mistral,Individualism,138,1,1,,,,,,,0.0,,,,,
mistral,Individualism,138,1,2,,,,,,,0.0,,,,,
mistral,Individualism,138,1,3,,,,,,,0.0,,,,,
mistral,Individualism,139,1,1,,,,,,,0.0,,,,,
mistral,Individualism,139,1,2,,,,,,,0.0,,,,,
mistral,Individualism,139,1,3,,,,,,,0.0,,,,,
mistral,Individualism,140,1,1,,,,,,,25.0,,,,,
mistral,Individualism,140,1,2,,,,,,,25.0,,,,,
mistral,Individualism,140,1,3,,,,,,,25.0,,,,,
mistral,Individualism,145,1,1,,,,,,,0.0,,,,,
mistral,Individualism,145,1,2,,,,,,,0.0,,,,,
mistral,Individualism,145,1,3,,,,,,,0.0,,,,,
mistral,Individualism,147,1,1,,,,,,,0.0,,,,,
mistral,Individualism,147,1,2,,,,,,,0.0,,,,,
mistral,Individualism,147,1,3,,,,,,,0.0,,,,,
mistral,Individualism,149,1,1,,,,,,,0.0,,,,,
mistral,Individualism,149,1,2,,,,,,,0.0,,,,,
mistral,Individualism,149,1,3,,,,,,,0.0,,,,,
mistral,Individualism,15,1,1,,,,,,,0.0,,,,,
mistral,Individualism,15,1,2,,,,,,,0.0,,,,,
mistral,Individualism,15,1,3,,,,,,,0.0,,,,,
mistral,Individualism,151,1,1,,,,,,,75.0,,,,,
mistral,Individualism,151,1,2,,,,,,,75.0,,,,,
mistral,Individualism,151,1,3,,,,,,,75.0,,,,,
mistral,Individualism,152,1,1,,,,,,,25.0,,,,,
mistral,Individualism,152,1,2,,,,,,,25.0,,,,,
mistral,Individualism,152,1,3,,,,,,,25.0,,,,,
mistral,Individualism,158,1,1,,,,,,,25.0,,,,,
mistral,Individualism,158,1,2,,,,,,,25.0,,,,,
mistral,Individualism,158,1,3,,,,,,,25.0,,,,,
mistral,Individualism,159,1,1,,,,,,,25.0,,,,,
mistral,Individualism,159,1,2,,,,,,,25.0,,,,,
mistral,Individualism,159,1,3,,,,,,,25.0,,,,,
mistral,Individualism,16,1,1,,,,,,,0.0,,,,,
mistral,Individualism,16,1,2,,,,,,,0.0,,,,,
mistral,Individualism,16,1,3,,,,,,,0.0,,,,,
mistral,Individualism,163,1,1,,,,,,,75.0,,,,,
mistral,Individualism,163,1,2,,,,,,,75.0,,,,,
mistral,Individualism,163,1,3,,,,,,,75.0,,,,,
mistral,Individualism,165,1,1,,,,,,,25.0,,,,,
mistral,Individualism,165,1,2,,,,,,,25.0,,,,,
mistral,Individualism,165,1,3,,,,,,,25.0,,,,,
mistral,Individualism,166,1,1,,,,,,,25.0,,,,,
mistral,Individualism,166,1,2,,,,,,,25.0,,,,,
mistral,Individualism,166,1,3,,,,,,,25.0,,,,,
mistral,Individualism,167,1,1,,,,,,,50.0,,,,,
mistral,Individualism,167,1,2,,,,,,,50.0,,,,,
mistral,Individualism,167,1,3,,,,,,,50.0,,,,,
mistral,Individualism,169,1,1,,,,,,,75.0,,,,,
mistral,Individualism,169,1,2,,,,,,,75.0,,,,,
mistral,Individualism,169,1,3,,,,,,,75.0,,,,,
mistral,Individualism,17,1,1,,,,,,,100.0,,,,,
mistral,Individualism,17,1,2,,,,,,,100.0,,,,,
mistral,Individualism,17,1,3,,,,,,,100.0,,,,,
mistral,Individualism,171,1,1,,,,,,,50.0,,,,,
mistral,Individualism,171,1,2,,,,,,,50.0,,,,,
mistral,Individualism,171,1,3,,,,,,,50.0,,,,,
mistral,Individualism,173,1,1,,,,,,,25.0,,,,,
mistral,Individualism,173,1,2,,,,,,,25.0,,,,,
mistral,Individualism,173,1,3,,,,,,,25.0,,,,,
mistral,Individualism,176,1,1,,,,,,,100.0,,,,,
mistral,Individualism,176,1,2,,,,,,,100.0,,,,,
mistral,Individualism,176,1,3,,,,,,,100.0,,,,,
mistral,Individualism,178,1,1,,,,,,,50.0,,,,,
mistral,Individualism,178,1,2,,,,,,,50.0,,,,,
mistral,Individualism,178,1,3,,,,,,,50.0,,,,,
mistral,Individualism,179,1,1,,,,,,,100.0,,,,,
mistral,Individualism,179,1,2,,,,,,,100.0,,,,,
mistral,Individualism,179,1,3,,,,,,,100.0,,,,,
mistral,Individualism,18,1,1,,,,,,,25.0,,,,,
mistral,Individualism,18,1,2,,,,,,,25.0,,,,,
mistral,Individualism,18,1,3,,,,,,,25.0,,,,,
mistral,Individualism,180,1,1,,,,,,,75.0,,,,,
mistral,Individualism,180,1,2,,,,,,,75.0,,,,,
mistral,Individualism,180,1,3,,,,,,,75.0,,,,,
mistral,Individualism,182,1,1,,,,,,,50.0,,,,,
mistral,Individualism,182,1,2,,,,,,,50.0,,,,,
mistral,Individualism,182,1,3,,,,,,,50.0,,,,,
mistral,Individualism,184,1,1,,,,,,,50.0,,,,,
mistral,Individualism,184,1,2,,,,,,,50.0,,,,,
mistral,Individualism,184,1,3,,,,,,,50.0,,,,,
mistral,Individualism,187,1,1,,,,,,,75.0,,,,,
mistral,Individualism,187,1,2,,,,,,,75.0,,,,,
mistral,Individualism,187,1,3,,,,,,,75.0,,,,,
mistral,Individualism,189,1,1,,,,,,,75.0,,,,,
mistral,Individualism,189,1,2,,,,,,,75.0,,,,,
mistral,Individualism,189,1,3,,,,,,,75.0,,,,,
mistral,Individualism,19,1,1,,,,,,,75.0,,,,,
mistral,Individualism,19,1,2,,,,,,,75.0,,,,,
mistral,Individualism,19,1,3,,,,,,,75.0,,,,,
mistral,Individualism,190,1,1,,,,,,,50.0,,,,,
mistral,Individualism,190,1,2,,,,,,,50.0,,,,,
mistral,Individualism,190,1,3,,,,,,,50.0,,,,,
mistral,Individualism,192,1,1,,,,,,,25.0,,,,,
mistral,Individualism,192,1,2,,,,,,,25.0,,,,,
mistral,Individualism,192,1,3,,,,,,,25.0,,,,,
mistral,Individualism,195,1,1,,,,,,,100.0,,,,,
mistral,Individualism,195,1,2,,,,,,,100.0,,,,,
mistral,Individualism,195,1,3,,,,,,,100.0,,,,,
mistral,Individualism,197,1,1,,,,,,,50.0,,,,,
mistral,Individualism,197,1,2,,,,,,,50.0,,,,,
mistral,Individualism,197,1,3,,,,,,,50.0,,,,,
mistral,Individualism,198,1,1,,,,,,,50.0,,,,,
mistral,Individualism,198,1,2,,,,,,,50.0,,,,,
mistral,Individualism,198,1,3,,,,,,,50.0,,,,,
mistral,Individualism,2,1,1,,,,,,,25.0,,,,,
mistral,Individualism,2,1,2,,,,,,,25.0,,,,,
mistral,Individualism,2,1,3,,,,,,,25.0,,,,,
mistral,Individualism,20,1,1,,,,,,,25.0,,,,,
mistral,Individualism,20,1,2,,,,,,,25.0,,,,,
mistral,Individualism,20,1,3,,,,,,,25.0,,,,,
mistral,Individualism,202,1,1,,,,,,,50.0,,,,,
mistral,Individualism,202,1,2,,,,,,,50.0,,,,,
mistral,Individualism,202,1,3,,,,,,,50.0,,,,,
mistral,Individualism,203,1,1,,,,,,,50.0,,,,,
mistral,Individualism,203,1,2,,,,,,,50.0,,,,,
mistral,Individualism,203,1,3,,,,,,,50.0,,,,,
mistral,Individualism,204,1,1,,,,,,,25.0,,,,,
mistral,Individualism,204,1,2,,,,,,,25.0,,,,,
mistral,Individualism,204,1,3,,,,,,,25.0,,,,,
mistral,Individualism,207,1,1,,,,,,,50.0,,,,,
mistral,Individualism,207,1,2,,,,,,,50.0,,,,,
mistral,Individualism,207,1,3,,,,,,,50.0,,,,,
mistral,Individualism,208,1,1,,,,,,,0.0,,,,,
mistral,Individualism,208,1,2,,,,,,,0.0,,,,,
mistral,Individualism,208,1,3,,,,,,,0.0,,,,,
mistral,Individualism,21,1,1,,,,,,,25.0,,,,,
mistral,Individualism,21,1,2,,,,,,,25.0,,,,,
mistral,Individualism,21,1,3,,,,,,,25.0,,,,,
mistral,Individualism,216,1,1,,,,,,,75.0,,,,,
mistral,Individualism,216,1,2,,,,,,,75.0,,,,,
mistral,Individualism,216,1,3,,,,,,,75.0,,,,,
mistral,Individualism,217,1,1,,,,,,,100.0,,,,,
mistral,Individualism,217,1,2,,,,,,,100.0,,,,,
mistral,Individualism,217,1,3,,,,,,,100.0,,,,,
mistral,Individualism,223,1,1,,,,,,,50.0,,,,,
mistral,Individualism,223,1,2,,,,,,,50.0,,,,,
mistral,Individualism,223,1,3,,,,,,,50.0,,,,,
mistral,Individualism,226,1,1,,,,,,,50.0,,,,,
mistral,Individualism,226,1,2,,,,,,,50.0,,,,,
mistral,Individualism,226,1,3,,,,,,,50.0,,,,,
mistral,Individualism,228,1,1,,,,,,,25.0,,,,,
mistral,Individualism,228,1,2,,,,,,,25.0,,,,,
mistral,Individualism,228,1,3,,,,,,,25.0,,,,,
mistral,Individualism,232,1,1,,,,,,,25.0,,,,,
mistral,Individualism,232,1,2,,,,,,,25.0,,,,,
mistral,Individualism,232,1,3,,,,,,,25.0,,,,,
mistral,Individualism,235,1,1,,,,,,,75.0,,,,,
mistral,Individualism,235,1,2,,,,,,,75.0,,,,,
mistral,Individualism,235,1,3,,,,,,,75.0,,,,,
mistral,Individualism,24,1,1,,,,,,,0.0,,,,,
mistral,Individualism,24,1,2,,,,,,,0.0,,,,,
mistral,Individualism,24,1,3,,,,,,,0.0,,,,,
mistral,Individualism,242,1,1,,,,,,,25.0,,,,,
mistral,Individualism,242,1,2,,,,,,,25.0,,,,,
mistral,Individualism,242,1,3,,,,,,,25.0,,,,,
mistral,Individualism,27,1,1,,,,,,,50.0,,,,,
mistral,Individualism,27,1,2,,,,,,,50.0,,,,,
mistral,Individualism,27,1,3,,,,,,,50.0,,,,,
mistral,Individualism,29,1,1,,,,,,,50.0,,,,,
mistral,Individualism,29,1,2,,,,,,,50.0,,,,,
mistral,Individualism,29,1,3,,,,,,,50.0,,,,,
mistral,Individualism,3,1,1,,,,,,,25.0,,,,,
mistral,Individualism,3,1,2,,,,,,,25.0,,,,,
mistral,Individualism,3,1,3,,,,,,,25.0,,,,,
mistral,Individualism,31,1,1,,,,,,,25.0,,,,,
mistral,Individualism,31,1,2,,,,,,,25.0,,,,,
mistral,Individualism,31,1,3,,,,,,,25.0,,,,,
mistral,Individualism,34,1,1,,,,,,,25.0,,,,,
mistral,Individualism,34,1,2,,,,,,,25.0,,,,,
mistral,Individualism,34,1,3,,,,,,,25.0,,,,,
mistral,Individualism,36,1,1,,,,,,,75.0,,,,,
mistral,Individualism,36,1,2,,,,,,,75.0,,,,,
mistral,Individualism,36,1,3,,,,,,,75.0,,,,,
mistral,Individualism,37,1,1,,,,,,,50.0,,,,,
mistral,Individualism,37,1,2,,,,,,,50.0,,,,,
mistral,Individualism,37,1,3,,,,,,,50.0,,,,,
mistral,Individualism,38,1,1,,,,,,,25.0,,,,,
mistral,Individualism,38,1,2,,,,,,,25.0,,,,,
mistral,Individualism,38,1,3,,,,,,,25.0,,,,,
mistral,Individualism,39,1,1,,,,,,,50.0,,,,,
mistral,Individualism,39,1,2,,,,,,,50.0,,,,,
mistral,Individualism,39,1,3,,,,,,,50.0,,,,,
mistral,Individualism,4,1,1,,,,,,,50.0,,,,,
mistral,Individualism,4,1,2,,,,,,,50.0,,,,,
mistral,Individualism,4,1,3,,,,,,,50.0,,,,,
mistral,Individualism,40,1,1,,,,,,,0.0,,,,,
mistral,Individualism,40,1,2,,,,,,,0.0,,,,,
mistral,Individualism,40,1,3,,,,,,,0.0,,,,,
mistral,Individualism,42,1,1,,,,,,,50.0,,,,,
mistral,Individualism,42,1,2,,,,,,,50.0,,,,,
mistral,Individualism,42,1,3,,,,,,,50.0,,,,,
mistral,Individualism,43,1,1,,,,,,,50.0,,,,,
mistral,Individualism,43,1,2,,,,,,,50.0,,,,,
mistral,Individualism,43,1,3,,,,,,,50.0,,,,,
mistral,Individualism,44,1,1,,,,,,,0.0,,,,,
mistral,Individualism,44,1,2,,,,,,,0.0,,,,,
mistral,Individualism,44,1,3,,,,,,,0.0,,,,,
mistral,Individualism,47,1,1,,,,,,,25.0,,,,,
mistral,Individualism,47,1,2,,,,,,,25.0,,,,,
mistral,Individualism,47,1,3,,,,,,,25.0,,,,,
mistral,Individualism,48,1,1,,,,,,,75.0,,,,,
mistral,Individualism,48,1,2,,,,,,,75.0,,,,,
mistral,Individualism,48,1,3,,,,,,,75.0,,,,,
mistral,Individualism,49,1,1,,,,,,,50.0,,,,,
mistral,Individualism,49,1,2,,,,,,,50.0,,,,,
mistral,Individualism,49,1,3,,,,,,,50.0,,,,,
mistral,Individualism,5,1,1,,,,,,,25.0,,,,,
mistral,Individualism,5,1,2,,,,,,,25.0,,,,,
mistral,Individualism,5,1,3,,,,,,,25.0,,,,,
mistral,Individualism,50,1,1,,,,,,,50.0,,,,,
mistral,Individualism,50,1,2,,,,,,,50.0,,,,,
mistral,Individualism,50,1,3,,,,,,,50.0,,,,,
mistral,Individualism,51,1,1,,,,,,,50.0,,,,,
mistral,Individualism,51,1,2,,,,,,,50.0,,,,,
mistral,Individualism,51,1,3,,,,,,,50.0,,,,,
mistral,Individualism,53,1,1,,,,,,,25.0,,,,,
mistral,Individualism,53,1,2,,,,,,,25.0,,,,,
mistral,Individualism,53,1,3,,,,,,,25.0,,,,,
mistral,Individualism,54,1,1,,,,,,,25.0,,,,,
mistral,Individualism,54,1,2,,,,,,,25.0,,,,,
mistral,Individualism,54,1,3,,,,,,,25.0,,,,,
mistral,Individualism,55,1,1,,,,,,,50.0,,,,,
mistral,Individualism,55,1,2,,,,,,,50.0,,,,,
mistral,Individualism,55,1,3,,,,,,,50.0,,,,,
mistral,Individualism,56,1,1,,,,,,,75.0,,,,,
mistral,Individualism,56,1,2,,,,,,,75.0,,,,,
mistral,Individualism,56,1,3,,,,,,,75.0,,,,,
mistral,Individualism,57,1,1,,,,,,,100.0,,,,,
mistral,Individualism,57,1,2,,,,,,,100.0,,,,,
mistral,Individualism,57,1,3,,,,,,,100.0,,,,,
mistral,Individualism,58,1,1,,,,,,,0.0,,,,,
mistral,Individualism,58,1,2,,,,,,,0.0,,,,,
mistral,Individualism,58,1,3,,,,,,,0.0,,,,,
mistral,Individualism,59,1,1,,,,,,,75.0,,,,,
mistral,Individualism,59,1,2,,,,,,,75.0,,,,,
mistral,Individualism,59,1,3,,,,,,,75.0,,,,,
mistral,Individualism,60,1,1,,,,,,,0.0,,,,,
mistral,Individualism,60,1,2,,,,,,,0.0,,,,,
mistral,Individualism,60,1,3,,,,,,,0.0,,,,,
mistral,Individualism,61,1,1,,,,,,,75.0,,,,,
mistral,Individualism,61,1,2,,,,,,,75.0,,,,,
mistral,Individualism,61,1,3,,,,,,,75.0,,,,,
mistral,Individualism,62,1,1,,,,,,,0.0,,,,,
mistral,Individualism,62,1,2,,,,,,,0.0,,,,,
mistral,Individualism,62,1,3,,,,,,,0.0,,,,,
mistral,Individualism,63,1,1,,,,,,,25.0,,,,,
mistral,Individualism,63,1,2,,,,,,,25.0,,,,,
mistral,Individualism,63,1,3,,,,,,,25.0,,,,,
mistral,Individualism,64,1,1,,,,,,,75.0,,,,,
mistral,Individualism,64,1,2,,,,,,,75.0,,,,,
mistral,Individualism,64,1,3,,,,,,,75.0,,,,,
mistral,Individualism,66,1,1,,,,,,,50.0,,,,,
mistral,Individualism,66,1,2,,,,,,,50.0,,,,,
mistral,Individualism,66,1,3,,,,,,,50.0,,,,,
mistral,Individualism,67,1,1,,,,,,,25.0,,,,,
mistral,Individualism,67,1,2,,,,,,,25.0,,,,,
mistral,Individualism,67,1,3,,,,,,,25.0,,,,,
mistral,Individualism,70,1,1,,,,,,,0.0,,,,,
mistral,Individualism,70,1,2,,,,,,,0.0,,,,,
mistral,Individualism,70,1,3,,,,,,,0.0,,,,,
mistral,Individualism,72,1,1,,,,,,,0.0,,,,,
mistral,Individualism,72,1,2,,,,,,,0.0,,,,,
mistral,Individualism,72,1,3,,,,,,,0.0,,,,,
mistral,Individualism,73,1,1,,,,,,,0.0,,,,,
mistral,Individualism,73,1,2,,,,,,,0.0,,,,,
mistral,Individualism,73,1,3,,,,,,,0.0,,,,,
mistral,Individualism,78,1,1,,,,,,,50.0,,,,,
mistral,Individualism,78,1,2,,,,,,,50.0,,,,,
mistral,Individualism,78,1,3,,,,,,,50.0,,,,,
mistral,Individualism,79,1,1,,,,,,,25.0,,,,,
mistral,Individualism,79,1,2,,,,,,,25.0,,,,,
mistral,Individualism,79,1,3,,,,,,,25.0,,,,,
mistral,Individualism,8,1,1,,,,,,,0.0,,,,,
mistral,Individualism,8,1,2,,,,,,,0.0,,,,,
mistral,Individualism,8,1,3,,,,,,,0.0,,,,,
mistral,Individualism,80,1,1,,,,,,,50.0,,,,,
mistral,Individualism,80,1,2,,,,,,,50.0,,,,,
mistral,Individualism,80,1,3,,,,,,,50.0,,,,,
mistral,Individualism,81,1,1,,,,,,,0.0,,,,,
mistral,Individualism,81,1,2,,,,,,,0.0,,,,,
mistral,Individualism,81,1,3,,,,,,,0.0,,,,,
mistral,Individualism,84,1,1,,,,,,,50.0,,,,,
mistral,Individualism,84,1,2,,,,,,,50.0,,,,,
mistral,Individualism,84,1,3,,,,,,,50.0,,,,,
mistral,Individualism,85,1,1,,,,,,,50.0,,,,,
mistral,Individualism,85,1,2,,,,,,,50.0,,,,,
mistral,Individualism,85,1,3,,,,,,,50.0,,,,,
mistral,Individualism,88,1,1,,,,,,,25.0,,,,,
mistral,Individualism,88,1,2,,,,,,,25.0,,,,,
mistral,Individualism,88,1,3,,,,,,,25.0,,,,,
mistral,Individualism,9,1,1,,,,,,,0.0,,,,,
mistral,Individualism,9,1,2,,,,,,,0.0,,,,,
mistral,Individualism,9,1,3,,,,,,,0.0,,,,,
mistral,Individualism,90,1,1,,,,,,,50.0,,,,,
mistral,Individualism,90,1,2,,,,,,,50.0,,,,,
mistral,Individualism,90,1,3,,,,,,,50.0,,,,,
mistral,Individualism,97,1,1,,,,,,,75.0,,,,,
mistral,Individualism,97,1,2,,,,,,,75.0,,,,,
mistral,Individualism,97,1,3,,,,,,,75.0,,,,,
mistral,Individualism,98,1,1,,,,,,,25.0,,,,,
mistral,Individualism,98,1,2,,,,,,,25.0,,,,,
mistral,Individualism,98,1,3,,,,,,,25.0,,,,,
mistral,Individualism,99,1,1,,,,,,,25.0,,,,,
mistral,Individualism,99,1,2,,,,,,,25.0,,,,,
mistral,Individualism,99,1,3,,,,,,,25.0,,,,,
mistral,Indulgence,474,1,1,,,,,,,0.0,,,,,
mistral,Indulgence,474,1,2,,,,,,,0.0,,,,,
mistral,Indulgence,474,1,3,,,,,,,0.0,,,,,
mistral,Indulgence,476,1,1,,,,,,,0.0,,,,,
mistral,Indulgence,476,1,2,,,,,,,0.0,,,,,
mistral,Indulgence,476,1,3,,,,,,,0.0,,,,,
mistral,Indulgence,477,1,1,,,,,,,25.0,,,,,
mistral,Indulgence,477,1,2,,,,,,,25.0,,,,,
mistral,Indulgence,477,1,3,,,,,,,25.0,,,,,
mistral,Indulgence,478,1,1,,,,,,,0.0,,,,,
mistral,Indulgence,478,1,2,,,,,,,0.0,,,,,
mistral,Indulgence,478,1,3,,,,,,,0.0,,,,,
mistral,Indulgence,479,1,1,,,,,,,25.0,,,,,
mistral,Indulgence,479,1,2,,,,,,,25.0,,,,,
mistral,Indulgence,479,1,3,,,,,,,25.0,,,,,
mistral,Indulgence,481,1,1,,,,,,,25.0,,,,,
mistral,Indulgence,481,1,2,,,,,,,25.0,,,,,
mistral,Indulgence,481,1,3,,,,,,,25.0,,,,,
mistral,Indulgence,482,1,1,,,,,,,25.0,,,,,
mistral,Indulgence,482,1,2,,,,,,,25.0,,,,,
mistral,Indulgence,482,1,3,,,,,,,25.0,,,,,
mistral,Indulgence,483,1,1,,,,,,,50.0,,,,,
mistral,Indulgence,483,1,2,,,,,,,50.0,,,,,
mistral,Indulgence,483,1,3,,,,,,,50.0,,,,,
mistral,Indulgence,484,1,1,,,,,,,25.0,,,,,
mistral,Indulgence,484,1,2,,,,,,,25.0,,,,,
mistral,Indulgence,484,1,3,,,,,,,25.0,,,,,
mistral,Indulgence,485,1,1,,,,,,,25.0,,,,,
mistral,Indulgence,485,1,2,,,,,,,25.0,,,,,
mistral,Indulgence,485,1,3,,,,,,,25.0,,,,,
mistral,Indulgence,486,1,1,,,,,,,25.0,,,,,
mistral,Indulgence,486,1,2,,,,,,,25.0,,,,,
mistral,Indulgence,486,1,3,,,,,,,25.0,,,,,
mistral,Indulgence,487,1,1,,,,,,,25.0,,,,,
mistral,Indulgence,487,1,2,,,,,,,25.0,,,,,
mistral,Indulgence,487,1,3,,,,,,,25.0,,,,,
mistral,Indulgence,490,1,1,,,,,,,75.0,,,,,
mistral,Indulgence,490,1,2,,,,,,,75.0,,,,,
mistral,Indulgence,490,1,3,,,,,,,75.0,,,,,
mistral,Indulgence,492,1,1,,,,,,,25.0,,,,,
mistral,Indulgence,492,1,2,,,,,,,25.0,,,,,
mistral,Indulgence,492,1,3,,,,,,,25.0,,,,,
mistral,Indulgence,493,1,1,,,,,,,25.0,,,,,
mistral,Indulgence,493,1,2,,,,,,,25.0,,,,,
mistral,Indulgence,493,1,3,,,,,,,25.0,,,,,
mistral,Indulgence,494,1,1,,,,,,,25.0,,,,,
mistral,Indulgence,494,1,2,,,,,,,25.0,,,,,
mistral,Indulgence,494,1,3,,,,,,,25.0,,,,,
mistral,Indulgence,495,1,1,,,,,,,25.0,,,,,
mistral,Indulgence,495,1,2,,,,,,,25.0,,,,,
mistral,Indulgence,495,1,3,,,,,,,25.0,,,,,
mistral,Indulgence,496,1,1,,,,,,,25.0,,,,,
mistral,Indulgence,496,1,2,,,,,,,25.0,,,,,
mistral,Indulgence,496,1,3,,,,,,,25.0,,,,,
mistral,Indulgence,497,1,1,,,,,,,25.0,,,,,
mistral,Indulgence,497,1,2,,,,,,,25.0,,,,,
mistral,Indulgence,497,1,3,,,,,,,25.0,,,,,
mistral,Indulgence,498,1,1,,,,,,,25.0,,,,,
mistral,Indulgence,498,1,2,,,,,,,25.0,,,,,
mistral,Indulgence,498,1,3,,,,,,,25.0,,,,,
mistral,Indulgence,499,1,1,,,,,,,25.0,,,,,
mistral,Indulgence,499,1,2,,,,,,,25.0,,,,,
mistral,Indulgence,499,1,3,,,,,,,25.0,,,,,
mistral,Indulgence,500,1,1,,,,,,,25.0,,,,,
mistral,Indulgence,500,1,2,,,,,,,25.0,,,,,
mistral,Indulgence,500,1,3,,,,,,,25.0,,,,,
mistral,Indulgence,503,1,1,,,,,,,50.0,,,,,
mistral,Indulgence,503,1,2,,,,,,,50.0,,,,,
mistral,Indulgence,503,1,3,,,,,,,50.0,,,,,
mistral,Indulgence,505,1,1,,,,,,,0.0,,,,,
mistral,Indulgence,505,1,2,,,,,,,0.0,,,,,
mistral,Indulgence,505,1,3,,,,,,,0.0,,,,,
mistral,Indulgence,508,1,1,,,,,,,25.0,,,,,
mistral,Indulgence,508,1,2,,,,,,,25.0,,,,,
mistral,Indulgence,508,1,3,,,,,,,25.0,,,,,
mistral,Indulgence,509,1,1,,,,,,,0.0,,,,,
mistral,Indulgence,509,1,2,,,,,,,0.0,,,,,
mistral,Indulgence,509,1,3,,,,,,,0.0,,,,,
mistral,Indulgence,510,1,1,,,,,,,0.0,,,,,
mistral,Indulgence,510,1,2,,,,,,,0.0,,,,,
mistral,Indulgence,510,1,3,,,,,,,0.0,,,,,
mistral,Indulgence,511,1,1,,,,,,,25.0,,,,,
mistral,Indulgence,511,1,2,,,,,,,25.0,,,,,
mistral,Indulgence,511,1,3,,,,,,,25.0,,,,,
mistral,Indulgence,512,1,1,,,,,,,25.0,,,,,
mistral,Indulgence,512,1,2,,,,,,,25.0,,,,,
mistral,Indulgence,512,1,3,,,,,,,25.0,,,,,
mistral,Indulgence,514,1,1,,,,,,,25.0,,,,,
mistral,Indulgence,514,1,2,,,,,,,25.0,,,,,
mistral,Indulgence,514,1,3,,,,,,,25.0,,,,,
mistral,Indulgence,517,1,1,,,,,,,0.0,,,,,
mistral,Indulgence,517,1,2,,,,,,,0.0,,,,,
mistral,Indulgence,517,1,3,,,,,,,0.0,,,,,
mistral,Indulgence,518,1,1,,,,,,,25.0,,,,,
mistral,Indulgence,518,1,2,,,,,,,25.0,,,,,
mistral,Indulgence,518,1,3,,,,,,,25.0,,,,,
mistral,Indulgence,521,1,1,,,,,,,25.0,,,,,
mistral,Indulgence,521,1,2,,,,,,,25.0,,,,,
mistral,Indulgence,521,1,3,,,,,,,25.0,,,,,
mistral,Indulgence,522,1,1,,,,,,,25.0,,,,,
mistral,Indulgence,522,1,2,,,,,,,25.0,,,,,
mistral,Indulgence,522,1,3,,,,,,,25.0,,,,,
mistral,Indulgence,523,1,1,,,,,,,50.0,,,,,
mistral,Indulgence,523,1,2,,,,,,,50.0,,,,,
mistral,Indulgence,523,1,3,,,,,,,50.0,,,,,
mistral,Indulgence,524,1,1,,,,,,,25.0,,,,,
mistral,Indulgence,524,1,2,,,,,,,25.0,,,,,
mistral,Indulgence,524,1,3,,,,,,,25.0,,,,,
mistral,Indulgence,526,1,1,,,,,,,25.0,,,,,
mistral,Indulgence,526,1,2,,,,,,,25.0,,,,,
mistral,Indulgence,526,1,3,,,,,,,25.0,,,,,
mistral,Indulgence,527,1,1,,,,,,,0.0,,,,,
mistral,Indulgence,527,1,2,,,,,,,0.0,,,,,
mistral,Indulgence,527,1,3,,,,,,,0.0,,,,,
mistral,Indulgence,530,1,1,,,,,,,0.0,,,,,
mistral,Indulgence,530,1,2,,,,,,,0.0,,,,,
mistral,Indulgence,530,1,3,,,,,,,0.0,,,,,
mistral,Indulgence,531,1,1,,,,,,,25.0,,,,,
mistral,Indulgence,531,1,2,,,,,,,25.0,,,,,
mistral,Indulgence,531,1,3,,,,,,,25.0,,,,,
mistral,Indulgence,532,1,1,,,,,,,25.0,,,,,
mistral,Indulgence,532,1,2,,,,,,,25.0,,,,,
mistral,Indulgence,532,1,3,,,,,,,25.0,,,,,
mistral,Indulgence,534,1,1,,,,,,,25.0,,,,,
mistral,Indulgence,534,1,2,,,,,,,25.0,,,,,
mistral,Indulgence,534,1,3,,,,,,,25.0,,,,,
mistral,Indulgence,539,1,1,,,,,,,0.0,,,,,
mistral,Indulgence,539,1,2,,,,,,,0.0,,,,,
mistral,Indulgence,539,1,3,,,,,,,0.0,,,,,
mistral,Indulgence,540,1,1,,,,,,,50.0,,,,,
mistral,Indulgence,540,1,2,,,,,,,50.0,,,,,
mistral,Indulgence,540,1,3,,,,,,,50.0,,,,,
mistral,Indulgence,541,1,1,,,,,,,25.0,,,,,
mistral,Indulgence,541,1,2,,,,,,,25.0,,,,,
mistral,Indulgence,541,1,3,,,,,,,25.0,,,,,
mistral,Indulgence,543,1,1,,,,,,,25.0,,,,,
mistral,Indulgence,543,1,2,,,,,,,25.0,,,,,
mistral,Indulgence,543,1,3,,,,,,,25.0,,,,,
mistral,Indulgence,545,1,1,,,,,,,25.0,,,,,
mistral,Indulgence,545,1,2,,,,,,,25.0,,,,,
mistral,Indulgence,545,1,3,,,,,,,25.0,,,,,
mistral,Indulgence,546,1,1,,,,,,,0.0,,,,,
mistral,Indulgence,546,1,2,,,,,,,0.0,,,,,
mistral,Indulgence,546,1,3,,,,,,,0.0,,,,,
mistral,Indulgence,550,1,1,,,,,,,25.0,,,,,
mistral,Indulgence,550,1,2,,,,,,,25.0,,,,,
mistral,Indulgence,550,1,3,,,,,,,25.0,,,,,
mistral,Indulgence,551,1,1,,,,,,,0.0,,,,,
mistral,Indulgence,551,1,2,,,,,,,0.0,,,,,
mistral,Indulgence,551,1,3,,,,,,,0.0,,,,,
mistral,Indulgence,552,1,1,,,,,,,25.0,,,,,
mistral,Indulgence,552,1,2,,,,,,,25.0,,,,,
mistral,Indulgence,552,1,3,,,,,,,25.0,,,,,
mistral,Indulgence,553,1,1,,,,,,,25.0,,,,,
mistral,Indulgence,553,1,2,,,,,,,25.0,,,,,
mistral,Indulgence,553,1,3,,,,,,,25.0,,,,,
mistral,Indulgence,554,1,1,,,,,,,25.0,,,,,
mistral,Indulgence,554,1,2,,,,,,,25.0,,,,,
mistral,Indulgence,554,1,3,,,,,,,25.0,,,,,
mistral,Indulgence,555,1,1,,,,,,,75.0,,,,,
mistral,Indulgence,555,1,2,,,,,,,75.0,,,,,
mistral,Indulgence,555,1,3,,,,,,,75.0,,,,,
mistral,Indulgence,557,1,1,,,,,,,0.0,,,,,
mistral,Indulgence,557,1,2,,,,,,,0.0,,,,,
mistral,Indulgence,557,1,3,,,,,,,0.0,,,,,
mistral,Indulgence,558,1,1,,,,,,,25.0,,,,,
mistral,Indulgence,558,1,2,,,,,,,25.0,,,,,
mistral,Indulgence,558,1,3,,,,,,,25.0,,,,,
mistral,Indulgence,560,1,1,,,,,,,25.0,,,,,
mistral,Indulgence,560,1,2,,,,,,,25.0,,,,,
mistral,Indulgence,560,1,3,,,,,,,25.0,,,,,
mistral,Indulgence,561,1,1,,,,,,,50.0,,,,,
mistral,Indulgence,561,1,2,,,,,,,50.0,,,,,
mistral,Indulgence,561,1,3,,,,,,,50.0,,,,,
mistral,Indulgence,563,1,1,,,,,,,25.0,,,,,
mistral,Indulgence,563,1,2,,,,,,,25.0,,,,,
mistral,Indulgence,563,1,3,,,,,,,25.0,,,,,
mistral,Indulgence,564,1,1,,,,,,,0.0,,,,,
mistral,Indulgence,564,1,2,,,,,,,0.0,,,,,
mistral,Indulgence,564,1,3,,,,,,,0.0,,,,,
mistral,Indulgence,565,1,1,,,,,,,0.0,,,,,
mistral,Indulgence,565,1,2,,,,,,,0.0,,,,,
mistral,Indulgence,565,1,3,,,,,,,0.0,,,,,
mistral,Indulgence,566,1,1,,,,,,,0.0,,,,,
mistral,Indulgence,566,1,2,,,,,,,0.0,,,,,
mistral,Indulgence,566,1,3,,,,,,,0.0,,,,,
mistral,Indulgence,567,1,1,,,,,,,25.0,,,,,
mistral,Indulgence,567,1,2,,,,,,,25.0,,,,,
mistral,Indulgence,567,1,3,,,,,,,25.0,,,,,
mistral,Indulgence,568,1,1,,,,,,,0.0,,,,,
mistral,Indulgence,568,1,2,,,,,,,0.0,,,,,
mistral,Indulgence,568,1,3,,,,,,,0.0,,,,,
mistral,Indulgence,569,1,1,,,,,,,25.0,,,,,
mistral,Indulgence,569,1,2,,,,,,,25.0,,,,,
mistral,Indulgence,569,1,3,,,,,,,25.0,,,,,
mistral,Indulgence,570,1,1,,,,,,,75.0,,,,,
mistral,Indulgence,570,1,2,,,,,,,75.0,,,,,
mistral,Indulgence,570,1,3,,,,,,,75.0,,,,,
mistral,Indulgence,571,1,1,,,,,,,25.0,,,,,
mistral,Indulgence,571,1,2,,,,,,,25.0,,,,,
mistral,Indulgence,571,1,3,,,,,,,25.0,,,,,
mistral,Indulgence,572,1,1,,,,,,,25.0,,,,,
mistral,Indulgence,572,1,2,,,,,,,25.0,,,,,
mistral,Indulgence,572,1,3,,,,,,,25.0,,,,,
mistral,Indulgence,573,1,1,,,,,,,25.0,,,,,
mistral,Indulgence,573,1,2,,,,,,,25.0,,,,,
mistral,Indulgence,573,1,3,,,,,,,25.0,,,,,
mistral,Indulgence,574,1,1,,,,,,,25.0,,,,,
mistral,Indulgence,574,1,2,,,,,,,25.0,,,,,
mistral,Indulgence,574,1,3,,,,,,,25.0,,,,,
mistral,Indulgence,575,1,1,,,,,,,25.0,,,,,
mistral,Indulgence,575,1,2,,,,,,,25.0,,,,,
mistral,Indulgence,575,1,3,,,,,,,25.0,,,,,
mistral,Indulgence,576,1,1,,,,,,,25.0,,,,,
mistral,Indulgence,576,1,2,,,,,,,25.0,,,,,
mistral,Indulgence,576,1,3,,,,,,,25.0,,,,,
mistral,Indulgence,578,1,1,,,,,,,0.0,,,,,
mistral,Indulgence,578,1,2,,,,,,,0.0,,,,,
mistral,Indulgence,578,1,3,,,,,,,0.0,,,,,
mistral,Indulgence,579,1,1,,,,,,,25.0,,,,,
mistral,Indulgence,579,1,2,,,,,,,25.0,,,,,
mistral,Indulgence,579,1,3,,,,,,,25.0,,,,,
mistral,Indulgence,581,1,1,,,,,,,25.0,,,,,
mistral,Indulgence,581,1,2,,,,,,,25.0,,,,,
mistral,Indulgence,581,1,3,,,,,,,25.0,,,,,
mistral,Indulgence,582,1,1,,,,,,,25.0,,,,,
mistral,Indulgence,582,1,2,,,,,,,25.0,,,,,
mistral,Indulgence,582,1,3,,,,,,,25.0,,,,,
mistral,Indulgence,584,1,1,,,,,,,0.0,,,,,
mistral,Indulgence,584,1,2,,,,,,,0.0,,,,,
mistral,Indulgence,584,1,3,,,,,,,0.0,,,,,
mistral,Indulgence,585,1,1,,,,,,,25.0,,,,,
mistral,Indulgence,585,1,2,,,,,,,25.0,,,,,
mistral,Indulgence,585,1,3,,,,,,,25.0,,,,,
mistral,Indulgence,589,1,1,,,,,,,25.0,,,,,
mistral,Indulgence,589,1,2,,,,,,,25.0,,,,,
mistral,Indulgence,589,1,3,,,,,,,25.0,,,,,
mistral,Indulgence,590,1,1,,,,,,,75.0,,,,,
mistral,Indulgence,590,1,2,,,,,,,75.0,,,,,
mistral,Indulgence,590,1,3,,,,,,,75.0,,,,,
mistral,Indulgence,591,1,1,,,,,,,25.0,,,,,
mistral,Indulgence,591,1,2,,,,,,,25.0,,,,,
mistral,Indulgence,591,1,3,,,,,,,25.0,,,,,
mistral,Indulgence,592,1,1,,,,,,,50.0,,,,,
mistral,Indulgence,592,1,2,,,,,,,50.0,,,,,
mistral,Indulgence,592,1,3,,,,,,,50.0,,,,,
mistral,Indulgence,594,1,1,,,,,,,50.0,,,,,
mistral,Indulgence,594,1,2,,,,,,,50.0,,,,,
mistral,Indulgence,594,1,3,,,,,,,50.0,,,,,
mistral,Indulgence,596,1,1,,,,,,,50.0,,,,,
mistral,Indulgence,596,1,2,,,,,,,50.0,,,,,
mistral,Indulgence,596,1,3,,,,,,,50.0,,,,,
mistral,Indulgence,597,1,1,,,,,,,50.0,,,,,
mistral,Indulgence,597,1,2,,,,,,,50.0,,,,,
mistral,Indulgence,597,1,3,,,,,,,50.0,,,,,
mistral,Indulgence,599,1,1,,,,,,,25.0,,,,,
mistral,Indulgence,599,1,2,,,,,,,25.0,,,,,
mistral,Indulgence,599,1,3,,,,,,,25.0,,,,,
mistral,Indulgence,601,1,1,,,,,,,50.0,,,,,
mistral,Indulgence,601,1,2,,,,,,,50.0,,,,,
mistral,Indulgence,601,1,3,,,,,,,50.0,,,,,
mistral,Indulgence,602,1,1,,,,,,,25.0,,,,,
mistral,Indulgence,602,1,2,,,,,,,25.0,,,,,
mistral,Indulgence,602,1,3,,,,,,,25.0,,,,,
mistral,Indulgence,605,1,1,,,,,,,25.0,,,,,
mistral,Indulgence,605,1,2,,,,,,,25.0,,,,,
mistral,Indulgence,605,1,3,,,,,,,25.0,,,,,
mistral,Indulgence,608,1,1,,,,,,,25.0,,,,,
mistral,Indulgence,608,1,2,,,,,,,25.0,,,,,
mistral,Indulgence,608,1,3,,,,,,,25.0,,,,,
mistral,Indulgence,609,1,1,,,,,,,0.0,,,,,
mistral,Indulgence,609,1,2,,,,,,,0.0,,,,,
mistral,Indulgence,609,1,3,,,,,,,0.0,,,,,
mistral,Indulgence,611,1,1,,,,,,,25.0,,,,,
mistral,Indulgence,611,1,2,,,,,,,25.0,,,,,
mistral,Indulgence,611,1,3,,,,,,,25.0,,,,,
mistral,Indulgence,612,1,1,,,,,,,25.0,,,,,
mistral,Indulgence,612,1,2,,,,,,,25.0,,,,,
mistral,Indulgence,612,1,3,,,,,,,25.0,,,,,
mistral,Indulgence,614,1,1,,,,,,,75.0,,,,,
mistral,Indulgence,614,1,2,,,,,,,75.0,,,,,
mistral,Indulgence,614,1,3,,,,,,,75.0,,,,,
mistral,Indulgence,618,1,1,,,,,,,25.0,,,,,
mistral,Indulgence,618,1,2,,,,,,,25.0,,,,,
mistral,Indulgence,618,1,3,,,,,,,25.0,,,,,
mistral,Indulgence,619,1,1,,,,,,,25.0,,,,,
mistral,Indulgence,619,1,2,,,,,,,25.0,,,,,
mistral,Indulgence,619,1,3,,,,,,,25.0,,,,,
mistral,Indulgence,620,1,1,,,,,,,25.0,,,,,
mistral,Indulgence,620,1,2,,,,,,,25.0,,,,,
mistral,Indulgence,620,1,3,,,,,,,25.0,,,,,
mistral,Indulgence,621,1,1,,,,,,,25.0,,,,,
mistral,Indulgence,621,1,2,,,,,,,25.0,,,,,
mistral,Indulgence,621,1,3,,,,,,,25.0,,,,,
mistral,Indulgence,622,1,1,,,,,,,25.0,,,,,
mistral,Indulgence,622,1,2,,,,,,,25.0,,,,,
mistral,Indulgence,622,1,3,,,,,,,25.0,,,,,
mistral,Indulgence,623,1,1,,,,,,,25.0,,,,,
mistral,Indulgence,623,1,2,,,,,,,25.0,,,,,
mistral,Indulgence,623,1,3,,,,,,,25.0,,,,,
mistral,Indulgence,624,1,1,,,,,,,25.0,,,,,
mistral,Indulgence,624,1,2,,,,,,,25.0,,,,,
mistral,Indulgence,624,1,3,,,,,,,25.0,,,,,
mistral,Indulgence,627,1,1,,,,,,,25.0,,,,,
mistral,Indulgence,627,1,2,,,,,,,25.0,,,,,
mistral,Indulgence,627,1,3,,,,,,,25.0,,,,,
mistral,Indulgence,630,1,1,,,,,,,0.0,,,,,
mistral,Indulgence,630,1,2,,,,,,,0.0,,,,,
mistral,Indulgence,630,1,3,,,,,,,0.0,,,,,
mistral,Indulgence,636,1,1,,,,,,,25.0,,,,,
mistral,Indulgence,636,1,2,,,,,,,25.0,,,,,
mistral,Indulgence,636,1,3,,,,,,,25.0,,,,,
mistral,Indulgence,637,1,1,,,,,,,25.0,,,,,
mistral,Indulgence,637,1,2,,,,,,,25.0,,,,,
mistral,Indulgence,637,1,3,,,,,,,25.0,,,,,
mistral,Indulgence,639,1,1,,,,,,,25.0,,,,,
mistral,Indulgence,639,1,2,,,,,,,25.0,,,,,
mistral,Indulgence,639,1,3,,,,,,,25.0,,,,,
mistral,Indulgence,641,1,1,,,,,,,25.0,,,,,
mistral,Indulgence,641,1,2,,,,,,,25.0,,,,,
mistral,Indulgence,641,1,3,,,,,,,25.0,,,,,
mistral,Indulgence,642,1,1,,,,,,,25.0,,,,,
mistral,Indulgence,642,1,2,,,,,,,25.0,,,,,
mistral,Indulgence,642,1,3,,,,,,,25.0,,,,,
mistral,Indulgence,643,1,1,,,,,,,25.0,,,,,
mistral,Indulgence,643,1,2,,,,,,,25.0,,,,,
mistral,Indulgence,643,1,3,,,,,,,25.0,,,,,
mistral,Indulgence,644,1,1,,,,,,,25.0,,,,,
mistral,Indulgence,644,1,2,,,,,,,25.0,,,,,
mistral,Indulgence,644,1,3,,,,,,,25.0,,,,,
mistral,Indulgence,646,1,1,,,,,,,25.0,,,,,
mistral,Indulgence,646,1,2,,,,,,,25.0,,,,,
mistral,Indulgence,646,1,3,,,,,,,25.0,,,,,
mistral,Indulgence,647,1,1,,,,,,,25.0,,,,,
mistral,Indulgence,647,1,2,,,,,,,25.0,,,,,
mistral,Indulgence,647,1,3,,,,,,,25.0,,,,,
mistral,Indulgence,649,1,1,,,,,,,25.0,,,,,
mistral,Indulgence,649,1,2,,,,,,,25.0,,,,,
mistral,Indulgence,649,1,3,,,,,,,25.0,,,,,
mistral,Indulgence,650,1,1,,,,,,,50.0,,,,,
mistral,Indulgence,650,1,2,,,,,,,50.0,,,,,
mistral,Indulgence,650,1,3,,,,,,,50.0,,,,,
mistral,Indulgence,653,1,1,,,,,,,100.0,,,,,
mistral,Indulgence,653,1,2,,,,,,,100.0,,,,,
mistral,Indulgence,653,1,3,,,,,,,100.0,,,,,
mistral,Indulgence,655,1,1,,,,,,,25.0,,,,,
mistral,Indulgence,655,1,2,,,,,,,25.0,,,,,
mistral,Indulgence,655,1,3,,,,,,,25.0,,,,,
mistral,Indulgence,656,1,1,,,,,,,25.0,,,,,
mistral,Indulgence,656,1,2,,,,,,,25.0,,,,,
mistral,Indulgence,656,1,3,,,,,,,25.0,,,,,
mistral,Indulgence,658,1,1,,,,,,,0.0,,,,,
mistral,Indulgence,658,1,2,,,,,,,0.0,,,,,
mistral,Indulgence,658,1,3,,,,,,,0.0,,,,,
mistral,Indulgence,661,1,1,,,,,,,25.0,,,,,
mistral,Indulgence,661,1,2,,,,,,,25.0,,,,,
mistral,Indulgence,661,1,3,,,,,,,25.0,,,,,
mistral,Indulgence,664,1,1,,,,,,,25.0,,,,,
mistral,Indulgence,664,1,2,,,,,,,25.0,,,,,
mistral,Indulgence,664,1,3,,,,,,,25.0,,,,,
mistral,Indulgence,665,1,1,,,,,,,25.0,,,,,
mistral,Indulgence,665,1,2,,,,,,,25.0,,,,,
mistral,Indulgence,665,1,3,,,,,,,25.0,,,,,
mistral,Indulgence,666,1,1,,,,,,,25.0,,,,,
mistral,Indulgence,666,1,2,,,,,,,25.0,,,,,
mistral,Indulgence,666,1,3,,,,,,,25.0,,,,,
mistral,Indulgence,667,1,1,,,,,,,50.0,,,,,
mistral,Indulgence,667,1,2,,,,,,,50.0,,,,,
mistral,Indulgence,667,1,3,,,,,,,50.0,,,,,
mistral,Indulgence,668,1,1,,,,,,,50.0,,,,,
mistral,Indulgence,668,1,2,,,,,,,50.0,,,,,
mistral,Indulgence,668,1,3,,,,,,,50.0,,,,,
mistral,Indulgence,670,1,1,,,,,,,75.0,,,,,
mistral,Indulgence,670,1,2,,,,,,,75.0,,,,,
mistral,Indulgence,670,1,3,,,,,,,75.0,,,,,
mistral,Indulgence,674,1,1,,,,,,,25.0,,,,,
mistral,Indulgence,674,1,2,,,,,,,25.0,,,,,
mistral,Indulgence,674,1,3,,,,,,,25.0,,,,,
mistral,Indulgence,675,1,1,,,,,,,0.0,,,,,
mistral,Indulgence,675,1,2,,,,,,,0.0,,,,,
mistral,Indulgence,675,1,3,,,,,,,0.0,,,,,
mistral,Indulgence,678,1,1,,,,,,,25.0,,,,,
mistral,Indulgence,678,1,2,,,,,,,25.0,,,,,
mistral,Indulgence,678,1,3,,,,,,,25.0,,,,,
mistral,Indulgence,679,1,1,,,,,,,25.0,,,,,
mistral,Indulgence,679,1,2,,,,,,,25.0,,,,,
mistral,Indulgence,679,1,3,,,,,,,25.0,,,,,
mistral,Indulgence,686,1,1,,,,,,,25.0,,,,,
mistral,Indulgence,686,1,2,,,,,,,25.0,,,,,
mistral,Indulgence,686,1,3,,,,,,,25.0,,,,,
mistral,Indulgence,687,1,1,,,,,,,50.0,,,,,
mistral,Indulgence,687,1,2,,,,,,,50.0,,,,,
mistral,Indulgence,687,1,3,,,,,,,50.0,,,,,
mistral,Indulgence,693,1,1,,,,,,,25.0,,,,,
mistral,Indulgence,693,1,2,,,,,,,25.0,,,,,
mistral,Indulgence,693,1,3,,,,,,,25.0,,,,,
mistral,Indulgence,694,1,1,,,,,,,25.0,,,,,
mistral,Indulgence,694,1,2,,,,,,,25.0,,,,,
mistral,Indulgence,694,1,3,,,,,,,25.0,,,,,
mistral,Indulgence,695,1,1,,,,,,,25.0,,,,,
mistral,Indulgence,695,1,2,,,,,,,25.0,,,,,
mistral,Indulgence,695,1,3,,,,,,,25.0,,,,,
mistral,Indulgence,696,1,1,,,,,,,0.0,,,,,
mistral,Indulgence,696,1,2,,,,,,,0.0,,,,,
mistral,Indulgence,696,1,3,,,,,,,0.0,,,,,
mistral,Indulgence,697,1,1,,,,,,,25.0,,,,,
mistral,Indulgence,697,1,2,,,,,,,25.0,,,,,
mistral,Indulgence,697,1,3,,,,,,,25.0,,,,,
mistral,Indulgence,703,1,1,,,,,,,50.0,,,,,
mistral,Indulgence,703,1,2,,,,,,,50.0,,,,,
mistral,Indulgence,703,1,3,,,,,,,50.0,,,,,
mistral,Indulgence,705,1,1,,,,,,,25.0,,,,,
mistral,Indulgence,705,1,2,,,,,,,25.0,,,,,
mistral,Indulgence,705,1,3,,,,,,,25.0,,,,,
mistral,Indulgence,706,1,1,,,,,,,25.0,,,,,
mistral,Indulgence,706,1,2,,,,,,,25.0,,,,,
mistral,Indulgence,706,1,3,,,,,,,25.0,,,,,
mistral,Long_Term_Orientation,1000,1,1,,,,,,,25.0,,,,,
mistral,Long_Term_Orientation,1000,1,2,,,,,,,25.0,,,,,
mistral,Long_Term_Orientation,1000,1,3,,,,,,,25.0,,,,,
mistral,Long_Term_Orientation,1001,1,1,,,,,,,0.0,,,,,
mistral,Long_Term_Orientation,1001,1,2,,,,,,,0.0,,,,,
mistral,Long_Term_Orientation,1001,1,3,,,,,,,0.0,,,,,
mistral,Long_Term_Orientation,1002,1,1,,,,,,,0.0,,,,,
mistral,Long_Term_Orientation,1002,1,2,,,,,,,0.0,,,,,
mistral,Long_Term_Orientation,1002,1,3,,,,,,,0.0,,,,,
mistral,Long_Term_Orientation,1003,1,1,,,,,,,25.0,,,,,
mistral,Long_Term_Orientation,1003,1,2,,,,,,,25.0,,,,,
mistral,Long_Term_Orientation,1003,1,3,,,,,,,25.0,,,,,
mistral,Long_Term_Orientation,1004,1,1,,,,,,,0.0,,,,,
mistral,Long_Term_Orientation,1004,1,2,,,,,,,0.0,,,,,
mistral,Long_Term_Orientation,1004,1,3,,,,,,,0.0,,,,,
mistral,Long_Term_Orientation,1005,1,1,,,,,,,25.0,,,,,
mistral,Long_Term_Orientation,1005,1,2,,,,,,,25.0,,,,,
mistral,Long_Term_Orientation,1005,1,3,,,,,,,25.0,,,,,
mistral,Long_Term_Orientation,1006,1,1,,,,,,,25.0,,,,,
mistral,Long_Term_Orientation,1006,1,2,,,,,,,25.0,,,,,
mistral,Long_Term_Orientation,1006,1,3,,,,,,,25.0,,,,,
mistral,Long_Term_Orientation,1007,1,1,,,,,,,0.0,,,,,
mistral,Long_Term_Orientation,1007,1,2,,,,,,,0.0,,,,,
mistral,Long_Term_Orientation,1007,1,3,,,,,,,0.0,,,,,
mistral,Long_Term_Orientation,1008,1,1,,,,,,,75.0,,,,,
mistral,Long_Term_Orientation,1008,1,2,,,,,,,75.0,,,,,
mistral,Long_Term_Orientation,1008,1,3,,,,,,,75.0,,,,,
mistral,Long_Term_Orientation,1009,1,1,,,,,,,50.0,,,,,
mistral,Long_Term_Orientation,1009,1,2,,,,,,,50.0,,,,,
mistral,Long_Term_Orientation,1009,1,3,,,,,,,50.0,,,,,
mistral,Long_Term_Orientation,1010,1,1,,,,,,,25.0,,,,,
mistral,Long_Term_Orientation,1010,1,2,,,,,,,25.0,,,,,
mistral,Long_Term_Orientation,1010,1,3,,,,,,,25.0,,,,,
mistral,Long_Term_Orientation,1011,1,1,,,,,,,0.0,,,,,
mistral,Long_Term_Orientation,1011,1,2,,,,,,,0.0,,,,,
mistral,Long_Term_Orientation,1011,1,3,,,,,,,0.0,,,,,
mistral,Long_Term_Orientation,1013,1,1,,,,,,,0.0,,,,,
mistral,Long_Term_Orientation,1013,1,2,,,,,,,0.0,,,,,
mistral,Long_Term_Orientation,1013,1,3,,,,,,,0.0,,,,,
mistral,Long_Term_Orientation,1015,1,1,,,,,,,50.0,,,,,
mistral,Long_Term_Orientation,1015,1,2,,,,,,,50.0,,,,,
mistral,Long_Term_Orientation,1015,1,3,,,,,,,50.0,,,,,
mistral,Long_Term_Orientation,1016,1,1,,,,,,,0.0,,,,,
mistral,Long_Term_Orientation,1016,1,2,,,,,,,0.0,,,,,
mistral,Long_Term_Orientation,1016,1,3,,,,,,,0.0,,,,,
mistral,Long_Term_Orientation,1017,1,1,,,,,,,25.0,,,,,
mistral,Long_Term_Orientation,1017,1,2,,,,,,,25.0,,,,,
mistral,Long_Term_Orientation,1017,1,3,,,,,,,25.0,,,,,
mistral,Long_Term_Orientation,1019,1,1,,,,,,,50.0,,,,,
mistral,Long_Term_Orientation,1019,1,2,,,,,,,50.0,,,,,
mistral,Long_Term_Orientation,1019,1,3,,,,,,,50.0,,,,,
mistral,Long_Term_Orientation,1020,1,1,,,,,,,25.0,,,,,
mistral,Long_Term_Orientation,1020,1,2,,,,,,,25.0,,,,,
mistral,Long_Term_Orientation,1020,1,3,,,,,,,25.0,,,,,
mistral,Long_Term_Orientation,1021,1,1,,,,,,,25.0,,,,,
mistral,Long_Term_Orientation,1021,1,2,,,,,,,25.0,,,,,
mistral,Long_Term_Orientation,1021,1,3,,,,,,,25.0,,,,,
mistral,Long_Term_Orientation,1024,1,1,,,,,,,0.0,,,,,
mistral,Long_Term_Orientation,1024,1,2,,,,,,,0.0,,,,,
mistral,Long_Term_Orientation,1024,1,3,,,,,,,0.0,,,,,
mistral,Long_Term_Orientation,1025,1,1,,,,,,,25.0,,,,,
mistral,Long_Term_Orientation,1025,1,2,,,,,,,25.0,,,,,
mistral,Long_Term_Orientation,1025,1,3,,,,,,,25.0,,,,,
mistral,Long_Term_Orientation,1026,1,1,,,,,,,25.0,,,,,
mistral,Long_Term_Orientation,1026,1,2,,,,,,,25.0,,,,,
mistral,Long_Term_Orientation,1026,1,3,,,,,,,25.0,,,,,
mistral,Long_Term_Orientation,1027,1,1,,,,,,,50.0,,,,,
mistral,Long_Term_Orientation,1027,1,2,,,,,,,50.0,,,,,
mistral,Long_Term_Orientation,1027,1,3,,,,,,,50.0,,,,,
mistral,Long_Term_Orientation,1031,1,1,,,,,,,0.0,,,,,
mistral,Long_Term_Orientation,1031,1,2,,,,,,,0.0,,,,,
mistral,Long_Term_Orientation,1031,1,3,,,,,,,0.0,,,,,
mistral,Long_Term_Orientation,1032,1,1,,,,,,,0.0,,,,,
mistral,Long_Term_Orientation,1032,1,2,,,,,,,0.0,,,,,
mistral,Long_Term_Orientation,1032,1,3,,,,,,,0.0,,,,,
mistral,Long_Term_Orientation,1033,1,1,,,,,,,25.0,,,,,
mistral,Long_Term_Orientation,1033,1,2,,,,,,,25.0,,,,,
mistral,Long_Term_Orientation,1033,1,3,,,,,,,25.0,,,,,
mistral,Long_Term_Orientation,1035,1,1,,,,,,,50.0,,,,,
mistral,Long_Term_Orientation,1035,1,2,,,,,,,50.0,,,,,
mistral,Long_Term_Orientation,1035,1,3,,,,,,,50.0,,,,,
mistral,Long_Term_Orientation,1036,1,1,,,,,,,25.0,,,,,
mistral,Long_Term_Orientation,1036,1,2,,,,,,,25.0,,,,,
mistral,Long_Term_Orientation,1036,1,3,,,,,,,25.0,,,,,
mistral,Long_Term_Orientation,1039,1,1,,,,,,,50.0,,,,,
mistral,Long_Term_Orientation,1039,1,2,,,,,,,50.0,,,,,
mistral,Long_Term_Orientation,1039,1,3,,,,,,,50.0,,,,,
mistral,Long_Term_Orientation,1040,1,1,,,,,,,25.0,,,,,
mistral,Long_Term_Orientation,1040,1,2,,,,,,,25.0,,,,,
mistral,Long_Term_Orientation,1040,1,3,,,,,,,25.0,,,,,
mistral,Long_Term_Orientation,1041,1,1,,,,,,,25.0,,,,,
mistral,Long_Term_Orientation,1041,1,2,,,,,,,25.0,,,,,
mistral,Long_Term_Orientation,1041,1,3,,,,,,,25.0,,,,,
mistral,Long_Term_Orientation,1042,1,1,,,,,,,25.0,,,,,
mistral,Long_Term_Orientation,1042,1,2,,,,,,,25.0,,,,,
mistral,Long_Term_Orientation,1042,1,3,,,,,,,25.0,,,,,
mistral,Long_Term_Orientation,1043,1,1,,,,,,,25.0,,,,,
mistral,Long_Term_Orientation,1043,1,2,,,,,,,25.0,,,,,
mistral,Long_Term_Orientation,1043,1,3,,,,,,,25.0,,,,,
mistral,Long_Term_Orientation,1048,1,1,,,,,,,25.0,,,,,
mistral,Long_Term_Orientation,1048,1,2,,,,,,,25.0,,,,,
mistral,Long_Term_Orientation,1048,1,3,,,,,,,25.0,,,,,
mistral,Long_Term_Orientation,1049,1,1,,,,,,,25.0,,,,,
mistral,Long_Term_Orientation,1049,1,2,,,,,,,25.0,,,,,
mistral,Long_Term_Orientation,1049,1,3,,,,,,,25.0,,,,,
mistral,Long_Term_Orientation,1050,1,1,,,,,,,25.0,,,,,
mistral,Long_Term_Orientation,1050,1,2,,,,,,,25.0,,,,,
mistral,Long_Term_Orientation,1050,1,3,,,,,,,25.0,,,,,
mistral,Long_Term_Orientation,1052,1,1,,,,,,,50.0,,,,,
mistral,Long_Term_Orientation,1052,1,2,,,,,,,50.0,,,,,
mistral,Long_Term_Orientation,1052,1,3,,,,,,,50.0,,,,,
mistral,Long_Term_Orientation,1053,1,1,,,,,,,0.0,,,,,
mistral,Long_Term_Orientation,1053,1,2,,,,,,,0.0,,,,,
mistral,Long_Term_Orientation,1053,1,3,,,,,,,0.0,,,,,
mistral,Long_Term_Orientation,1054,1,1,,,,,,,0.0,,,,,
mistral,Long_Term_Orientation,1054,1,2,,,,,,,0.0,,,,,
mistral,Long_Term_Orientation,1054,1,3,,,,,,,0.0,,,,,
mistral,Long_Term_Orientation,1055,1,1,,,,,,,0.0,,,,,
mistral,Long_Term_Orientation,1055,1,2,,,,,,,0.0,,,,,
mistral,Long_Term_Orientation,1055,1,3,,,,,,,0.0,,,,,
mistral,Long_Term_Orientation,1056,1,1,,,,,,,25.0,,,,,
mistral,Long_Term_Orientation,1056,1,2,,,,,,,25.0,,,,,
mistral,Long_Term_Orientation,1056,1,3,,,,,,,25.0,,,,,
mistral,Long_Term_Orientation,1057,1,1,,,,,,,25.0,,,,,
mistral,Long_Term_Orientation,1057,1,2,,,,,,,25.0,,,,,
mistral,Long_Term_Orientation,1057,1,3,,,,,,,25.0,,,,,
mistral,Long_Term_Orientation,1059,1,1,,,,,,,25.0,,,,,
mistral,Long_Term_Orientation,1059,1,2,,,,,,,25.0,,,,,
mistral,Long_Term_Orientation,1059,1,3,,,,,,,25.0,,,,,
mistral,Long_Term_Orientation,1060,1,1,,,,,,,25.0,,,,,
mistral,Long_Term_Orientation,1060,1,2,,,,,,,25.0,,,,,
mistral,Long_Term_Orientation,1060,1,3,,,,,,,25.0,,,,,
mistral,Long_Term_Orientation,1061,1,1,,,,,,,25.0,,,,,
mistral,Long_Term_Orientation,1061,1,2,,,,,,,25.0,,,,,
mistral,Long_Term_Orientation,1061,1,3,,,,,,,25.0,,,,,
mistral,Long_Term_Orientation,1062,1,1,,,,,,,0.0,,,,,
mistral,Long_Term_Orientation,1062,1,2,,,,,,,0.0,,,,,
mistral,Long_Term_Orientation,1062,1,3,,,,,,,0.0,,,,,
mistral,Long_Term_Orientation,1064,1,1,,,,,,,50.0,,,,,
mistral,Long_Term_Orientation,1064,1,2,,,,,,,50.0,,,,,
mistral,Long_Term_Orientation,1064,1,3,,,,,,,50.0,,,,,
mistral,Long_Term_Orientation,1065,1,1,,,,,,,0.0,,,,,
mistral,Long_Term_Orientation,1065,1,2,,,,,,,0.0,,,,,
mistral,Long_Term_Orientation,1065,1,3,,,,,,,0.0,,,,,
mistral,Long_Term_Orientation,1066,1,1,,,,,,,25.0,,,,,
mistral,Long_Term_Orientation,1066,1,2,,,,,,,25.0,,,,,
mistral,Long_Term_Orientation,1066,1,3,,,,,,,25.0,,,,,
mistral,Long_Term_Orientation,1070,1,1,,,,,,,25.0,,,,,
mistral,Long_Term_Orientation,1070,1,2,,,,,,,25.0,,,,,
mistral,Long_Term_Orientation,1070,1,3,,,,,,,25.0,,,,,
mistral,Long_Term_Orientation,1071,1,1,,,,,,,0.0,,,,,
mistral,Long_Term_Orientation,1071,1,2,,,,,,,0.0,,,,,
mistral,Long_Term_Orientation,1071,1,3,,,,,,,0.0,,,,,
mistral,Long_Term_Orientation,1075,1,1,,,,,,,75.0,,,,,
mistral,Long_Term_Orientation,1075,1,2,,,,,,,75.0,,,,,
mistral,Long_Term_Orientation,1075,1,3,,,,,,,75.0,,,,,
mistral,Long_Term_Orientation,1076,1,1,,,,,,,25.0,,,,,
mistral,Long_Term_Orientation,1076,1,2,,,,,,,25.0,,,,,
mistral,Long_Term_Orientation,1076,1,3,,,,,,,25.0,,,,,
mistral,Long_Term_Orientation,1077,1,1,,,,,,,25.0,,,,,
mistral,Long_Term_Orientation,1077,1,2,,,,,,,25.0,,,,,
mistral,Long_Term_Orientation,1077,1,3,,,,,,,25.0,,,,,
mistral,Long_Term_Orientation,1078,1,1,,,,,,,50.0,,,,,
mistral,Long_Term_Orientation,1078,1,2,,,,,,,50.0,,,,,
mistral,Long_Term_Orientation,1078,1,3,,,,,,,50.0,,,,,
mistral,Long_Term_Orientation,1079,1,1,,,,,,,0.0,,,,,
mistral,Long_Term_Orientation,1079,1,2,,,,,,,0.0,,,,,
mistral,Long_Term_Orientation,1079,1,3,,,,,,,0.0,,,,,
mistral,Long_Term_Orientation,1080,1,1,,,,,,,25.0,,,,,
mistral,Long_Term_Orientation,1080,1,2,,,,,,,25.0,,,,,
mistral,Long_Term_Orientation,1080,1,3,,,,,,,25.0,,,,,
mistral,Long_Term_Orientation,1082,1,1,,,,,,,25.0,,,,,
mistral,Long_Term_Orientation,1082,1,2,,,,,,,25.0,,,,,
mistral,Long_Term_Orientation,1082,1,3,,,,,,,25.0,,,,,
mistral,Long_Term_Orientation,1083,1,1,,,,,,,25.0,,,,,
mistral,Long_Term_Orientation,1083,1,2,,,,,,,25.0,,,,,
mistral,Long_Term_Orientation,1083,1,3,,,,,,,25.0,,,,,
mistral,Long_Term_Orientation,1084,1,1,,,,,,,25.0,,,,,
mistral,Long_Term_Orientation,1084,1,2,,,,,,,25.0,,,,,
mistral,Long_Term_Orientation,1084,1,3,,,,,,,25.0,,,,,
mistral,Long_Term_Orientation,1085,1,1,,,,,,,25.0,,,,,
mistral,Long_Term_Orientation,1085,1,2,,,,,,,25.0,,,,,
mistral,Long_Term_Orientation,1085,1,3,,,,,,,25.0,,,,,
mistral,Long_Term_Orientation,1086,1,1,,,,,,,25.0,,,,,
mistral,Long_Term_Orientation,1086,1,2,,,,,,,25.0,,,,,
mistral,Long_Term_Orientation,1086,1,3,,,,,,,25.0,,,,,
mistral,Long_Term_Orientation,1087,1,1,,,,,,,25.0,,,,,
mistral,Long_Term_Orientation,1087,1,2,,,,,,,25.0,,,,,
mistral,Long_Term_Orientation,1087,1,3,,,,,,,25.0,,,,,
mistral,Long_Term_Orientation,1088,1,1,,,,,,,0.0,,,,,
mistral,Long_Term_Orientation,1088,1,2,,,,,,,0.0,,,,,
mistral,Long_Term_Orientation,1088,1,3,,,,,,,0.0,,,,,
mistral,Long_Term_Orientation,1089,1,1,,,,,,,100.0,,,,,
mistral,Long_Term_Orientation,1089,1,2,,,,,,,100.0,,,,,
mistral,Long_Term_Orientation,1089,1,3,,,,,,,100.0,,,,,
mistral,Long_Term_Orientation,1091,1,1,,,,,,,0.0,,,,,
mistral,Long_Term_Orientation,1091,1,2,,,,,,,0.0,,,,,
mistral,Long_Term_Orientation,1091,1,3,,,,,,,0.0,,,,,
mistral,Long_Term_Orientation,1092,1,1,,,,,,,25.0,,,,,
mistral,Long_Term_Orientation,1092,1,2,,,,,,,25.0,,,,,
mistral,Long_Term_Orientation,1092,1,3,,,,,,,25.0,,,,,
mistral,Long_Term_Orientation,1094,1,1,,,,,,,25.0,,,,,
mistral,Long_Term_Orientation,1094,1,2,,,,,,,25.0,,,,,
mistral,Long_Term_Orientation,1094,1,3,,,,,,,25.0,,,,,
mistral,Long_Term_Orientation,1096,1,1,,,,,,,25.0,,,,,
mistral,Long_Term_Orientation,1096,1,2,,,,,,,25.0,,,,,
mistral,Long_Term_Orientation,1096,1,3,,,,,,,25.0,,,,,
mistral,Long_Term_Orientation,1098,1,1,,,,,,,0.0,,,,,
mistral,Long_Term_Orientation,1098,1,2,,,,,,,0.0,,,,,
mistral,Long_Term_Orientation,1098,1,3,,,,,,,0.0,,,,,
mistral,Long_Term_Orientation,1099,1,1,,,,,,,25.0,,,,,
mistral,Long_Term_Orientation,1099,1,2,,,,,,,25.0,,,,,
mistral,Long_Term_Orientation,1099,1,3,,,,,,,25.0,,,,,
mistral,Long_Term_Orientation,1100,1,1,,,,,,,25.0,,,,,
mistral,Long_Term_Orientation,1100,1,2,,,,,,,25.0,,,,,
mistral,Long_Term_Orientation,1100,1,3,,,,,,,25.0,,,,,
mistral,Long_Term_Orientation,1101,1,1,,,,,,,50.0,,,,,
mistral,Long_Term_Orientation,1101,1,2,,,,,,,50.0,,,,,
mistral,Long_Term_Orientation,1101,1,3,,,,,,,50.0,,,,,
mistral,Long_Term_Orientation,1102,1,1,,,,,,,0.0,,,,,
mistral,Long_Term_Orientation,1102,1,2,,,,,,,0.0,,,,,
mistral,Long_Term_Orientation,1102,1,3,,,,,,,0.0,,,,,
mistral,Long_Term_Orientation,1103,1,1,,,,,,,25.0,,,,,
mistral,Long_Term_Orientation,1103,1,2,,,,,,,25.0,,,,,
mistral,Long_Term_Orientation,1103,1,3,,,,,,,25.0,,,,,
mistral,Long_Term_Orientation,1106,1,1,,,,,,,25.0,,,,,
mistral,Long_Term_Orientation,1106,1,2,,,,,,,25.0,,,,,
mistral,Long_Term_Orientation,1106,1,3,,,,,,,25.0,,,,,
mistral,Long_Term_Orientation,1107,1,1,,,,,,,0.0,,,,,
mistral,Long_Term_Orientation,1107,1,2,,,,,,,0.0,,,,,
mistral,Long_Term_Orientation,1107,1,3,,,,,,,0.0,,,,,
mistral,Long_Term_Orientation,1109,1,1,,,,,,,50.0,,,,,
mistral,Long_Term_Orientation,1109,1,2,,,,,,,50.0,,,,,
mistral,Long_Term_Orientation,1109,1,3,,,,,,,50.0,,,,,
mistral,Long_Term_Orientation,1110,1,1,,,,,,,50.0,,,,,
mistral,Long_Term_Orientation,1110,1,2,,,,,,,50.0,,,,,
mistral,Long_Term_Orientation,1110,1,3,,,,,,,50.0,,,,,
mistral,Long_Term_Orientation,1112,1,1,,,,,,,0.0,,,,,
mistral,Long_Term_Orientation,1112,1,2,,,,,,,0.0,,,,,
mistral,Long_Term_Orientation,1112,1,3,,,,,,,0.0,,,,,
mistral,Long_Term_Orientation,1113,1,1,,,,,,,50.0,,,,,
mistral,Long_Term_Orientation,1113,1,2,,,,,,,50.0,,,,,
mistral,Long_Term_Orientation,1113,1,3,,,,,,,50.0,,,,,
mistral,Long_Term_Orientation,1115,1,1,,,,,,,25.0,,,,,
mistral,Long_Term_Orientation,1115,1,2,,,,,,,25.0,,,,,
mistral,Long_Term_Orientation,1115,1,3,,,,,,,25.0,,,,,
mistral,Long_Term_Orientation,1117,1,1,,,,,,,25.0,,,,,
mistral,Long_Term_Orientation,1117,1,2,,,,,,,25.0,,,,,
mistral,Long_Term_Orientation,1117,1,3,,,,,,,25.0,,,,,
mistral,Long_Term_Orientation,1119,1,1,,,,,,,25.0,,,,,
mistral,Long_Term_Orientation,1119,1,2,,,,,,,25.0,,,,,
mistral,Long_Term_Orientation,1119,1,3,,,,,,,25.0,,,,,
mistral,Long_Term_Orientation,1120,1,1,,,,,,,25.0,,,,,
mistral,Long_Term_Orientation,1120,1,2,,,,,,,25.0,,,,,
mistral,Long_Term_Orientation,1120,1,3,,,,,,,25.0,,,,,
mistral,Long_Term_Orientation,1121,1,1,,,,,,,0.0,,,,,
mistral,Long_Term_Orientation,1121,1,2,,,,,,,0.0,,,,,
mistral,Long_Term_Orientation,1121,1,3,,,,,,,0.0,,,,,
mistral,Long_Term_Orientation,1125,1,1,,,,,,,75.0,,,,,
mistral,Long_Term_Orientation,1125,1,2,,,,,,,75.0,,,,,
mistral,Long_Term_Orientation,1125,1,3,,,,,,,75.0,,,,,
mistral,Long_Term_Orientation,1126,1,1,,,,,,,0.0,,,,,
mistral,Long_Term_Orientation,1126,1,2,,,,,,,0.0,,,,,
mistral,Long_Term_Orientation,1126,1,3,,,,,,,0.0,,,,,
mistral,Long_Term_Orientation,1128,1,1,,,,,,,25.0,,,,,
mistral,Long_Term_Orientation,1128,1,2,,,,,,,25.0,,,,,
mistral,Long_Term_Orientation,1128,1,3,,,,,,,25.0,,,,,
mistral,Long_Term_Orientation,1129,1,1,,,,,,,75.0,,,,,
mistral,Long_Term_Orientation,1129,1,2,,,,,,,75.0,,,,,
mistral,Long_Term_Orientation,1129,1,3,,,,,,,75.0,,,,,
mistral,Long_Term_Orientation,1136,1,1,,,,,,,50.0,,,,,
mistral,Long_Term_Orientation,1136,1,2,,,,,,,50.0,,,,,
mistral,Long_Term_Orientation,1136,1,3,,,,,,,50.0,,,,,
mistral,Long_Term_Orientation,1137,1,1,,,,,,,50.0,,,,,
mistral,Long_Term_Orientation,1137,1,2,,,,,,,50.0,,,,,
mistral,Long_Term_Orientation,1137,1,3,,,,,,,50.0,,,,,
mistral,Long_Term_Orientation,1139,1,1,,,,,,,25.0,,,,,
mistral,Long_Term_Orientation,1139,1,2,,,,,,,25.0,,,,,
mistral,Long_Term_Orientation,1139,1,3,,,,,,,25.0,,,,,
mistral,Long_Term_Orientation,1141,1,1,,,,,,,0.0,,,,,
mistral,Long_Term_Orientation,1141,1,2,,,,,,,0.0,,,,,
mistral,Long_Term_Orientation,1141,1,3,,,,,,,0.0,,,,,
mistral,Long_Term_Orientation,1143,1,1,,,,,,,25.0,,,,,
mistral,Long_Term_Orientation,1143,1,2,,,,,,,25.0,,,,,
mistral,Long_Term_Orientation,1143,1,3,,,,,,,25.0,,,,,
mistral,Long_Term_Orientation,1146,1,1,,,,,,,25.0,,,,,
mistral,Long_Term_Orientation,1146,1,2,,,,,,,25.0,,,,,
mistral,Long_Term_Orientation,1146,1,3,,,,,,,25.0,,,,,
mistral,Long_Term_Orientation,1148,1,1,,,,,,,0.0,,,,,
mistral,Long_Term_Orientation,1148,1,2,,,,,,,0.0,,,,,
mistral,Long_Term_Orientation,1148,1,3,,,,,,,0.0,,,,,
mistral,Long_Term_Orientation,1151,1,1,,,,,,,25.0,,,,,
mistral,Long_Term_Orientation,1151,1,2,,,,,,,25.0,,,,,
mistral,Long_Term_Orientation,1151,1,3,,,,,,,25.0,,,,,
mistral,Long_Term_Orientation,1152,1,1,,,,,,,0.0,,,,,
mistral,Long_Term_Orientation,1152,1,2,,,,,,,0.0,,,,,
mistral,Long_Term_Orientation,1152,1,3,,,,,,,0.0,,,,,
mistral,Long_Term_Orientation,1153,1,1,,,,,,,50.0,,,,,
mistral,Long_Term_Orientation,1153,1,2,,,,,,,50.0,,,,,
mistral,Long_Term_Orientation,1153,1,3,,,,,,,50.0,,,,,
mistral,Long_Term_Orientation,1154,1,1,,,,,,,25.0,,,,,
mistral,Long_Term_Orientation,1154,1,2,,,,,,,25.0,,,,,
mistral,Long_Term_Orientation,1154,1,3,,,,,,,25.0,,,,,
mistral,Long_Term_Orientation,1155,1,1,,,,,,,75.0,,,,,
mistral,Long_Term_Orientation,1155,1,2,,,,,,,75.0,,,,,
mistral,Long_Term_Orientation,1155,1,3,,,,,,,75.0,,,,,
mistral,Long_Term_Orientation,1156,1,1,,,,,,,25.0,,,,,
mistral,Long_Term_Orientation,1156,1,2,,,,,,,25.0,,,,,
mistral,Long_Term_Orientation,1156,1,3,,,,,,,25.0,,,,,
mistral,Long_Term_Orientation,1158,1,1,,,,,,,25.0,,,,,
mistral,Long_Term_Orientation,1158,1,2,,,,,,,25.0,,,,,
mistral,Long_Term_Orientation,1158,1,3,,,,,,,25.0,,,,,
mistral,Long_Term_Orientation,1159,1,1,,,,,,,0.0,,,,,
mistral,Long_Term_Orientation,1159,1,2,,,,,,,0.0,,,,,
mistral,Long_Term_Orientation,1159,1,3,,,,,,,0.0,,,,,
mistral,Long_Term_Orientation,1160,1,1,,,,,,,50.0,,,,,
mistral,Long_Term_Orientation,1160,1,2,,,,,,,50.0,,,,,
mistral,Long_Term_Orientation,1160,1,3,,,,,,,50.0,,,,,
mistral,Long_Term_Orientation,1164,1,1,,,,,,,25.0,,,,,
mistral,Long_Term_Orientation,1164,1,2,,,,,,,25.0,,,,,
mistral,Long_Term_Orientation,1164,1,3,,,,,,,25.0,,,,,
mistral,Long_Term_Orientation,1166,1,1,,,,,,,0.0,,,,,
mistral,Long_Term_Orientation,1166,1,2,,,,,,,0.0,,,,,
mistral,Long_Term_Orientation,1166,1,3,,,,,,,0.0,,,,,
mistral,Long_Term_Orientation,1168,1,1,,,,,,,25.0,,,,,
mistral,Long_Term_Orientation,1168,1,2,,,,,,,25.0,,,,,
mistral,Long_Term_Orientation,1168,1,3,,,,,,,25.0,,,,,
mistral,Long_Term_Orientation,1172,1,1,,,,,,,25.0,,,,,
mistral,Long_Term_Orientation,1172,1,2,,,,,,,25.0,,,,,
mistral,Long_Term_Orientation,1172,1,3,,,,,,,25.0,,,,,
mistral,Long_Term_Orientation,1173,1,1,,,,,,,25.0,,,,,
mistral,Long_Term_Orientation,1173,1,2,,,,,,,25.0,,,,,
mistral,Long_Term_Orientation,1173,1,3,,,,,,,25.0,,,,,
mistral,Long_Term_Orientation,1179,1,1,,,,,,,25.0,,,,,
mistral,Long_Term_Orientation,1179,1,2,,,,,,,25.0,,,,,
mistral,Long_Term_Orientation,1179,1,3,,,,,,,25.0,,,,,
mistral,Long_Term_Orientation,1180,1,1,,,,,,,50.0,,,,,
mistral,Long_Term_Orientation,1180,1,2,,,,,,,50.0,,,,,
mistral,Long_Term_Orientation,1180,1,3,,,,,,,50.0,,,,,
mistral,Long_Term_Orientation,1181,1,1,,,,,,,25.0,,,,,
mistral,Long_Term_Orientation,1181,1,2,,,,,,,25.0,,,,,
mistral,Long_Term_Orientation,1181,1,3,,,,,,,25.0,,,,,
mistral,Long_Term_Orientation,1187,1,1,,,,,,,25.0,,,,,
mistral,Long_Term_Orientation,1187,1,2,,,,,,,25.0,,,,,
mistral,Long_Term_Orientation,1187,1,3,,,,,,,25.0,,,,,
mistral,Long_Term_Orientation,1189,1,1,,,,,,,25.0,,,,,
mistral,Long_Term_Orientation,1189,1,2,,,,,,,25.0,,,,,
mistral,Long_Term_Orientation,1189,1,3,,,,,,,25.0,,,,,
mistral,Long_Term_Orientation,1194,1,1,,,,,,,0.0,,,,,
mistral,Long_Term_Orientation,1194,1,2,,,,,,,0.0,,,,,
mistral,Long_Term_Orientation,1194,1,3,,,,,,,0.0,,,,,
mistral,Long_Term_Orientation,1218,1,1,,,,,,,100.0,,,,,
mistral,Long_Term_Orientation,1218,1,2,,,,,,,100.0,,,,,
mistral,Long_Term_Orientation,1218,1,3,,,,,,,100.0,,,,,
mistral,Long_Term_Orientation,1239,1,1,,,,,,,50.0,,,,,
mistral,Long_Term_Orientation,1239,1,2,,,,,,,50.0,,,,,
mistral,Long_Term_Orientation,1239,1,3,,,,,,,50.0,,,,,
mistral,Long_Term_Orientation,1240,1,1,,,,,,,25.0,,,,,
mistral,Long_Term_Orientation,1240,1,2,,,,,,,25.0,,,,,
mistral,Long_Term_Orientation,1240,1,3,,,,,,,25.0,,,,,
mistral,Long_Term_Orientation,975,1,1,,,,,,,50.0,,,,,
mistral,Long_Term_Orientation,975,1,2,,,,,,,50.0,,,,,
mistral,Long_Term_Orientation,975,1,3,,,,,,,50.0,,,,,
mistral,Long_Term_Orientation,976,1,1,,,,,,,0.0,,,,,
mistral,Long_Term_Orientation,976,1,2,,,,,,,0.0,,,,,
mistral,Long_Term_Orientation,976,1,3,,,,,,,0.0,,,,,
mistral,Long_Term_Orientation,977,1,1,,,,,,,0.0,,,,,
mistral,Long_Term_Orientation,977,1,2,,,,,,,0.0,,,,,
mistral,Long_Term_Orientation,977,1,3,,,,,,,0.0,,,,,
mistral,Long_Term_Orientation,978,1,1,,,,,,,0.0,,,,,
mistral,Long_Term_Orientation,978,1,2,,,,,,,0.0,,,,,
mistral,Long_Term_Orientation,978,1,3,,,,,,,0.0,,,,,
mistral,Long_Term_Orientation,979,1,1,,,,,,,0.0,,,,,
mistral,Long_Term_Orientation,979,1,2,,,,,,,0.0,,,,,
mistral,Long_Term_Orientation,979,1,3,,,,,,,0.0,,,,,
mistral,Long_Term_Orientation,980,1,1,,,,,,,0.0,,,,,
mistral,Long_Term_Orientation,980,1,2,,,,,,,0.0,,,,,
mistral,Long_Term_Orientation,980,1,3,,,,,,,0.0,,,,,
mistral,Long_Term_Orientation,981,1,1,,,,,,,25.0,,,,,
mistral,Long_Term_Orientation,981,1,2,,,,,,,25.0,,,,,
mistral,Long_Term_Orientation,981,1,3,,,,,,,25.0,,,,,
mistral,Long_Term_Orientation,982,1,1,,,,,,,50.0,,,,,
mistral,Long_Term_Orientation,982,1,2,,,,,,,50.0,,,,,
mistral,Long_Term_Orientation,982,1,3,,,,,,,50.0,,,,,
mistral,Long_Term_Orientation,983,1,1,,,,,,,0.0,,,,,
mistral,Long_Term_Orientation,983,1,2,,,,,,,0.0,,,,,
mistral,Long_Term_Orientation,983,1,3,,,,,,,0.0,,,,,
mistral,Long_Term_Orientation,984,1,1,,,,,,,25.0,,,,,
mistral,Long_Term_Orientation,984,1,2,,,,,,,25.0,,,,,
mistral,Long_Term_Orientation,984,1,3,,,,,,,25.0,,,,,
mistral,Long_Term_Orientation,985,1,1,,,,,,,0.0,,,,,
mistral,Long_Term_Orientation,985,1,2,,,,,,,0.0,,,,,
mistral,Long_Term_Orientation,985,1,3,,,,,,,0.0,,,,,
mistral,Long_Term_Orientation,987,1,1,,,,,,,100.0,,,,,
mistral,Long_Term_Orientation,987,1,2,,,,,,,100.0,,,,,
mistral,Long_Term_Orientation,987,1,3,,,,,,,100.0,,,,,
mistral,Long_Term_Orientation,989,1,1,,,,,,,75.0,,,,,
mistral,Long_Term_Orientation,989,1,2,,,,,,,75.0,,,,,
mistral,Long_Term_Orientation,989,1,3,,,,,,,75.0,,,,,
mistral,Long_Term_Orientation,990,1,1,,,,,,,0.0,,,,,
mistral,Long_Term_Orientation,990,1,2,,,,,,,0.0,,,,,
mistral,Long_Term_Orientation,990,1,3,,,,,,,0.0,,,,,
mistral,Long_Term_Orientation,991,1,1,,,,,,,25.0,,,,,
mistral,Long_Term_Orientation,991,1,2,,,,,,,25.0,,,,,
mistral,Long_Term_Orientation,991,1,3,,,,,,,25.0,,,,,
mistral,Long_Term_Orientation,992,1,1,,,,,,,50.0,,,,,
mistral,Long_Term_Orientation,992,1,2,,,,,,,50.0,,,,,
mistral,Long_Term_Orientation,992,1,3,,,,,,,50.0,,,,,
mistral,Long_Term_Orientation,994,1,1,,,,,,,25.0,,,,,
mistral,Long_Term_Orientation,994,1,2,,,,,,,25.0,,,,,
mistral,Long_Term_Orientation,994,1,3,,,,,,,25.0,,,,,
mistral,Long_Term_Orientation,995,1,1,,,,,,,25.0,,,,,
mistral,Long_Term_Orientation,995,1,2,,,,,,,25.0,,,,,
mistral,Long_Term_Orientation,995,1,3,,,,,,,25.0,,,,,
mistral,Long_Term_Orientation,996,1,1,,,,,,,25.0,,,,,
mistral,Long_Term_Orientation,996,1,2,,,,,,,25.0,,,,,
mistral,Long_Term_Orientation,996,1,3,,,,,,,25.0,,,,,
mistral,Long_Term_Orientation,997,1,1,,,,,,,25.0,,,,,
mistral,Long_Term_Orientation,997,1,2,,,,,,,25.0,,,,,
mistral,Long_Term_Orientation,997,1,3,,,,,,,25.0,,,,,
mistral,Long_Term_Orientation,998,1,1,,,,,,,25.0,,,,,
mistral,Long_Term_Orientation,998,1,2,,,,,,,25.0,,,,,
mistral,Long_Term_Orientation,998,1,3,,,,,,,25.0,,,,,
mistral,Masculinity,1459,1,1,,,,,,,50.0,,,,,
mistral,Masculinity,1459,1,2,,,,,,,50.0,,,,,
mistral,Masculinity,1459,1,3,,,,,,,50.0,,,,,
mistral,Masculinity,1461,1,1,,,,,,,75.0,,,,,
mistral,Masculinity,1461,1,2,,,,,,,75.0,,,,,
mistral,Masculinity,1461,1,3,,,,,,,75.0,,,,,
mistral,Masculinity,1463,1,1,,,,,,,50.0,,,,,
mistral,Masculinity,1463,1,2,,,,,,,50.0,,,,,
mistral,Masculinity,1463,1,3,,,,,,,50.0,,,,,
mistral,Masculinity,1464,1,1,,,,,,,50.0,,,,,
mistral,Masculinity,1464,1,2,,,,,,,50.0,,,,,
mistral,Masculinity,1464,1,3,,,,,,,50.0,,,,,
mistral,Masculinity,1465,1,1,,,,,,,50.0,,,,,
mistral,Masculinity,1465,1,2,,,,,,,50.0,,,,,
mistral,Masculinity,1465,1,3,,,,,,,50.0,,,,,
mistral,Masculinity,1466,1,1,,,,,,,0.0,,,,,
mistral,Masculinity,1466,1,2,,,,,,,0.0,,,,,
mistral,Masculinity,1466,1,3,,,,,,,0.0,,,,,
mistral,Masculinity,1467,1,1,,,,,,,25.0,,,,,
mistral,Masculinity,1467,1,2,,,,,,,25.0,,,,,
mistral,Masculinity,1467,1,3,,,,,,,25.0,,,,,
mistral,Masculinity,1468,1,1,,,,,,,25.0,,,,,
mistral,Masculinity,1468,1,2,,,,,,,25.0,,,,,
mistral,Masculinity,1468,1,3,,,,,,,25.0,,,,,
mistral,Masculinity,1470,1,1,,,,,,,50.0,,,,,
mistral,Masculinity,1470,1,2,,,,,,,50.0,,,,,
mistral,Masculinity,1470,1,3,,,,,,,50.0,,,,,
mistral,Masculinity,1471,1,1,,,,,,,50.0,,,,,
mistral,Masculinity,1471,1,2,,,,,,,50.0,,,,,
mistral,Masculinity,1471,1,3,,,,,,,50.0,,,,,
mistral,Masculinity,1472,1,1,,,,,,,25.0,,,,,
mistral,Masculinity,1472,1,2,,,,,,,25.0,,,,,
mistral,Masculinity,1472,1,3,,,,,,,25.0,,,,,
mistral,Masculinity,1473,1,1,,,,,,,50.0,,,,,
mistral,Masculinity,1473,1,2,,,,,,,50.0,,,,,
mistral,Masculinity,1473,1,3,,,,,,,50.0,,,,,
mistral,Masculinity,1474,1,1,,,,,,,50.0,,,,,
mistral,Masculinity,1474,1,2,,,,,,,50.0,,,,,
mistral,Masculinity,1474,1,3,,,,,,,50.0,,,,,
mistral,Masculinity,1475,1,1,,,,,,,50.0,,,,,
mistral,Masculinity,1475,1,2,,,,,,,50.0,,,,,
mistral,Masculinity,1475,1,3,,,,,,,50.0,,,,,
mistral,Masculinity,1476,1,1,,,,,,,25.0,,,,,
mistral,Masculinity,1476,1,2,,,,,,,25.0,,,,,
mistral,Masculinity,1476,1,3,,,,,,,25.0,,,,,
mistral,Masculinity,1477,1,1,,,,,,,25.0,,,,,
mistral,Masculinity,1477,1,2,,,,,,,25.0,,,,,
mistral,Masculinity,1477,1,3,,,,,,,25.0,,,,,
mistral,Masculinity,1478,1,1,,,,,,,25.0,,,,,
mistral,Masculinity,1478,1,2,,,,,,,25.0,,,,,
mistral,Masculinity,1478,1,3,,,,,,,25.0,,,,,
mistral,Masculinity,1480,1,1,,,,,,,0.0,,,,,
mistral,Masculinity,1480,1,2,,,,,,,0.0,,,,,
mistral,Masculinity,1480,1,3,,,,,,,0.0,,,,,
mistral,Masculinity,1481,1,1,,,,,,,25.0,,,,,
mistral,Masculinity,1481,1,2,,,,,,,25.0,,,,,
mistral,Masculinity,1481,1,3,,,,,,,25.0,,,,,
mistral,Masculinity,1482,1,1,,,,,,,50.0,,,,,
mistral,Masculinity,1482,1,2,,,,,,,50.0,,,,,
mistral,Masculinity,1482,1,3,,,,,,,50.0,,,,,
mistral,Masculinity,1486,1,1,,,,,,,75.0,,,,,
mistral,Masculinity,1486,1,2,,,,,,,75.0,,,,,
mistral,Masculinity,1486,1,3,,,,,,,75.0,,,,,
mistral,Masculinity,1487,1,1,,,,,,,25.0,,,,,
mistral,Masculinity,1487,1,2,,,,,,,25.0,,,,,
mistral,Masculinity,1487,1,3,,,,,,,25.0,,,,,
mistral,Masculinity,1490,1,1,,,,,,,100.0,,,,,
mistral,Masculinity,1490,1,2,,,,,,,100.0,,,,,
mistral,Masculinity,1490,1,3,,,,,,,100.0,,,,,
mistral,Masculinity,1492,1,1,,,,,,,0.0,,,,,
mistral,Masculinity,1492,1,2,,,,,,,0.0,,,,,
mistral,Masculinity,1492,1,3,,,,,,,0.0,,,,,
mistral,Masculinity,1493,1,1,,,,,,,25.0,,,,,
mistral,Masculinity,1493,1,2,,,,,,,25.0,,,,,
mistral,Masculinity,1493,1,3,,,,,,,25.0,,,,,
mistral,Masculinity,1495,1,1,,,,,,,25.0,,,,,
mistral,Masculinity,1495,1,2,,,,,,,25.0,,,,,
mistral,Masculinity,1495,1,3,,,,,,,25.0,,,,,
mistral,Masculinity,1497,1,1,,,,,,,50.0,,,,,
mistral,Masculinity,1497,1,2,,,,,,,50.0,,,,,
mistral,Masculinity,1497,1,3,,,,,,,50.0,,,,,
mistral,Masculinity,1498,1,1,,,,,,,100.0,,,,,
mistral,Masculinity,1498,1,2,,,,,,,100.0,,,,,
mistral,Masculinity,1498,1,3,,,,,,,100.0,,,,,
mistral,Masculinity,1499,1,1,,,,,,,25.0,,,,,
mistral,Masculinity,1499,1,2,,,,,,,25.0,,,,,
mistral,Masculinity,1499,1,3,,,,,,,25.0,,,,,
mistral,Masculinity,1500,1,1,,,,,,,25.0,,,,,
mistral,Masculinity,1500,1,2,,,,,,,25.0,,,,,
mistral,Masculinity,1500,1,3,,,,,,,25.0,,,,,
mistral,Masculinity,1501,1,1,,,,,,,25.0,,,,,
mistral,Masculinity,1501,1,2,,,,,,,25.0,,,,,
mistral,Masculinity,1501,1,3,,,,,,,25.0,,,,,
mistral,Masculinity,1502,1,1,,,,,,,50.0,,,,,
mistral,Masculinity,1502,1,2,,,,,,,50.0,,,,,
mistral,Masculinity,1502,1,3,,,,,,,50.0,,,,,
mistral,Masculinity,1504,1,1,,,,,,,75.0,,,,,
mistral,Masculinity,1504,1,2,,,,,,,75.0,,,,,
mistral,Masculinity,1504,1,3,,,,,,,75.0,,,,,
mistral,Masculinity,1505,1,1,,,,,,,50.0,,,,,
mistral,Masculinity,1505,1,2,,,,,,,50.0,,,,,
mistral,Masculinity,1505,1,3,,,,,,,50.0,,,,,
mistral,Masculinity,1506,1,1,,,,,,,75.0,,,,,
mistral,Masculinity,1506,1,2,,,,,,,75.0,,,,,
mistral,Masculinity,1506,1,3,,,,,,,75.0,,,,,
mistral,Masculinity,1508,1,1,,,,,,,75.0,,,,,
mistral,Masculinity,1508,1,2,,,,,,,75.0,,,,,
mistral,Masculinity,1508,1,3,,,,,,,75.0,,,,,
mistral,Masculinity,1509,1,1,,,,,,,25.0,,,,,
mistral,Masculinity,1509,1,2,,,,,,,25.0,,,,,
mistral,Masculinity,1509,1,3,,,,,,,25.0,,,,,
mistral,Masculinity,1511,1,1,,,,,,,50.0,,,,,
mistral,Masculinity,1511,1,2,,,,,,,50.0,,,,,
mistral,Masculinity,1511,1,3,,,,,,,50.0,,,,,
mistral,Masculinity,1512,1,1,,,,,,,75.0,,,,,
mistral,Masculinity,1512,1,2,,,,,,,75.0,,,,,
mistral,Masculinity,1512,1,3,,,,,,,75.0,,,,,
mistral,Masculinity,1515,1,1,,,,,,,50.0,,,,,
mistral,Masculinity,1515,1,2,,,,,,,50.0,,,,,
mistral,Masculinity,1515,1,3,,,,,,,50.0,,,,,
mistral,Masculinity,1519,1,1,,,,,,,50.0,,,,,
mistral,Masculinity,1519,1,2,,,,,,,50.0,,,,,
mistral,Masculinity,1519,1,3,,,,,,,50.0,,,,,
mistral,Masculinity,1520,1,1,,,,,,,25.0,,,,,
mistral,Masculinity,1520,1,2,,,,,,,25.0,,,,,
mistral,Masculinity,1520,1,3,,,,,,,25.0,,,,,
mistral,Masculinity,1522,1,1,,,,,,,25.0,,,,,
mistral,Masculinity,1522,1,2,,,,,,,25.0,,,,,
mistral,Masculinity,1522,1,3,,,,,,,25.0,,,,,
mistral,Masculinity,1523,1,1,,,,,,,100.0,,,,,
mistral,Masculinity,1523,1,2,,,,,,,100.0,,,,,
mistral,Masculinity,1523,1,3,,,,,,,100.0,,,,,
mistral,Masculinity,1524,1,1,,,,,,,50.0,,,,,
mistral,Masculinity,1524,1,2,,,,,,,50.0,,,,,
mistral,Masculinity,1524,1,3,,,,,,,50.0,,,,,
mistral,Masculinity,1525,1,1,,,,,,,25.0,,,,,
mistral,Masculinity,1525,1,2,,,,,,,25.0,,,,,
mistral,Masculinity,1525,1,3,,,,,,,25.0,,,,,
mistral,Masculinity,1526,1,1,,,,,,,0.0,,,,,
mistral,Masculinity,1526,1,2,,,,,,,0.0,,,,,
mistral,Masculinity,1526,1,3,,,,,,,0.0,,,,,
mistral,Masculinity,1528,1,1,,,,,,,75.0,,,,,
mistral,Masculinity,1528,1,2,,,,,,,75.0,,,,,
mistral,Masculinity,1528,1,3,,,,,,,75.0,,,,,
mistral,Masculinity,1529,1,1,,,,,,,50.0,,,,,
mistral,Masculinity,1529,1,2,,,,,,,50.0,,,,,
mistral,Masculinity,1529,1,3,,,,,,,50.0,,,,,
mistral,Masculinity,1532,1,1,,,,,,,75.0,,,,,
mistral,Masculinity,1532,1,2,,,,,,,75.0,,,,,
mistral,Masculinity,1532,1,3,,,,,,,75.0,,,,,
mistral,Masculinity,1533,1,1,,,,,,,50.0,,,,,
mistral,Masculinity,1533,1,2,,,,,,,50.0,,,,,
mistral,Masculinity,1533,1,3,,,,,,,50.0,,,,,
mistral,Masculinity,1534,1,1,,,,,,,50.0,,,,,
mistral,Masculinity,1534,1,2,,,,,,,50.0,,,,,
mistral,Masculinity,1534,1,3,,,,,,,50.0,,,,,
mistral,Masculinity,1538,1,1,,,,,,,50.0,,,,,
mistral,Masculinity,1538,1,2,,,,,,,50.0,,,,,
mistral,Masculinity,1538,1,3,,,,,,,50.0,,,,,
mistral,Masculinity,1539,1,1,,,,,,,25.0,,,,,
mistral,Masculinity,1539,1,2,,,,,,,25.0,,,,,
mistral,Masculinity,1539,1,3,,,,,,,25.0,,,,,
mistral,Masculinity,1541,1,1,,,,,,,50.0,,,,,
mistral,Masculinity,1541,1,2,,,,,,,50.0,,,,,
mistral,Masculinity,1541,1,3,,,,,,,50.0,,,,,
mistral,Masculinity,1542,1,1,,,,,,,25.0,,,,,
mistral,Masculinity,1542,1,2,,,,,,,25.0,,,,,
mistral,Masculinity,1542,1,3,,,,,,,25.0,,,,,
mistral,Masculinity,1543,1,1,,,,,,,25.0,,,,,
mistral,Masculinity,1543,1,2,,,,,,,25.0,,,,,
mistral,Masculinity,1543,1,3,,,,,,,25.0,,,,,
mistral,Masculinity,1544,1,1,,,,,,,25.0,,,,,
mistral,Masculinity,1544,1,2,,,,,,,25.0,,,,,
mistral,Masculinity,1544,1,3,,,,,,,25.0,,,,,
mistral,Masculinity,1546,1,1,,,,,,,50.0,,,,,
mistral,Masculinity,1546,1,2,,,,,,,50.0,,,,,
mistral,Masculinity,1546,1,3,,,,,,,50.0,,,,,
mistral,Masculinity,1548,1,1,,,,,,,25.0,,,,,
mistral,Masculinity,1548,1,2,,,,,,,25.0,,,,,
mistral,Masculinity,1548,1,3,,,,,,,25.0,,,,,
mistral,Masculinity,1549,1,1,,,,,,,50.0,,,,,
mistral,Masculinity,1549,1,2,,,,,,,50.0,,,,,
mistral,Masculinity,1549,1,3,,,,,,,50.0,,,,,
mistral,Masculinity,1551,1,1,,,,,,,25.0,,,,,
mistral,Masculinity,1551,1,2,,,,,,,25.0,,,,,
mistral,Masculinity,1551,1,3,,,,,,,25.0,,,,,
mistral,Masculinity,1552,1,1,,,,,,,25.0,,,,,
mistral,Masculinity,1552,1,2,,,,,,,25.0,,,,,
mistral,Masculinity,1552,1,3,,,,,,,25.0,,,,,
mistral,Masculinity,1553,1,1,,,,,,,75.0,,,,,
mistral,Masculinity,1553,1,2,,,,,,,75.0,,,,,
mistral,Masculinity,1553,1,3,,,,,,,75.0,,,,,
mistral,Masculinity,1554,1,1,,,,,,,50.0,,,,,
mistral,Masculinity,1554,1,2,,,,,,,50.0,,,,,
mistral,Masculinity,1554,1,3,,,,,,,50.0,,,,,
mistral,Masculinity,1555,1,1,,,,,,,25.0,,,,,
mistral,Masculinity,1555,1,2,,,,,,,25.0,,,,,
mistral,Masculinity,1555,1,3,,,,,,,25.0,,,,,
mistral,Masculinity,1556,1,1,,,,,,,25.0,,,,,
mistral,Masculinity,1556,1,2,,,,,,,25.0,,,,,
mistral,Masculinity,1556,1,3,,,,,,,25.0,,,,,
mistral,Masculinity,1557,1,1,,,,,,,50.0,,,,,
mistral,Masculinity,1557,1,2,,,,,,,50.0,,,,,
mistral,Masculinity,1557,1,3,,,,,,,50.0,,,,,
mistral,Masculinity,1560,1,1,,,,,,,50.0,,,,,
mistral,Masculinity,1560,1,2,,,,,,,50.0,,,,,
mistral,Masculinity,1560,1,3,,,,,,,50.0,,,,,
mistral,Masculinity,1561,1,1,,,,,,,75.0,,,,,
mistral,Masculinity,1561,1,2,,,,,,,75.0,,,,,
mistral,Masculinity,1561,1,3,,,,,,,75.0,,,,,
mistral,Masculinity,1562,1,1,,,,,,,50.0,,,,,
mistral,Masculinity,1562,1,2,,,,,,,50.0,,,,,
mistral,Masculinity,1562,1,3,,,,,,,50.0,,,,,
mistral,Masculinity,1563,1,1,,,,,,,50.0,,,,,
mistral,Masculinity,1563,1,2,,,,,,,50.0,,,,,
mistral,Masculinity,1563,1,3,,,,,,,50.0,,,,,
mistral,Masculinity,1564,1,1,,,,,,,50.0,,,,,
mistral,Masculinity,1564,1,2,,,,,,,50.0,,,,,
mistral,Masculinity,1564,1,3,,,,,,,50.0,,,,,
mistral,Masculinity,1565,1,1,,,,,,,100.0,,,,,
mistral,Masculinity,1565,1,2,,,,,,,100.0,,,,,
mistral,Masculinity,1565,1,3,,,,,,,100.0,,,,,
mistral,Masculinity,1566,1,1,,,,,,,25.0,,,,,
mistral,Masculinity,1566,1,2,,,,,,,25.0,,,,,
mistral,Masculinity,1566,1,3,,,,,,,25.0,,,,,
mistral,Masculinity,1568,1,1,,,,,,,50.0,,,,,
mistral,Masculinity,1568,1,2,,,,,,,50.0,,,,,
mistral,Masculinity,1568,1,3,,,,,,,50.0,,,,,
mistral,Masculinity,1569,1,1,,,,,,,0.0,,,,,
mistral,Masculinity,1569,1,2,,,,,,,0.0,,,,,
mistral,Masculinity,1569,1,3,,,,,,,0.0,,,,,
mistral,Masculinity,1570,1,1,,,,,,,25.0,,,,,
mistral,Masculinity,1570,1,2,,,,,,,25.0,,,,,
mistral,Masculinity,1570,1,3,,,,,,,25.0,,,,,
mistral,Masculinity,1571,1,1,,,,,,,75.0,,,,,
mistral,Masculinity,1571,1,2,,,,,,,75.0,,,,,
mistral,Masculinity,1571,1,3,,,,,,,75.0,,,,,
mistral,Masculinity,1572,1,1,,,,,,,0.0,,,,,
mistral,Masculinity,1572,1,2,,,,,,,0.0,,,,,
mistral,Masculinity,1572,1,3,,,,,,,0.0,,,,,
mistral,Masculinity,1573,1,1,,,,,,,100.0,,,,,
mistral,Masculinity,1573,1,2,,,,,,,100.0,,,,,
mistral,Masculinity,1573,1,3,,,,,,,100.0,,,,,
mistral,Masculinity,1574,1,1,,,,,,,75.0,,,,,
mistral,Masculinity,1574,1,2,,,,,,,75.0,,,,,
mistral,Masculinity,1574,1,3,,,,,,,75.0,,,,,
mistral,Masculinity,1575,1,1,,,,,,,50.0,,,,,
mistral,Masculinity,1575,1,2,,,,,,,50.0,,,,,
mistral,Masculinity,1575,1,3,,,,,,,50.0,,,,,
mistral,Masculinity,1576,1,1,,,,,,,75.0,,,,,
mistral,Masculinity,1576,1,2,,,,,,,75.0,,,,,
mistral,Masculinity,1576,1,3,,,,,,,75.0,,,,,
mistral,Masculinity,1577,1,1,,,,,,,25.0,,,,,
mistral,Masculinity,1577,1,2,,,,,,,25.0,,,,,
mistral,Masculinity,1577,1,3,,,,,,,25.0,,,,,
mistral,Masculinity,1579,1,1,,,,,,,75.0,,,,,
mistral,Masculinity,1579,1,2,,,,,,,75.0,,,,,
mistral,Masculinity,1579,1,3,,,,,,,75.0,,,,,
mistral,Masculinity,1580,1,1,,,,,,,25.0,,,,,
mistral,Masculinity,1580,1,2,,,,,,,25.0,,,,,
mistral,Masculinity,1580,1,3,,,,,,,25.0,,,,,
mistral,Masculinity,1581,1,1,,,,,,,25.0,,,,,
mistral,Masculinity,1581,1,2,,,,,,,25.0,,,,,
mistral,Masculinity,1581,1,3,,,,,,,25.0,,,,,
mistral,Masculinity,1582,1,1,,,,,,,25.0,,,,,
mistral,Masculinity,1582,1,2,,,,,,,25.0,,,,,
mistral,Masculinity,1582,1,3,,,,,,,25.0,,,,,
mistral,Masculinity,1586,1,1,,,,,,,50.0,,,,,
mistral,Masculinity,1586,1,2,,,,,,,50.0,,,,,
mistral,Masculinity,1586,1,3,,,,,,,50.0,,,,,
mistral,Masculinity,1587,1,1,,,,,,,50.0,,,,,
mistral,Masculinity,1587,1,2,,,,,,,50.0,,,,,
mistral,Masculinity,1587,1,3,,,,,,,50.0,,,,,
mistral,Masculinity,1588,1,1,,,,,,,75.0,,,,,
mistral,Masculinity,1588,1,2,,,,,,,75.0,,,,,
mistral,Masculinity,1588,1,3,,,,,,,75.0,,,,,
mistral,Masculinity,1589,1,1,,,,,,,75.0,,,,,
mistral,Masculinity,1589,1,2,,,,,,,75.0,,,,,
mistral,Masculinity,1589,1,3,,,,,,,75.0,,,,,
mistral,Masculinity,1591,1,1,,,,,,,25.0,,,,,
mistral,Masculinity,1591,1,2,,,,,,,25.0,,,,,
mistral,Masculinity,1591,1,3,,,,,,,25.0,,,,,
mistral,Masculinity,1592,1,1,,,,,,,25.0,,,,,
mistral,Masculinity,1592,1,2,,,,,,,25.0,,,,,
mistral,Masculinity,1592,1,3,,,,,,,25.0,,,,,
mistral,Masculinity,1593,1,1,,,,,,,100.0,,,,,
mistral,Masculinity,1593,1,2,,,,,,,100.0,,,,,
mistral,Masculinity,1593,1,3,,,,,,,100.0,,,,,
mistral,Masculinity,1594,1,1,,,,,,,75.0,,,,,
mistral,Masculinity,1594,1,2,,,,,,,75.0,,,,,
mistral,Masculinity,1594,1,3,,,,,,,75.0,,,,,
mistral,Masculinity,1595,1,1,,,,,,,25.0,,,,,
mistral,Masculinity,1595,1,2,,,,,,,25.0,,,,,
mistral,Masculinity,1595,1,3,,,,,,,25.0,,,,,
mistral,Masculinity,1597,1,1,,,,,,,25.0,,,,,
mistral,Masculinity,1597,1,2,,,,,,,25.0,,,,,
mistral,Masculinity,1597,1,3,,,,,,,25.0,,,,,
mistral,Masculinity,1598,1,1,,,,,,,50.0,,,,,
mistral,Masculinity,1598,1,2,,,,,,,50.0,,,,,
mistral,Masculinity,1598,1,3,,,,,,,50.0,,,,,
mistral,Masculinity,1600,1,1,,,,,,,75.0,,,,,
mistral,Masculinity,1600,1,2,,,,,,,75.0,,,,,
mistral,Masculinity,1600,1,3,,,,,,,75.0,,,,,
mistral,Masculinity,1601,1,1,,,,,,,100.0,,,,,
mistral,Masculinity,1601,1,2,,,,,,,100.0,,,,,
mistral,Masculinity,1601,1,3,,,,,,,100.0,,,,,
mistral,Masculinity,1603,1,1,,,,,,,75.0,,,,,
mistral,Masculinity,1603,1,2,,,,,,,75.0,,,,,
mistral,Masculinity,1603,1,3,,,,,,,75.0,,,,,
mistral,Masculinity,1606,1,1,,,,,,,50.0,,,,,
mistral,Masculinity,1606,1,2,,,,,,,50.0,,,,,
mistral,Masculinity,1606,1,3,,,,,,,50.0,,,,,
mistral,Masculinity,1607,1,1,,,,,,,75.0,,,,,
mistral,Masculinity,1607,1,2,,,,,,,75.0,,,,,
mistral,Masculinity,1607,1,3,,,,,,,75.0,,,,,
mistral,Masculinity,1608,1,1,,,,,,,25.0,,,,,
mistral,Masculinity,1608,1,2,,,,,,,25.0,,,,,
mistral,Masculinity,1608,1,3,,,,,,,25.0,,,,,
mistral,Masculinity,1609,1,1,,,,,,,50.0,,,,,
mistral,Masculinity,1609,1,2,,,,,,,50.0,,,,,
mistral,Masculinity,1609,1,3,,,,,,,50.0,,,,,
mistral,Masculinity,1610,1,1,,,,,,,50.0,,,,,
mistral,Masculinity,1610,1,2,,,,,,,50.0,,,,,
mistral,Masculinity,1610,1,3,,,,,,,50.0,,,,,
mistral,Masculinity,1611,1,1,,,,,,,75.0,,,,,
mistral,Masculinity,1611,1,2,,,,,,,75.0,,,,,
mistral,Masculinity,1611,1,3,,,,,,,75.0,,,,,
mistral,Masculinity,1613,1,1,,,,,,,50.0,,,,,
mistral,Masculinity,1613,1,2,,,,,,,50.0,,,,,
mistral,Masculinity,1613,1,3,,,,,,,50.0,,,,,
mistral,Masculinity,1614,1,1,,,,,,,50.0,,,,,
mistral,Masculinity,1614,1,2,,,,,,,50.0,,,,,
mistral,Masculinity,1614,1,3,,,,,,,50.0,,,,,
mistral,Masculinity,1615,1,1,,,,,,,0.0,,,,,
mistral,Masculinity,1615,1,2,,,,,,,0.0,,,,,
mistral,Masculinity,1615,1,3,,,,,,,0.0,,,,,
mistral,Masculinity,1616,1,1,,,,,,,50.0,,,,,
mistral,Masculinity,1616,1,2,,,,,,,50.0,,,,,
mistral,Masculinity,1616,1,3,,,,,,,50.0,,,,,
mistral,Masculinity,1617,1,1,,,,,,,75.0,,,,,
mistral,Masculinity,1617,1,2,,,,,,,75.0,,,,,
mistral,Masculinity,1617,1,3,,,,,,,75.0,,,,,
mistral,Masculinity,1618,1,1,,,,,,,50.0,,,,,
mistral,Masculinity,1618,1,2,,,,,,,50.0,,,,,
mistral,Masculinity,1618,1,3,,,,,,,50.0,,,,,
mistral,Masculinity,1622,1,1,,,,,,,25.0,,,,,
mistral,Masculinity,1622,1,2,,,,,,,25.0,,,,,
mistral,Masculinity,1622,1,3,,,,,,,25.0,,,,,
mistral,Masculinity,1628,1,1,,,,,,,50.0,,,,,
mistral,Masculinity,1628,1,2,,,,,,,50.0,,,,,
mistral,Masculinity,1628,1,3,,,,,,,50.0,,,,,
mistral,Masculinity,1629,1,1,,,,,,,75.0,,,,,
mistral,Masculinity,1629,1,2,,,,,,,75.0,,,,,
mistral,Masculinity,1629,1,3,,,,,,,75.0,,,,,
mistral,Masculinity,1632,1,1,,,,,,,25.0,,,,,
mistral,Masculinity,1632,1,2,,,,,,,25.0,,,,,
mistral,Masculinity,1632,1,3,,,,,,,25.0,,,,,
mistral,Masculinity,1633,1,1,,,,,,,0.0,,,,,
mistral,Masculinity,1633,1,2,,,,,,,0.0,,,,,
mistral,Masculinity,1633,1,3,,,,,,,0.0,,,,,
mistral,Masculinity,1634,1,1,,,,,,,25.0,,,,,
mistral,Masculinity,1634,1,2,,,,,,,25.0,,,,,
mistral,Masculinity,1634,1,3,,,,,,,25.0,,,,,
mistral,Masculinity,1641,1,1,,,,,,,0.0,,,,,
mistral,Masculinity,1641,1,2,,,,,,,0.0,,,,,
mistral,Masculinity,1641,1,3,,,,,,,0.0,,,,,
mistral,Masculinity,1644,1,1,,,,,,,50.0,,,,,
mistral,Masculinity,1644,1,2,,,,,,,50.0,,,,,
mistral,Masculinity,1644,1,3,,,,,,,50.0,,,,,
mistral,Masculinity,1646,1,1,,,,,,,0.0,,,,,
mistral,Masculinity,1646,1,2,,,,,,,0.0,,,,,
mistral,Masculinity,1646,1,3,,,,,,,0.0,,,,,
mistral,Masculinity,1654,1,1,,,,,,,100.0,,,,,
mistral,Masculinity,1654,1,2,,,,,,,100.0,,,,,
mistral,Masculinity,1654,1,3,,,,,,,100.0,,,,,
mistral,Masculinity,1656,1,1,,,,,,,50.0,,,,,
mistral,Masculinity,1656,1,2,,,,,,,50.0,,,,,
mistral,Masculinity,1656,1,3,,,,,,,50.0,,,,,
mistral,Masculinity,1657,1,1,,,,,,,50.0,,,,,
mistral,Masculinity,1657,1,2,,,,,,,50.0,,,,,
mistral,Masculinity,1657,1,3,,,,,,,50.0,,,,,
mistral,Masculinity,1659,1,1,,,,,,,50.0,,,,,
mistral,Masculinity,1659,1,2,,,,,,,50.0,,,,,
mistral,Masculinity,1659,1,3,,,,,,,50.0,,,,,
mistral,Masculinity,1660,1,1,,,,,,,50.0,,,,,
mistral,Masculinity,1660,1,2,,,,,,,50.0,,,,,
mistral,Masculinity,1660,1,3,,,,,,,50.0,,,,,
mistral,Masculinity,1661,1,1,,,,,,,100.0,,,,,
mistral,Masculinity,1661,1,2,,,,,,,100.0,,,,,
mistral,Masculinity,1661,1,3,,,,,,,100.0,,,,,
mistral,Masculinity,1663,1,1,,,,,,,100.0,,,,,
mistral,Masculinity,1663,1,2,,,,,,,100.0,,,,,
mistral,Masculinity,1663,1,3,,,,,,,100.0,,,,,
mistral,Masculinity,1664,1,1,,,,,,,0.0,,,,,
mistral,Masculinity,1664,1,2,,,,,,,0.0,,,,,
mistral,Masculinity,1664,1,3,,,,,,,0.0,,,,,
mistral,Masculinity,1668,1,1,,,,,,,75.0,,,,,
mistral,Masculinity,1668,1,2,,,,,,,75.0,,,,,
mistral,Masculinity,1668,1,3,,,,,,,75.0,,,,,
mistral,Masculinity,1670,1,1,,,,,,,0.0,,,,,
mistral,Masculinity,1670,1,2,,,,,,,0.0,,,,,
mistral,Masculinity,1670,1,3,,,,,,,0.0,,,,,
mistral,Masculinity,1671,1,1,,,,,,,25.0,,,,,
mistral,Masculinity,1671,1,2,,,,,,,25.0,,,,,
mistral,Masculinity,1671,1,3,,,,,,,25.0,,,,,
mistral,Masculinity,1672,1,1,,,,,,,25.0,,,,,
mistral,Masculinity,1672,1,2,,,,,,,25.0,,,,,
mistral,Masculinity,1672,1,3,,,,,,,25.0,,,,,
mistral,Masculinity,1673,1,1,,,,,,,50.0,,,,,
mistral,Masculinity,1673,1,2,,,,,,,50.0,,,,,
mistral,Masculinity,1673,1,3,,,,,,,50.0,,,,,
mistral,Masculinity,1677,1,1,,,,,,,50.0,,,,,
mistral,Masculinity,1677,1,2,,,,,,,50.0,,,,,
mistral,Masculinity,1677,1,3,,,,,,,50.0,,,,,
mistral,Masculinity,1678,1,1,,,,,,,100.0,,,,,
mistral,Masculinity,1678,1,2,,,,,,,100.0,,,,,
mistral,Masculinity,1678,1,3,,,,,,,100.0,,,,,
mistral,Masculinity,1679,1,1,,,,,,,0.0,,,,,
mistral,Masculinity,1679,1,2,,,,,,,0.0,,,,,
mistral,Masculinity,1679,1,3,,,,,,,0.0,,,,,
mistral,Masculinity,1681,1,1,,,,,,,50.0,,,,,
mistral,Masculinity,1681,1,2,,,,,,,50.0,,,,,
mistral,Masculinity,1681,1,3,,,,,,,50.0,,,,,
mistral,Masculinity,1682,1,1,,,,,,,25.0,,,,,
mistral,Masculinity,1682,1,2,,,,,,,25.0,,,,,
mistral,Masculinity,1682,1,3,,,,,,,25.0,,,,,
mistral,Masculinity,1683,1,1,,,,,,,25.0,,,,,
mistral,Masculinity,1683,1,2,,,,,,,25.0,,,,,
mistral,Masculinity,1683,1,3,,,,,,,25.0,,,,,
mistral,Masculinity,1685,1,1,,,,,,,25.0,,,,,
mistral,Masculinity,1685,1,2,,,,,,,25.0,,,,,
mistral,Masculinity,1685,1,3,,,,,,,25.0,,,,,
mistral,Masculinity,1692,1,1,,,,,,,50.0,,,,,
mistral,Masculinity,1692,1,2,,,,,,,50.0,,,,,
mistral,Masculinity,1692,1,3,,,,,,,50.0,,,,,
mistral,Power_Distance,1911,1,1,,,,,,,0.0,,,,,
mistral,Power_Distance,1911,1,2,,,,,,,0.0,,,,,
mistral,Power_Distance,1911,1,3,,,,,,,0.0,,,,,
mistral,Power_Distance,1912,1,1,,,,,,,50.0,,,,,
mistral,Power_Distance,1912,1,2,,,,,,,50.0,,,,,
mistral,Power_Distance,1912,1,3,,,,,,,50.0,,,,,
mistral,Power_Distance,1913,1,1,,,,,,,25.0,,,,,
mistral,Power_Distance,1913,1,2,,,,,,,25.0,,,,,
mistral,Power_Distance,1913,1,3,,,,,,,25.0,,,,,
mistral,Power_Distance,1914,1,1,,,,,,,0.0,,,,,
mistral,Power_Distance,1914,1,2,,,,,,,0.0,,,,,
mistral,Power_Distance,1914,1,3,,,,,,,0.0,,,,,
mistral,Power_Distance,1915,1,1,,,,,,,25.0,,,,,
mistral,Power_Distance,1915,1,2,,,,,,,25.0,,,,,
mistral,Power_Distance,1915,1,3,,,,,,,25.0,,,,,
mistral,Power_Distance,1916,1,1,,,,,,,0.0,,,,,
mistral,Power_Distance,1916,1,2,,,,,,,0.0,,,,,
mistral,Power_Distance,1916,1,3,,,,,,,0.0,,,,,
mistral,Power_Distance,1917,1,1,,,,,,,0.0,,,,,
mistral,Power_Distance,1917,1,2,,,,,,,0.0,,,,,
mistral,Power_Distance,1917,1,3,,,,,,,0.0,,,,,
mistral,Power_Distance,1919,1,1,,,,,,,25.0,,,,,
mistral,Power_Distance,1919,1,2,,,,,,,25.0,,,,,
mistral,Power_Distance,1919,1,3,,,,,,,25.0,,,,,
mistral,Power_Distance,1920,1,1,,,,,,,25.0,,,,,
mistral,Power_Distance,1920,1,2,,,,,,,25.0,,,,,
mistral,Power_Distance,1920,1,3,,,,,,,25.0,,,,,
mistral,Power_Distance,1921,1,1,,,,,,,25.0,,,,,
mistral,Power_Distance,1921,1,2,,,,,,,25.0,,,,,
mistral,Power_Distance,1921,1,3,,,,,,,25.0,,,,,
mistral,Power_Distance,1922,1,1,,,,,,,25.0,,,,,
mistral,Power_Distance,1922,1,2,,,,,,,25.0,,,,,
mistral,Power_Distance,1922,1,3,,,,,,,25.0,,,,,
mistral,Power_Distance,1923,1,1,,,,,,,25.0,,,,,
mistral,Power_Distance,1923,1,2,,,,,,,25.0,,,,,
mistral,Power_Distance,1923,1,3,,,,,,,25.0,,,,,
mistral,Power_Distance,1924,1,1,,,,,,,25.0,,,,,
mistral,Power_Distance,1924,1,2,,,,,,,25.0,,,,,
mistral,Power_Distance,1924,1,3,,,,,,,25.0,,,,,
mistral,Power_Distance,1926,1,1,,,,,,,25.0,,,,,
mistral,Power_Distance,1926,1,2,,,,,,,25.0,,,,,
mistral,Power_Distance,1926,1,3,,,,,,,25.0,,,,,
mistral,Power_Distance,1928,1,1,,,,,,,25.0,,,,,
mistral,Power_Distance,1928,1,2,,,,,,,25.0,,,,,
mistral,Power_Distance,1928,1,3,,,,,,,25.0,,,,,
mistral,Power_Distance,1930,1,1,,,,,,,25.0,,,,,
mistral,Power_Distance,1930,1,2,,,,,,,25.0,,,,,
mistral,Power_Distance,1930,1,3,,,,,,,25.0,,,,,
mistral,Power_Distance,1931,1,1,,,,,,,25.0,,,,,
mistral,Power_Distance,1931,1,2,,,,,,,25.0,,,,,
mistral,Power_Distance,1931,1,3,,,,,,,25.0,,,,,
mistral,Power_Distance,1932,1,1,,,,,,,75.0,,,,,
mistral,Power_Distance,1932,1,2,,,,,,,75.0,,,,,
mistral,Power_Distance,1932,1,3,,,,,,,75.0,,,,,
mistral,Power_Distance,1934,1,1,,,,,,,75.0,,,,,
mistral,Power_Distance,1934,1,2,,,,,,,75.0,,,,,
mistral,Power_Distance,1934,1,3,,,,,,,75.0,,,,,
mistral,Power_Distance,1935,1,1,,,,,,,25.0,,,,,
mistral,Power_Distance,1935,1,2,,,,,,,25.0,,,,,
mistral,Power_Distance,1935,1,3,,,,,,,25.0,,,,,
mistral,Power_Distance,1936,1,1,,,,,,,25.0,,,,,
mistral,Power_Distance,1936,1,2,,,,,,,25.0,,,,,
mistral,Power_Distance,1936,1,3,,,,,,,25.0,,,,,
mistral,Power_Distance,1940,1,1,,,,,,,50.0,,,,,
mistral,Power_Distance,1940,1,2,,,,,,,50.0,,,,,
mistral,Power_Distance,1940,1,3,,,,,,,50.0,,,,,
mistral,Power_Distance,1941,1,1,,,,,,,50.0,,,,,
mistral,Power_Distance,1941,1,2,,,,,,,50.0,,,,,
mistral,Power_Distance,1941,1,3,,,,,,,50.0,,,,,
mistral,Power_Distance,1942,1,1,,,,,,,25.0,,,,,
mistral,Power_Distance,1942,1,2,,,,,,,25.0,,,,,
mistral,Power_Distance,1942,1,3,,,,,,,25.0,,,,,
mistral,Power_Distance,1943,1,1,,,,,,,25.0,,,,,
mistral,Power_Distance,1943,1,2,,,,,,,25.0,,,,,
mistral,Power_Distance,1943,1,3,,,,,,,25.0,,,,,
mistral,Power_Distance,1944,1,1,,,,,,,25.0,,,,,
mistral,Power_Distance,1944,1,2,,,,,,,25.0,,,,,
mistral,Power_Distance,1944,1,3,,,,,,,25.0,,,,,
mistral,Power_Distance,1946,1,1,,,,,,,25.0,,,,,
mistral,Power_Distance,1946,1,2,,,,,,,25.0,,,,,
mistral,Power_Distance,1946,1,3,,,,,,,25.0,,,,,
mistral,Power_Distance,1947,1,1,,,,,,,0.0,,,,,
mistral,Power_Distance,1947,1,2,,,,,,,0.0,,,,,
mistral,Power_Distance,1947,1,3,,,,,,,0.0,,,,,
mistral,Power_Distance,1948,1,1,,,,,,,100.0,,,,,
mistral,Power_Distance,1948,1,2,,,,,,,100.0,,,,,
mistral,Power_Distance,1948,1,3,,,,,,,100.0,,,,,
mistral,Power_Distance,1949,1,1,,,,,,,25.0,,,,,
mistral,Power_Distance,1949,1,2,,,,,,,25.0,,,,,
mistral,Power_Distance,1949,1,3,,,,,,,25.0,,,,,
mistral,Power_Distance,1950,1,1,,,,,,,25.0,,,,,
mistral,Power_Distance,1950,1,2,,,,,,,25.0,,,,,
mistral,Power_Distance,1950,1,3,,,,,,,25.0,,,,,
mistral,Power_Distance,1952,1,1,,,,,,,0.0,,,,,
mistral,Power_Distance,1952,1,2,,,,,,,0.0,,,,,
mistral,Power_Distance,1952,1,3,,,,,,,0.0,,,,,
mistral,Power_Distance,1953,1,1,,,,,,,25.0,,,,,
mistral,Power_Distance,1953,1,2,,,,,,,25.0,,,,,
mistral,Power_Distance,1953,1,3,,,,,,,25.0,,,,,
mistral,Power_Distance,1954,1,1,,,,,,,25.0,,,,,
mistral,Power_Distance,1954,1,2,,,,,,,25.0,,,,,
mistral,Power_Distance,1954,1,3,,,,,,,25.0,,,,,
mistral,Power_Distance,1957,1,1,,,,,,,75.0,,,,,
mistral,Power_Distance,1957,1,2,,,,,,,75.0,,,,,
mistral,Power_Distance,1957,1,3,,,,,,,75.0,,,,,
mistral,Power_Distance,1959,1,1,,,,,,,75.0,,,,,
mistral,Power_Distance,1959,1,2,,,,,,,75.0,,,,,
mistral,Power_Distance,1959,1,3,,,,,,,75.0,,,,,
mistral,Power_Distance,1960,1,1,,,,,,,25.0,,,,,
mistral,Power_Distance,1960,1,2,,,,,,,25.0,,,,,
mistral,Power_Distance,1960,1,3,,,,,,,25.0,,,,,
mistral,Power_Distance,1961,1,1,,,,,,,50.0,,,,,
mistral,Power_Distance,1961,1,2,,,,,,,50.0,,,,,
mistral,Power_Distance,1961,1,3,,,,,,,50.0,,,,,
mistral,Power_Distance,1964,1,1,,,,,,,25.0,,,,,
mistral,Power_Distance,1964,1,2,,,,,,,25.0,,,,,
mistral,Power_Distance,1964,1,3,,,,,,,25.0,,,,,
mistral,Power_Distance,1965,1,1,,,,,,,25.0,,,,,
mistral,Power_Distance,1965,1,2,,,,,,,25.0,,,,,
mistral,Power_Distance,1965,1,3,,,,,,,25.0,,,,,
mistral,Power_Distance,1966,1,1,,,,,,,100.0,,,,,
mistral,Power_Distance,1966,1,2,,,,,,,100.0,,,,,
mistral,Power_Distance,1966,1,3,,,,,,,100.0,,,,,
mistral,Power_Distance,1967,1,1,,,,,,,75.0,,,,,
mistral,Power_Distance,1967,1,2,,,,,,,75.0,,,,,
mistral,Power_Distance,1967,1,3,,,,,,,75.0,,,,,
mistral,Power_Distance,1968,1,1,,,,,,,25.0,,,,,
mistral,Power_Distance,1968,1,2,,,,,,,25.0,,,,,
mistral,Power_Distance,1968,1,3,,,,,,,25.0,,,,,
mistral,Power_Distance,1969,1,1,,,,,,,50.0,,,,,
mistral,Power_Distance,1969,1,2,,,,,,,50.0,,,,,
mistral,Power_Distance,1969,1,3,,,,,,,50.0,,,,,
mistral,Power_Distance,1970,1,1,,,,,,,25.0,,,,,
mistral,Power_Distance,1970,1,2,,,,,,,25.0,,,,,
mistral,Power_Distance,1970,1,3,,,,,,,25.0,,,,,
mistral,Power_Distance,1971,1,1,,,,,,,0.0,,,,,
mistral,Power_Distance,1971,1,2,,,,,,,0.0,,,,,
mistral,Power_Distance,1971,1,3,,,,,,,0.0,,,,,
mistral,Power_Distance,1974,1,1,,,,,,,25.0,,,,,
mistral,Power_Distance,1974,1,2,,,,,,,25.0,,,,,
mistral,Power_Distance,1974,1,3,,,,,,,25.0,,,,,
mistral,Power_Distance,1975,1,1,,,,,,,25.0,,,,,
mistral,Power_Distance,1975,1,2,,,,,,,25.0,,,,,
mistral,Power_Distance,1975,1,3,,,,,,,25.0,,,,,
mistral,Power_Distance,1976,1,1,,,,,,,25.0,,,,,
mistral,Power_Distance,1976,1,2,,,,,,,25.0,,,,,
mistral,Power_Distance,1976,1,3,,,,,,,25.0,,,,,
mistral,Power_Distance,1977,1,1,,,,,,,0.0,,,,,
mistral,Power_Distance,1977,1,2,,,,,,,0.0,,,,,
mistral,Power_Distance,1977,1,3,,,,,,,0.0,,,,,
mistral,Power_Distance,1978,1,1,,,,,,,25.0,,,,,
mistral,Power_Distance,1978,1,2,,,,,,,25.0,,,,,
mistral,Power_Distance,1978,1,3,,,,,,,25.0,,,,,
mistral,Power_Distance,1979,1,1,,,,,,,25.0,,,,,
mistral,Power_Distance,1979,1,2,,,,,,,25.0,,,,,
mistral,Power_Distance,1979,1,3,,,,,,,25.0,,,,,
mistral,Power_Distance,1981,1,1,,,,,,,0.0,,,,,
mistral,Power_Distance,1981,1,2,,,,,,,0.0,,,,,
mistral,Power_Distance,1981,1,3,,,,,,,0.0,,,,,
mistral,Power_Distance,1983,1,1,,,,,,,25.0,,,,,
mistral,Power_Distance,1983,1,2,,,,,,,25.0,,,,,
mistral,Power_Distance,1983,1,3,,,,,,,25.0,,,,,
mistral,Power_Distance,1984,1,1,,,,,,,0.0,,,,,
mistral,Power_Distance,1984,1,2,,,,,,,0.0,,,,,
mistral,Power_Distance,1984,1,3,,,,,,,0.0,,,,,
mistral,Power_Distance,1985,1,1,,,,,,,0.0,,,,,
mistral,Power_Distance,1985,1,2,,,,,,,0.0,,,,,
mistral,Power_Distance,1985,1,3,,,,,,,0.0,,,,,
mistral,Power_Distance,1987,1,1,,,,,,,50.0,,,,,
mistral,Power_Distance,1987,1,2,,,,,,,50.0,,,,,
mistral,Power_Distance,1987,1,3,,,,,,,50.0,,,,,
mistral,Power_Distance,1988,1,1,,,,,,,50.0,,,,,
mistral,Power_Distance,1988,1,2,,,,,,,50.0,,,,,
mistral,Power_Distance,1988,1,3,,,,,,,50.0,,,,,
mistral,Power_Distance,1989,1,1,,,,,,,25.0,,,,,
mistral,Power_Distance,1989,1,2,,,,,,,25.0,,,,,
mistral,Power_Distance,1989,1,3,,,,,,,25.0,,,,,
mistral,Power_Distance,1990,1,1,,,,,,,25.0,,,,,
mistral,Power_Distance,1990,1,2,,,,,,,25.0,,,,,
mistral,Power_Distance,1990,1,3,,,,,,,25.0,,,,,
mistral,Power_Distance,1991,1,1,,,,,,,25.0,,,,,
mistral,Power_Distance,1991,1,2,,,,,,,25.0,,,,,
mistral,Power_Distance,1991,1,3,,,,,,,25.0,,,,,
mistral,Power_Distance,1993,1,1,,,,,,,50.0,,,,,
mistral,Power_Distance,1993,1,2,,,,,,,50.0,,,,,
mistral,Power_Distance,1993,1,3,,,,,,,50.0,,,,,
mistral,Power_Distance,1994,1,1,,,,,,,0.0,,,,,
mistral,Power_Distance,1994,1,2,,,,,,,0.0,,,,,
mistral,Power_Distance,1994,1,3,,,,,,,0.0,,,,,
mistral,Power_Distance,1995,1,1,,,,,,,25.0,,,,,
mistral,Power_Distance,1995,1,2,,,,,,,25.0,,,,,
mistral,Power_Distance,1995,1,3,,,,,,,25.0,,,,,
mistral,Power_Distance,1999,1,1,,,,,,,0.0,,,,,
mistral,Power_Distance,1999,1,2,,,,,,,0.0,,,,,
mistral,Power_Distance,1999,1,3,,,,,,,0.0,,,,,
mistral,Power_Distance,2000,1,1,,,,,,,25.0,,,,,
mistral,Power_Distance,2000,1,2,,,,,,,25.0,,,,,
mistral,Power_Distance,2000,1,3,,,,,,,25.0,,,,,
mistral,Power_Distance,2001,1,1,,,,,,,75.0,,,,,
mistral,Power_Distance,2001,1,2,,,,,,,75.0,,,,,
mistral,Power_Distance,2001,1,3,,,,,,,75.0,,,,,
mistral,Power_Distance,2002,1,1,,,,,,,0.0,,,,,
mistral,Power_Distance,2002,1,2,,,,,,,0.0,,,,,
mistral,Power_Distance,2002,1,3,,,,,,,0.0,,,,,
mistral,Power_Distance,2003,1,1,,,,,,,0.0,,,,,
mistral,Power_Distance,2003,1,2,,,,,,,0.0,,,,,
mistral,Power_Distance,2003,1,3,,,,,,,0.0,,,,,
mistral,Power_Distance,2004,1,1,,,,,,,25.0,,,,,
mistral,Power_Distance,2004,1,2,,,,,,,25.0,,,,,
mistral,Power_Distance,2004,1,3,,,,,,,25.0,,,,,
mistral,Power_Distance,2005,1,1,,,,,,,50.0,,,,,
mistral,Power_Distance,2005,1,2,,,,,,,50.0,,,,,
mistral,Power_Distance,2005,1,3,,,,,,,50.0,,,,,
mistral,Power_Distance,2006,1,1,,,,,,,25.0,,,,,
mistral,Power_Distance,2006,1,2,,,,,,,25.0,,,,,
mistral,Power_Distance,2006,1,3,,,,,,,25.0,,,,,
mistral,Power_Distance,2007,1,1,,,,,,,25.0,,,,,
mistral,Power_Distance,2007,1,2,,,,,,,25.0,,,,,
mistral,Power_Distance,2007,1,3,,,,,,,25.0,,,,,
mistral,Power_Distance,2008,1,1,,,,,,,25.0,,,,,
mistral,Power_Distance,2008,1,2,,,,,,,25.0,,,,,
mistral,Power_Distance,2008,1,3,,,,,,,25.0,,,,,
mistral,Power_Distance,2010,1,1,,,,,,,25.0,,,,,
mistral,Power_Distance,2010,1,2,,,,,,,25.0,,,,,
mistral,Power_Distance,2010,1,3,,,,,,,25.0,,,,,
mistral,Power_Distance,2011,1,1,,,,,,,100.0,,,,,
mistral,Power_Distance,2011,1,2,,,,,,,100.0,,,,,
mistral,Power_Distance,2011,1,3,,,,,,,100.0,,,,,
mistral,Power_Distance,2012,1,1,,,,,,,25.0,,,,,
mistral,Power_Distance,2012,1,2,,,,,,,25.0,,,,,
mistral,Power_Distance,2012,1,3,,,,,,,25.0,,,,,
mistral,Power_Distance,2013,1,1,,,,,,,25.0,,,,,
mistral,Power_Distance,2013,1,2,,,,,,,25.0,,,,,
mistral,Power_Distance,2013,1,3,,,,,,,25.0,,,,,
mistral,Power_Distance,2014,1,1,,,,,,,0.0,,,,,
mistral,Power_Distance,2014,1,2,,,,,,,0.0,,,,,
mistral,Power_Distance,2014,1,3,,,,,,,0.0,,,,,
mistral,Power_Distance,2015,1,1,,,,,,,0.0,,,,,
mistral,Power_Distance,2015,1,2,,,,,,,0.0,,,,,
mistral,Power_Distance,2015,1,3,,,,,,,0.0,,,,,
mistral,Power_Distance,2016,1,1,,,,,,,0.0,,,,,
mistral,Power_Distance,2016,1,2,,,,,,,0.0,,,,,
mistral,Power_Distance,2016,1,3,,,,,,,0.0,,,,,
mistral,Power_Distance,2017,1,1,,,,,,,25.0,,,,,
mistral,Power_Distance,2017,1,2,,,,,,,25.0,,,,,
mistral,Power_Distance,2017,1,3,,,,,,,25.0,,,,,
mistral,Power_Distance,2018,1,1,,,,,,,25.0,,,,,
mistral,Power_Distance,2018,1,2,,,,,,,25.0,,,,,
mistral,Power_Distance,2018,1,3,,,,,,,25.0,,,,,
mistral,Power_Distance,2024,1,1,,,,,,,25.0,,,,,
mistral,Power_Distance,2024,1,2,,,,,,,25.0,,,,,
mistral,Power_Distance,2024,1,3,,,,,,,25.0,,,,,
mistral,Power_Distance,2025,1,1,,,,,,,25.0,,,,,
mistral,Power_Distance,2025,1,2,,,,,,,25.0,,,,,
mistral,Power_Distance,2025,1,3,,,,,,,25.0,,,,,
mistral,Power_Distance,2026,1,1,,,,,,,25.0,,,,,
mistral,Power_Distance,2026,1,2,,,,,,,25.0,,,,,
mistral,Power_Distance,2026,1,3,,,,,,,25.0,,,,,
mistral,Power_Distance,2027,1,1,,,,,,,0.0,,,,,
mistral,Power_Distance,2027,1,2,,,,,,,0.0,,,,,
mistral,Power_Distance,2027,1,3,,,,,,,0.0,,,,,
mistral,Power_Distance,2030,1,1,,,,,,,25.0,,,,,
mistral,Power_Distance,2030,1,2,,,,,,,25.0,,,,,
mistral,Power_Distance,2030,1,3,,,,,,,25.0,,,,,
mistral,Power_Distance,2031,1,1,,,,,,,25.0,,,,,
mistral,Power_Distance,2031,1,2,,,,,,,25.0,,,,,
mistral,Power_Distance,2031,1,3,,,,,,,25.0,,,,,
mistral,Power_Distance,2033,1,1,,,,,,,25.0,,,,,
mistral,Power_Distance,2033,1,2,,,,,,,25.0,,,,,
mistral,Power_Distance,2033,1,3,,,,,,,25.0,,,,,
mistral,Power_Distance,2034,1,1,,,,,,,0.0,,,,,
mistral,Power_Distance,2034,1,2,,,,,,,0.0,,,,,
mistral,Power_Distance,2034,1,3,,,,,,,0.0,,,,,
mistral,Power_Distance,2035,1,1,,,,,,,75.0,,,,,
mistral,Power_Distance,2035,1,2,,,,,,,75.0,,,,,
mistral,Power_Distance,2035,1,3,,,,,,,75.0,,,,,
mistral,Power_Distance,2036,1,1,,,,,,,0.0,,,,,
mistral,Power_Distance,2036,1,2,,,,,,,0.0,,,,,
mistral,Power_Distance,2036,1,3,,,,,,,0.0,,,,,
mistral,Power_Distance,2039,1,1,,,,,,,0.0,,,,,
mistral,Power_Distance,2039,1,2,,,,,,,0.0,,,,,
mistral,Power_Distance,2039,1,3,,,,,,,0.0,,,,,
mistral,Power_Distance,2040,1,1,,,,,,,50.0,,,,,
mistral,Power_Distance,2040,1,2,,,,,,,50.0,,,,,
mistral,Power_Distance,2040,1,3,,,,,,,50.0,,,,,
mistral,Power_Distance,2043,1,1,,,,,,,0.0,,,,,
mistral,Power_Distance,2043,1,2,,,,,,,0.0,,,,,
mistral,Power_Distance,2043,1,3,,,,,,,0.0,,,,,
mistral,Power_Distance,2045,1,1,,,,,,,25.0,,,,,
mistral,Power_Distance,2045,1,2,,,,,,,25.0,,,,,
mistral,Power_Distance,2045,1,3,,,,,,,25.0,,,,,
mistral,Power_Distance,2046,1,1,,,,,,,25.0,,,,,
mistral,Power_Distance,2046,1,2,,,,,,,25.0,,,,,
mistral,Power_Distance,2046,1,3,,,,,,,25.0,,,,,
mistral,Power_Distance,2050,1,1,,,,,,,0.0,,,,,
mistral,Power_Distance,2050,1,2,,,,,,,0.0,,,,,
mistral,Power_Distance,2050,1,3,,,,,,,0.0,,,,,
mistral,Power_Distance,2051,1,1,,,,,,,25.0,,,,,
mistral,Power_Distance,2051,1,2,,,,,,,25.0,,,,,
mistral,Power_Distance,2051,1,3,,,,,,,25.0,,,,,
mistral,Power_Distance,2053,1,1,,,,,,,25.0,,,,,
mistral,Power_Distance,2053,1,2,,,,,,,25.0,,,,,
mistral,Power_Distance,2053,1,3,,,,,,,25.0,,,,,
mistral,Power_Distance,2054,1,1,,,,,,,25.0,,,,,
mistral,Power_Distance,2054,1,2,,,,,,,25.0,,,,,
mistral,Power_Distance,2054,1,3,,,,,,,25.0,,,,,
mistral,Power_Distance,2055,1,1,,,,,,,25.0,,,,,
mistral,Power_Distance,2055,1,2,,,,,,,25.0,,,,,
mistral,Power_Distance,2055,1,3,,,,,,,25.0,,,,,
mistral,Power_Distance,2056,1,1,,,,,,,25.0,,,,,
mistral,Power_Distance,2056,1,2,,,,,,,25.0,,,,,
mistral,Power_Distance,2056,1,3,,,,,,,25.0,,,,,
mistral,Power_Distance,2057,1,1,,,,,,,50.0,,,,,
mistral,Power_Distance,2057,1,2,,,,,,,50.0,,,,,
mistral,Power_Distance,2057,1,3,,,,,,,50.0,,,,,
mistral,Power_Distance,2058,1,1,,,,,,,100.0,,,,,
mistral,Power_Distance,2058,1,2,,,,,,,100.0,,,,,
mistral,Power_Distance,2058,1,3,,,,,,,100.0,,,,,
mistral,Power_Distance,2059,1,1,,,,,,,50.0,,,,,
mistral,Power_Distance,2059,1,2,,,,,,,50.0,,,,,
mistral,Power_Distance,2059,1,3,,,,,,,50.0,,,,,
mistral,Power_Distance,2060,1,1,,,,,,,25.0,,,,,
mistral,Power_Distance,2060,1,2,,,,,,,25.0,,,,,
mistral,Power_Distance,2060,1,3,,,,,,,25.0,,,,,
mistral,Power_Distance,2061,1,1,,,,,,,75.0,,,,,
mistral,Power_Distance,2061,1,2,,,,,,,75.0,,,,,
mistral,Power_Distance,2061,1,3,,,,,,,75.0,,,,,
mistral,Power_Distance,2062,1,1,,,,,,,25.0,,,,,
mistral,Power_Distance,2062,1,2,,,,,,,25.0,,,,,
mistral,Power_Distance,2062,1,3,,,,,,,25.0,,,,,
mistral,Power_Distance,2063,1,1,,,,,,,50.0,,,,,
mistral,Power_Distance,2063,1,2,,,,,,,50.0,,,,,
mistral,Power_Distance,2063,1,3,,,,,,,50.0,,,,,
mistral,Power_Distance,2064,1,1,,,,,,,0.0,,,,,
mistral,Power_Distance,2064,1,2,,,,,,,0.0,,,,,
mistral,Power_Distance,2064,1,3,,,,,,,0.0,,,,,
mistral,Power_Distance,2065,1,1,,,,,,,25.0,,,,,
mistral,Power_Distance,2065,1,2,,,,,,,25.0,,,,,
mistral,Power_Distance,2065,1,3,,,,,,,25.0,,,,,
mistral,Power_Distance,2066,1,1,,,,,,,25.0,,,,,
mistral,Power_Distance,2066,1,2,,,,,,,25.0,,,,,
mistral,Power_Distance,2066,1,3,,,,,,,25.0,,,,,
mistral,Power_Distance,2067,1,1,,,,,,,50.0,,,,,
mistral,Power_Distance,2067,1,2,,,,,,,50.0,,,,,
mistral,Power_Distance,2067,1,3,,,,,,,50.0,,,,,
mistral,Power_Distance,2069,1,1,,,,,,,25.0,,,,,
mistral,Power_Distance,2069,1,2,,,,,,,25.0,,,,,
mistral,Power_Distance,2069,1,3,,,,,,,25.0,,,,,
mistral,Power_Distance,2073,1,1,,,,,,,25.0,,,,,
mistral,Power_Distance,2073,1,2,,,,,,,25.0,,,,,
mistral,Power_Distance,2073,1,3,,,,,,,25.0,,,,,
mistral,Power_Distance,2074,1,1,,,,,,,75.0,,,,,
mistral,Power_Distance,2074,1,2,,,,,,,75.0,,,,,
mistral,Power_Distance,2074,1,3,,,,,,,75.0,,,,,
mistral,Power_Distance,2075,1,1,,,,,,,25.0,,,,,
mistral,Power_Distance,2075,1,2,,,,,,,25.0,,,,,
mistral,Power_Distance,2075,1,3,,,,,,,25.0,,,,,
mistral,Power_Distance,2076,1,1,,,,,,,25.0,,,,,
mistral,Power_Distance,2076,1,2,,,,,,,25.0,,,,,
mistral,Power_Distance,2076,1,3,,,,,,,25.0,,,,,
mistral,Power_Distance,2079,1,1,,,,,,,75.0,,,,,
mistral,Power_Distance,2079,1,2,,,,,,,75.0,,,,,
mistral,Power_Distance,2079,1,3,,,,,,,75.0,,,,,
mistral,Power_Distance,2080,1,1,,,,,,,0.0,,,,,
mistral,Power_Distance,2080,1,2,,,,,,,0.0,,,,,
mistral,Power_Distance,2080,1,3,,,,,,,0.0,,,,,
mistral,Power_Distance,2081,1,1,,,,,,,0.0,,,,,
mistral,Power_Distance,2081,1,2,,,,,,,0.0,,,,,
mistral,Power_Distance,2081,1,3,,,,,,,0.0,,,,,
mistral,Power_Distance,2083,1,1,,,,,,,50.0,,,,,
mistral,Power_Distance,2083,1,2,,,,,,,50.0,,,,,
mistral,Power_Distance,2083,1,3,,,,,,,50.0,,,,,
mistral,Power_Distance,2084,1,1,,,,,,,25.0,,,,,
mistral,Power_Distance,2084,1,2,,,,,,,25.0,,,,,
mistral,Power_Distance,2084,1,3,,,,,,,25.0,,,,,
mistral,Power_Distance,2085,1,1,,,,,,,100.0,,,,,
mistral,Power_Distance,2085,1,2,,,,,,,100.0,,,,,
mistral,Power_Distance,2085,1,3,,,,,,,100.0,,,,,
mistral,Power_Distance,2087,1,1,,,,,,,25.0,,,,,
mistral,Power_Distance,2087,1,2,,,,,,,25.0,,,,,
mistral,Power_Distance,2087,1,3,,,,,,,25.0,,,,,
mistral,Power_Distance,2088,1,1,,,,,,,25.0,,,,,
mistral,Power_Distance,2088,1,2,,,,,,,25.0,,,,,
mistral,Power_Distance,2088,1,3,,,,,,,25.0,,,,,
mistral,Power_Distance,2089,1,1,,,,,,,25.0,,,,,
mistral,Power_Distance,2089,1,2,,,,,,,25.0,,,,,
mistral,Power_Distance,2089,1,3,,,,,,,25.0,,,,,
mistral,Power_Distance,2090,1,1,,,,,,,0.0,,,,,
mistral,Power_Distance,2090,1,2,,,,,,,0.0,,,,,
mistral,Power_Distance,2090,1,3,,,,,,,0.0,,,,,
mistral,Power_Distance,2091,1,1,,,,,,,50.0,,,,,
mistral,Power_Distance,2091,1,2,,,,,,,50.0,,,,,
mistral,Power_Distance,2091,1,3,,,,,,,50.0,,,,,
mistral,Power_Distance,2093,1,1,,,,,,,25.0,,,,,
mistral,Power_Distance,2093,1,2,,,,,,,25.0,,,,,
mistral,Power_Distance,2093,1,3,,,,,,,25.0,,,,,
mistral,Power_Distance,2095,1,1,,,,,,,25.0,,,,,
mistral,Power_Distance,2095,1,2,,,,,,,25.0,,,,,
mistral,Power_Distance,2095,1,3,,,,,,,25.0,,,,,
mistral,Power_Distance,2096,1,1,,,,,,,25.0,,,,,
mistral,Power_Distance,2096,1,2,,,,,,,25.0,,,,,
mistral,Power_Distance,2096,1,3,,,,,,,25.0,,,,,
mistral,Power_Distance,2099,1,1,,,,,,,25.0,,,,,
mistral,Power_Distance,2099,1,2,,,,,,,25.0,,,,,
mistral,Power_Distance,2099,1,3,,,,,,,25.0,,,,,
mistral,Power_Distance,2100,1,1,,,,,,,0.0,,,,,
mistral,Power_Distance,2100,1,2,,,,,,,0.0,,,,,
mistral,Power_Distance,2100,1,3,,,,,,,0.0,,,,,
mistral,Power_Distance,2102,1,1,,,,,,,25.0,,,,,
mistral,Power_Distance,2102,1,2,,,,,,,25.0,,,,,
mistral,Power_Distance,2102,1,3,,,,,,,25.0,,,,,
mistral,Power_Distance,2103,1,1,,,,,,,25.0,,,,,
mistral,Power_Distance,2103,1,2,,,,,,,25.0,,,,,
mistral,Power_Distance,2103,1,3,,,,,,,25.0,,,,,
mistral,Power_Distance,2105,1,1,,,,,,,25.0,,,,,
mistral,Power_Distance,2105,1,2,,,,,,,25.0,,,,,
mistral,Power_Distance,2105,1,3,,,,,,,25.0,,,,,
mistral,Power_Distance,2107,1,1,,,,,,,0.0,,,,,
mistral,Power_Distance,2107,1,2,,,,,,,0.0,,,,,
mistral,Power_Distance,2107,1,3,,,,,,,0.0,,,,,
mistral,Power_Distance,2108,1,1,,,,,,,0.0,,,,,
mistral,Power_Distance,2108,1,2,,,,,,,0.0,,,,,
mistral,Power_Distance,2108,1,3,,,,,,,0.0,,,,,
mistral,Power_Distance,2109,1,1,,,,,,,0.0,,,,,
mistral,Power_Distance,2109,1,2,,,,,,,0.0,,,,,
mistral,Power_Distance,2109,1,3,,,,,,,0.0,,,,,
mistral,Power_Distance,2112,1,1,,,,,,,0.0,,,,,
mistral,Power_Distance,2112,1,2,,,,,,,0.0,,,,,
mistral,Power_Distance,2112,1,3,,,,,,,0.0,,,,,
mistral,Power_Distance,2113,1,1,,,,,,,50.0,,,,,
mistral,Power_Distance,2113,1,2,,,,,,,50.0,,,,,
mistral,Power_Distance,2113,1,3,,,,,,,50.0,,,,,
mistral,Power_Distance,2116,1,1,,,,,,,50.0,,,,,
mistral,Power_Distance,2116,1,2,,,,,,,50.0,,,,,
mistral,Power_Distance,2116,1,3,,,,,,,50.0,,,,,
mistral,Power_Distance,2123,1,1,,,,,,,25.0,,,,,
mistral,Power_Distance,2123,1,2,,,,,,,25.0,,,,,
mistral,Power_Distance,2123,1,3,,,,,,,25.0,,,,,
mistral,Power_Distance,2125,1,1,,,,,,,100.0,,,,,
mistral,Power_Distance,2125,1,2,,,,,,,100.0,,,,,
mistral,Power_Distance,2125,1,3,,,,,,,100.0,,,,,
mistral,Power_Distance,2130,1,1,,,,,,,0.0,,,,,
mistral,Power_Distance,2130,1,2,,,,,,,0.0,,,,,
mistral,Power_Distance,2130,1,3,,,,,,,0.0,,,,,
mistral,Power_Distance,2132,1,1,,,,,,,25.0,,,,,
mistral,Power_Distance,2132,1,2,,,,,,,25.0,,,,,
mistral,Power_Distance,2132,1,3,,,,,,,25.0,,,,,
mistral,Power_Distance,2134,1,1,,,,,,,25.0,,,,,
mistral,Power_Distance,2134,1,2,,,,,,,25.0,,,,,
mistral,Power_Distance,2134,1,3,,,,,,,25.0,,,,,
mistral,Uncertainty_Avoidance,2423,1,1,,,,,,,75.0,,,,,
mistral,Uncertainty_Avoidance,2423,1,2,,,,,,,75.0,,,,,
mistral,Uncertainty_Avoidance,2423,1,3,,,,,,,75.0,,,,,
mistral,Uncertainty_Avoidance,2424,1,1,,,,,,,25.0,,,,,
mistral,Uncertainty_Avoidance,2424,1,2,,,,,,,25.0,,,,,
mistral,Uncertainty_Avoidance,2424,1,3,,,,,,,25.0,,,,,
mistral,Uncertainty_Avoidance,2425,1,1,,,,,,,0.0,,,,,
mistral,Uncertainty_Avoidance,2425,1,2,,,,,,,0.0,,,,,
mistral,Uncertainty_Avoidance,2425,1,3,,,,,,,0.0,,,,,
mistral,Uncertainty_Avoidance,2426,1,1,,,,,,,25.0,,,,,
mistral,Uncertainty_Avoidance,2426,1,2,,,,,,,25.0,,,,,
mistral,Uncertainty_Avoidance,2426,1,3,,,,,,,25.0,,,,,
mistral,Uncertainty_Avoidance,2427,1,1,,,,,,,50.0,,,,,
mistral,Uncertainty_Avoidance,2427,1,2,,,,,,,50.0,,,,,
mistral,Uncertainty_Avoidance,2427,1,3,,,,,,,50.0,,,,,
mistral,Uncertainty_Avoidance,2428,1,1,,,,,,,50.0,,,,,
mistral,Uncertainty_Avoidance,2428,1,2,,,,,,,50.0,,,,,
mistral,Uncertainty_Avoidance,2428,1,3,,,,,,,50.0,,,,,
mistral,Uncertainty_Avoidance,2429,1,1,,,,,,,50.0,,,,,
mistral,Uncertainty_Avoidance,2429,1,2,,,,,,,50.0,,,,,
mistral,Uncertainty_Avoidance,2429,1,3,,,,,,,50.0,,,,,
mistral,Uncertainty_Avoidance,2430,1,1,,,,,,,0.0,,,,,
mistral,Uncertainty_Avoidance,2430,1,2,,,,,,,0.0,,,,,
mistral,Uncertainty_Avoidance,2430,1,3,,,,,,,0.0,,,,,
mistral,Uncertainty_Avoidance,2431,1,1,,,,,,,25.0,,,,,
mistral,Uncertainty_Avoidance,2431,1,2,,,,,,,25.0,,,,,
mistral,Uncertainty_Avoidance,2431,1,3,,,,,,,25.0,,,,,
mistral,Uncertainty_Avoidance,2432,1,1,,,,,,,25.0,,,,,
mistral,Uncertainty_Avoidance,2432,1,2,,,,,,,25.0,,,,,
mistral,Uncertainty_Avoidance,2432,1,3,,,,,,,25.0,,,,,
mistral,Uncertainty_Avoidance,2433,1,1,,,,,,,50.0,,,,,
mistral,Uncertainty_Avoidance,2433,1,2,,,,,,,50.0,,,,,
mistral,Uncertainty_Avoidance,2433,1,3,,,,,,,50.0,,,,,
mistral,Uncertainty_Avoidance,2434,1,1,,,,,,,25.0,,,,,
mistral,Uncertainty_Avoidance,2434,1,2,,,,,,,25.0,,,,,
mistral,Uncertainty_Avoidance,2434,1,3,,,,,,,25.0,,,,,
mistral,Uncertainty_Avoidance,2435,1,1,,,,,,,0.0,,,,,
mistral,Uncertainty_Avoidance,2435,1,2,,,,,,,0.0,,,,,
mistral,Uncertainty_Avoidance,2435,1,3,,,,,,,0.0,,,,,
mistral,Uncertainty_Avoidance,2436,1,1,,,,,,,50.0,,,,,
mistral,Uncertainty_Avoidance,2436,1,2,,,,,,,50.0,,,,,
mistral,Uncertainty_Avoidance,2436,1,3,,,,,,,50.0,,,,,
mistral,Uncertainty_Avoidance,2437,1,1,,,,,,,25.0,,,,,
mistral,Uncertainty_Avoidance,2437,1,2,,,,,,,25.0,,,,,
mistral,Uncertainty_Avoidance,2437,1,3,,,,,,,25.0,,,,,
mistral,Uncertainty_Avoidance,2438,1,1,,,,,,,25.0,,,,,
mistral,Uncertainty_Avoidance,2438,1,2,,,,,,,25.0,,,,,
mistral,Uncertainty_Avoidance,2438,1,3,,,,,,,25.0,,,,,
mistral,Uncertainty_Avoidance,2439,1,1,,,,,,,25.0,,,,,
mistral,Uncertainty_Avoidance,2439,1,2,,,,,,,25.0,,,,,
mistral,Uncertainty_Avoidance,2439,1,3,,,,,,,25.0,,,,,
mistral,Uncertainty_Avoidance,2440,1,1,,,,,,,75.0,,,,,
mistral,Uncertainty_Avoidance,2440,1,2,,,,,,,75.0,,,,,
mistral,Uncertainty_Avoidance,2440,1,3,,,,,,,75.0,,,,,
mistral,Uncertainty_Avoidance,2445,1,1,,,,,,,50.0,,,,,
mistral,Uncertainty_Avoidance,2445,1,2,,,,,,,50.0,,,,,
mistral,Uncertainty_Avoidance,2445,1,3,,,,,,,50.0,,,,,
mistral,Uncertainty_Avoidance,2446,1,1,,,,,,,50.0,,,,,
mistral,Uncertainty_Avoidance,2446,1,2,,,,,,,50.0,,,,,
mistral,Uncertainty_Avoidance,2446,1,3,,,,,,,50.0,,,,,
mistral,Uncertainty_Avoidance,2447,1,1,,,,,,,25.0,,,,,
mistral,Uncertainty_Avoidance,2447,1,2,,,,,,,25.0,,,,,
mistral,Uncertainty_Avoidance,2447,1,3,,,,,,,25.0,,,,,
mistral,Uncertainty_Avoidance,2449,1,1,,,,,,,25.0,,,,,
mistral,Uncertainty_Avoidance,2449,1,2,,,,,,,25.0,,,,,
mistral,Uncertainty_Avoidance,2449,1,3,,,,,,,25.0,,,,,
mistral,Uncertainty_Avoidance,2450,1,1,,,,,,,25.0,,,,,
mistral,Uncertainty_Avoidance,2450,1,2,,,,,,,25.0,,,,,
mistral,Uncertainty_Avoidance,2450,1,3,,,,,,,25.0,,,,,
mistral,Uncertainty_Avoidance,2452,1,1,,,,,,,0.0,,,,,
mistral,Uncertainty_Avoidance,2452,1,2,,,,,,,0.0,,,,,
mistral,Uncertainty_Avoidance,2452,1,3,,,,,,,0.0,,,,,
mistral,Uncertainty_Avoidance,2453,1,1,,,,,,,0.0,,,,,
mistral,Uncertainty_Avoidance,2453,1,2,,,,,,,0.0,,,,,
mistral,Uncertainty_Avoidance,2453,1,3,,,,,,,0.0,,,,,
mistral,Uncertainty_Avoidance,2454,1,1,,,,,,,25.0,,,,,
mistral,Uncertainty_Avoidance,2454,1,2,,,,,,,25.0,,,,,
mistral,Uncertainty_Avoidance,2454,1,3,,,,,,,25.0,,,,,
mistral,Uncertainty_Avoidance,2456,1,1,,,,,,,25.0,,,,,
mistral,Uncertainty_Avoidance,2456,1,2,,,,,,,25.0,,,,,
mistral,Uncertainty_Avoidance,2456,1,3,,,,,,,25.0,,,,,
mistral,Uncertainty_Avoidance,2457,1,1,,,,,,,0.0,,,,,
mistral,Uncertainty_Avoidance,2457,1,2,,,,,,,0.0,,,,,
mistral,Uncertainty_Avoidance,2457,1,3,,,,,,,0.0,,,,,
mistral,Uncertainty_Avoidance,2459,1,1,,,,,,,50.0,,,,,
mistral,Uncertainty_Avoidance,2459,1,2,,,,,,,50.0,,,,,
mistral,Uncertainty_Avoidance,2459,1,3,,,,,,,50.0,,,,,
mistral,Uncertainty_Avoidance,2460,1,1,,,,,,,25.0,,,,,
mistral,Uncertainty_Avoidance,2460,1,2,,,,,,,25.0,,,,,
mistral,Uncertainty_Avoidance,2460,1,3,,,,,,,25.0,,,,,
mistral,Uncertainty_Avoidance,2461,1,1,,,,,,,25.0,,,,,
mistral,Uncertainty_Avoidance,2461,1,2,,,,,,,25.0,,,,,
mistral,Uncertainty_Avoidance,2461,1,3,,,,,,,25.0,,,,,
mistral,Uncertainty_Avoidance,2463,1,1,,,,,,,0.0,,,,,
mistral,Uncertainty_Avoidance,2463,1,2,,,,,,,0.0,,,,,
mistral,Uncertainty_Avoidance,2463,1,3,,,,,,,0.0,,,,,
mistral,Uncertainty_Avoidance,2464,1,1,,,,,,,100.0,,,,,
mistral,Uncertainty_Avoidance,2464,1,2,,,,,,,100.0,,,,,
mistral,Uncertainty_Avoidance,2464,1,3,,,,,,,100.0,,,,,
mistral,Uncertainty_Avoidance,2466,1,1,,,,,,,25.0,,,,,
mistral,Uncertainty_Avoidance,2466,1,2,,,,,,,25.0,,,,,
mistral,Uncertainty_Avoidance,2466,1,3,,,,,,,25.0,,,,,
mistral,Uncertainty_Avoidance,2467,1,1,,,,,,,50.0,,,,,
mistral,Uncertainty_Avoidance,2467,1,2,,,,,,,50.0,,,,,
mistral,Uncertainty_Avoidance,2467,1,3,,,,,,,50.0,,,,,
mistral,Uncertainty_Avoidance,2468,1,1,,,,,,,50.0,,,,,
mistral,Uncertainty_Avoidance,2468,1,2,,,,,,,50.0,,,,,
mistral,Uncertainty_Avoidance,2468,1,3,,,,,,,50.0,,,,,
mistral,Uncertainty_Avoidance,2469,1,1,,,,,,,25.0,,,,,
mistral,Uncertainty_Avoidance,2469,1,2,,,,,,,25.0,,,,,
mistral,Uncertainty_Avoidance,2469,1,3,,,,,,,25.0,,,,,
mistral,Uncertainty_Avoidance,2471,1,1,,,,,,,25.0,,,,,
mistral,Uncertainty_Avoidance,2471,1,2,,,,,,,25.0,,,,,
mistral,Uncertainty_Avoidance,2471,1,3,,,,,,,25.0,,,,,
mistral,Uncertainty_Avoidance,2473,1,1,,,,,,,25.0,,,,,
mistral,Uncertainty_Avoidance,2473,1,2,,,,,,,25.0,,,,,
mistral,Uncertainty_Avoidance,2473,1,3,,,,,,,25.0,,,,,
mistral,Uncertainty_Avoidance,2474,1,1,,,,,,,50.0,,,,,
mistral,Uncertainty_Avoidance,2474,1,2,,,,,,,50.0,,,,,
mistral,Uncertainty_Avoidance,2474,1,3,,,,,,,50.0,,,,,
mistral,Uncertainty_Avoidance,2475,1,1,,,,,,,50.0,,,,,
mistral,Uncertainty_Avoidance,2475,1,2,,,,,,,50.0,,,,,
mistral,Uncertainty_Avoidance,2475,1,3,,,,,,,50.0,,,,,
mistral,Uncertainty_Avoidance,2476,1,1,,,,,,,0.0,,,,,
mistral,Uncertainty_Avoidance,2476,1,2,,,,,,,0.0,,,,,
mistral,Uncertainty_Avoidance,2476,1,3,,,,,,,0.0,,,,,
mistral,Uncertainty_Avoidance,2477,1,1,,,,,,,25.0,,,,,
mistral,Uncertainty_Avoidance,2477,1,2,,,,,,,25.0,,,,,
mistral,Uncertainty_Avoidance,2477,1,3,,,,,,,25.0,,,,,
mistral,Uncertainty_Avoidance,2478,1,1,,,,,,,50.0,,,,,
mistral,Uncertainty_Avoidance,2478,1,2,,,,,,,50.0,,,,,
mistral,Uncertainty_Avoidance,2478,1,3,,,,,,,50.0,,,,,
mistral,Uncertainty_Avoidance,2479,1,1,,,,,,,25.0,,,,,
mistral,Uncertainty_Avoidance,2479,1,2,,,,,,,25.0,,,,,
mistral,Uncertainty_Avoidance,2479,1,3,,,,,,,25.0,,,,,
mistral,Uncertainty_Avoidance,2482,1,1,,,,,,,25.0,,,,,
mistral,Uncertainty_Avoidance,2482,1,2,,,,,,,25.0,,,,,
mistral,Uncertainty_Avoidance,2482,1,3,,,,,,,25.0,,,,,
mistral,Uncertainty_Avoidance,2483,1,1,,,,,,,25.0,,,,,
mistral,Uncertainty_Avoidance,2483,1,2,,,,,,,25.0,,,,,
mistral,Uncertainty_Avoidance,2483,1,3,,,,,,,25.0,,,,,
mistral,Uncertainty_Avoidance,2484,1,1,,,,,,,25.0,,,,,
mistral,Uncertainty_Avoidance,2484,1,2,,,,,,,25.0,,,,,
mistral,Uncertainty_Avoidance,2484,1,3,,,,,,,25.0,,,,,
mistral,Uncertainty_Avoidance,2485,1,1,,,,,,,25.0,,,,,
mistral,Uncertainty_Avoidance,2485,1,2,,,,,,,25.0,,,,,
mistral,Uncertainty_Avoidance,2485,1,3,,,,,,,25.0,,,,,
mistral,Uncertainty_Avoidance,2487,1,1,,,,,,,0.0,,,,,
mistral,Uncertainty_Avoidance,2487,1,2,,,,,,,0.0,,,,,
mistral,Uncertainty_Avoidance,2487,1,3,,,,,,,0.0,,,,,
mistral,Uncertainty_Avoidance,2488,1,1,,,,,,,25.0,,,,,
mistral,Uncertainty_Avoidance,2488,1,2,,,,,,,25.0,,,,,
mistral,Uncertainty_Avoidance,2488,1,3,,,,,,,25.0,,,,,
mistral,Uncertainty_Avoidance,2489,1,1,,,,,,,25.0,,,,,
mistral,Uncertainty_Avoidance,2489,1,2,,,,,,,25.0,,,,,
mistral,Uncertainty_Avoidance,2489,1,3,,,,,,,25.0,,,,,
mistral,Uncertainty_Avoidance,2490,1,1,,,,,,,75.0,,,,,
mistral,Uncertainty_Avoidance,2490,1,2,,,,,,,75.0,,,,,
mistral,Uncertainty_Avoidance,2490,1,3,,,,,,,75.0,,,,,
mistral,Uncertainty_Avoidance,2492,1,1,,,,,,,50.0,,,,,
mistral,Uncertainty_Avoidance,2492,1,2,,,,,,,50.0,,,,,
mistral,Uncertainty_Avoidance,2492,1,3,,,,,,,50.0,,,,,
mistral,Uncertainty_Avoidance,2493,1,1,,,,,,,75.0,,,,,
mistral,Uncertainty_Avoidance,2493,1,2,,,,,,,75.0,,,,,
mistral,Uncertainty_Avoidance,2493,1,3,,,,,,,75.0,,,,,
mistral,Uncertainty_Avoidance,2494,1,1,,,,,,,25.0,,,,,
mistral,Uncertainty_Avoidance,2494,1,2,,,,,,,25.0,,,,,
mistral,Uncertainty_Avoidance,2494,1,3,,,,,,,25.0,,,,,
mistral,Uncertainty_Avoidance,2495,1,1,,,,,,,75.0,,,,,
mistral,Uncertainty_Avoidance,2495,1,2,,,,,,,75.0,,,,,
mistral,Uncertainty_Avoidance,2495,1,3,,,,,,,75.0,,,,,
mistral,Uncertainty_Avoidance,2497,1,1,,,,,,,25.0,,,,,
mistral,Uncertainty_Avoidance,2497,1,2,,,,,,,25.0,,,,,
mistral,Uncertainty_Avoidance,2497,1,3,,,,,,,25.0,,,,,
mistral,Uncertainty_Avoidance,2501,1,1,,,,,,,25.0,,,,,
mistral,Uncertainty_Avoidance,2501,1,2,,,,,,,25.0,,,,,
mistral,Uncertainty_Avoidance,2501,1,3,,,,,,,25.0,,,,,
mistral,Uncertainty_Avoidance,2503,1,1,,,,,,,25.0,,,,,
mistral,Uncertainty_Avoidance,2503,1,2,,,,,,,25.0,,,,,
mistral,Uncertainty_Avoidance,2503,1,3,,,,,,,25.0,,,,,
mistral,Uncertainty_Avoidance,2505,1,1,,,,,,,25.0,,,,,
mistral,Uncertainty_Avoidance,2505,1,2,,,,,,,25.0,,,,,
mistral,Uncertainty_Avoidance,2505,1,3,,,,,,,25.0,,,,,
mistral,Uncertainty_Avoidance,2506,1,1,,,,,,,25.0,,,,,
mistral,Uncertainty_Avoidance,2506,1,2,,,,,,,25.0,,,,,
mistral,Uncertainty_Avoidance,2506,1,3,,,,,,,25.0,,,,,
mistral,Uncertainty_Avoidance,2508,1,1,,,,,,,25.0,,,,,
mistral,Uncertainty_Avoidance,2508,1,2,,,,,,,25.0,,,,,
mistral,Uncertainty_Avoidance,2508,1,3,,,,,,,25.0,,,,,
mistral,Uncertainty_Avoidance,2511,1,1,,,,,,,50.0,,,,,
mistral,Uncertainty_Avoidance,2511,1,2,,,,,,,50.0,,,,,
mistral,Uncertainty_Avoidance,2511,1,3,,,,,,,50.0,,,,,
mistral,Uncertainty_Avoidance,2513,1,1,,,,,,,25.0,,,,,
mistral,Uncertainty_Avoidance,2513,1,2,,,,,,,25.0,,,,,
mistral,Uncertainty_Avoidance,2513,1,3,,,,,,,25.0,,,,,
mistral,Uncertainty_Avoidance,2514,1,1,,,,,,,25.0,,,,,
mistral,Uncertainty_Avoidance,2514,1,2,,,,,,,25.0,,,,,
mistral,Uncertainty_Avoidance,2514,1,3,,,,,,,25.0,,,,,
mistral,Uncertainty_Avoidance,2516,1,1,,,,,,,25.0,,,,,
mistral,Uncertainty_Avoidance,2516,1,2,,,,,,,25.0,,,,,
mistral,Uncertainty_Avoidance,2516,1,3,,,,,,,25.0,,,,,
mistral,Uncertainty_Avoidance,2518,1,1,,,,,,,25.0,,,,,
mistral,Uncertainty_Avoidance,2518,1,2,,,,,,,25.0,,,,,
mistral,Uncertainty_Avoidance,2518,1,3,,,,,,,25.0,,,,,
mistral,Uncertainty_Avoidance,2520,1,1,,,,,,,100.0,,,,,
mistral,Uncertainty_Avoidance,2520,1,2,,,,,,,100.0,,,,,
mistral,Uncertainty_Avoidance,2520,1,3,,,,,,,100.0,,,,,
mistral,Uncertainty_Avoidance,2521,1,1,,,,,,,25.0,,,,,
mistral,Uncertainty_Avoidance,2521,1,2,,,,,,,25.0,,,,,
mistral,Uncertainty_Avoidance,2521,1,3,,,,,,,25.0,,,,,
mistral,Uncertainty_Avoidance,2523,1,1,,,,,,,25.0,,,,,
mistral,Uncertainty_Avoidance,2523,1,2,,,,,,,25.0,,,,,
mistral,Uncertainty_Avoidance,2523,1,3,,,,,,,25.0,,,,,
mistral,Uncertainty_Avoidance,2524,1,1,,,,,,,75.0,,,,,
mistral,Uncertainty_Avoidance,2524,1,2,,,,,,,75.0,,,,,
mistral,Uncertainty_Avoidance,2524,1,3,,,,,,,75.0,,,,,
mistral,Uncertainty_Avoidance,2525,1,1,,,,,,,50.0,,,,,
mistral,Uncertainty_Avoidance,2525,1,2,,,,,,,50.0,,,,,
mistral,Uncertainty_Avoidance,2525,1,3,,,,,,,50.0,,,,,
mistral,Uncertainty_Avoidance,2526,1,1,,,,,,,25.0,,,,,
mistral,Uncertainty_Avoidance,2526,1,2,,,,,,,25.0,,,,,
mistral,Uncertainty_Avoidance,2526,1,3,,,,,,,25.0,,,,,
mistral,Uncertainty_Avoidance,2528,1,1,,,,,,,25.0,,,,,
mistral,Uncertainty_Avoidance,2528,1,2,,,,,,,25.0,,,,,
mistral,Uncertainty_Avoidance,2528,1,3,,,,,,,25.0,,,,,
mistral,Uncertainty_Avoidance,2529,1,1,,,,,,,25.0,,,,,
mistral,Uncertainty_Avoidance,2529,1,2,,,,,,,25.0,,,,,
mistral,Uncertainty_Avoidance,2529,1,3,,,,,,,25.0,,,,,
mistral,Uncertainty_Avoidance,2530,1,1,,,,,,,75.0,,,,,
mistral,Uncertainty_Avoidance,2530,1,2,,,,,,,75.0,,,,,
mistral,Uncertainty_Avoidance,2530,1,3,,,,,,,75.0,,,,,
mistral,Uncertainty_Avoidance,2532,1,1,,,,,,,25.0,,,,,
mistral,Uncertainty_Avoidance,2532,1,2,,,,,,,25.0,,,,,
mistral,Uncertainty_Avoidance,2532,1,3,,,,,,,25.0,,,,,
mistral,Uncertainty_Avoidance,2533,1,1,,,,,,,25.0,,,,,
mistral,Uncertainty_Avoidance,2533,1,2,,,,,,,25.0,,,,,
mistral,Uncertainty_Avoidance,2533,1,3,,,,,,,25.0,,,,,
mistral,Uncertainty_Avoidance,2534,1,1,,,,,,,75.0,,,,,
mistral,Uncertainty_Avoidance,2534,1,2,,,,,,,75.0,,,,,
mistral,Uncertainty_Avoidance,2534,1,3,,,,,,,75.0,,,,,
mistral,Uncertainty_Avoidance,2535,1,1,,,,,,,25.0,,,,,
mistral,Uncertainty_Avoidance,2535,1,2,,,,,,,25.0,,,,,
mistral,Uncertainty_Avoidance,2535,1,3,,,,,,,25.0,,,,,
mistral,Uncertainty_Avoidance,2536,1,1,,,,,,,25.0,,,,,
mistral,Uncertainty_Avoidance,2536,1,2,,,,,,,25.0,,,,,
mistral,Uncertainty_Avoidance,2536,1,3,,,,,,,25.0,,,,,
mistral,Uncertainty_Avoidance,2537,1,1,,,,,,,50.0,,,,,
mistral,Uncertainty_Avoidance,2537,1,2,,,,,,,50.0,,,,,
mistral,Uncertainty_Avoidance,2537,1,3,,,,,,,50.0,,,,,
mistral,Uncertainty_Avoidance,2538,1,1,,,,,,,50.0,,,,,
mistral,Uncertainty_Avoidance,2538,1,2,,,,,,,50.0,,,,,
mistral,Uncertainty_Avoidance,2538,1,3,,,,,,,50.0,,,,,
mistral,Uncertainty_Avoidance,2539,1,1,,,,,,,75.0,,,,,
mistral,Uncertainty_Avoidance,2539,1,2,,,,,,,75.0,,,,,
mistral,Uncertainty_Avoidance,2539,1,3,,,,,,,75.0,,,,,
mistral,Uncertainty_Avoidance,2542,1,1,,,,,,,50.0,,,,,
mistral,Uncertainty_Avoidance,2542,1,2,,,,,,,50.0,,,,,
mistral,Uncertainty_Avoidance,2542,1,3,,,,,,,50.0,,,,,
mistral,Uncertainty_Avoidance,2543,1,1,,,,,,,25.0,,,,,
mistral,Uncertainty_Avoidance,2543,1,2,,,,,,,25.0,,,,,
mistral,Uncertainty_Avoidance,2543,1,3,,,,,,,25.0,,,,,
mistral,Uncertainty_Avoidance,2544,1,1,,,,,,,25.0,,,,,
mistral,Uncertainty_Avoidance,2544,1,2,,,,,,,25.0,,,,,
mistral,Uncertainty_Avoidance,2544,1,3,,,,,,,25.0,,,,,
mistral,Uncertainty_Avoidance,2545,1,1,,,,,,,75.0,,,,,
mistral,Uncertainty_Avoidance,2545,1,2,,,,,,,75.0,,,,,
mistral,Uncertainty_Avoidance,2545,1,3,,,,,,,75.0,,,,,
mistral,Uncertainty_Avoidance,2546,1,1,,,,,,,25.0,,,,,
mistral,Uncertainty_Avoidance,2546,1,2,,,,,,,25.0,,,,,
mistral,Uncertainty_Avoidance,2546,1,3,,,,,,,25.0,,,,,
mistral,Uncertainty_Avoidance,2548,1,1,,,,,,,25.0,,,,,
mistral,Uncertainty_Avoidance,2548,1,2,,,,,,,25.0,,,,,
mistral,Uncertainty_Avoidance,2548,1,3,,,,,,,25.0,,,,,
mistral,Uncertainty_Avoidance,2549,1,1,,,,,,,75.0,,,,,
mistral,Uncertainty_Avoidance,2549,1,2,,,,,,,75.0,,,,,
mistral,Uncertainty_Avoidance,2549,1,3,,,,,,,75.0,,,,,
mistral,Uncertainty_Avoidance,2550,1,1,,,,,,,100.0,,,,,
mistral,Uncertainty_Avoidance,2550,1,2,,,,,,,100.0,,,,,
mistral,Uncertainty_Avoidance,2550,1,3,,,,,,,100.0,,,,,
mistral,Uncertainty_Avoidance,2553,1,1,,,,,,,75.0,,,,,
mistral,Uncertainty_Avoidance,2553,1,2,,,,,,,75.0,,,,,
mistral,Uncertainty_Avoidance,2553,1,3,,,,,,,75.0,,,,,
mistral,Uncertainty_Avoidance,2554,1,1,,,,,,,50.0,,,,,
mistral,Uncertainty_Avoidance,2554,1,2,,,,,,,50.0,,,,,
mistral,Uncertainty_Avoidance,2554,1,3,,,,,,,50.0,,,,,
mistral,Uncertainty_Avoidance,2556,1,1,,,,,,,25.0,,,,,
mistral,Uncertainty_Avoidance,2556,1,2,,,,,,,25.0,,,,,
mistral,Uncertainty_Avoidance,2556,1,3,,,,,,,25.0,,,,,
mistral,Uncertainty_Avoidance,2557,1,1,,,,,,,0.0,,,,,
mistral,Uncertainty_Avoidance,2557,1,2,,,,,,,0.0,,,,,
mistral,Uncertainty_Avoidance,2557,1,3,,,,,,,0.0,,,,,
mistral,Uncertainty_Avoidance,2558,1,1,,,,,,,0.0,,,,,
mistral,Uncertainty_Avoidance,2558,1,2,,,,,,,0.0,,,,,
mistral,Uncertainty_Avoidance,2558,1,3,,,,,,,0.0,,,,,
mistral,Uncertainty_Avoidance,2559,1,1,,,,,,,50.0,,,,,
mistral,Uncertainty_Avoidance,2559,1,2,,,,,,,50.0,,,,,
mistral,Uncertainty_Avoidance,2559,1,3,,,,,,,50.0,,,,,
mistral,Uncertainty_Avoidance,2562,1,1,,,,,,,25.0,,,,,
mistral,Uncertainty_Avoidance,2562,1,2,,,,,,,25.0,,,,,
mistral,Uncertainty_Avoidance,2562,1,3,,,,,,,25.0,,,,,
mistral,Uncertainty_Avoidance,2563,1,1,,,,,,,100.0,,,,,
mistral,Uncertainty_Avoidance,2563,1,2,,,,,,,100.0,,,,,
mistral,Uncertainty_Avoidance,2563,1,3,,,,,,,100.0,,,,,
mistral,Uncertainty_Avoidance,2564,1,1,,,,,,,25.0,,,,,
mistral,Uncertainty_Avoidance,2564,1,2,,,,,,,25.0,,,,,
mistral,Uncertainty_Avoidance,2564,1,3,,,,,,,25.0,,,,,
mistral,Uncertainty_Avoidance,2565,1,1,,,,,,,75.0,,,,,
mistral,Uncertainty_Avoidance,2565,1,2,,,,,,,75.0,,,,,
mistral,Uncertainty_Avoidance,2565,1,3,,,,,,,75.0,,,,,
mistral,Uncertainty_Avoidance,2566,1,1,,,,,,,25.0,,,,,
mistral,Uncertainty_Avoidance,2566,1,2,,,,,,,25.0,,,,,
mistral,Uncertainty_Avoidance,2566,1,3,,,,,,,25.0,,,,,
mistral,Uncertainty_Avoidance,2567,1,1,,,,,,,25.0,,,,,
mistral,Uncertainty_Avoidance,2567,1,2,,,,,,,25.0,,,,,
mistral,Uncertainty_Avoidance,2567,1,3,,,,,,,25.0,,,,,
mistral,Uncertainty_Avoidance,2568,1,1,,,,,,,25.0,,,,,
mistral,Uncertainty_Avoidance,2568,1,2,,,,,,,25.0,,,,,
mistral,Uncertainty_Avoidance,2568,1,3,,,,,,,25.0,,,,,
mistral,Uncertainty_Avoidance,2569,1,1,,,,,,,50.0,,,,,
mistral,Uncertainty_Avoidance,2569,1,2,,,,,,,50.0,,,,,
mistral,Uncertainty_Avoidance,2569,1,3,,,,,,,50.0,,,,,
mistral,Uncertainty_Avoidance,2570,1,1,,,,,,,25.0,,,,,
mistral,Uncertainty_Avoidance,2570,1,2,,,,,,,25.0,,,,,
mistral,Uncertainty_Avoidance,2570,1,3,,,,,,,25.0,,,,,
mistral,Uncertainty_Avoidance,2571,1,1,,,,,,,50.0,,,,,
mistral,Uncertainty_Avoidance,2571,1,2,,,,,,,50.0,,,,,
mistral,Uncertainty_Avoidance,2571,1,3,,,,,,,50.0,,,,,
mistral,Uncertainty_Avoidance,2573,1,1,,,,,,,25.0,,,,,
mistral,Uncertainty_Avoidance,2573,1,2,,,,,,,25.0,,,,,
mistral,Uncertainty_Avoidance,2573,1,3,,,,,,,25.0,,,,,
mistral,Uncertainty_Avoidance,2575,1,1,,,,,,,25.0,,,,,
mistral,Uncertainty_Avoidance,2575,1,2,,,,,,,25.0,,,,,
mistral,Uncertainty_Avoidance,2575,1,3,,,,,,,25.0,,,,,
mistral,Uncertainty_Avoidance,2577,1,1,,,,,,,25.0,,,,,
mistral,Uncertainty_Avoidance,2577,1,2,,,,,,,25.0,,,,,
mistral,Uncertainty_Avoidance,2577,1,3,,,,,,,25.0,,,,,
mistral,Uncertainty_Avoidance,2578,1,1,,,,,,,0.0,,,,,
mistral,Uncertainty_Avoidance,2578,1,2,,,,,,,0.0,,,,,
mistral,Uncertainty_Avoidance,2578,1,3,,,,,,,0.0,,,,,
mistral,Uncertainty_Avoidance,2579,1,1,,,,,,,25.0,,,,,
mistral,Uncertainty_Avoidance,2579,1,2,,,,,,,25.0,,,,,
mistral,Uncertainty_Avoidance,2579,1,3,,,,,,,25.0,,,,,
mistral,Uncertainty_Avoidance,2580,1,1,,,,,,,25.0,,,,,
mistral,Uncertainty_Avoidance,2580,1,2,,,,,,,25.0,,,,,
mistral,Uncertainty_Avoidance,2580,1,3,,,,,,,25.0,,,,,
mistral,Uncertainty_Avoidance,2581,1,1,,,,,,,25.0,,,,,
mistral,Uncertainty_Avoidance,2581,1,2,,,,,,,25.0,,,,,
mistral,Uncertainty_Avoidance,2581,1,3,,,,,,,25.0,,,,,
mistral,Uncertainty_Avoidance,2583,1,1,,,,,,,100.0,,,,,
mistral,Uncertainty_Avoidance,2583,1,2,,,,,,,100.0,,,,,
mistral,Uncertainty_Avoidance,2583,1,3,,,,,,,100.0,,,,,
mistral,Uncertainty_Avoidance,2584,1,1,,,,,,,50.0,,,,,
mistral,Uncertainty_Avoidance,2584,1,2,,,,,,,50.0,,,,,
mistral,Uncertainty_Avoidance,2584,1,3,,,,,,,50.0,,,,,
mistral,Uncertainty_Avoidance,2585,1,1,,,,,,,0.0,,,,,
mistral,Uncertainty_Avoidance,2585,1,2,,,,,,,0.0,,,,,
mistral,Uncertainty_Avoidance,2585,1,3,,,,,,,0.0,,,,,
mistral,Uncertainty_Avoidance,2587,1,1,,,,,,,0.0,,,,,
mistral,Uncertainty_Avoidance,2587,1,2,,,,,,,0.0,,,,,
mistral,Uncertainty_Avoidance,2587,1,3,,,,,,,0.0,,,,,
mistral,Uncertainty_Avoidance,2588,1,1,,,,,,,25.0,,,,,
mistral,Uncertainty_Avoidance,2588,1,2,,,,,,,25.0,,,,,
mistral,Uncertainty_Avoidance,2588,1,3,,,,,,,25.0,,,,,
mistral,Uncertainty_Avoidance,2589,1,1,,,,,,,50.0,,,,,
mistral,Uncertainty_Avoidance,2589,1,2,,,,,,,50.0,,,,,
mistral,Uncertainty_Avoidance,2589,1,3,,,,,,,50.0,,,,,
mistral,Uncertainty_Avoidance,2591,1,1,,,,,,,100.0,,,,,
mistral,Uncertainty_Avoidance,2591,1,2,,,,,,,100.0,,,,,
mistral,Uncertainty_Avoidance,2591,1,3,,,,,,,100.0,,,,,
mistral,Uncertainty_Avoidance,2592,1,1,,,,,,,25.0,,,,,
mistral,Uncertainty_Avoidance,2592,1,2,,,,,,,25.0,,,,,
mistral,Uncertainty_Avoidance,2592,1,3,,,,,,,25.0,,,,,
mistral,Uncertainty_Avoidance,2594,1,1,,,,,,,25.0,,,,,
mistral,Uncertainty_Avoidance,2594,1,2,,,,,,,25.0,,,,,
mistral,Uncertainty_Avoidance,2594,1,3,,,,,,,25.0,,,,,
mistral,Uncertainty_Avoidance,2595,1,1,,,,,,,25.0,,,,,
mistral,Uncertainty_Avoidance,2595,1,2,,,,,,,25.0,,,,,
mistral,Uncertainty_Avoidance,2595,1,3,,,,,,,25.0,,,,,
mistral,Uncertainty_Avoidance,2596,1,1,,,,,,,50.0,,,,,
mistral,Uncertainty_Avoidance,2596,1,2,,,,,,,50.0,,,,,
mistral,Uncertainty_Avoidance,2596,1,3,,,,,,,50.0,,,,,
mistral,Uncertainty_Avoidance,2598,1,1,,,,,,,50.0,,,,,
mistral,Uncertainty_Avoidance,2598,1,2,,,,,,,50.0,,,,,
mistral,Uncertainty_Avoidance,2598,1,3,,,,,,,50.0,,,,,
mistral,Uncertainty_Avoidance,2599,1,1,,,,,,,50.0,,,,,
mistral,Uncertainty_Avoidance,2599,1,2,,,,,,,50.0,,,,,
mistral,Uncertainty_Avoidance,2599,1,3,,,,,,,50.0,,,,,
mistral,Uncertainty_Avoidance,2601,1,1,,,,,,,25.0,,,,,
mistral,Uncertainty_Avoidance,2601,1,2,,,,,,,25.0,,,,,
mistral,Uncertainty_Avoidance,2601,1,3,,,,,,,25.0,,,,,
mistral,Uncertainty_Avoidance,2604,1,1,,,,,,,25.0,,,,,
mistral,Uncertainty_Avoidance,2604,1,2,,,,,,,25.0,,,,,
mistral,Uncertainty_Avoidance,2604,1,3,,,,,,,25.0,,,,,
mistral,Uncertainty_Avoidance,2605,1,1,,,,,,,25.0,,,,,
mistral,Uncertainty_Avoidance,2605,1,2,,,,,,,25.0,,,,,
mistral,Uncertainty_Avoidance,2605,1,3,,,,,,,25.0,,,,,
mistral,Uncertainty_Avoidance,2608,1,1,,,,,,,75.0,,,,,
mistral,Uncertainty_Avoidance,2608,1,2,,,,,,,75.0,,,,,
mistral,Uncertainty_Avoidance,2608,1,3,,,,,,,75.0,,,,,
mistral,Uncertainty_Avoidance,2610,1,1,,,,,,,75.0,,,,,
mistral,Uncertainty_Avoidance,2610,1,2,,,,,,,75.0,,,,,
mistral,Uncertainty_Avoidance,2610,1,3,,,,,,,75.0,,,,,
mistral,Uncertainty_Avoidance,2612,1,1,,,,,,,25.0,,,,,
mistral,Uncertainty_Avoidance,2612,1,2,,,,,,,25.0,,,,,
mistral,Uncertainty_Avoidance,2612,1,3,,,,,,,25.0,,,,,
mistral,Uncertainty_Avoidance,2619,1,1,,,,,,,50.0,,,,,
mistral,Uncertainty_Avoidance,2619,1,2,,,,,,,50.0,,,,,
mistral,Uncertainty_Avoidance,2619,1,3,,,,,,,50.0,,,,,
mistral,Uncertainty_Avoidance,2620,1,1,,,,,,,0.0,,,,,
mistral,Uncertainty_Avoidance,2620,1,2,,,,,,,0.0,,,,,
mistral,Uncertainty_Avoidance,2620,1,3,,,,,,,0.0,,,,,
mistral,Uncertainty_Avoidance,2622,1,1,,,,,,,50.0,,,,,
mistral,Uncertainty_Avoidance,2622,1,2,,,,,,,50.0,,,,,
mistral,Uncertainty_Avoidance,2622,1,3,,,,,,,50.0,,,,,
mistral,Uncertainty_Avoidance,2623,1,1,,,,,,,75.0,,,,,
mistral,Uncertainty_Avoidance,2623,1,2,,,,,,,75.0,,,,,
mistral,Uncertainty_Avoidance,2623,1,3,,,,,,,75.0,,,,,
mistral,Uncertainty_Avoidance,2630,1,1,,,,,,,25.0,,,,,
mistral,Uncertainty_Avoidance,2630,1,2,,,,,,,25.0,,,,,
mistral,Uncertainty_Avoidance,2630,1,3,,,,,,,25.0,,,,,
mistral,Uncertainty_Avoidance,2634,1,1,,,,,,,25.0,,,,,
mistral,Uncertainty_Avoidance,2634,1,2,,,,,,,25.0,,,,,
mistral,Uncertainty_Avoidance,2634,1,3,,,,,,,25.0,,,,,
mistral,Uncertainty_Avoidance,2639,1,1,,,,,,,50.0,,,,,
mistral,Uncertainty_Avoidance,2639,1,2,,,,,,,50.0,,,,,
mistral,Uncertainty_Avoidance,2639,1,3,,,,,,,50.0,,,,,
mistral,Uncertainty_Avoidance,2640,1,1,,,,,,,25.0,,,,,
mistral,Uncertainty_Avoidance,2640,1,2,,,,,,,25.0,,,,,
mistral,Uncertainty_Avoidance,2640,1,3,,,,,,,25.0,,,,,
mistral,Uncertainty_Avoidance,2641,1,1,,,,,,,25.0,,,,,
mistral,Uncertainty_Avoidance,2641,1,2,,,,,,,25.0,,,,,
mistral,Uncertainty_Avoidance,2641,1,3,,,,,,,25.0,,,,,
mistral,Uncertainty_Avoidance,2644,1,1,,,,,,,25.0,,,,,
mistral,Uncertainty_Avoidance,2644,1,2,,,,,,,25.0,,,,,
mistral,Uncertainty_Avoidance,2644,1,3,,,,,,,25.0,,,,,
mistral,Uncertainty_Avoidance,2646,1,1,,,,,,,25.0,,,,,
mistral,Uncertainty_Avoidance,2646,1,2,,,,,,,25.0,,,,,
mistral,Uncertainty_Avoidance,2646,1,3,,,,,,,25.0,,,,,
mistral,Uncertainty_Avoidance,2651,1,1,,,,,,,100.0,,,,,
mistral,Uncertainty_Avoidance,2651,1,2,,,,,,,100.0,,,,,
mistral,Uncertainty_Avoidance,2651,1,3,,,,,,,100.0,,,,,
mistral,Uncertainty_Avoidance,2658,1,1,,,,,,,50.0,,,,,
mistral,Uncertainty_Avoidance,2658,1,2,,,,,,,50.0,,,,,
mistral,Uncertainty_Avoidance,2658,1,3,,,,,,,50.0,,,,,
qwen3,Individualism,0,1,1,25.0,,,25.0,,25.0,,25.0,,0.0,,75.0
qwen3,Individualism,0,1,2,25.0,,,25.0,,25.0,,25.0,,0.0,,75.0
qwen3,Individualism,0,1,3,25.0,,,25.0,,25.0,,25.0,,0.0,,75.0
qwen3,Individualism,1,1,1,75.0,,,100.0,,75.0,,75.0,,75.0,,75.0
qwen3,Individualism,1,1,2,75.0,,,100.0,,75.0,,75.0,,75.0,,75.0
qwen3,Individualism,1,1,3,75.0,,,100.0,,75.0,,75.0,,75.0,,75.0
qwen3,Individualism,10,1,1,50.0,,,50.0,,75.0,,50.0,,50.0,,75.0
qwen3,Individualism,10,1,2,50.0,,,50.0,,75.0,,50.0,,50.0,,75.0
qwen3,Individualism,10,1,3,50.0,,,50.0,,75.0,,50.0,,50.0,,75.0
qwen3,Individualism,100,1,1,100.0,,,50.0,,50.0,,50.0,,50.0,,50.0
qwen3,Individualism,100,1,2,100.0,,,50.0,,50.0,,50.0,,50.0,,50.0
qwen3,Individualism,100,1,3,100.0,,,50.0,,50.0,,50.0,,50.0,,50.0
qwen3,Individualism,102,1,1,25.0,,,25.0,,25.0,,50.0,,25.0,,50.0
qwen3,Individualism,102,1,2,25.0,,,25.0,,25.0,,50.0,,25.0,,50.0
qwen3,Individualism,102,1,3,25.0,,,25.0,,25.0,,50.0,,25.0,,50.0
qwen3,Individualism,103,1,1,25.0,,,0.0,,50.0,,25.0,,0.0,,25.0
qwen3,Individualism,103,1,2,25.0,,,0.0,,50.0,,25.0,,0.0,,25.0
qwen3,Individualism,103,1,3,25.0,,,0.0,,50.0,,25.0,,0.0,,25.0
qwen3,Individualism,104,1,1,0.0,,,100.0,,100.0,,25.0,,75.0,,75.0
qwen3,Individualism,104,1,2,0.0,,,100.0,,100.0,,25.0,,75.0,,75.0
qwen3,Individualism,104,1,3,0.0,,,100.0,,100.0,,25.0,,75.0,,75.0
qwen3,Individualism,105,1,1,50.0,,,50.0,,100.0,,100.0,,50.0,,50.0
qwen3,Individualism,105,1,2,50.0,,,50.0,,100.0,,100.0,,50.0,,50.0
qwen3,Individualism,105,1,3,50.0,,,50.0,,100.0,,100.0,,50.0,,50.0
qwen3,Individualism,106,1,1,50.0,,,100.0,,50.0,,0.0,,100.0,,50.0
qwen3,Individualism,106,1,2,50.0,,,100.0,,50.0,,0.0,,100.0,,50.0
qwen3,Individualism,106,1,3,50.0,,,100.0,,50.0,,0.0,,100.0,,50.0
qwen3,Individualism,107,1,1,75.0,,,75.0,,75.0,,75.0,,75.0,,75.0
qwen3,Individualism,107,1,2,75.0,,,75.0,,75.0,,75.0,,75.0,,75.0
qwen3,Individualism,107,1,3,75.0,,,75.0,,75.0,,75.0,,75.0,,75.0
qwen3,Individualism,109,1,1,50.0,,,75.0,,100.0,,100.0,,100.0,,75.0
qwen3,Individualism,109,1,2,50.0,,,75.0,,100.0,,100.0,,100.0,,75.0
qwen3,Individualism,109,1,3,50.0,,,75.0,,100.0,,100.0,,100.0,,75.0
qwen3,Individualism,11,1,1,50.0,,,50.0,,50.0,,50.0,,50.0,,50.0
qwen3,Individualism,11,1,2,50.0,,,50.0,,50.0,,50.0,,50.0,,50.0
qwen3,Individualism,11,1,3,50.0,,,50.0,,50.0,,50.0,,50.0,,50.0
qwen3,Individualism,110,1,1,50.0,,,100.0,,50.0,,50.0,,50.0,,50.0
qwen3,Individualism,110,1,2,50.0,,,100.0,,50.0,,50.0,,50.0,,50.0
qwen3,Individualism,110,1,3,50.0,,,100.0,,50.0,,50.0,,50.0,,50.0
qwen3,Individualism,113,1,1,50.0,,,50.0,,75.0,,50.0,,75.0,,50.0
qwen3,Individualism,113,1,2,50.0,,,50.0,,75.0,,50.0,,75.0,,50.0
qwen3,Individualism,113,1,3,50.0,,,50.0,,75.0,,50.0,,75.0,,50.0
qwen3,Individualism,114,1,1,50.0,,,50.0,,50.0,,50.0,,50.0,,50.0
qwen3,Individualism,114,1,2,50.0,,,50.0,,50.0,,50.0,,50.0,,50.0
qwen3,Individualism,114,1,3,50.0,,,50.0,,50.0,,50.0,,50.0,,50.0
qwen3,Individualism,118,1,1,50.0,,,75.0,,50.0,,75.0,,50.0,,50.0
qwen3,Individualism,118,1,2,50.0,,,75.0,,50.0,,75.0,,50.0,,50.0
qwen3,Individualism,118,1,3,50.0,,,75.0,,50.0,,75.0,,50.0,,50.0
qwen3,Individualism,119,1,1,25.0,,,25.0,,25.0,,25.0,,25.0,,25.0
qwen3,Individualism,119,1,2,25.0,,,25.0,,25.0,,25.0,,25.0,,25.0
qwen3,Individualism,119,1,3,25.0,,,25.0,,25.0,,25.0,,25.0,,25.0
qwen3,Individualism,12,1,1,50.0,,,100.0,,100.0,,100.0,,100.0,,100.0
qwen3,Individualism,12,1,2,50.0,,,100.0,,100.0,,100.0,,100.0,,100.0
qwen3,Individualism,12,1,3,50.0,,,100.0,,100.0,,100.0,,100.0,,100.0
qwen3,Individualism,121,1,1,100.0,,,50.0,,25.0,,50.0,,50.0,,50.0
qwen3,Individualism,121,1,2,100.0,,,50.0,,25.0,,50.0,,50.0,,50.0
qwen3,Individualism,121,1,3,100.0,,,50.0,,25.0,,50.0,,50.0,,50.0
qwen3,Individualism,122,1,1,100.0,,,50.0,,50.0,,50.0,,50.0,,50.0
qwen3,Individualism,122,1,2,100.0,,,50.0,,50.0,,50.0,,50.0,,50.0
qwen3,Individualism,122,1,3,100.0,,,50.0,,50.0,,50.0,,50.0,,50.0
qwen3,Individualism,123,1,1,0.0,,,50.0,,50.0,,50.0,,0.0,,50.0
qwen3,Individualism,123,1,2,0.0,,,50.0,,50.0,,50.0,,0.0,,50.0
qwen3,Individualism,123,1,3,0.0,,,50.0,,50.0,,50.0,,0.0,,50.0
qwen3,Individualism,126,1,1,50.0,,,50.0,,50.0,,50.0,,50.0,,50.0
qwen3,Individualism,126,1,2,50.0,,,50.0,,50.0,,50.0,,50.0,,50.0
qwen3,Individualism,126,1,3,50.0,,,50.0,,50.0,,50.0,,50.0,,50.0
qwen3,Individualism,127,1,1,25.0,,,75.0,,75.0,,75.0,,25.0,,75.0
qwen3,Individualism,127,1,2,25.0,,,75.0,,75.0,,75.0,,25.0,,75.0
qwen3,Individualism,127,1,3,25.0,,,75.0,,75.0,,75.0,,25.0,,75.0
qwen3,Individualism,128,1,1,0.0,,,50.0,,50.0,,50.0,,50.0,,50.0
qwen3,Individualism,128,1,2,0.0,,,50.0,,50.0,,50.0,,50.0,,50.0
qwen3,Individualism,128,1,3,0.0,,,50.0,,50.0,,50.0,,50.0,,50.0
qwen3,Individualism,129,1,1,50.0,,,100.0,,100.0,,50.0,,100.0,,100.0
qwen3,Individualism,129,1,2,50.0,,,100.0,,100.0,,50.0,,100.0,,100.0
qwen3,Individualism,129,1,3,50.0,,,100.0,,100.0,,50.0,,100.0,,100.0
qwen3,Individualism,130,1,1,50.0,,,50.0,,50.0,,50.0,,50.0,,50.0
qwen3,Individualism,130,1,2,50.0,,,50.0,,50.0,,50.0,,50.0,,50.0
qwen3,Individualism,130,1,3,50.0,,,50.0,,50.0,,50.0,,50.0,,50.0
qwen3,Individualism,131,1,1,0.0,,,25.0,,50.0,,25.0,,25.0,,50.0
qwen3,Individualism,131,1,2,0.0,,,25.0,,50.0,,25.0,,25.0,,50.0
qwen3,Individualism,131,1,3,0.0,,,25.0,,50.0,,25.0,,25.0,,50.0
qwen3,Individualism,134,1,1,50.0,,,50.0,,50.0,,50.0,,50.0,,50.0
qwen3,Individualism,134,1,2,50.0,,,50.0,,50.0,,50.0,,50.0,,50.0
qwen3,Individualism,134,1,3,50.0,,,50.0,,50.0,,50.0,,50.0,,50.0
qwen3,Individualism,135,1,1,100.0,,,100.0,,100.0,,75.0,,25.0,,75.0
qwen3,Individualism,135,1,2,100.0,,,100.0,,100.0,,75.0,,25.0,,75.0
qwen3,Individualism,135,1,3,100.0,,,100.0,,100.0,,75.0,,25.0,,75.0
qwen3,Individualism,136,1,1,75.0,,,50.0,,50.0,,50.0,,50.0,,50.0
qwen3,Individualism,136,1,2,75.0,,,50.0,,50.0,,50.0,,50.0,,50.0
qwen3,Individualism,136,1,3,75.0,,,50.0,,50.0,,50.0,,50.0,,50.0
qwen3,Individualism,138,1,1,25.0,,,50.0,,100.0,,50.0,,50.0,,50.0
qwen3,Individualism,138,1,2,25.0,,,50.0,,100.0,,50.0,,50.0,,50.0
qwen3,Individualism,138,1,3,25.0,,,50.0,,100.0,,50.0,,50.0,,50.0
qwen3,Individualism,139,1,1,0.0,,,25.0,,25.0,,25.0,,25.0,,25.0
qwen3,Individualism,139,1,2,0.0,,,25.0,,25.0,,25.0,,25.0,,25.0
qwen3,Individualism,139,1,3,0.0,,,25.0,,25.0,,25.0,,25.0,,25.0
qwen3,Individualism,140,1,1,50.0,,,50.0,,50.0,,50.0,,50.0,,25.0
qwen3,Individualism,140,1,2,50.0,,,50.0,,50.0,,50.0,,50.0,,25.0
qwen3,Individualism,140,1,3,50.0,,,50.0,,50.0,,50.0,,50.0,,25.0
qwen3,Individualism,145,1,1,25.0,,,100.0,,0.0,,0.0,,0.0,,25.0
qwen3,Individualism,145,1,2,25.0,,,100.0,,0.0,,0.0,,0.0,,25.0
qwen3,Individualism,145,1,3,25.0,,,100.0,,0.0,,0.0,,0.0,,25.0
qwen3,Individualism,147,1,1,0.0,,,100.0,,0.0,,50.0,,50.0,,100.0
qwen3,Individualism,147,1,2,0.0,,,100.0,,0.0,,50.0,,50.0,,100.0
qwen3,Individualism,147,1,3,0.0,,,100.0,,0.0,,50.0,,50.0,,100.0
qwen3,Individualism,149,1,1,50.0,,,100.0,,25.0,,50.0,,0.0,,25.0
qwen3,Individualism,149,1,2,50.0,,,100.0,,25.0,,50.0,,0.0,,25.0
qwen3,Individualism,149,1,3,50.0,,,100.0,,25.0,,50.0,,0.0,,25.0
qwen3,Individualism,15,1,1,0.0,,,0.0,,0.0,,0.0,,25.0,,25.0
qwen3,Individualism,15,1,2,0.0,,,0.0,,0.0,,0.0,,25.0,,25.0
qwen3,Individualism,15,1,3,0.0,,,0.0,,0.0,,0.0,,25.0,,25.0
qwen3,Individualism,151,1,1,50.0,,,100.0,,75.0,,100.0,,100.0,,75.0
qwen3,Individualism,151,1,2,50.0,,,100.0,,75.0,,100.0,,100.0,,75.0
qwen3,Individualism,151,1,3,50.0,,,100.0,,75.0,,100.0,,100.0,,75.0
qwen3,Individualism,152,1,1,50.0,,,50.0,,50.0,,50.0,,50.0,,50.0
qwen3,Individualism,152,1,2,50.0,,,50.0,,50.0,,50.0,,50.0,,50.0
qwen3,Individualism,152,1,3,50.0,,,50.0,,50.0,,50.0,,50.0,,50.0
qwen3,Individualism,158,1,1,50.0,,,50.0,,50.0,,50.0,,0.0,,50.0
qwen3,Individualism,158,1,2,50.0,,,50.0,,50.0,,50.0,,0.0,,50.0
qwen3,Individualism,158,1,3,50.0,,,50.0,,50.0,,50.0,,0.0,,50.0
qwen3,Individualism,159,1,1,25.0,,,100.0,,75.0,,100.0,,75.0,,50.0
qwen3,Individualism,159,1,2,25.0,,,100.0,,75.0,,100.0,,75.0,,50.0
qwen3,Individualism,159,1,3,25.0,,,100.0,,75.0,,100.0,,75.0,,50.0
qwen3,Individualism,16,1,1,25.0,,,100.0,,50.0,,25.0,,25.0,,25.0
qwen3,Individualism,16,1,2,25.0,,,100.0,,50.0,,25.0,,25.0,,25.0
qwen3,Individualism,16,1,3,25.0,,,100.0,,50.0,,25.0,,25.0,,25.0
qwen3,Individualism,163,1,1,0.0,,,100.0,,100.0,,75.0,,100.0,,75.0
qwen3,Individualism,163,1,2,0.0,,,100.0,,100.0,,75.0,,100.0,,75.0
qwen3,Individualism,163,1,3,0.0,,,100.0,,100.0,,75.0,,100.0,,75.0
qwen3,Individualism,165,1,1,25.0,,,50.0,,50.0,,50.0,,50.0,,50.0
qwen3,Individualism,165,1,2,25.0,,,50.0,,50.0,,50.0,,50.0,,50.0
qwen3,Individualism,165,1,3,25.0,,,50.0,,50.0,,50.0,,50.0,,50.0
qwen3,Individualism,166,1,1,50.0,,,100.0,,50.0,,50.0,,100.0,,50.0
qwen3,Individualism,166,1,2,50.0,,,100.0,,50.0,,50.0,,100.0,,50.0
qwen3,Individualism,166,1,3,50.0,,,100.0,,50.0,,50.0,,100.0,,50.0
qwen3,Individualism,167,1,1,75.0,,,100.0,,75.0,,50.0,,50.0,,50.0
qwen3,Individualism,167,1,2,75.0,,,100.0,,75.0,,50.0,,50.0,,50.0
qwen3,Individualism,167,1,3,75.0,,,100.0,,75.0,,50.0,,50.0,,50.0
qwen3,Individualism,169,1,1,75.0,,,75.0,,75.0,,75.0,,50.0,,50.0
qwen3,Individualism,169,1,2,75.0,,,75.0,,75.0,,75.0,,50.0,,50.0
qwen3,Individualism,169,1,3,75.0,,,75.0,,75.0,,75.0,,50.0,,50.0
qwen3,Individualism,17,1,1,0.0,,,100.0,,25.0,,25.0,,100.0,,25.0
qwen3,Individualism,17,1,2,0.0,,,100.0,,25.0,,25.0,,100.0,,25.0
qwen3,Individualism,17,1,3,0.0,,,100.0,,25.0,,25.0,,100.0,,25.0
qwen3,Individualism,171,1,1,50.0,,,50.0,,50.0,,50.0,,50.0,,50.0
qwen3,Individualism,171,1,2,50.0,,,50.0,,50.0,,50.0,,50.0,,50.0
qwen3,Individualism,171,1,3,50.0,,,50.0,,50.0,,50.0,,50.0,,50.0
qwen3,Individualism,173,1,1,50.0,,,50.0,,50.0,,50.0,,0.0,,0.0
qwen3,Individualism,173,1,2,50.0,,,50.0,,50.0,,50.0,,0.0,,0.0
qwen3,Individualism,173,1,3,50.0,,,50.0,,50.0,,50.0,,0.0,,0.0
qwen3,Individualism,176,1,1,50.0,,,100.0,,100.0,,100.0,,100.0,,100.0
qwen3,Individualism,176,1,2,50.0,,,100.0,,100.0,,100.0,,100.0,,100.0
qwen3,Individualism,176,1,3,50.0,,,100.0,,100.0,,100.0,,100.0,,100.0
qwen3,Individualism,178,1,1,50.0,,,50.0,,50.0,,50.0,,50.0,,50.0
qwen3,Individualism,178,1,2,50.0,,,50.0,,50.0,,50.0,,50.0,,50.0
qwen3,Individualism,178,1,3,50.0,,,50.0,,50.0,,50.0,,50.0,,50.0
qwen3,Individualism,179,1,1,0.0,,,100.0,,100.0,,50.0,,100.0,,100.0
qwen3,Individualism,179,1,2,0.0,,,100.0,,100.0,,50.0,,100.0,,100.0
qwen3,Individualism,179,1,3,0.0,,,100.0,,100.0,,50.0,,100.0,,100.0
qwen3,Individualism,18,1,1,75.0,,,50.0,,100.0,,50.0,,50.0,,50.0
qwen3,Individualism,18,1,2,75.0,,,50.0,,100.0,,50.0,,50.0,,50.0
qwen3,Individualism,18,1,3,75.0,,,50.0,,100.0,,50.0,,50.0,,50.0
qwen3,Individualism,180,1,1,75.0,,,100.0,,100.0,,100.0,,100.0,,75.0
qwen3,Individualism,180,1,2,75.0,,,100.0,,100.0,,100.0,,100.0,,75.0
qwen3,Individualism,180,1,3,75.0,,,100.0,,100.0,,100.0,,100.0,,75.0
qwen3,Individualism,182,1,1,50.0,,,100.0,,100.0,,100.0,,25.0,,50.0
qwen3,Individualism,182,1,2,50.0,,,100.0,,100.0,,100.0,,25.0,,50.0
qwen3,Individualism,182,1,3,50.0,,,100.0,,100.0,,100.0,,25.0,,50.0
qwen3,Individualism,184,1,1,50.0,,,100.0,,50.0,,25.0,,100.0,,50.0
qwen3,Individualism,184,1,2,50.0,,,100.0,,50.0,,25.0,,100.0,,50.0
qwen3,Individualism,184,1,3,50.0,,,100.0,,50.0,,25.0,,100.0,,50.0
qwen3,Individualism,187,1,1,25.0,,,100.0,,100.0,,100.0,,100.0,,100.0
qwen3,Individualism,187,1,2,25.0,,,100.0,,100.0,,100.0,,100.0,,100.0
qwen3,Individualism,187,1,3,25.0,,,100.0,,100.0,,100.0,,100.0,,100.0
qwen3,Individualism,189,1,1,75.0,,,75.0,,75.0,,75.0,,100.0,,50.0
qwen3,Individualism,189,1,2,75.0,,,75.0,,75.0,,75.0,,100.0,,50.0
qwen3,Individualism,189,1,3,75.0,,,75.0,,75.0,,75.0,,100.0,,50.0
qwen3,Individualism,19,1,1,25.0,,,50.0,,50.0,,50.0,,50.0,,25.0
qwen3,Individualism,19,1,2,25.0,,,50.0,,50.0,,50.0,,50.0,,25.0
qwen3,Individualism,19,1,3,25.0,,,50.0,,50.0,,50.0,,50.0,,25.0
qwen3,Individualism,190,1,1,50.0,,,50.0,,50.0,,50.0,,50.0,,50.0
qwen3,Individualism,190,1,2,50.0,,,50.0,,50.0,,50.0,,50.0,,50.0
qwen3,Individualism,190,1,3,50.0,,,50.0,,50.0,,50.0,,50.0,,50.0
qwen3,Individualism,192,1,1,25.0,,,50.0,,50.0,,50.0,,50.0,,50.0
qwen3,Individualism,192,1,2,25.0,,,50.0,,50.0,,50.0,,50.0,,50.0
qwen3,Individualism,192,1,3,25.0,,,50.0,,50.0,,50.0,,50.0,,50.0
qwen3,Individualism,195,1,1,50.0,,,100.0,,100.0,,100.0,,50.0,,100.0
qwen3,Individualism,195,1,2,50.0,,,100.0,,100.0,,100.0,,50.0,,100.0
qwen3,Individualism,195,1,3,50.0,,,100.0,,100.0,,100.0,,50.0,,100.0
qwen3,Individualism,197,1,1,75.0,,,100.0,,25.0,,75.0,,25.0,,50.0
qwen3,Individualism,197,1,2,75.0,,,100.0,,25.0,,75.0,,25.0,,50.0
qwen3,Individualism,197,1,3,75.0,,,100.0,,25.0,,75.0,,25.0,,50.0
qwen3,Individualism,198,1,1,25.0,,,50.0,,50.0,,50.0,,50.0,,50.0
qwen3,Individualism,198,1,2,25.0,,,50.0,,50.0,,50.0,,50.0,,50.0
qwen3,Individualism,198,1,3,25.0,,,50.0,,50.0,,50.0,,50.0,,50.0
qwen3,Individualism,2,1,1,0.0,,,50.0,,100.0,,50.0,,50.0,,50.0
qwen3,Individualism,2,1,2,0.0,,,50.0,,100.0,,50.0,,50.0,,50.0
qwen3,Individualism,2,1,3,0.0,,,50.0,,100.0,,50.0,,50.0,,50.0
qwen3,Individualism,20,1,1,50.0,,,50.0,,50.0,,50.0,,50.0,,50.0
qwen3,Individualism,20,1,2,50.0,,,50.0,,50.0,,50.0,,50.0,,50.0
qwen3,Individualism,20,1,3,50.0,,,50.0,,50.0,,50.0,,50.0,,50.0
qwen3,Individualism,202,1,1,50.0,,,50.0,,50.0,,50.0,,50.0,,50.0
qwen3,Individualism,202,1,2,50.0,,,50.0,,50.0,,50.0,,50.0,,50.0
qwen3,Individualism,202,1,3,50.0,,,50.0,,50.0,,50.0,,50.0,,50.0
qwen3,Individualism,203,1,1,0.0,,,100.0,,50.0,,50.0,,50.0,,50.0
qwen3,Individualism,203,1,2,0.0,,,100.0,,50.0,,50.0,,50.0,,50.0
qwen3,Individualism,203,1,3,0.0,,,100.0,,50.0,,50.0,,50.0,,50.0
qwen3,Individualism,204,1,1,75.0,,,100.0,,100.0,,75.0,,75.0,,50.0
qwen3,Individualism,204,1,2,75.0,,,100.0,,100.0,,75.0,,75.0,,50.0
qwen3,Individualism,204,1,3,75.0,,,100.0,,100.0,,75.0,,75.0,,50.0
qwen3,Individualism,207,1,1,50.0,,,100.0,,100.0,,100.0,,100.0,,100.0
qwen3,Individualism,207,1,2,50.0,,,100.0,,100.0,,100.0,,100.0,,100.0
qwen3,Individualism,207,1,3,50.0,,,100.0,,100.0,,100.0,,100.0,,100.0
qwen3,Individualism,208,1,1,0.0,,,100.0,,,,50.0,,50.0,,50.0
qwen3,Individualism,208,1,2,0.0,,,100.0,,,,50.0,,50.0,,50.0
qwen3,Individualism,208,1,3,0.0,,,100.0,,,,50.0,,50.0,,50.0
qwen3,Individualism,21,1,1,25.0,,,75.0,,100.0,,25.0,,25.0,,25.0
qwen3,Individualism,21,1,2,25.0,,,75.0,,100.0,,25.0,,25.0,,25.0
qwen3,Individualism,21,1,3,25.0,,,75.0,,100.0,,25.0,,25.0,,25.0
qwen3,Individualism,216,1,1,75.0,,,75.0,,75.0,,75.0,,75.0,,100.0
qwen3,Individualism,216,1,2,75.0,,,75.0,,75.0,,75.0,,75.0,,100.0
qwen3,Individualism,216,1,3,75.0,,,75.0,,75.0,,75.0,,75.0,,100.0
qwen3,Individualism,217,1,1,100.0,,,100.0,,50.0,,100.0,,100.0,,50.0
qwen3,Individualism,217,1,2,100.0,,,100.0,,50.0,,100.0,,100.0,,50.0
qwen3,Individualism,217,1,3,100.0,,,100.0,,50.0,,100.0,,100.0,,50.0
qwen3,Individualism,223,1,1,0.0,,,50.0,,50.0,,75.0,,50.0,,50.0
qwen3,Individualism,223,1,2,0.0,,,50.0,,50.0,,75.0,,50.0,,50.0
qwen3,Individualism,223,1,3,0.0,,,50.0,,50.0,,75.0,,50.0,,50.0
qwen3,Individualism,226,1,1,75.0,,,100.0,,75.0,,100.0,,100.0,,75.0
qwen3,Individualism,226,1,2,75.0,,,100.0,,75.0,,100.0,,100.0,,75.0
qwen3,Individualism,226,1,3,75.0,,,100.0,,75.0,,100.0,,100.0,,75.0
qwen3,Individualism,228,1,1,50.0,,,100.0,,50.0,,50.0,,50.0,,50.0
qwen3,Individualism,228,1,2,50.0,,,100.0,,50.0,,50.0,,50.0,,50.0
qwen3,Individualism,228,1,3,50.0,,,100.0,,50.0,,50.0,,50.0,,50.0
qwen3,Individualism,232,1,1,50.0,,,100.0,,50.0,,75.0,,0.0,,25.0
qwen3,Individualism,232,1,2,50.0,,,100.0,,50.0,,75.0,,0.0,,25.0
qwen3,Individualism,232,1,3,50.0,,,100.0,,50.0,,75.0,,0.0,,25.0
qwen3,Individualism,235,1,1,50.0,,,50.0,,50.0,,75.0,,75.0,,50.0
qwen3,Individualism,235,1,2,50.0,,,50.0,,50.0,,75.0,,75.0,,50.0
qwen3,Individualism,235,1,3,50.0,,,50.0,,50.0,,75.0,,75.0,,50.0
qwen3,Individualism,24,1,1,0.0,,,100.0,,75.0,,75.0,,25.0,,50.0
qwen3,Individualism,24,1,2,0.0,,,100.0,,75.0,,75.0,,25.0,,50.0
qwen3,Individualism,24,1,3,0.0,,,100.0,,75.0,,75.0,,25.0,,50.0
qwen3,Individualism,242,1,1,25.0,,,50.0,,50.0,,50.0,,50.0,,25.0
qwen3,Individualism,242,1,2,25.0,,,50.0,,50.0,,50.0,,50.0,,25.0
qwen3,Individualism,242,1,3,25.0,,,50.0,,50.0,,50.0,,50.0,,25.0
qwen3,Individualism,27,1,1,25.0,,,75.0,,75.0,,50.0,,75.0,,50.0
qwen3,Individualism,27,1,2,25.0,,,75.0,,75.0,,50.0,,75.0,,50.0
qwen3,Individualism,27,1,3,25.0,,,75.0,,75.0,,50.0,,75.0,,50.0
qwen3,Individualism,29,1,1,0.0,,,50.0,,50.0,,50.0,,50.0,,50.0
qwen3,Individualism,29,1,2,0.0,,,50.0,,50.0,,50.0,,50.0,,50.0
qwen3,Individualism,29,1,3,0.0,,,50.0,,50.0,,50.0,,50.0,,50.0
qwen3,Individualism,3,1,1,50.0,,,100.0,,100.0,,100.0,,100.0,,75.0
qwen3,Individualism,3,1,2,50.0,,,100.0,,100.0,,100.0,,100.0,,75.0
qwen3,Individualism,3,1,3,50.0,,,100.0,,100.0,,100.0,,100.0,,75.0
qwen3,Individualism,31,1,1,50.0,,,50.0,,25.0,,50.0,,25.0,,25.0
qwen3,Individualism,31,1,2,50.0,,,50.0,,25.0,,50.0,,25.0,,25.0
qwen3,Individualism,31,1,3,50.0,,,50.0,,25.0,,50.0,,25.0,,25.0
qwen3,Individualism,34,1,1,50.0,,,50.0,,50.0,,75.0,,50.0,,50.0
qwen3,Individualism,34,1,2,50.0,,,50.0,,50.0,,75.0,,50.0,,50.0
qwen3,Individualism,34,1,3,50.0,,,50.0,,50.0,,75.0,,50.0,,50.0
qwen3,Individualism,36,1,1,50.0,,,100.0,,75.0,,75.0,,75.0,,75.0
qwen3,Individualism,36,1,2,50.0,,,100.0,,75.0,,75.0,,75.0,,75.0
qwen3,Individualism,36,1,3,50.0,,,100.0,,75.0,,75.0,,75.0,,75.0
qwen3,Individualism,37,1,1,25.0,,,100.0,,50.0,,50.0,,100.0,,75.0
qwen3,Individualism,37,1,2,25.0,,,100.0,,50.0,,50.0,,100.0,,75.0
qwen3,Individualism,37,1,3,25.0,,,100.0,,50.0,,50.0,,100.0,,75.0
qwen3,Individualism,38,1,1,100.0,,,100.0,,50.0,,50.0,,0.0,,50.0
qwen3,Individualism,38,1,2,100.0,,,100.0,,50.0,,50.0,,0.0,,50.0
qwen3,Individualism,38,1,3,100.0,,,100.0,,50.0,,50.0,,0.0,,50.0
qwen3,Individualism,39,1,1,50.0,,,50.0,,50.0,,50.0,,50.0,,50.0
qwen3,Individualism,39,1,2,50.0,,,50.0,,50.0,,50.0,,50.0,,50.0
qwen3,Individualism,39,1,3,50.0,,,50.0,,50.0,,50.0,,50.0,,50.0
qwen3,Individualism,4,1,1,50.0,,,50.0,,50.0,,50.0,,50.0,,50.0
qwen3,Individualism,4,1,2,50.0,,,50.0,,50.0,,50.0,,50.0,,50.0
qwen3,Individualism,4,1,3,50.0,,,50.0,,50.0,,50.0,,50.0,,50.0
qwen3,Individualism,40,1,1,50.0,,,50.0,,50.0,,50.0,,50.0,,50.0
qwen3,Individualism,40,1,2,50.0,,,50.0,,50.0,,50.0,,50.0,,50.0
qwen3,Individualism,40,1,3,50.0,,,50.0,,50.0,,50.0,,50.0,,50.0
qwen3,Individualism,42,1,1,50.0,,,50.0,,50.0,,50.0,,50.0,,50.0
qwen3,Individualism,42,1,2,50.0,,,50.0,,50.0,,50.0,,50.0,,50.0
qwen3,Individualism,42,1,3,50.0,,,50.0,,50.0,,50.0,,50.0,,50.0
qwen3,Individualism,43,1,1,50.0,,,50.0,,50.0,,50.0,,50.0,,50.0
qwen3,Individualism,43,1,2,50.0,,,50.0,,50.0,,50.0,,50.0,,50.0
qwen3,Individualism,43,1,3,50.0,,,50.0,,50.0,,50.0,,50.0,,50.0
qwen3,Individualism,44,1,1,50.0,,,50.0,,50.0,,50.0,,50.0,,100.0
qwen3,Individualism,44,1,2,50.0,,,50.0,,50.0,,50.0,,50.0,,100.0
qwen3,Individualism,44,1,3,50.0,,,50.0,,50.0,,50.0,,50.0,,100.0
qwen3,Individualism,47,1,1,75.0,,,25.0,,75.0,,25.0,,25.0,,75.0
qwen3,Individualism,47,1,2,75.0,,,25.0,,75.0,,25.0,,25.0,,75.0
qwen3,Individualism,47,1,3,75.0,,,25.0,,75.0,,25.0,,25.0,,75.0
qwen3,Individualism,48,1,1,50.0,,,75.0,,100.0,,100.0,,100.0,,100.0
qwen3,Individualism,48,1,2,50.0,,,75.0,,100.0,,100.0,,100.0,,100.0
qwen3,Individualism,48,1,3,50.0,,,75.0,,100.0,,100.0,,100.0,,100.0
qwen3,Individualism,49,1,1,50.0,,,50.0,,50.0,,50.0,,50.0,,50.0
qwen3,Individualism,49,1,2,50.0,,,50.0,,50.0,,50.0,,50.0,,50.0
qwen3,Individualism,49,1,3,50.0,,,50.0,,50.0,,50.0,,50.0,,50.0
qwen3,Individualism,5,1,1,50.0,,,100.0,,75.0,,50.0,,50.0,,50.0
qwen3,Individualism,5,1,2,50.0,,,100.0,,75.0,,50.0,,50.0,,50.0
qwen3,Individualism,5,1,3,50.0,,,100.0,,75.0,,50.0,,50.0,,50.0
qwen3,Individualism,50,1,1,50.0,,,50.0,,50.0,,50.0,,50.0,,75.0
qwen3,Individualism,50,1,2,50.0,,,50.0,,50.0,,50.0,,50.0,,75.0
qwen3,Individualism,50,1,3,50.0,,,50.0,,50.0,,50.0,,50.0,,75.0
qwen3,Individualism,51,1,1,50.0,,,50.0,,50.0,,50.0,,50.0,,25.0
qwen3,Individualism,51,1,2,50.0,,,50.0,,50.0,,50.0,,50.0,,25.0
qwen3,Individualism,51,1,3,50.0,,,50.0,,50.0,,50.0,,50.0,,25.0
qwen3,Individualism,53,1,1,0.0,,,50.0,,50.0,,50.0,,0.0,,50.0
qwen3,Individualism,53,1,2,0.0,,,50.0,,50.0,,50.0,,0.0,,50.0
qwen3,Individualism,53,1,3,0.0,,,50.0,,50.0,,50.0,,0.0,,50.0
qwen3,Individualism,54,1,1,25.0,,,75.0,,75.0,,75.0,,75.0,,25.0
qwen3,Individualism,54,1,2,25.0,,,75.0,,75.0,,75.0,,75.0,,25.0
qwen3,Individualism,54,1,3,25.0,,,75.0,,75.0,,75.0,,75.0,,25.0
qwen3,Individualism,55,1,1,75.0,,,100.0,,50.0,,50.0,,50.0,,50.0
qwen3,Individualism,55,1,2,75.0,,,100.0,,50.0,,50.0,,50.0,,50.0
qwen3,Individualism,55,1,3,75.0,,,100.0,,50.0,,50.0,,50.0,,50.0
qwen3,Individualism,56,1,1,75.0,,,100.0,,100.0,,75.0,,75.0,,75.0
qwen3,Individualism,56,1,2,75.0,,,100.0,,100.0,,75.0,,75.0,,75.0
qwen3,Individualism,56,1,3,75.0,,,100.0,,100.0,,75.0,,75.0,,75.0
qwen3,Individualism,57,1,1,25.0,,,100.0,,100.0,,100.0,,100.0,,50.0
qwen3,Individualism,57,1,2,25.0,,,100.0,,100.0,,100.0,,100.0,,50.0
qwen3,Individualism,57,1,3,25.0,,,100.0,,100.0,,100.0,,100.0,,50.0
qwen3,Individualism,58,1,1,50.0,,,50.0,,50.0,,50.0,,50.0,,50.0
qwen3,Individualism,58,1,2,50.0,,,50.0,,50.0,,50.0,,50.0,,50.0
qwen3,Individualism,58,1,3,50.0,,,50.0,,50.0,,50.0,,50.0,,50.0
qwen3,Individualism,59,1,1,25.0,,,75.0,,75.0,,25.0,,75.0,,25.0
qwen3,Individualism,59,1,2,25.0,,,75.0,,75.0,,25.0,,75.0,,25.0
qwen3,Individualism,59,1,3,25.0,,,75.0,,75.0,,25.0,,75.0,,25.0
qwen3,Individualism,60,1,1,0.0,,,0.0,,0.0,,0.0,,0.0,,25.0
qwen3,Individualism,60,1,2,0.0,,,0.0,,0.0,,0.0,,0.0,,25.0
qwen3,Individualism,60,1,3,0.0,,,0.0,,0.0,,0.0,,0.0,,25.0
qwen3,Individualism,61,1,1,100.0,,,100.0,,75.0,,75.0,,75.0,,75.0
qwen3,Individualism,61,1,2,100.0,,,100.0,,75.0,,75.0,,75.0,,75.0
qwen3,Individualism,61,1,3,100.0,,,100.0,,75.0,,75.0,,75.0,,75.0
qwen3,Individualism,62,1,1,0.0,,,50.0,,50.0,,50.0,,50.0,,50.0
qwen3,Individualism,62,1,2,0.0,,,50.0,,50.0,,50.0,,50.0,,50.0
qwen3,Individualism,62,1,3,0.0,,,50.0,,50.0,,50.0,,50.0,,50.0
qwen3,Individualism,63,1,1,25.0,,,0.0,,25.0,,25.0,,25.0,,25.0
qwen3,Individualism,63,1,2,25.0,,,0.0,,25.0,,25.0,,25.0,,25.0
qwen3,Individualism,63,1,3,25.0,,,0.0,,25.0,,25.0,,25.0,,25.0
qwen3,Individualism,64,1,1,0.0,,,100.0,,75.0,,75.0,,100.0,,100.0
qwen3,Individualism,64,1,2,0.0,,,100.0,,75.0,,75.0,,100.0,,100.0
qwen3,Individualism,64,1,3,0.0,,,100.0,,75.0,,75.0,,100.0,,100.0
qwen3,Individualism,66,1,1,50.0,,,50.0,,50.0,,75.0,,50.0,,50.0
qwen3,Individualism,66,1,2,50.0,,,50.0,,50.0,,75.0,,50.0,,50.0
qwen3,Individualism,66,1,3,50.0,,,50.0,,50.0,,75.0,,50.0,,50.0
qwen3,Individualism,67,1,1,25.0,,,100.0,,50.0,,50.0,,50.0,,50.0
qwen3,Individualism,67,1,2,25.0,,,100.0,,50.0,,50.0,,50.0,,50.0
qwen3,Individualism,67,1,3,25.0,,,100.0,,50.0,,50.0,,50.0,,50.0
qwen3,Individualism,70,1,1,50.0,,,50.0,,50.0,,50.0,,100.0,,50.0
qwen3,Individualism,70,1,2,50.0,,,50.0,,50.0,,50.0,,100.0,,50.0
qwen3,Individualism,70,1,3,50.0,,,50.0,,50.0,,50.0,,100.0,,50.0
qwen3,Individualism,72,1,1,0.0,,,25.0,,50.0,,0.0,,25.0,,50.0
qwen3,Individualism,72,1,2,0.0,,,25.0,,50.0,,0.0,,25.0,,50.0
qwen3,Individualism,72,1,3,0.0,,,25.0,,50.0,,0.0,,25.0,,50.0
qwen3,Individualism,73,1,1,50.0,,,100.0,,50.0,,50.0,,100.0,,100.0
qwen3,Individualism,73,1,2,50.0,,,100.0,,50.0,,50.0,,100.0,,100.0
qwen3,Individualism,73,1,3,50.0,,,100.0,,50.0,,50.0,,100.0,,100.0
qwen3,Individualism,78,1,1,25.0,,,50.0,,50.0,,50.0,,50.0,,50.0
qwen3,Individualism,78,1,2,25.0,,,50.0,,50.0,,50.0,,50.0,,50.0
qwen3,Individualism,78,1,3,25.0,,,50.0,,50.0,,50.0,,50.0,,50.0
qwen3,Individualism,79,1,1,25.0,,,25.0,,25.0,,25.0,,25.0,,25.0
qwen3,Individualism,79,1,2,25.0,,,25.0,,25.0,,25.0,,25.0,,25.0
qwen3,Individualism,79,1,3,25.0,,,25.0,,25.0,,25.0,,25.0,,25.0
qwen3,Individualism,8,1,1,0.0,,,25.0,,0.0,,25.0,,25.0,,50.0
qwen3,Individualism,8,1,2,0.0,,,25.0,,0.0,,25.0,,25.0,,50.0
qwen3,Individualism,8,1,3,0.0,,,25.0,,0.0,,25.0,,25.0,,50.0
qwen3,Individualism,80,1,1,50.0,,,50.0,,50.0,,50.0,,50.0,,50.0
qwen3,Individualism,80,1,2,50.0,,,50.0,,50.0,,50.0,,50.0,,50.0
qwen3,Individualism,80,1,3,50.0,,,50.0,,50.0,,50.0,,50.0,,50.0
qwen3,Individualism,81,1,1,0.0,,,50.0,,50.0,,100.0,,50.0,,50.0
qwen3,Individualism,81,1,2,0.0,,,50.0,,50.0,,100.0,,50.0,,50.0
qwen3,Individualism,81,1,3,0.0,,,50.0,,50.0,,100.0,,50.0,,50.0
qwen3,Individualism,84,1,1,50.0,,,50.0,,50.0,,50.0,,50.0,,50.0
qwen3,Individualism,84,1,2,50.0,,,50.0,,50.0,,50.0,,50.0,,50.0
qwen3,Individualism,84,1,3,50.0,,,50.0,,50.0,,50.0,,50.0,,50.0
qwen3,Individualism,85,1,1,25.0,,,100.0,,100.0,,75.0,,100.0,,50.0
qwen3,Individualism,85,1,2,25.0,,,100.0,,100.0,,75.0,,100.0,,50.0
qwen3,Individualism,85,1,3,25.0,,,100.0,,100.0,,75.0,,100.0,,50.0
qwen3,Individualism,88,1,1,50.0,,,100.0,,50.0,,50.0,,100.0,,75.0
qwen3,Individualism,88,1,2,50.0,,,100.0,,50.0,,50.0,,100.0,,75.0
qwen3,Individualism,88,1,3,50.0,,,100.0,,50.0,,50.0,,100.0,,75.0
qwen3,Individualism,9,1,1,25.0,,,0.0,,0.0,,0.0,,0.0,,25.0
qwen3,Individualism,9,1,2,25.0,,,0.0,,0.0,,0.0,,0.0,,25.0
qwen3,Individualism,9,1,3,25.0,,,0.0,,0.0,,0.0,,0.0,,25.0
qwen3,Individualism,90,1,1,25.0,,,50.0,,50.0,,75.0,,50.0,,75.0
qwen3,Individualism,90,1,2,25.0,,,50.0,,50.0,,75.0,,50.0,,75.0
qwen3,Individualism,90,1,3,25.0,,,50.0,,50.0,,75.0,,50.0,,75.0
qwen3,Individualism,97,1,1,75.0,,,100.0,,75.0,,75.0,,75.0,,75.0
qwen3,Individualism,97,1,2,75.0,,,100.0,,75.0,,75.0,,75.0,,75.0
qwen3,Individualism,97,1,3,75.0,,,100.0,,75.0,,75.0,,75.0,,75.0
qwen3,Individualism,98,1,1,0.0,,,25.0,,0.0,,25.0,,25.0,,25.0
qwen3,Individualism,98,1,2,0.0,,,25.0,,0.0,,25.0,,25.0,,25.0
qwen3,Individualism,98,1,3,0.0,,,25.0,,0.0,,25.0,,25.0,,25.0
qwen3,Individualism,99,1,1,50.0,,,50.0,,50.0,,50.0,,25.0,,50.0
qwen3,Individualism,99,1,2,50.0,,,50.0,,50.0,,50.0,,25.0,,50.0
qwen3,Individualism,99,1,3,50.0,,,50.0,,50.0,,50.0,,25.0,,50.0
qwen3,Indulgence,474,1,1,75.0,,,50.0,,50.0,,50.0,,0.0,,25.0
qwen3,Indulgence,474,1,2,75.0,,,50.0,,50.0,,50.0,,0.0,,25.0
qwen3,Indulgence,474,1,3,75.0,,,50.0,,50.0,,50.0,,0.0,,25.0
qwen3,Indulgence,476,1,1,50.0,,,50.0,,50.0,,50.0,,50.0,,50.0
qwen3,Indulgence,476,1,2,50.0,,,50.0,,50.0,,50.0,,50.0,,50.0
qwen3,Indulgence,476,1,3,50.0,,,50.0,,50.0,,50.0,,50.0,,50.0
qwen3,Indulgence,477,1,1,50.0,,,50.0,,50.0,,50.0,,50.0,,50.0
qwen3,Indulgence,477,1,2,50.0,,,50.0,,50.0,,50.0,,50.0,,50.0
qwen3,Indulgence,477,1,3,50.0,,,50.0,,50.0,,50.0,,50.0,,50.0
qwen3,Indulgence,478,1,1,25.0,,,25.0,,25.0,,0.0,,25.0,,25.0
qwen3,Indulgence,478,1,2,25.0,,,25.0,,25.0,,0.0,,25.0,,25.0
qwen3,Indulgence,478,1,3,25.0,,,25.0,,25.0,,0.0,,25.0,,25.0
qwen3,Indulgence,479,1,1,50.0,,,50.0,,50.0,,50.0,,25.0,,25.0
qwen3,Indulgence,479,1,2,50.0,,,50.0,,50.0,,50.0,,25.0,,25.0
qwen3,Indulgence,479,1,3,50.0,,,50.0,,50.0,,50.0,,25.0,,25.0
qwen3,Indulgence,481,1,1,0.0,,,0.0,,50.0,,50.0,,50.0,,50.0
qwen3,Indulgence,481,1,2,0.0,,,0.0,,50.0,,50.0,,50.0,,50.0
qwen3,Indulgence,481,1,3,0.0,,,0.0,,50.0,,50.0,,50.0,,50.0
qwen3,Indulgence,482,1,1,0.0,,,50.0,,50.0,,50.0,,50.0,,50.0
qwen3,Indulgence,482,1,2,0.0,,,50.0,,50.0,,50.0,,50.0,,50.0
qwen3,Indulgence,482,1,3,0.0,,,50.0,,50.0,,50.0,,50.0,,50.0
qwen3,Indulgence,483,1,1,50.0,,,50.0,,50.0,,50.0,,50.0,,50.0
qwen3,Indulgence,483,1,2,50.0,,,50.0,,50.0,,50.0,,50.0,,50.0
qwen3,Indulgence,483,1,3,50.0,,,50.0,,50.0,,50.0,,50.0,,50.0
qwen3,Indulgence,484,1,1,50.0,,,50.0,,50.0,,50.0,,50.0,,50.0
qwen3,Indulgence,484,1,2,50.0,,,50.0,,50.0,,50.0,,50.0,,50.0
qwen3,Indulgence,484,1,3,50.0,,,50.0,,50.0,,50.0,,50.0,,50.0
qwen3,Indulgence,485,1,1,0.0,,,25.0,,25.0,,25.0,,25.0,,25.0
qwen3,Indulgence,485,1,2,0.0,,,25.0,,25.0,,25.0,,25.0,,25.0
qwen3,Indulgence,485,1,3,0.0,,,25.0,,25.0,,25.0,,25.0,,25.0
qwen3,Indulgence,486,1,1,25.0,,,0.0,,25.0,,25.0,,25.0,,25.0
qwen3,Indulgence,486,1,2,25.0,,,0.0,,25.0,,25.0,,25.0,,25.0
qwen3,Indulgence,486,1,3,25.0,,,0.0,,25.0,,25.0,,25.0,,25.0
qwen3,Indulgence,487,1,1,0.0,,,0.0,,50.0,,50.0,,50.0,,25.0
qwen3,Indulgence,487,1,2,0.0,,,0.0,,50.0,,50.0,,50.0,,25.0
qwen3,Indulgence,487,1,3,0.0,,,0.0,,50.0,,50.0,,50.0,,25.0
qwen3,Indulgence,490,1,1,25.0,,,50.0,,75.0,,75.0,,75.0,,75.0
qwen3,Indulgence,490,1,2,25.0,,,50.0,,75.0,,75.0,,75.0,,75.0
qwen3,Indulgence,490,1,3,25.0,,,50.0,,75.0,,75.0,,75.0,,75.0
qwen3,Indulgence,492,1,1,50.0,,,50.0,,50.0,,50.0,,25.0,,50.0
qwen3,Indulgence,492,1,2,50.0,,,50.0,,50.0,,50.0,,25.0,,50.0
qwen3,Indulgence,492,1,3,50.0,,,50.0,,50.0,,50.0,,25.0,,50.0
qwen3,Indulgence,493,1,1,0.0,,,0.0,,25.0,,25.0,,50.0,,50.0
qwen3,Indulgence,493,1,2,0.0,,,0.0,,25.0,,25.0,,50.0,,50.0
qwen3,Indulgence,493,1,3,0.0,,,0.0,,25.0,,25.0,,50.0,,50.0
qwen3,Indulgence,494,1,1,0.0,,,25.0,,50.0,,25.0,,50.0,,25.0
qwen3,Indulgence,494,1,2,0.0,,,25.0,,50.0,,25.0,,50.0,,25.0
qwen3,Indulgence,494,1,3,0.0,,,25.0,,50.0,,25.0,,50.0,,25.0
qwen3,Indulgence,495,1,1,0.0,,,50.0,,50.0,,25.0,,25.0,,25.0
qwen3,Indulgence,495,1,2,0.0,,,50.0,,50.0,,25.0,,25.0,,25.0
qwen3,Indulgence,495,1,3,0.0,,,50.0,,50.0,,25.0,,25.0,,25.0
qwen3,Indulgence,496,1,1,50.0,,,50.0,,50.0,,50.0,,50.0,,50.0
qwen3,Indulgence,496,1,2,50.0,,,50.0,,50.0,,50.0,,50.0,,50.0
qwen3,Indulgence,496,1,3,50.0,,,50.0,,50.0,,50.0,,50.0,,50.0
qwen3,Indulgence,497,1,1,25.0,,,50.0,,50.0,,75.0,,50.0,,50.0
qwen3,Indulgence,497,1,2,25.0,,,50.0,,50.0,,75.0,,50.0,,50.0
qwen3,Indulgence,497,1,3,25.0,,,50.0,,50.0,,75.0,,50.0,,50.0
qwen3,Indulgence,498,1,1,75.0,,,25.0,,50.0,,75.0,,75.0,,75.0
qwen3,Indulgence,498,1,2,75.0,,,25.0,,50.0,,75.0,,75.0,,75.0
qwen3,Indulgence,498,1,3,75.0,,,25.0,,50.0,,75.0,,75.0,,75.0
qwen3,Indulgence,499,1,1,25.0,,,50.0,,50.0,,50.0,,50.0,,25.0
qwen3,Indulgence,499,1,2,25.0,,,50.0,,50.0,,50.0,,50.0,,25.0
qwen3,Indulgence,499,1,3,25.0,,,50.0,,50.0,,50.0,,50.0,,25.0
qwen3,Indulgence,500,1,1,0.0,,,25.0,,25.0,,25.0,,25.0,,50.0
qwen3,Indulgence,500,1,2,0.0,,,25.0,,25.0,,25.0,,25.0,,50.0
qwen3,Indulgence,500,1,3,0.0,,,25.0,,25.0,,25.0,,25.0,,50.0
qwen3,Indulgence,503,1,1,0.0,,,0.0,,50.0,,50.0,,50.0,,50.0
qwen3,Indulgence,503,1,2,0.0,,,0.0,,50.0,,50.0,,50.0,,50.0
qwen3,Indulgence,503,1,3,0.0,,,0.0,,50.0,,50.0,,50.0,,50.0
qwen3,Indulgence,505,1,1,0.0,,,25.0,,75.0,,0.0,,0.0,,25.0
qwen3,Indulgence,505,1,2,0.0,,,25.0,,75.0,,0.0,,0.0,,25.0
qwen3,Indulgence,505,1,3,0.0,,,25.0,,75.0,,0.0,,0.0,,25.0
qwen3,Indulgence,508,1,1,0.0,,,25.0,,50.0,,50.0,,50.0,,50.0
qwen3,Indulgence,508,1,2,0.0,,,25.0,,50.0,,50.0,,50.0,,50.0
qwen3,Indulgence,508,1,3,0.0,,,25.0,,50.0,,50.0,,50.0,,50.0
qwen3,Indulgence,509,1,1,25.0,,,25.0,,25.0,,50.0,,25.0,,25.0
qwen3,Indulgence,509,1,2,25.0,,,25.0,,25.0,,50.0,,25.0,,25.0
qwen3,Indulgence,509,1,3,25.0,,,25.0,,25.0,,50.0,,25.0,,25.0
qwen3,Indulgence,510,1,1,0.0,,,50.0,,0.0,,50.0,,50.0,,50.0
qwen3,Indulgence,510,1,2,0.0,,,50.0,,0.0,,50.0,,50.0,,50.0
qwen3,Indulgence,510,1,3,0.0,,,50.0,,0.0,,50.0,,50.0,,50.0
qwen3,Indulgence,511,1,1,50.0,,,75.0,,50.0,,50.0,,50.0,,50.0
qwen3,Indulgence,511,1,2,50.0,,,75.0,,50.0,,50.0,,50.0,,50.0
qwen3,Indulgence,511,1,3,50.0,,,75.0,,50.0,,50.0,,50.0,,50.0
qwen3,Indulgence,512,1,1,50.0,,,50.0,,50.0,,50.0,,25.0,,50.0
qwen3,Indulgence,512,1,2,50.0,,,50.0,,50.0,,50.0,,25.0,,50.0
qwen3,Indulgence,512,1,3,50.0,,,50.0,,50.0,,50.0,,25.0,,50.0
qwen3,Indulgence,514,1,1,50.0,,,50.0,,50.0,,50.0,,50.0,,50.0
qwen3,Indulgence,514,1,2,50.0,,,50.0,,50.0,,50.0,,50.0,,50.0
qwen3,Indulgence,514,1,3,50.0,,,50.0,,50.0,,50.0,,50.0,,50.0
qwen3,Indulgence,517,1,1,50.0,,,50.0,,50.0,,25.0,,0.0,,50.0
qwen3,Indulgence,517,1,2,50.0,,,50.0,,50.0,,25.0,,0.0,,50.0
qwen3,Indulgence,517,1,3,50.0,,,50.0,,50.0,,25.0,,0.0,,50.0
qwen3,Indulgence,518,1,1,0.0,,,50.0,,50.0,,50.0,,25.0,,25.0
qwen3,Indulgence,518,1,2,0.0,,,50.0,,50.0,,50.0,,25.0,,25.0
qwen3,Indulgence,518,1,3,0.0,,,50.0,,50.0,,50.0,,25.0,,25.0
qwen3,Indulgence,521,1,1,50.0,,,25.0,,50.0,,50.0,,50.0,,50.0
qwen3,Indulgence,521,1,2,50.0,,,25.0,,50.0,,50.0,,50.0,,50.0
qwen3,Indulgence,521,1,3,50.0,,,25.0,,50.0,,50.0,,50.0,,50.0
qwen3,Indulgence,522,1,1,25.0,,,25.0,,25.0,,25.0,,50.0,,25.0
qwen3,Indulgence,522,1,2,25.0,,,25.0,,25.0,,25.0,,50.0,,25.0
qwen3,Indulgence,522,1,3,25.0,,,25.0,,25.0,,25.0,,50.0,,25.0
qwen3,Indulgence,523,1,1,50.0,,,50.0,,50.0,,50.0,,50.0,,50.0
qwen3,Indulgence,523,1,2,50.0,,,50.0,,50.0,,50.0,,50.0,,50.0
qwen3,Indulgence,523,1,3,50.0,,,50.0,,50.0,,50.0,,50.0,,50.0
qwen3,Indulgence,524,1,1,25.0,,,25.0,,25.0,,0.0,,25.0,,25.0
qwen3,Indulgence,524,1,2,25.0,,,25.0,,25.0,,0.0,,25.0,,25.0
qwen3,Indulgence,524,1,3,25.0,,,25.0,,25.0,,0.0,,25.0,,25.0
qwen3,Indulgence,526,1,1,25.0,,,50.0,,25.0,,50.0,,50.0,,50.0
qwen3,Indulgence,526,1,2,25.0,,,50.0,,25.0,,50.0,,50.0,,50.0
qwen3,Indulgence,526,1,3,25.0,,,50.0,,25.0,,50.0,,50.0,,50.0
qwen3,Indulgence,527,1,1,0.0,,,0.0,,0.0,,0.0,,0.0,,0.0
qwen3,Indulgence,527,1,2,0.0,,,0.0,,0.0,,0.0,,0.0,,0.0
qwen3,Indulgence,527,1,3,0.0,,,0.0,,0.0,,0.0,,0.0,,0.0
qwen3,Indulgence,530,1,1,50.0,,,25.0,,0.0,,0.0,,25.0,,25.0
qwen3,Indulgence,530,1,2,50.0,,,25.0,,0.0,,0.0,,25.0,,25.0
qwen3,Indulgence,530,1,3,50.0,,,25.0,,0.0,,0.0,,25.0,,25.0
qwen3,Indulgence,531,1,1,50.0,,,50.0,,50.0,,50.0,,50.0,,50.0
qwen3,Indulgence,531,1,2,50.0,,,50.0,,50.0,,50.0,,50.0,,50.0
qwen3,Indulgence,531,1,3,50.0,,,50.0,,50.0,,50.0,,50.0,,50.0
qwen3,Indulgence,532,1,1,25.0,,,50.0,,50.0,,50.0,,50.0,,50.0
qwen3,Indulgence,532,1,2,25.0,,,50.0,,50.0,,50.0,,50.0,,50.0
qwen3,Indulgence,532,1,3,25.0,,,50.0,,50.0,,50.0,,50.0,,50.0
qwen3,Indulgence,534,1,1,0.0,,,50.0,,50.0,,50.0,,50.0,,50.0
qwen3,Indulgence,534,1,2,0.0,,,50.0,,50.0,,50.0,,50.0,,50.0
qwen3,Indulgence,534,1,3,0.0,,,50.0,,50.0,,50.0,,50.0,,50.0
qwen3,Indulgence,539,1,1,0.0,,,25.0,,0.0,,25.0,,0.0,,0.0
qwen3,Indulgence,539,1,2,0.0,,,25.0,,0.0,,25.0,,0.0,,0.0
qwen3,Indulgence,539,1,3,0.0,,,25.0,,0.0,,25.0,,0.0,,0.0
qwen3,Indulgence,540,1,1,0.0,,,50.0,,50.0,,50.0,,50.0,,50.0
qwen3,Indulgence,540,1,2,0.0,,,50.0,,50.0,,50.0,,50.0,,50.0
qwen3,Indulgence,540,1,3,0.0,,,50.0,,50.0,,50.0,,50.0,,50.0
qwen3,Indulgence,541,1,1,0.0,,,50.0,,50.0,,50.0,,50.0,,50.0
qwen3,Indulgence,541,1,2,0.0,,,50.0,,50.0,,50.0,,50.0,,50.0
qwen3,Indulgence,541,1,3,0.0,,,50.0,,50.0,,50.0,,50.0,,50.0
qwen3,Indulgence,543,1,1,25.0,,,50.0,,25.0,,50.0,,25.0,,25.0
qwen3,Indulgence,543,1,2,25.0,,,50.0,,25.0,,50.0,,25.0,,25.0
qwen3,Indulgence,543,1,3,25.0,,,50.0,,25.0,,50.0,,25.0,,25.0
qwen3,Indulgence,545,1,1,50.0,,,25.0,,25.0,,25.0,,25.0,,50.0
qwen3,Indulgence,545,1,2,50.0,,,25.0,,25.0,,25.0,,25.0,,50.0
qwen3,Indulgence,545,1,3,50.0,,,25.0,,25.0,,25.0,,25.0,,50.0
qwen3,Indulgence,546,1,1,0.0,,,0.0,,0.0,,0.0,,25.0,,25.0
qwen3,Indulgence,546,1,2,0.0,,,0.0,,0.0,,0.0,,25.0,,25.0
qwen3,Indulgence,546,1,3,0.0,,,0.0,,0.0,,0.0,,25.0,,25.0
qwen3,Indulgence,550,1,1,50.0,,,50.0,,50.0,,25.0,,25.0,,25.0
qwen3,Indulgence,550,1,2,50.0,,,50.0,,50.0,,25.0,,25.0,,25.0
qwen3,Indulgence,550,1,3,50.0,,,50.0,,50.0,,25.0,,25.0,,25.0
qwen3,Indulgence,551,1,1,50.0,,,50.0,,50.0,,50.0,,50.0,,25.0
qwen3,Indulgence,551,1,2,50.0,,,50.0,,50.0,,50.0,,50.0,,25.0
qwen3,Indulgence,551,1,3,50.0,,,50.0,,50.0,,50.0,,50.0,,25.0
qwen3,Indulgence,552,1,1,,,,75.0,,75.0,,75.0,,75.0,,75.0
qwen3,Indulgence,552,1,2,,,,75.0,,75.0,,75.0,,75.0,,75.0
qwen3,Indulgence,552,1,3,,,,75.0,,75.0,,75.0,,75.0,,75.0
qwen3,Indulgence,553,1,1,50.0,,,50.0,,50.0,,25.0,,50.0,,50.0
qwen3,Indulgence,553,1,2,50.0,,,50.0,,50.0,,25.0,,50.0,,50.0
qwen3,Indulgence,553,1,3,50.0,,,50.0,,50.0,,25.0,,50.0,,50.0
qwen3,Indulgence,554,1,1,0.0,,,25.0,,25.0,,25.0,,25.0,,25.0
qwen3,Indulgence,554,1,2,0.0,,,25.0,,25.0,,25.0,,25.0,,25.0
qwen3,Indulgence,554,1,3,0.0,,,25.0,,25.0,,25.0,,25.0,,25.0
qwen3,Indulgence,555,1,1,25.0,,,75.0,,75.0,,50.0,,25.0,,25.0
qwen3,Indulgence,555,1,2,25.0,,,75.0,,75.0,,50.0,,25.0,,25.0
qwen3,Indulgence,555,1,3,25.0,,,75.0,,75.0,,50.0,,25.0,,25.0
qwen3,Indulgence,557,1,1,0.0,,,25.0,,0.0,,0.0,,0.0,,0.0
qwen3,Indulgence,557,1,2,0.0,,,25.0,,0.0,,0.0,,0.0,,0.0
qwen3,Indulgence,557,1,3,0.0,,,25.0,,0.0,,0.0,,0.0,,0.0
qwen3,Indulgence,558,1,1,0.0,,,50.0,,50.0,,50.0,,50.0,,50.0
qwen3,Indulgence,558,1,2,0.0,,,50.0,,50.0,,50.0,,50.0,,50.0
qwen3,Indulgence,558,1,3,0.0,,,50.0,,50.0,,50.0,,50.0,,50.0
qwen3,Indulgence,560,1,1,25.0,,,50.0,,25.0,,25.0,,25.0,,25.0
qwen3,Indulgence,560,1,2,25.0,,,50.0,,25.0,,25.0,,25.0,,25.0
qwen3,Indulgence,560,1,3,25.0,,,50.0,,25.0,,25.0,,25.0,,25.0
qwen3,Indulgence,561,1,1,25.0,,,100.0,,50.0,,50.0,,50.0,,50.0
qwen3,Indulgence,561,1,2,25.0,,,100.0,,50.0,,50.0,,50.0,,50.0
qwen3,Indulgence,561,1,3,25.0,,,100.0,,50.0,,50.0,,50.0,,50.0
qwen3,Indulgence,563,1,1,100.0,,,50.0,,75.0,,0.0,,75.0,,100.0
qwen3,Indulgence,563,1,2,100.0,,,50.0,,75.0,,0.0,,75.0,,100.0
qwen3,Indulgence,563,1,3,100.0,,,50.0,,75.0,,0.0,,75.0,,100.0
qwen3,Indulgence,564,1,1,0.0,,,0.0,,,,0.0,,0.0,,25.0
qwen3,Indulgence,564,1,2,0.0,,,0.0,,,,0.0,,0.0,,25.0
qwen3,Indulgence,564,1,3,0.0,,,0.0,,,,0.0,,0.0,,25.0
qwen3,Indulgence,565,1,1,0.0,,,0.0,,0.0,,25.0,,75.0,,50.0
qwen3,Indulgence,565,1,2,0.0,,,0.0,,0.0,,25.0,,75.0,,50.0
qwen3,Indulgence,565,1,3,0.0,,,0.0,,0.0,,25.0,,75.0,,50.0
qwen3,Indulgence,566,1,1,50.0,,,50.0,,50.0,,50.0,,50.0,,50.0
qwen3,Indulgence,566,1,2,50.0,,,50.0,,50.0,,50.0,,50.0,,50.0
qwen3,Indulgence,566,1,3,50.0,,,50.0,,50.0,,50.0,,50.0,,50.0
qwen3,Indulgence,567,1,1,0.0,,,50.0,,25.0,,50.0,,25.0,,25.0
qwen3,Indulgence,567,1,2,0.0,,,50.0,,25.0,,50.0,,25.0,,25.0
qwen3,Indulgence,567,1,3,0.0,,,50.0,,25.0,,50.0,,25.0,,25.0
qwen3,Indulgence,568,1,1,0.0,,,0.0,,0.0,,0.0,,0.0,,50.0
qwen3,Indulgence,568,1,2,0.0,,,0.0,,0.0,,0.0,,0.0,,50.0
qwen3,Indulgence,568,1,3,0.0,,,0.0,,0.0,,0.0,,0.0,,50.0
qwen3,Indulgence,569,1,1,0.0,,,25.0,,25.0,,25.0,,25.0,,25.0
qwen3,Indulgence,569,1,2,0.0,,,25.0,,25.0,,25.0,,25.0,,25.0
qwen3,Indulgence,569,1,3,0.0,,,25.0,,25.0,,25.0,,25.0,,25.0
qwen3,Indulgence,570,1,1,25.0,,,75.0,,50.0,,50.0,,50.0,,50.0
qwen3,Indulgence,570,1,2,25.0,,,75.0,,50.0,,50.0,,50.0,,50.0
qwen3,Indulgence,570,1,3,25.0,,,75.0,,50.0,,50.0,,50.0,,50.0
qwen3,Indulgence,571,1,1,25.0,,,50.0,,50.0,,50.0,,100.0,,25.0
qwen3,Indulgence,571,1,2,25.0,,,50.0,,50.0,,50.0,,100.0,,25.0
qwen3,Indulgence,571,1,3,25.0,,,50.0,,50.0,,50.0,,100.0,,25.0
qwen3,Indulgence,572,1,1,0.0,,,25.0,,50.0,,50.0,,50.0,,50.0
qwen3,Indulgence,572,1,2,0.0,,,25.0,,50.0,,50.0,,50.0,,50.0
qwen3,Indulgence,572,1,3,0.0,,,25.0,,50.0,,50.0,,50.0,,50.0
qwen3,Indulgence,573,1,1,0.0,,,25.0,,50.0,,50.0,,100.0,,50.0
qwen3,Indulgence,573,1,2,0.0,,,25.0,,50.0,,50.0,,100.0,,50.0
qwen3,Indulgence,573,1,3,0.0,,,25.0,,50.0,,50.0,,100.0,,50.0
qwen3,Indulgence,574,1,1,50.0,,,50.0,,50.0,,50.0,,50.0,,50.0
qwen3,Indulgence,574,1,2,50.0,,,50.0,,50.0,,50.0,,50.0,,50.0
qwen3,Indulgence,574,1,3,50.0,,,50.0,,50.0,,50.0,,50.0,,50.0
qwen3,Indulgence,575,1,1,0.0,,,0.0,,50.0,,25.0,,50.0,,50.0
qwen3,Indulgence,575,1,2,0.0,,,0.0,,50.0,,25.0,,50.0,,50.0
qwen3,Indulgence,575,1,3,0.0,,,0.0,,50.0,,25.0,,50.0,,50.0
qwen3,Indulgence,576,1,1,50.0,,,50.0,,,,50.0,,50.0,,25.0
qwen3,Indulgence,576,1,2,50.0,,,50.0,,,,50.0,,50.0,,25.0
qwen3,Indulgence,576,1,3,50.0,,,50.0,,,,50.0,,50.0,,25.0
qwen3,Indulgence,578,1,1,0.0,,,25.0,,25.0,,0.0,,25.0,,0.0
qwen3,Indulgence,578,1,2,0.0,,,25.0,,25.0,,0.0,,25.0,,0.0
qwen3,Indulgence,578,1,3,0.0,,,25.0,,25.0,,0.0,,25.0,,0.0
qwen3,Indulgence,579,1,1,0.0,,,50.0,,50.0,,25.0,,50.0,,50.0
qwen3,Indulgence,579,1,2,0.0,,,50.0,,50.0,,25.0,,50.0,,50.0
qwen3,Indulgence,579,1,3,0.0,,,50.0,,50.0,,25.0,,50.0,,50.0
qwen3,Indulgence,581,1,1,50.0,,,50.0,,50.0,,50.0,,50.0,,50.0
qwen3,Indulgence,581,1,2,50.0,,,50.0,,50.0,,50.0,,50.0,,50.0
qwen3,Indulgence,581,1,3,50.0,,,50.0,,50.0,,50.0,,50.0,,50.0
qwen3,Indulgence,582,1,1,0.0,,,25.0,,25.0,,25.0,,100.0,,50.0
qwen3,Indulgence,582,1,2,0.0,,,25.0,,25.0,,25.0,,100.0,,50.0
qwen3,Indulgence,582,1,3,0.0,,,25.0,,25.0,,25.0,,100.0,,50.0
qwen3,Indulgence,584,1,1,25.0,,,25.0,,25.0,,25.0,,25.0,,25.0
qwen3,Indulgence,584,1,2,25.0,,,25.0,,25.0,,25.0,,25.0,,25.0
qwen3,Indulgence,584,1,3,25.0,,,25.0,,25.0,,25.0,,25.0,,25.0
qwen3,Indulgence,585,1,1,0.0,,,25.0,,25.0,,50.0,,50.0,,50.0
qwen3,Indulgence,585,1,2,0.0,,,25.0,,25.0,,50.0,,50.0,,50.0
qwen3,Indulgence,585,1,3,0.0,,,25.0,,25.0,,50.0,,50.0,,50.0
qwen3,Indulgence,589,1,1,0.0,,,25.0,,25.0,,25.0,,25.0,,25.0
qwen3,Indulgence,589,1,2,0.0,,,25.0,,25.0,,25.0,,25.0,,25.0
qwen3,Indulgence,589,1,3,0.0,,,25.0,,25.0,,25.0,,25.0,,25.0
qwen3,Indulgence,590,1,1,50.0,,,50.0,,50.0,,50.0,,50.0,,50.0
qwen3,Indulgence,590,1,2,50.0,,,50.0,,50.0,,50.0,,50.0,,50.0
qwen3,Indulgence,590,1,3,50.0,,,50.0,,50.0,,50.0,,50.0,,50.0
qwen3,Indulgence,591,1,1,50.0,,,50.0,,50.0,,25.0,,50.0,,25.0
qwen3,Indulgence,591,1,2,50.0,,,50.0,,50.0,,25.0,,50.0,,25.0
qwen3,Indulgence,591,1,3,50.0,,,50.0,,50.0,,25.0,,50.0,,25.0
qwen3,Indulgence,592,1,1,0.0,,,50.0,,50.0,,25.0,,50.0,,50.0
qwen3,Indulgence,592,1,2,0.0,,,50.0,,50.0,,25.0,,50.0,,50.0
qwen3,Indulgence,592,1,3,0.0,,,50.0,,50.0,,25.0,,50.0,,50.0
qwen3,Indulgence,594,1,1,0.0,,,50.0,,50.0,,50.0,,50.0,,50.0
qwen3,Indulgence,594,1,2,0.0,,,50.0,,50.0,,50.0,,50.0,,50.0
qwen3,Indulgence,594,1,3,0.0,,,50.0,,50.0,,50.0,,50.0,,50.0
qwen3,Indulgence,596,1,1,50.0,,,50.0,,50.0,,50.0,,50.0,,50.0
qwen3,Indulgence,596,1,2,50.0,,,50.0,,50.0,,50.0,,50.0,,50.0
qwen3,Indulgence,596,1,3,50.0,,,50.0,,50.0,,50.0,,50.0,,50.0
qwen3,Indulgence,597,1,1,25.0,,,50.0,,50.0,,50.0,,50.0,,50.0
qwen3,Indulgence,597,1,2,25.0,,,50.0,,50.0,,50.0,,50.0,,50.0
qwen3,Indulgence,597,1,3,25.0,,,50.0,,50.0,,50.0,,50.0,,50.0
qwen3,Indulgence,599,1,1,50.0,,,50.0,,50.0,,50.0,,50.0,,50.0
qwen3,Indulgence,599,1,2,50.0,,,50.0,,50.0,,50.0,,50.0,,50.0
qwen3,Indulgence,599,1,3,50.0,,,50.0,,50.0,,50.0,,50.0,,50.0
qwen3,Indulgence,601,1,1,25.0,,,25.0,,50.0,,75.0,,50.0,,75.0
qwen3,Indulgence,601,1,2,25.0,,,25.0,,50.0,,75.0,,50.0,,75.0
qwen3,Indulgence,601,1,3,25.0,,,25.0,,50.0,,75.0,,50.0,,75.0
qwen3,Indulgence,602,1,1,25.0,,,50.0,,25.0,,25.0,,25.0,,25.0
qwen3,Indulgence,602,1,2,25.0,,,50.0,,25.0,,25.0,,25.0,,25.0
qwen3,Indulgence,602,1,3,25.0,,,50.0,,25.0,,25.0,,25.0,,25.0
qwen3,Indulgence,605,1,1,0.0,,,50.0,,25.0,,25.0,,25.0,,25.0
qwen3,Indulgence,605,1,2,0.0,,,50.0,,25.0,,25.0,,25.0,,25.0
qwen3,Indulgence,605,1,3,0.0,,,50.0,,25.0,,25.0,,25.0,,25.0
qwen3,Indulgence,608,1,1,75.0,,,75.0,,50.0,,50.0,,50.0,,50.0
qwen3,Indulgence,608,1,2,75.0,,,75.0,,50.0,,50.0,,50.0,,50.0
qwen3,Indulgence,608,1,3,75.0,,,75.0,,50.0,,50.0,,50.0,,50.0
qwen3,Indulgence,609,1,1,0.0,,,0.0,,0.0,,0.0,,0.0,,0.0
qwen3,Indulgence,609,1,2,0.0,,,0.0,,0.0,,0.0,,0.0,,0.0
qwen3,Indulgence,609,1,3,0.0,,,0.0,,0.0,,0.0,,0.0,,0.0
qwen3,Indulgence,611,1,1,50.0,,,50.0,,50.0,,50.0,,50.0,,50.0
qwen3,Indulgence,611,1,2,50.0,,,50.0,,50.0,,50.0,,50.0,,50.0
qwen3,Indulgence,611,1,3,50.0,,,50.0,,50.0,,50.0,,50.0,,50.0
qwen3,Indulgence,612,1,1,0.0,,,25.0,,25.0,,25.0,,25.0,,25.0
qwen3,Indulgence,612,1,2,0.0,,,25.0,,25.0,,25.0,,25.0,,25.0
qwen3,Indulgence,612,1,3,0.0,,,25.0,,25.0,,25.0,,25.0,,25.0
qwen3,Indulgence,614,1,1,75.0,,,75.0,,50.0,,50.0,,50.0,,50.0
qwen3,Indulgence,614,1,2,75.0,,,75.0,,50.0,,50.0,,50.0,,50.0
qwen3,Indulgence,614,1,3,75.0,,,75.0,,50.0,,50.0,,50.0,,50.0
qwen3,Indulgence,618,1,1,0.0,,,0.0,,25.0,,25.0,,50.0,,25.0
qwen3,Indulgence,618,1,2,0.0,,,0.0,,25.0,,25.0,,50.0,,25.0
qwen3,Indulgence,618,1,3,0.0,,,0.0,,25.0,,25.0,,50.0,,25.0
qwen3,Indulgence,619,1,1,0.0,,,50.0,,50.0,,50.0,,25.0,,25.0
qwen3,Indulgence,619,1,2,0.0,,,50.0,,50.0,,50.0,,25.0,,25.0
qwen3,Indulgence,619,1,3,0.0,,,50.0,,50.0,,50.0,,25.0,,25.0
qwen3,Indulgence,620,1,1,0.0,,,50.0,,25.0,,50.0,,25.0,,25.0
qwen3,Indulgence,620,1,2,0.0,,,50.0,,25.0,,50.0,,25.0,,25.0
qwen3,Indulgence,620,1,3,0.0,,,50.0,,25.0,,50.0,,25.0,,25.0
qwen3,Indulgence,621,1,1,0.0,,,25.0,,25.0,,25.0,,25.0,,25.0
qwen3,Indulgence,621,1,2,0.0,,,25.0,,25.0,,25.0,,25.0,,25.0
qwen3,Indulgence,621,1,3,0.0,,,25.0,,25.0,,25.0,,25.0,,25.0
qwen3,Indulgence,622,1,1,50.0,,,50.0,,50.0,,50.0,,25.0,,50.0
qwen3,Indulgence,622,1,2,50.0,,,50.0,,50.0,,50.0,,25.0,,50.0
qwen3,Indulgence,622,1,3,50.0,,,50.0,,50.0,,50.0,,25.0,,50.0
qwen3,Indulgence,623,1,1,50.0,,,50.0,,50.0,,50.0,,50.0,,50.0
qwen3,Indulgence,623,1,2,50.0,,,50.0,,50.0,,50.0,,50.0,,50.0
qwen3,Indulgence,623,1,3,50.0,,,50.0,,50.0,,50.0,,50.0,,50.0
qwen3,Indulgence,624,1,1,0.0,,,50.0,,50.0,,50.0,,50.0,,50.0
qwen3,Indulgence,624,1,2,0.0,,,50.0,,50.0,,50.0,,50.0,,50.0
qwen3,Indulgence,624,1,3,0.0,,,50.0,,50.0,,50.0,,50.0,,50.0
qwen3,Indulgence,627,1,1,0.0,,,50.0,,75.0,,25.0,,25.0,,50.0
qwen3,Indulgence,627,1,2,0.0,,,50.0,,75.0,,25.0,,25.0,,50.0
qwen3,Indulgence,627,1,3,0.0,,,50.0,,75.0,,25.0,,25.0,,50.0
qwen3,Indulgence,630,1,1,0.0,,,50.0,,50.0,,25.0,,50.0,,50.0
qwen3,Indulgence,630,1,2,0.0,,,50.0,,50.0,,25.0,,50.0,,50.0
qwen3,Indulgence,630,1,3,0.0,,,50.0,,50.0,,25.0,,50.0,,50.0
qwen3,Indulgence,636,1,1,50.0,,,50.0,,50.0,,50.0,,50.0,,50.0
qwen3,Indulgence,636,1,2,50.0,,,50.0,,50.0,,50.0,,50.0,,50.0
qwen3,Indulgence,636,1,3,50.0,,,50.0,,50.0,,50.0,,50.0,,50.0
qwen3,Indulgence,637,1,1,50.0,,,50.0,,50.0,,50.0,,50.0,,50.0
qwen3,Indulgence,637,1,2,50.0,,,50.0,,50.0,,50.0,,50.0,,50.0
qwen3,Indulgence,637,1,3,50.0,,,50.0,,50.0,,50.0,,50.0,,50.0
qwen3,Indulgence,639,1,1,25.0,,,50.0,,50.0,,50.0,,50.0,,50.0
qwen3,Indulgence,639,1,2,25.0,,,50.0,,50.0,,50.0,,50.0,,50.0
qwen3,Indulgence,639,1,3,25.0,,,50.0,,50.0,,50.0,,50.0,,50.0
qwen3,Indulgence,641,1,1,0.0,,,50.0,,25.0,,50.0,,50.0,,50.0
qwen3,Indulgence,641,1,2,0.0,,,50.0,,25.0,,50.0,,50.0,,50.0
qwen3,Indulgence,641,1,3,0.0,,,50.0,,25.0,,50.0,,50.0,,50.0
qwen3,Indulgence,642,1,1,25.0,,,50.0,,50.0,,25.0,,25.0,,50.0
qwen3,Indulgence,642,1,2,25.0,,,50.0,,50.0,,25.0,,25.0,,50.0
qwen3,Indulgence,642,1,3,25.0,,,50.0,,50.0,,25.0,,25.0,,50.0
qwen3,Indulgence,643,1,1,0.0,,,50.0,,25.0,,25.0,,25.0,,25.0
qwen3,Indulgence,643,1,2,0.0,,,50.0,,25.0,,25.0,,25.0,,25.0
qwen3,Indulgence,643,1,3,0.0,,,50.0,,25.0,,25.0,,25.0,,25.0
qwen3,Indulgence,644,1,1,0.0,,,25.0,,25.0,,75.0,,100.0,,25.0
qwen3,Indulgence,644,1,2,0.0,,,25.0,,25.0,,75.0,,100.0,,25.0
qwen3,Indulgence,644,1,3,0.0,,,25.0,,25.0,,75.0,,100.0,,25.0
qwen3,Indulgence,646,1,1,0.0,,,25.0,,50.0,,25.0,,25.0,,25.0
qwen3,Indulgence,646,1,2,0.0,,,25.0,,50.0,,25.0,,25.0,,25.0
qwen3,Indulgence,646,1,3,0.0,,,25.0,,50.0,,25.0,,25.0,,25.0
qwen3,Indulgence,647,1,1,50.0,,,50.0,,50.0,,50.0,,50.0,,50.0
qwen3,Indulgence,647,1,2,50.0,,,50.0,,50.0,,50.0,,50.0,,50.0
qwen3,Indulgence,647,1,3,50.0,,,50.0,,50.0,,50.0,,50.0,,50.0
qwen3,Indulgence,649,1,1,50.0,,,50.0,,25.0,,75.0,,50.0,,50.0
qwen3,Indulgence,649,1,2,50.0,,,50.0,,25.0,,75.0,,50.0,,50.0
qwen3,Indulgence,649,1,3,50.0,,,50.0,,25.0,,75.0,,50.0,,50.0
qwen3,Indulgence,650,1,1,50.0,,,50.0,,50.0,,50.0,,50.0,,50.0
qwen3,Indulgence,650,1,2,50.0,,,50.0,,50.0,,50.0,,50.0,,50.0
qwen3,Indulgence,650,1,3,50.0,,,50.0,,50.0,,50.0,,50.0,,50.0
qwen3,Indulgence,653,1,1,100.0,,,100.0,,100.0,,75.0,,100.0,,100.0
qwen3,Indulgence,653,1,2,100.0,,,100.0,,100.0,,75.0,,100.0,,100.0
qwen3,Indulgence,653,1,3,100.0,,,100.0,,100.0,,75.0,,100.0,,100.0
qwen3,Indulgence,655,1,1,0.0,,,25.0,,25.0,,50.0,,25.0,,25.0
qwen3,Indulgence,655,1,2,0.0,,,25.0,,25.0,,50.0,,25.0,,25.0
qwen3,Indulgence,655,1,3,0.0,,,25.0,,25.0,,50.0,,25.0,,25.0
qwen3,Indulgence,656,1,1,50.0,,,50.0,,50.0,,50.0,,50.0,,25.0
qwen3,Indulgence,656,1,2,50.0,,,50.0,,50.0,,50.0,,50.0,,25.0
qwen3,Indulgence,656,1,3,50.0,,,50.0,,50.0,,50.0,,50.0,,25.0
qwen3,Indulgence,658,1,1,50.0,,,50.0,,0.0,,0.0,,50.0,,50.0
qwen3,Indulgence,658,1,2,50.0,,,50.0,,0.0,,0.0,,50.0,,50.0
qwen3,Indulgence,658,1,3,50.0,,,50.0,,0.0,,0.0,,50.0,,50.0
qwen3,Indulgence,661,1,1,50.0,,,50.0,,75.0,,75.0,,50.0,,50.0
qwen3,Indulgence,661,1,2,50.0,,,50.0,,75.0,,75.0,,50.0,,50.0
qwen3,Indulgence,661,1,3,50.0,,,50.0,,75.0,,75.0,,50.0,,50.0
qwen3,Indulgence,664,1,1,50.0,,,50.0,,25.0,,25.0,,25.0,,25.0
qwen3,Indulgence,664,1,2,50.0,,,50.0,,25.0,,25.0,,25.0,,25.0
qwen3,Indulgence,664,1,3,50.0,,,50.0,,25.0,,25.0,,25.0,,25.0
qwen3,Indulgence,665,1,1,50.0,,,50.0,,50.0,,50.0,,50.0,,50.0
qwen3,Indulgence,665,1,2,50.0,,,50.0,,50.0,,50.0,,50.0,,50.0
qwen3,Indulgence,665,1,3,50.0,,,50.0,,50.0,,50.0,,50.0,,50.0
qwen3,Indulgence,666,1,1,50.0,,,50.0,,50.0,,50.0,,50.0,,50.0
qwen3,Indulgence,666,1,2,50.0,,,50.0,,50.0,,50.0,,50.0,,50.0
qwen3,Indulgence,666,1,3,50.0,,,50.0,,50.0,,50.0,,50.0,,50.0
qwen3,Indulgence,667,1,1,0.0,,,25.0,,25.0,,25.0,,25.0,,25.0
qwen3,Indulgence,667,1,2,0.0,,,25.0,,25.0,,25.0,,25.0,,25.0
qwen3,Indulgence,667,1,3,0.0,,,25.0,,25.0,,25.0,,25.0,,25.0
qwen3,Indulgence,668,1,1,50.0,,,50.0,,50.0,,50.0,,50.0,,50.0
qwen3,Indulgence,668,1,2,50.0,,,50.0,,50.0,,50.0,,50.0,,50.0
qwen3,Indulgence,668,1,3,50.0,,,50.0,,50.0,,50.0,,50.0,,50.0
qwen3,Indulgence,670,1,1,0.0,,,50.0,,50.0,,50.0,,50.0,,75.0
qwen3,Indulgence,670,1,2,0.0,,,50.0,,50.0,,50.0,,50.0,,75.0
qwen3,Indulgence,670,1,3,0.0,,,50.0,,50.0,,50.0,,50.0,,75.0
qwen3,Indulgence,674,1,1,0.0,,,25.0,,25.0,,50.0,,50.0,,50.0
qwen3,Indulgence,674,1,2,0.0,,,25.0,,25.0,,50.0,,50.0,,50.0
qwen3,Indulgence,674,1,3,0.0,,,25.0,,25.0,,50.0,,50.0,,50.0
qwen3,Indulgence,675,1,1,50.0,,,50.0,,50.0,,50.0,,50.0,,50.0
qwen3,Indulgence,675,1,2,50.0,,,50.0,,50.0,,50.0,,50.0,,50.0
qwen3,Indulgence,675,1,3,50.0,,,50.0,,50.0,,50.0,,50.0,,50.0
qwen3,Indulgence,678,1,1,25.0,,,50.0,,50.0,,50.0,,50.0,,50.0
qwen3,Indulgence,678,1,2,25.0,,,50.0,,50.0,,50.0,,50.0,,50.0
qwen3,Indulgence,678,1,3,25.0,,,50.0,,50.0,,50.0,,50.0,,50.0
qwen3,Indulgence,679,1,1,25.0,,,25.0,,25.0,,25.0,,25.0,,25.0
qwen3,Indulgence,679,1,2,25.0,,,25.0,,25.0,,25.0,,25.0,,25.0
qwen3,Indulgence,679,1,3,25.0,,,25.0,,25.0,,25.0,,25.0,,25.0
qwen3,Indulgence,686,1,1,25.0,,,25.0,,25.0,,25.0,,25.0,,25.0
qwen3,Indulgence,686,1,2,25.0,,,25.0,,25.0,,25.0,,25.0,,25.0
qwen3,Indulgence,686,1,3,25.0,,,25.0,,25.0,,25.0,,25.0,,25.0
qwen3,Indulgence,687,1,1,0.0,,,50.0,,50.0,,50.0,,50.0,,25.0
qwen3,Indulgence,687,1,2,0.0,,,50.0,,50.0,,50.0,,50.0,,25.0
qwen3,Indulgence,687,1,3,0.0,,,50.0,,50.0,,50.0,,50.0,,25.0
qwen3,Indulgence,693,1,1,25.0,,,25.0,,50.0,,50.0,,25.0,,50.0
qwen3,Indulgence,693,1,2,25.0,,,25.0,,50.0,,50.0,,25.0,,50.0
qwen3,Indulgence,693,1,3,25.0,,,25.0,,50.0,,50.0,,25.0,,50.0
qwen3,Indulgence,694,1,1,0.0,,,50.0,,50.0,,25.0,,50.0,,50.0
qwen3,Indulgence,694,1,2,0.0,,,50.0,,50.0,,25.0,,50.0,,50.0
qwen3,Indulgence,694,1,3,0.0,,,50.0,,50.0,,25.0,,50.0,,50.0
qwen3,Indulgence,695,1,1,50.0,,,75.0,,50.0,,50.0,,50.0,,50.0
qwen3,Indulgence,695,1,2,50.0,,,75.0,,50.0,,50.0,,50.0,,50.0
qwen3,Indulgence,695,1,3,50.0,,,75.0,,50.0,,50.0,,50.0,,50.0
qwen3,Indulgence,696,1,1,0.0,,,50.0,,50.0,,25.0,,25.0,,25.0
qwen3,Indulgence,696,1,2,0.0,,,50.0,,50.0,,25.0,,25.0,,25.0
qwen3,Indulgence,696,1,3,0.0,,,50.0,,50.0,,25.0,,25.0,,25.0
qwen3,Indulgence,697,1,1,25.0,,,50.0,,50.0,,50.0,,75.0,,50.0
qwen3,Indulgence,697,1,2,25.0,,,50.0,,50.0,,50.0,,75.0,,50.0
qwen3,Indulgence,697,1,3,25.0,,,50.0,,50.0,,50.0,,75.0,,50.0
qwen3,Indulgence,703,1,1,25.0,,,50.0,,50.0,,50.0,,50.0,,50.0
qwen3,Indulgence,703,1,2,25.0,,,50.0,,50.0,,50.0,,50.0,,50.0
qwen3,Indulgence,703,1,3,25.0,,,50.0,,50.0,,50.0,,50.0,,50.0
qwen3,Indulgence,705,1,1,100.0,,,25.0,,100.0,,100.0,,100.0,,100.0
qwen3,Indulgence,705,1,2,100.0,,,25.0,,100.0,,100.0,,100.0,,100.0
qwen3,Indulgence,705,1,3,100.0,,,25.0,,100.0,,100.0,,100.0,,100.0
qwen3,Indulgence,706,1,1,25.0,,,25.0,,25.0,,50.0,,25.0,,25.0
qwen3,Indulgence,706,1,2,25.0,,,25.0,,25.0,,50.0,,25.0,,25.0
qwen3,Indulgence,706,1,3,25.0,,,25.0,,25.0,,50.0,,25.0,,25.0
qwen3,Long_Term_Orientation,1000,1,1,0.0,,,100.0,,25.0,,0.0,,0.0,,25.0
qwen3,Long_Term_Orientation,1000,1,2,0.0,,,100.0,,25.0,,0.0,,0.0,,25.0
qwen3,Long_Term_Orientation,1000,1,3,0.0,,,100.0,,25.0,,0.0,,0.0,,25.0
qwen3,Long_Term_Orientation,1001,1,1,0.0,,,0.0,,0.0,,50.0,,50.0,,0.0
qwen3,Long_Term_Orientation,1001,1,2,0.0,,,0.0,,0.0,,50.0,,50.0,,0.0
qwen3,Long_Term_Orientation,1001,1,3,0.0,,,0.0,,0.0,,50.0,,50.0,,0.0
qwen3,Long_Term_Orientation,1002,1,1,0.0,,,75.0,,25.0,,25.0,,25.0,,25.0
qwen3,Long_Term_Orientation,1002,1,2,0.0,,,75.0,,25.0,,25.0,,25.0,,25.0
qwen3,Long_Term_Orientation,1002,1,3,0.0,,,75.0,,25.0,,25.0,,25.0,,25.0
qwen3,Long_Term_Orientation,1003,1,1,25.0,,,25.0,,25.0,,25.0,,25.0,,25.0
qwen3,Long_Term_Orientation,1003,1,2,25.0,,,25.0,,25.0,,25.0,,25.0,,25.0
qwen3,Long_Term_Orientation,1003,1,3,25.0,,,25.0,,25.0,,25.0,,25.0,,25.0
qwen3,Long_Term_Orientation,1004,1,1,25.0,,,0.0,,25.0,,0.0,,25.0,,25.0
qwen3,Long_Term_Orientation,1004,1,2,25.0,,,0.0,,25.0,,0.0,,25.0,,25.0
qwen3,Long_Term_Orientation,1004,1,3,25.0,,,0.0,,25.0,,0.0,,25.0,,25.0
qwen3,Long_Term_Orientation,1005,1,1,0.0,,,25.0,,25.0,,25.0,,0.0,,25.0
qwen3,Long_Term_Orientation,1005,1,2,0.0,,,25.0,,25.0,,25.0,,0.0,,25.0
qwen3,Long_Term_Orientation,1005,1,3,0.0,,,25.0,,25.0,,25.0,,0.0,,25.0
qwen3,Long_Term_Orientation,1006,1,1,25.0,,,25.0,,25.0,,25.0,,25.0,,50.0
qwen3,Long_Term_Orientation,1006,1,2,25.0,,,25.0,,25.0,,25.0,,25.0,,50.0
qwen3,Long_Term_Orientation,1006,1,3,25.0,,,25.0,,25.0,,25.0,,25.0,,50.0
qwen3,Long_Term_Orientation,1007,1,1,50.0,,,75.0,,0.0,,0.0,,25.0,,50.0
qwen3,Long_Term_Orientation,1007,1,2,50.0,,,75.0,,0.0,,0.0,,25.0,,50.0
qwen3,Long_Term_Orientation,1007,1,3,50.0,,,75.0,,0.0,,0.0,,25.0,,50.0
qwen3,Long_Term_Orientation,1008,1,1,,,,75.0,,25.0,,100.0,,100.0,,75.0
qwen3,Long_Term_Orientation,1008,1,2,,,,75.0,,25.0,,100.0,,100.0,,75.0
qwen3,Long_Term_Orientation,1008,1,3,,,,75.0,,25.0,,100.0,,100.0,,75.0
qwen3,Long_Term_Orientation,1009,1,1,50.0,,,50.0,,50.0,,50.0,,50.0,,50.0
qwen3,Long_Term_Orientation,1009,1,2,50.0,,,50.0,,50.0,,50.0,,50.0,,50.0
qwen3,Long_Term_Orientation,1009,1,3,50.0,,,50.0,,50.0,,50.0,,50.0,,50.0
qwen3,Long_Term_Orientation,1010,1,1,25.0,,,25.0,,25.0,,25.0,,25.0,,25.0
qwen3,Long_Term_Orientation,1010,1,2,25.0,,,25.0,,25.0,,25.0,,25.0,,25.0
qwen3,Long_Term_Orientation,1010,1,3,25.0,,,25.0,,25.0,,25.0,,25.0,,25.0
qwen3,Long_Term_Orientation,1011,1,1,0.0,,,50.0,,50.0,,50.0,,0.0,,50.0
qwen3,Long_Term_Orientation,1011,1,2,0.0,,,50.0,,50.0,,50.0,,0.0,,50.0
qwen3,Long_Term_Orientation,1011,1,3,0.0,,,50.0,,50.0,,50.0,,0.0,,50.0
qwen3,Long_Term_Orientation,1013,1,1,75.0,,,100.0,,25.0,,25.0,,0.0,,25.0
qwen3,Long_Term_Orientation,1013,1,2,75.0,,,100.0,,25.0,,25.0,,0.0,,25.0
qwen3,Long_Term_Orientation,1013,1,3,75.0,,,100.0,,25.0,,25.0,,0.0,,25.0
qwen3,Long_Term_Orientation,1015,1,1,0.0,,,0.0,,50.0,,0.0,,50.0,,50.0
qwen3,Long_Term_Orientation,1015,1,2,0.0,,,0.0,,50.0,,0.0,,50.0,,50.0
qwen3,Long_Term_Orientation,1015,1,3,0.0,,,0.0,,50.0,,0.0,,50.0,,50.0
qwen3,Long_Term_Orientation,1016,1,1,25.0,,,25.0,,25.0,,0.0,,0.0,,25.0
qwen3,Long_Term_Orientation,1016,1,2,25.0,,,25.0,,25.0,,0.0,,0.0,,25.0
qwen3,Long_Term_Orientation,1016,1,3,25.0,,,25.0,,25.0,,0.0,,0.0,,25.0
qwen3,Long_Term_Orientation,1017,1,1,50.0,,,50.0,,50.0,,50.0,,50.0,,50.0
qwen3,Long_Term_Orientation,1017,1,2,50.0,,,50.0,,50.0,,50.0,,50.0,,50.0
qwen3,Long_Term_Orientation,1017,1,3,50.0,,,50.0,,50.0,,50.0,,50.0,,50.0
qwen3,Long_Term_Orientation,1019,1,1,25.0,,,0.0,,0.0,,0.0,,0.0,,25.0
qwen3,Long_Term_Orientation,1019,1,2,25.0,,,0.0,,0.0,,0.0,,0.0,,25.0
qwen3,Long_Term_Orientation,1019,1,3,25.0,,,0.0,,0.0,,0.0,,0.0,,25.0
qwen3,Long_Term_Orientation,1020,1,1,50.0,,,50.0,,50.0,,50.0,,25.0,,25.0
qwen3,Long_Term_Orientation,1020,1,2,50.0,,,50.0,,50.0,,50.0,,25.0,,25.0
qwen3,Long_Term_Orientation,1020,1,3,50.0,,,50.0,,50.0,,50.0,,25.0,,25.0
qwen3,Long_Term_Orientation,1021,1,1,0.0,,,50.0,,25.0,,0.0,,25.0,,25.0
qwen3,Long_Term_Orientation,1021,1,2,0.0,,,50.0,,25.0,,0.0,,25.0,,25.0
qwen3,Long_Term_Orientation,1021,1,3,0.0,,,50.0,,25.0,,0.0,,25.0,,25.0
qwen3,Long_Term_Orientation,1024,1,1,0.0,,,0.0,,50.0,,0.0,,50.0,,50.0
qwen3,Long_Term_Orientation,1024,1,2,0.0,,,0.0,,50.0,,0.0,,50.0,,50.0
qwen3,Long_Term_Orientation,1024,1,3,0.0,,,0.0,,50.0,,0.0,,50.0,,50.0
qwen3,Long_Term_Orientation,1025,1,1,0.0,,,0.0,,0.0,,25.0,,0.0,,25.0
qwen3,Long_Term_Orientation,1025,1,2,0.0,,,0.0,,0.0,,25.0,,0.0,,25.0
qwen3,Long_Term_Orientation,1025,1,3,0.0,,,0.0,,0.0,,25.0,,0.0,,25.0
qwen3,Long_Term_Orientation,1026,1,1,25.0,,,25.0,,25.0,,25.0,,25.0,,25.0
qwen3,Long_Term_Orientation,1026,1,2,25.0,,,25.0,,25.0,,25.0,,25.0,,25.0
qwen3,Long_Term_Orientation,1026,1,3,25.0,,,25.0,,25.0,,25.0,,25.0,,25.0
qwen3,Long_Term_Orientation,1027,1,1,25.0,,,50.0,,50.0,,25.0,,50.0,,50.0
qwen3,Long_Term_Orientation,1027,1,2,25.0,,,50.0,,50.0,,25.0,,50.0,,50.0
qwen3,Long_Term_Orientation,1027,1,3,25.0,,,50.0,,50.0,,25.0,,50.0,,50.0
qwen3,Long_Term_Orientation,1031,1,1,100.0,,,50.0,,50.0,,50.0,,50.0,,50.0
qwen3,Long_Term_Orientation,1031,1,2,100.0,,,50.0,,50.0,,50.0,,50.0,,50.0
qwen3,Long_Term_Orientation,1031,1,3,100.0,,,50.0,,50.0,,50.0,,50.0,,50.0
qwen3,Long_Term_Orientation,1032,1,1,25.0,,,25.0,,0.0,,0.0,,0.0,,25.0
qwen3,Long_Term_Orientation,1032,1,2,25.0,,,25.0,,0.0,,0.0,,0.0,,25.0
qwen3,Long_Term_Orientation,1032,1,3,25.0,,,25.0,,0.0,,0.0,,0.0,,25.0
qwen3,Long_Term_Orientation,1033,1,1,0.0,,,100.0,,25.0,,50.0,,50.0,,50.0
qwen3,Long_Term_Orientation,1033,1,2,0.0,,,100.0,,25.0,,50.0,,50.0,,50.0
qwen3,Long_Term_Orientation,1033,1,3,0.0,,,100.0,,25.0,,50.0,,50.0,,50.0
qwen3,Long_Term_Orientation,1035,1,1,50.0,,,50.0,,50.0,,50.0,,50.0,,50.0
qwen3,Long_Term_Orientation,1035,1,2,50.0,,,50.0,,50.0,,50.0,,50.0,,50.0
qwen3,Long_Term_Orientation,1035,1,3,50.0,,,50.0,,50.0,,50.0,,50.0,,50.0
qwen3,Long_Term_Orientation,1036,1,1,0.0,,,50.0,,25.0,,50.0,,50.0,,50.0
qwen3,Long_Term_Orientation,1036,1,2,0.0,,,50.0,,25.0,,50.0,,50.0,,50.0
qwen3,Long_Term_Orientation,1036,1,3,0.0,,,50.0,,25.0,,50.0,,50.0,,50.0
qwen3,Long_Term_Orientation,1039,1,1,50.0,,,50.0,,50.0,,50.0,,50.0,,50.0
qwen3,Long_Term_Orientation,1039,1,2,50.0,,,50.0,,50.0,,50.0,,50.0,,50.0
qwen3,Long_Term_Orientation,1039,1,3,50.0,,,50.0,,50.0,,50.0,,50.0,,50.0
qwen3,Long_Term_Orientation,1040,1,1,0.0,,,50.0,,50.0,,50.0,,50.0,,25.0
qwen3,Long_Term_Orientation,1040,1,2,0.0,,,50.0,,50.0,,50.0,,50.0,,25.0
qwen3,Long_Term_Orientation,1040,1,3,0.0,,,50.0,,50.0,,50.0,,50.0,,25.0
qwen3,Long_Term_Orientation,1041,1,1,50.0,,,50.0,,50.0,,50.0,,100.0,,50.0
qwen3,Long_Term_Orientation,1041,1,2,50.0,,,50.0,,50.0,,50.0,,100.0,,50.0
qwen3,Long_Term_Orientation,1041,1,3,50.0,,,50.0,,50.0,,50.0,,100.0,,50.0
qwen3,Long_Term_Orientation,1042,1,1,25.0,,,25.0,,50.0,,25.0,,50.0,,25.0
qwen3,Long_Term_Orientation,1042,1,2,25.0,,,25.0,,50.0,,25.0,,50.0,,25.0
qwen3,Long_Term_Orientation,1042,1,3,25.0,,,25.0,,50.0,,25.0,,50.0,,25.0
qwen3,Long_Term_Orientation,1043,1,1,25.0,,,25.0,,25.0,,25.0,,25.0,,25.0
qwen3,Long_Term_Orientation,1043,1,2,25.0,,,25.0,,25.0,,25.0,,25.0,,25.0
qwen3,Long_Term_Orientation,1043,1,3,25.0,,,25.0,,25.0,,25.0,,25.0,,25.0
qwen3,Long_Term_Orientation,1048,1,1,50.0,,,25.0,,25.0,,25.0,,25.0,,25.0
qwen3,Long_Term_Orientation,1048,1,2,50.0,,,25.0,,25.0,,25.0,,25.0,,25.0
qwen3,Long_Term_Orientation,1048,1,3,50.0,,,25.0,,25.0,,25.0,,25.0,,25.0
qwen3,Long_Term_Orientation,1049,1,1,25.0,,,25.0,,25.0,,25.0,,25.0,,50.0
qwen3,Long_Term_Orientation,1049,1,2,25.0,,,25.0,,25.0,,25.0,,25.0,,50.0
qwen3,Long_Term_Orientation,1049,1,3,25.0,,,25.0,,25.0,,25.0,,25.0,,50.0
qwen3,Long_Term_Orientation,1050,1,1,25.0,,,50.0,,50.0,,50.0,,50.0,,50.0
qwen3,Long_Term_Orientation,1050,1,2,25.0,,,50.0,,50.0,,50.0,,50.0,,50.0
qwen3,Long_Term_Orientation,1050,1,3,25.0,,,50.0,,50.0,,50.0,,50.0,,50.0
qwen3,Long_Term_Orientation,1052,1,1,50.0,,,100.0,,0.0,,0.0,,50.0,,50.0
qwen3,Long_Term_Orientation,1052,1,2,50.0,,,100.0,,0.0,,0.0,,50.0,,50.0
qwen3,Long_Term_Orientation,1052,1,3,50.0,,,100.0,,0.0,,0.0,,50.0,,50.0
qwen3,Long_Term_Orientation,1053,1,1,0.0,,,100.0,,50.0,,0.0,,0.0,,50.0
qwen3,Long_Term_Orientation,1053,1,2,0.0,,,100.0,,50.0,,0.0,,0.0,,50.0
qwen3,Long_Term_Orientation,1053,1,3,0.0,,,100.0,,50.0,,0.0,,0.0,,50.0
qwen3,Long_Term_Orientation,1054,1,1,0.0,,,100.0,,0.0,,0.0,,25.0,,25.0
qwen3,Long_Term_Orientation,1054,1,2,0.0,,,100.0,,0.0,,0.0,,25.0,,25.0
qwen3,Long_Term_Orientation,1054,1,3,0.0,,,100.0,,0.0,,0.0,,25.0,,25.0
qwen3,Long_Term_Orientation,1055,1,1,50.0,,,50.0,,50.0,,0.0,,0.0,,0.0
qwen3,Long_Term_Orientation,1055,1,2,50.0,,,50.0,,50.0,,0.0,,0.0,,0.0
qwen3,Long_Term_Orientation,1055,1,3,50.0,,,50.0,,50.0,,0.0,,0.0,,0.0
qwen3,Long_Term_Orientation,1056,1,1,25.0,,,25.0,,25.0,,25.0,,50.0,,25.0
qwen3,Long_Term_Orientation,1056,1,2,25.0,,,25.0,,25.0,,25.0,,50.0,,25.0
qwen3,Long_Term_Orientation,1056,1,3,25.0,,,25.0,,25.0,,25.0,,50.0,,25.0
qwen3,Long_Term_Orientation,1057,1,1,0.0,,,0.0,,25.0,,0.0,,0.0,,0.0
qwen3,Long_Term_Orientation,1057,1,2,0.0,,,0.0,,25.0,,0.0,,0.0,,0.0
qwen3,Long_Term_Orientation,1057,1,3,0.0,,,0.0,,25.0,,0.0,,0.0,,0.0
qwen3,Long_Term_Orientation,1059,1,1,0.0,,,25.0,,25.0,,25.0,,25.0,,50.0
qwen3,Long_Term_Orientation,1059,1,2,0.0,,,25.0,,25.0,,25.0,,25.0,,50.0
qwen3,Long_Term_Orientation,1059,1,3,0.0,,,25.0,,25.0,,25.0,,25.0,,50.0
qwen3,Long_Term_Orientation,1060,1,1,0.0,,,50.0,,25.0,,50.0,,50.0,,50.0
qwen3,Long_Term_Orientation,1060,1,2,0.0,,,50.0,,25.0,,50.0,,50.0,,50.0
qwen3,Long_Term_Orientation,1060,1,3,0.0,,,50.0,,25.0,,50.0,,50.0,,50.0
qwen3,Long_Term_Orientation,1061,1,1,0.0,,,0.0,,50.0,,50.0,,0.0,,0.0
qwen3,Long_Term_Orientation,1061,1,2,0.0,,,0.0,,50.0,,50.0,,0.0,,0.0
qwen3,Long_Term_Orientation,1061,1,3,0.0,,,0.0,,50.0,,50.0,,0.0,,0.0
qwen3,Long_Term_Orientation,1062,1,1,0.0,,,25.0,,25.0,,25.0,,25.0,,25.0
qwen3,Long_Term_Orientation,1062,1,2,0.0,,,25.0,,25.0,,25.0,,25.0,,25.0
qwen3,Long_Term_Orientation,1062,1,3,0.0,,,25.0,,25.0,,25.0,,25.0,,25.0
qwen3,Long_Term_Orientation,1064,1,1,50.0,,,50.0,,50.0,,50.0,,50.0,,50.0
qwen3,Long_Term_Orientation,1064,1,2,50.0,,,50.0,,50.0,,50.0,,50.0,,50.0
qwen3,Long_Term_Orientation,1064,1,3,50.0,,,50.0,,50.0,,50.0,,50.0,,50.0
qwen3,Long_Term_Orientation,1065,1,1,0.0,,,50.0,,25.0,,50.0,,0.0,,75.0
qwen3,Long_Term_Orientation,1065,1,2,0.0,,,50.0,,25.0,,50.0,,0.0,,75.0
qwen3,Long_Term_Orientation,1065,1,3,0.0,,,50.0,,25.0,,50.0,,0.0,,75.0
qwen3,Long_Term_Orientation,1066,1,1,50.0,,,50.0,,50.0,,50.0,,50.0,,50.0
qwen3,Long_Term_Orientation,1066,1,2,50.0,,,50.0,,50.0,,50.0,,50.0,,50.0
qwen3,Long_Term_Orientation,1066,1,3,50.0,,,50.0,,50.0,,50.0,,50.0,,50.0
qwen3,Long_Term_Orientation,1070,1,1,0.0,,,25.0,,25.0,,50.0,,25.0,,50.0
qwen3,Long_Term_Orientation,1070,1,2,0.0,,,25.0,,25.0,,50.0,,25.0,,50.0
qwen3,Long_Term_Orientation,1070,1,3,0.0,,,25.0,,25.0,,50.0,,25.0,,50.0
qwen3,Long_Term_Orientation,1071,1,1,0.0,,,25.0,,0.0,,0.0,,0.0,,0.0
qwen3,Long_Term_Orientation,1071,1,2,0.0,,,25.0,,0.0,,0.0,,0.0,,0.0
qwen3,Long_Term_Orientation,1071,1,3,0.0,,,25.0,,0.0,,0.0,,0.0,,0.0
qwen3,Long_Term_Orientation,1075,1,1,0.0,,,0.0,,0.0,,25.0,,75.0,,50.0
qwen3,Long_Term_Orientation,1075,1,2,0.0,,,0.0,,0.0,,25.0,,75.0,,50.0
qwen3,Long_Term_Orientation,1075,1,3,0.0,,,0.0,,0.0,,25.0,,75.0,,50.0
qwen3,Long_Term_Orientation,1076,1,1,50.0,,,50.0,,25.0,,50.0,,0.0,,25.0
qwen3,Long_Term_Orientation,1076,1,2,50.0,,,50.0,,25.0,,50.0,,0.0,,25.0
qwen3,Long_Term_Orientation,1076,1,3,50.0,,,50.0,,25.0,,50.0,,0.0,,25.0
qwen3,Long_Term_Orientation,1077,1,1,0.0,,,75.0,,0.0,,0.0,,0.0,,25.0
qwen3,Long_Term_Orientation,1077,1,2,0.0,,,75.0,,0.0,,0.0,,0.0,,25.0
qwen3,Long_Term_Orientation,1077,1,3,0.0,,,75.0,,0.0,,0.0,,0.0,,25.0
qwen3,Long_Term_Orientation,1078,1,1,50.0,,,50.0,,50.0,,50.0,,50.0,,50.0
qwen3,Long_Term_Orientation,1078,1,2,50.0,,,50.0,,50.0,,50.0,,50.0,,50.0
qwen3,Long_Term_Orientation,1078,1,3,50.0,,,50.0,,50.0,,50.0,,50.0,,50.0
qwen3,Long_Term_Orientation,1079,1,1,0.0,,,50.0,,50.0,,0.0,,0.0,,50.0
qwen3,Long_Term_Orientation,1079,1,2,0.0,,,50.0,,50.0,,0.0,,0.0,,50.0
qwen3,Long_Term_Orientation,1079,1,3,0.0,,,50.0,,50.0,,0.0,,0.0,,50.0
qwen3,Long_Term_Orientation,1080,1,1,0.0,,,50.0,,25.0,,25.0,,25.0,,50.0
qwen3,Long_Term_Orientation,1080,1,2,0.0,,,50.0,,25.0,,25.0,,25.0,,50.0
qwen3,Long_Term_Orientation,1080,1,3,0.0,,,50.0,,25.0,,25.0,,25.0,,50.0
qwen3,Long_Term_Orientation,1082,1,1,50.0,,,50.0,,50.0,,50.0,,50.0,,50.0
qwen3,Long_Term_Orientation,1082,1,2,50.0,,,50.0,,50.0,,50.0,,50.0,,50.0
qwen3,Long_Term_Orientation,1082,1,3,50.0,,,50.0,,50.0,,50.0,,50.0,,50.0
qwen3,Long_Term_Orientation,1083,1,1,25.0,,,0.0,,25.0,,100.0,,100.0,,75.0
qwen3,Long_Term_Orientation,1083,1,2,25.0,,,0.0,,25.0,,100.0,,100.0,,75.0
qwen3,Long_Term_Orientation,1083,1,3,25.0,,,0.0,,25.0,,100.0,,100.0,,75.0
qwen3,Long_Term_Orientation,1084,1,1,0.0,,,25.0,,0.0,,0.0,,0.0,,25.0
qwen3,Long_Term_Orientation,1084,1,2,0.0,,,25.0,,0.0,,0.0,,0.0,,25.0
qwen3,Long_Term_Orientation,1084,1,3,0.0,,,25.0,,0.0,,0.0,,0.0,,25.0
qwen3,Long_Term_Orientation,1085,1,1,50.0,,,25.0,,50.0,,50.0,,0.0,,50.0
qwen3,Long_Term_Orientation,1085,1,2,50.0,,,25.0,,50.0,,50.0,,0.0,,50.0
qwen3,Long_Term_Orientation,1085,1,3,50.0,,,25.0,,50.0,,50.0,,0.0,,50.0
qwen3,Long_Term_Orientation,1086,1,1,50.0,,,50.0,,50.0,,50.0,,50.0,,50.0
qwen3,Long_Term_Orientation,1086,1,2,50.0,,,50.0,,50.0,,50.0,,50.0,,50.0
qwen3,Long_Term_Orientation,1086,1,3,50.0,,,50.0,,50.0,,50.0,,50.0,,50.0
qwen3,Long_Term_Orientation,1087,1,1,25.0,,,100.0,,50.0,,25.0,,25.0,,25.0
qwen3,Long_Term_Orientation,1087,1,2,25.0,,,100.0,,50.0,,25.0,,25.0,,25.0
qwen3,Long_Term_Orientation,1087,1,3,25.0,,,100.0,,50.0,,25.0,,25.0,,25.0
qwen3,Long_Term_Orientation,1088,1,1,50.0,,,50.0,,50.0,,25.0,,25.0,,25.0
qwen3,Long_Term_Orientation,1088,1,2,50.0,,,50.0,,50.0,,25.0,,25.0,,25.0
qwen3,Long_Term_Orientation,1088,1,3,50.0,,,50.0,,50.0,,25.0,,25.0,,25.0
qwen3,Long_Term_Orientation,1089,1,1,75.0,,,50.0,,50.0,,50.0,,50.0,,50.0
qwen3,Long_Term_Orientation,1089,1,2,75.0,,,50.0,,50.0,,50.0,,50.0,,50.0
qwen3,Long_Term_Orientation,1089,1,3,75.0,,,50.0,,50.0,,50.0,,50.0,,50.0
qwen3,Long_Term_Orientation,1091,1,1,0.0,,,0.0,,0.0,,25.0,,0.0,,25.0
qwen3,Long_Term_Orientation,1091,1,2,0.0,,,0.0,,0.0,,25.0,,0.0,,25.0
qwen3,Long_Term_Orientation,1091,1,3,0.0,,,0.0,,0.0,,25.0,,0.0,,25.0
qwen3,Long_Term_Orientation,1092,1,1,25.0,,,50.0,,50.0,,50.0,,50.0,,50.0
qwen3,Long_Term_Orientation,1092,1,2,25.0,,,50.0,,50.0,,50.0,,50.0,,50.0
qwen3,Long_Term_Orientation,1092,1,3,25.0,,,50.0,,50.0,,50.0,,50.0,,50.0
qwen3,Long_Term_Orientation,1094,1,1,0.0,,,25.0,,25.0,,25.0,,25.0,,25.0
qwen3,Long_Term_Orientation,1094,1,2,0.0,,,25.0,,25.0,,25.0,,25.0,,25.0
qwen3,Long_Term_Orientation,1094,1,3,0.0,,,25.0,,25.0,,25.0,,25.0,,25.0
qwen3,Long_Term_Orientation,1096,1,1,50.0,,,50.0,,50.0,,50.0,,50.0,,50.0
qwen3,Long_Term_Orientation,1096,1,2,50.0,,,50.0,,50.0,,50.0,,50.0,,50.0
qwen3,Long_Term_Orientation,1096,1,3,50.0,,,50.0,,50.0,,50.0,,50.0,,50.0
qwen3,Long_Term_Orientation,1098,1,1,0.0,,,50.0,,50.0,,0.0,,50.0,,50.0
qwen3,Long_Term_Orientation,1098,1,2,0.0,,,50.0,,50.0,,0.0,,50.0,,50.0
qwen3,Long_Term_Orientation,1098,1,3,0.0,,,50.0,,50.0,,0.0,,50.0,,50.0
qwen3,Long_Term_Orientation,1099,1,1,25.0,,,25.0,,25.0,,25.0,,50.0,,25.0
qwen3,Long_Term_Orientation,1099,1,2,25.0,,,25.0,,25.0,,25.0,,50.0,,25.0
qwen3,Long_Term_Orientation,1099,1,3,25.0,,,25.0,,25.0,,25.0,,50.0,,25.0
qwen3,Long_Term_Orientation,1100,1,1,50.0,,,50.0,,25.0,,25.0,,25.0,,25.0
qwen3,Long_Term_Orientation,1100,1,2,50.0,,,50.0,,25.0,,25.0,,25.0,,25.0
qwen3,Long_Term_Orientation,1100,1,3,50.0,,,50.0,,25.0,,25.0,,25.0,,25.0
qwen3,Long_Term_Orientation,1101,1,1,25.0,,,25.0,,,,,,50.0,,50.0
qwen3,Long_Term_Orientation,1101,1,2,25.0,,,25.0,,,,,,50.0,,50.0
qwen3,Long_Term_Orientation,1101,1,3,25.0,,,25.0,,,,,,50.0,,50.0
qwen3,Long_Term_Orientation,1102,1,1,25.0,,,0.0,,0.0,,0.0,,0.0,,0.0
qwen3,Long_Term_Orientation,1102,1,2,25.0,,,0.0,,0.0,,0.0,,0.0,,0.0
qwen3,Long_Term_Orientation,1102,1,3,25.0,,,0.0,,0.0,,0.0,,0.0,,0.0
qwen3,Long_Term_Orientation,1103,1,1,25.0,,,75.0,,25.0,,25.0,,0.0,,0.0
qwen3,Long_Term_Orientation,1103,1,2,25.0,,,75.0,,25.0,,25.0,,0.0,,0.0
qwen3,Long_Term_Orientation,1103,1,3,25.0,,,75.0,,25.0,,25.0,,0.0,,0.0
qwen3,Long_Term_Orientation,1106,1,1,50.0,,,50.0,,25.0,,25.0,,25.0,,50.0
qwen3,Long_Term_Orientation,1106,1,2,50.0,,,50.0,,25.0,,25.0,,25.0,,50.0
qwen3,Long_Term_Orientation,1106,1,3,50.0,,,50.0,,25.0,,25.0,,25.0,,50.0
qwen3,Long_Term_Orientation,1107,1,1,0.0,,,50.0,,50.0,,50.0,,50.0,,50.0
qwen3,Long_Term_Orientation,1107,1,2,0.0,,,50.0,,50.0,,50.0,,50.0,,50.0
qwen3,Long_Term_Orientation,1107,1,3,0.0,,,50.0,,50.0,,50.0,,50.0,,50.0
qwen3,Long_Term_Orientation,1109,1,1,0.0,,,50.0,,50.0,,50.0,,50.0,,50.0
qwen3,Long_Term_Orientation,1109,1,2,0.0,,,50.0,,50.0,,50.0,,50.0,,50.0
qwen3,Long_Term_Orientation,1109,1,3,0.0,,,50.0,,50.0,,50.0,,50.0,,50.0
qwen3,Long_Term_Orientation,1110,1,1,50.0,,,50.0,,50.0,,50.0,,25.0,,50.0
qwen3,Long_Term_Orientation,1110,1,2,50.0,,,50.0,,50.0,,50.0,,25.0,,50.0
qwen3,Long_Term_Orientation,1110,1,3,50.0,,,50.0,,50.0,,50.0,,25.0,,50.0
qwen3,Long_Term_Orientation,1112,1,1,0.0,,,0.0,,25.0,,25.0,,50.0,,25.0
qwen3,Long_Term_Orientation,1112,1,2,0.0,,,0.0,,25.0,,25.0,,50.0,,25.0
qwen3,Long_Term_Orientation,1112,1,3,0.0,,,0.0,,25.0,,25.0,,50.0,,25.0
qwen3,Long_Term_Orientation,1113,1,1,0.0,,,50.0,,50.0,,50.0,,50.0,,50.0
qwen3,Long_Term_Orientation,1113,1,2,0.0,,,50.0,,50.0,,50.0,,50.0,,50.0
qwen3,Long_Term_Orientation,1113,1,3,0.0,,,50.0,,50.0,,50.0,,50.0,,50.0
qwen3,Long_Term_Orientation,1115,1,1,0.0,,,50.0,,50.0,,50.0,,50.0,,50.0
qwen3,Long_Term_Orientation,1115,1,2,0.0,,,50.0,,50.0,,50.0,,50.0,,50.0
qwen3,Long_Term_Orientation,1115,1,3,0.0,,,50.0,,50.0,,50.0,,50.0,,50.0
qwen3,Long_Term_Orientation,1117,1,1,25.0,,,25.0,,50.0,,50.0,,0.0,,25.0
qwen3,Long_Term_Orientation,1117,1,2,25.0,,,25.0,,50.0,,50.0,,0.0,,25.0
qwen3,Long_Term_Orientation,1117,1,3,25.0,,,25.0,,50.0,,50.0,,0.0,,25.0
qwen3,Long_Term_Orientation,1119,1,1,25.0,,,50.0,,50.0,,50.0,,50.0,,50.0
qwen3,Long_Term_Orientation,1119,1,2,25.0,,,50.0,,50.0,,50.0,,50.0,,50.0
qwen3,Long_Term_Orientation,1119,1,3,25.0,,,50.0,,50.0,,50.0,,50.0,,50.0
qwen3,Long_Term_Orientation,1120,1,1,0.0,,,25.0,,25.0,,0.0,,25.0,,25.0
qwen3,Long_Term_Orientation,1120,1,2,0.0,,,25.0,,25.0,,0.0,,25.0,,25.0
qwen3,Long_Term_Orientation,1120,1,3,0.0,,,25.0,,25.0,,0.0,,25.0,,25.0
qwen3,Long_Term_Orientation,1121,1,1,0.0,,,0.0,,0.0,,0.0,,0.0,,0.0
qwen3,Long_Term_Orientation,1121,1,2,0.0,,,0.0,,0.0,,0.0,,0.0,,0.0
qwen3,Long_Term_Orientation,1121,1,3,0.0,,,0.0,,0.0,,0.0,,0.0,,0.0
qwen3,Long_Term_Orientation,1125,1,1,50.0,,,75.0,,50.0,,50.0,,50.0,,75.0
qwen3,Long_Term_Orientation,1125,1,2,50.0,,,75.0,,50.0,,50.0,,50.0,,75.0
qwen3,Long_Term_Orientation,1125,1,3,50.0,,,75.0,,50.0,,50.0,,50.0,,75.0
qwen3,Long_Term_Orientation,1126,1,1,0.0,,,50.0,,0.0,,0.0,,25.0,,25.0
qwen3,Long_Term_Orientation,1126,1,2,0.0,,,50.0,,0.0,,0.0,,25.0,,25.0
qwen3,Long_Term_Orientation,1126,1,3,0.0,,,50.0,,0.0,,0.0,,25.0,,25.0
qwen3,Long_Term_Orientation,1128,1,1,50.0,,,50.0,,50.0,,50.0,,50.0,,75.0
qwen3,Long_Term_Orientation,1128,1,2,50.0,,,50.0,,50.0,,50.0,,50.0,,75.0
qwen3,Long_Term_Orientation,1128,1,3,50.0,,,50.0,,50.0,,50.0,,50.0,,75.0
qwen3,Long_Term_Orientation,1129,1,1,25.0,,,100.0,,25.0,,50.0,,25.0,,25.0
qwen3,Long_Term_Orientation,1129,1,2,25.0,,,100.0,,25.0,,50.0,,25.0,,25.0
qwen3,Long_Term_Orientation,1129,1,3,25.0,,,100.0,,25.0,,50.0,,25.0,,25.0
qwen3,Long_Term_Orientation,1136,1,1,50.0,,,100.0,,50.0,,50.0,,50.0,,50.0
qwen3,Long_Term_Orientation,1136,1,2,50.0,,,100.0,,50.0,,50.0,,50.0,,50.0
qwen3,Long_Term_Orientation,1136,1,3,50.0,,,100.0,,50.0,,50.0,,50.0,,50.0
qwen3,Long_Term_Orientation,1137,1,1,50.0,,,50.0,,50.0,,50.0,,50.0,,50.0
qwen3,Long_Term_Orientation,1137,1,2,50.0,,,50.0,,50.0,,50.0,,50.0,,50.0
qwen3,Long_Term_Orientation,1137,1,3,50.0,,,50.0,,50.0,,50.0,,50.0,,50.0
qwen3,Long_Term_Orientation,1139,1,1,0.0,,,0.0,,0.0,,0.0,,0.0,,0.0
qwen3,Long_Term_Orientation,1139,1,2,0.0,,,0.0,,0.0,,0.0,,0.0,,0.0
qwen3,Long_Term_Orientation,1139,1,3,0.0,,,0.0,,0.0,,0.0,,0.0,,0.0
qwen3,Long_Term_Orientation,1141,1,1,0.0,,,50.0,,0.0,,50.0,,50.0,,50.0
qwen3,Long_Term_Orientation,1141,1,2,0.0,,,50.0,,0.0,,50.0,,50.0,,50.0
qwen3,Long_Term_Orientation,1141,1,3,0.0,,,50.0,,0.0,,50.0,,50.0,,50.0
qwen3,Long_Term_Orientation,1143,1,1,50.0,,,0.0,,25.0,,0.0,,50.0,,25.0
qwen3,Long_Term_Orientation,1143,1,2,50.0,,,0.0,,25.0,,0.0,,50.0,,25.0
qwen3,Long_Term_Orientation,1143,1,3,50.0,,,0.0,,25.0,,0.0,,50.0,,25.0
qwen3,Long_Term_Orientation,1146,1,1,50.0,,,25.0,,50.0,,50.0,,25.0,,25.0
qwen3,Long_Term_Orientation,1146,1,2,50.0,,,25.0,,50.0,,50.0,,25.0,,25.0
qwen3,Long_Term_Orientation,1146,1,3,50.0,,,25.0,,50.0,,50.0,,25.0,,25.0
qwen3,Long_Term_Orientation,1148,1,1,75.0,,,25.0,,25.0,,75.0,,0.0,,75.0
qwen3,Long_Term_Orientation,1148,1,2,75.0,,,25.0,,25.0,,75.0,,0.0,,75.0
qwen3,Long_Term_Orientation,1148,1,3,75.0,,,25.0,,25.0,,75.0,,0.0,,75.0
qwen3,Long_Term_Orientation,1151,1,1,25.0,,,25.0,,25.0,,25.0,,25.0,,25.0
qwen3,Long_Term_Orientation,1151,1,2,25.0,,,25.0,,25.0,,25.0,,25.0,,25.0
qwen3,Long_Term_Orientation,1151,1,3,25.0,,,25.0,,25.0,,25.0,,25.0,,25.0
qwen3,Long_Term_Orientation,1152,1,1,0.0,,,25.0,,50.0,,50.0,,0.0,,25.0
qwen3,Long_Term_Orientation,1152,1,2,0.0,,,25.0,,50.0,,50.0,,0.0,,25.0
qwen3,Long_Term_Orientation,1152,1,3,0.0,,,25.0,,50.0,,50.0,,0.0,,25.0
qwen3,Long_Term_Orientation,1153,1,1,25.0,,,100.0,,,,50.0,,50.0,,50.0
qwen3,Long_Term_Orientation,1153,1,2,25.0,,,100.0,,,,50.0,,50.0,,50.0
qwen3,Long_Term_Orientation,1153,1,3,25.0,,,100.0,,,,50.0,,50.0,,50.0
qwen3,Long_Term_Orientation,1154,1,1,50.0,,,50.0,,50.0,,50.0,,50.0,,50.0
qwen3,Long_Term_Orientation,1154,1,2,50.0,,,50.0,,50.0,,50.0,,50.0,,50.0
qwen3,Long_Term_Orientation,1154,1,3,50.0,,,50.0,,50.0,,50.0,,50.0,,50.0
qwen3,Long_Term_Orientation,1155,1,1,100.0,,,100.0,,75.0,,75.0,,75.0,,0.0
qwen3,Long_Term_Orientation,1155,1,2,100.0,,,100.0,,75.0,,75.0,,75.0,,0.0
qwen3,Long_Term_Orientation,1155,1,3,100.0,,,100.0,,75.0,,75.0,,75.0,,0.0
qwen3,Long_Term_Orientation,1156,1,1,25.0,,,50.0,,25.0,,25.0,,25.0,,25.0
qwen3,Long_Term_Orientation,1156,1,2,25.0,,,50.0,,25.0,,25.0,,25.0,,25.0
qwen3,Long_Term_Orientation,1156,1,3,25.0,,,50.0,,25.0,,25.0,,25.0,,25.0
qwen3,Long_Term_Orientation,1158,1,1,25.0,,,25.0,,25.0,,25.0,,25.0,,25.0
qwen3,Long_Term_Orientation,1158,1,2,25.0,,,25.0,,25.0,,25.0,,25.0,,25.0
qwen3,Long_Term_Orientation,1158,1,3,25.0,,,25.0,,25.0,,25.0,,25.0,,25.0
qwen3,Long_Term_Orientation,1159,1,1,0.0,,,0.0,,25.0,,50.0,,50.0,,50.0
qwen3,Long_Term_Orientation,1159,1,2,0.0,,,0.0,,25.0,,50.0,,50.0,,50.0
qwen3,Long_Term_Orientation,1159,1,3,0.0,,,0.0,,25.0,,50.0,,50.0,,50.0
qwen3,Long_Term_Orientation,1160,1,1,0.0,,,50.0,,50.0,,50.0,,50.0,,50.0
qwen3,Long_Term_Orientation,1160,1,2,0.0,,,50.0,,50.0,,50.0,,50.0,,50.0
qwen3,Long_Term_Orientation,1160,1,3,0.0,,,50.0,,50.0,,50.0,,50.0,,50.0
qwen3,Long_Term_Orientation,1164,1,1,0.0,,,75.0,,0.0,,0.0,,0.0,,0.0
qwen3,Long_Term_Orientation,1164,1,2,0.0,,,75.0,,0.0,,0.0,,0.0,,0.0
qwen3,Long_Term_Orientation,1164,1,3,0.0,,,75.0,,0.0,,0.0,,0.0,,0.0
qwen3,Long_Term_Orientation,1166,1,1,0.0,,,75.0,,0.0,,25.0,,0.0,,25.0
qwen3,Long_Term_Orientation,1166,1,2,0.0,,,75.0,,0.0,,25.0,,0.0,,25.0
qwen3,Long_Term_Orientation,1166,1,3,0.0,,,75.0,,0.0,,25.0,,0.0,,25.0
qwen3,Long_Term_Orientation,1168,1,1,0.0,,,25.0,,25.0,,50.0,,100.0,,50.0
qwen3,Long_Term_Orientation,1168,1,2,0.0,,,25.0,,25.0,,50.0,,100.0,,50.0
qwen3,Long_Term_Orientation,1168,1,3,0.0,,,25.0,,25.0,,50.0,,100.0,,50.0
qwen3,Long_Term_Orientation,1172,1,1,0.0,,,75.0,,25.0,,0.0,,25.0,,25.0
qwen3,Long_Term_Orientation,1172,1,2,0.0,,,75.0,,25.0,,0.0,,25.0,,25.0
qwen3,Long_Term_Orientation,1172,1,3,0.0,,,75.0,,25.0,,0.0,,25.0,,25.0
qwen3,Long_Term_Orientation,1173,1,1,0.0,,,50.0,,50.0,,50.0,,50.0,,50.0
qwen3,Long_Term_Orientation,1173,1,2,0.0,,,50.0,,50.0,,50.0,,50.0,,50.0
qwen3,Long_Term_Orientation,1173,1,3,0.0,,,50.0,,50.0,,50.0,,50.0,,50.0
qwen3,Long_Term_Orientation,1179,1,1,0.0,,,100.0,,25.0,,25.0,,50.0,,25.0
qwen3,Long_Term_Orientation,1179,1,2,0.0,,,100.0,,25.0,,25.0,,50.0,,25.0
qwen3,Long_Term_Orientation,1179,1,3,0.0,,,100.0,,25.0,,25.0,,50.0,,25.0
qwen3,Long_Term_Orientation,1180,1,1,50.0,,,100.0,,50.0,,50.0,,100.0,,100.0
qwen3,Long_Term_Orientation,1180,1,2,50.0,,,100.0,,50.0,,50.0,,100.0,,100.0
qwen3,Long_Term_Orientation,1180,1,3,50.0,,,100.0,,50.0,,50.0,,100.0,,100.0
qwen3,Long_Term_Orientation,1181,1,1,50.0,,,50.0,,50.0,,50.0,,50.0,,50.0
qwen3,Long_Term_Orientation,1181,1,2,50.0,,,50.0,,50.0,,50.0,,50.0,,50.0
qwen3,Long_Term_Orientation,1181,1,3,50.0,,,50.0,,50.0,,50.0,,50.0,,50.0
qwen3,Long_Term_Orientation,1187,1,1,25.0,,,25.0,,25.0,,25.0,,25.0,,25.0
qwen3,Long_Term_Orientation,1187,1,2,25.0,,,25.0,,25.0,,25.0,,25.0,,25.0
qwen3,Long_Term_Orientation,1187,1,3,25.0,,,25.0,,25.0,,25.0,,25.0,,25.0
qwen3,Long_Term_Orientation,1189,1,1,50.0,,,50.0,,50.0,,25.0,,0.0,,25.0
qwen3,Long_Term_Orientation,1189,1,2,50.0,,,50.0,,50.0,,25.0,,0.0,,25.0
qwen3,Long_Term_Orientation,1189,1,3,50.0,,,50.0,,50.0,,25.0,,0.0,,25.0
qwen3,Long_Term_Orientation,1194,1,1,50.0,,,50.0,,50.0,,50.0,,0.0,,50.0
qwen3,Long_Term_Orientation,1194,1,2,50.0,,,50.0,,50.0,,50.0,,0.0,,50.0
qwen3,Long_Term_Orientation,1194,1,3,50.0,,,50.0,,50.0,,50.0,,0.0,,50.0
qwen3,Long_Term_Orientation,1218,1,1,75.0,,,100.0,,0.0,,100.0,,0.0,,100.0
qwen3,Long_Term_Orientation,1218,1,2,75.0,,,100.0,,0.0,,100.0,,0.0,,100.0
qwen3,Long_Term_Orientation,1218,1,3,75.0,,,100.0,,0.0,,100.0,,0.0,,100.0
qwen3,Long_Term_Orientation,1239,1,1,50.0,,,50.0,,50.0,,50.0,,50.0,,50.0
qwen3,Long_Term_Orientation,1239,1,2,50.0,,,50.0,,50.0,,50.0,,50.0,,50.0
qwen3,Long_Term_Orientation,1239,1,3,50.0,,,50.0,,50.0,,50.0,,50.0,,50.0
qwen3,Long_Term_Orientation,1240,1,1,50.0,,,50.0,,50.0,,50.0,,50.0,,75.0
qwen3,Long_Term_Orientation,1240,1,2,50.0,,,50.0,,50.0,,50.0,,50.0,,75.0
qwen3,Long_Term_Orientation,1240,1,3,50.0,,,50.0,,50.0,,50.0,,50.0,,75.0
qwen3,Long_Term_Orientation,975,1,1,50.0,,,50.0,,0.0,,0.0,,50.0,,0.0
qwen3,Long_Term_Orientation,975,1,2,50.0,,,50.0,,0.0,,0.0,,50.0,,0.0
qwen3,Long_Term_Orientation,975,1,3,50.0,,,50.0,,0.0,,0.0,,50.0,,0.0
qwen3,Long_Term_Orientation,976,1,1,0.0,,,50.0,,,,0.0,,25.0,,50.0
qwen3,Long_Term_Orientation,976,1,2,0.0,,,50.0,,,,0.0,,25.0,,50.0
qwen3,Long_Term_Orientation,976,1,3,0.0,,,50.0,,,,0.0,,25.0,,50.0
qwen3,Long_Term_Orientation,977,1,1,50.0,,,25.0,,0.0,,25.0,,75.0,,25.0
qwen3,Long_Term_Orientation,977,1,2,50.0,,,25.0,,0.0,,25.0,,75.0,,25.0
qwen3,Long_Term_Orientation,977,1,3,50.0,,,25.0,,0.0,,25.0,,75.0,,25.0
qwen3,Long_Term_Orientation,978,1,1,25.0,,,50.0,,0.0,,0.0,,0.0,,0.0
qwen3,Long_Term_Orientation,978,1,2,25.0,,,50.0,,0.0,,0.0,,0.0,,0.0
qwen3,Long_Term_Orientation,978,1,3,25.0,,,50.0,,0.0,,0.0,,0.0,,0.0
qwen3,Long_Term_Orientation,979,1,1,0.0,,,0.0,,0.0,,0.0,,25.0,,0.0
qwen3,Long_Term_Orientation,979,1,2,0.0,,,0.0,,0.0,,0.0,,25.0,,0.0
qwen3,Long_Term_Orientation,979,1,3,0.0,,,0.0,,0.0,,0.0,,25.0,,0.0
qwen3,Long_Term_Orientation,980,1,1,0.0,,,50.0,,50.0,,0.0,,50.0,,50.0
qwen3,Long_Term_Orientation,980,1,2,0.0,,,50.0,,50.0,,0.0,,50.0,,50.0
qwen3,Long_Term_Orientation,980,1,3,0.0,,,50.0,,50.0,,0.0,,50.0,,50.0
qwen3,Long_Term_Orientation,981,1,1,25.0,,,0.0,,0.0,,0.0,,0.0,,25.0
qwen3,Long_Term_Orientation,981,1,2,25.0,,,0.0,,0.0,,0.0,,0.0,,25.0
qwen3,Long_Term_Orientation,981,1,3,25.0,,,0.0,,0.0,,0.0,,0.0,,25.0
qwen3,Long_Term_Orientation,982,1,1,50.0,,,50.0,,50.0,,50.0,,50.0,,50.0
qwen3,Long_Term_Orientation,982,1,2,50.0,,,50.0,,50.0,,50.0,,50.0,,50.0
qwen3,Long_Term_Orientation,982,1,3,50.0,,,50.0,,50.0,,50.0,,50.0,,50.0
qwen3,Long_Term_Orientation,983,1,1,0.0,,,0.0,,50.0,,0.0,,0.0,,0.0
qwen3,Long_Term_Orientation,983,1,2,0.0,,,0.0,,50.0,,0.0,,0.0,,0.0
qwen3,Long_Term_Orientation,983,1,3,0.0,,,0.0,,50.0,,0.0,,0.0,,0.0
qwen3,Long_Term_Orientation,984,1,1,25.0,,,25.0,,25.0,,25.0,,25.0,,25.0
qwen3,Long_Term_Orientation,984,1,2,25.0,,,25.0,,25.0,,25.0,,25.0,,25.0
qwen3,Long_Term_Orientation,984,1,3,25.0,,,25.0,,25.0,,25.0,,25.0,,25.0
qwen3,Long_Term_Orientation,985,1,1,25.0,,,25.0,,25.0,,25.0,,25.0,,25.0
qwen3,Long_Term_Orientation,985,1,2,25.0,,,25.0,,25.0,,25.0,,25.0,,25.0
qwen3,Long_Term_Orientation,985,1,3,25.0,,,25.0,,25.0,,25.0,,25.0,,25.0
qwen3,Long_Term_Orientation,987,1,1,0.0,,,100.0,,0.0,,25.0,,25.0,,25.0
qwen3,Long_Term_Orientation,987,1,2,0.0,,,100.0,,0.0,,25.0,,25.0,,25.0
qwen3,Long_Term_Orientation,987,1,3,0.0,,,100.0,,0.0,,25.0,,25.0,,25.0
qwen3,Long_Term_Orientation,989,1,1,0.0,,,50.0,,25.0,,50.0,,0.0,,25.0
qwen3,Long_Term_Orientation,989,1,2,0.0,,,50.0,,25.0,,50.0,,0.0,,25.0
qwen3,Long_Term_Orientation,989,1,3,0.0,,,50.0,,25.0,,50.0,,0.0,,25.0
qwen3,Long_Term_Orientation,990,1,1,50.0,,,50.0,,50.0,,25.0,,25.0,,25.0
qwen3,Long_Term_Orientation,990,1,2,50.0,,,50.0,,50.0,,25.0,,25.0,,25.0
qwen3,Long_Term_Orientation,990,1,3,50.0,,,50.0,,50.0,,25.0,,25.0,,25.0
qwen3,Long_Term_Orientation,991,1,1,50.0,,,50.0,,50.0,,75.0,,50.0,,50.0
qwen3,Long_Term_Orientation,991,1,2,50.0,,,50.0,,50.0,,75.0,,50.0,,50.0
qwen3,Long_Term_Orientation,991,1,3,50.0,,,50.0,,50.0,,75.0,,50.0,,50.0
qwen3,Long_Term_Orientation,992,1,1,50.0,,,100.0,,50.0,,50.0,,50.0,,50.0
qwen3,Long_Term_Orientation,992,1,2,50.0,,,100.0,,50.0,,50.0,,50.0,,50.0
qwen3,Long_Term_Orientation,992,1,3,50.0,,,100.0,,50.0,,50.0,,50.0,,50.0
qwen3,Long_Term_Orientation,994,1,1,0.0,,,25.0,,25.0,,50.0,,,,25.0
qwen3,Long_Term_Orientation,994,1,2,0.0,,,25.0,,25.0,,50.0,,,,25.0
qwen3,Long_Term_Orientation,994,1,3,0.0,,,25.0,,25.0,,50.0,,,,25.0
qwen3,Long_Term_Orientation,995,1,1,100.0,,,100.0,,50.0,,50.0,,25.0,,25.0
qwen3,Long_Term_Orientation,995,1,2,100.0,,,100.0,,50.0,,50.0,,25.0,,25.0
qwen3,Long_Term_Orientation,995,1,3,100.0,,,100.0,,50.0,,50.0,,25.0,,25.0
qwen3,Long_Term_Orientation,996,1,1,50.0,,,50.0,,50.0,,50.0,,50.0,,50.0
qwen3,Long_Term_Orientation,996,1,2,50.0,,,50.0,,50.0,,50.0,,50.0,,50.0
qwen3,Long_Term_Orientation,996,1,3,50.0,,,50.0,,50.0,,50.0,,50.0,,50.0
qwen3,Long_Term_Orientation,997,1,1,0.0,,,25.0,,0.0,,25.0,,25.0,,25.0
qwen3,Long_Term_Orientation,997,1,2,0.0,,,25.0,,0.0,,25.0,,25.0,,25.0
qwen3,Long_Term_Orientation,997,1,3,0.0,,,25.0,,0.0,,25.0,,25.0,,25.0
qwen3,Long_Term_Orientation,998,1,1,0.0,,,0.0,,50.0,,25.0,,0.0,,50.0
qwen3,Long_Term_Orientation,998,1,2,0.0,,,0.0,,50.0,,25.0,,0.0,,50.0
qwen3,Long_Term_Orientation,998,1,3,0.0,,,0.0,,50.0,,25.0,,0.0,,50.0
qwen3,Masculinity,1459,1,1,50.0,,,75.0,,50.0,,75.0,,75.0,,50.0
qwen3,Masculinity,1459,1,2,50.0,,,75.0,,50.0,,75.0,,75.0,,50.0
qwen3,Masculinity,1459,1,3,50.0,,,75.0,,50.0,,75.0,,75.0,,50.0
qwen3,Masculinity,1461,1,1,100.0,,,100.0,,75.0,,75.0,,100.0,,75.0
qwen3,Masculinity,1461,1,2,100.0,,,100.0,,75.0,,75.0,,100.0,,75.0
qwen3,Masculinity,1461,1,3,100.0,,,100.0,,75.0,,75.0,,100.0,,75.0
qwen3,Masculinity,1463,1,1,25.0,,,50.0,,25.0,,50.0,,25.0,,50.0
qwen3,Masculinity,1463,1,2,25.0,,,50.0,,25.0,,50.0,,25.0,,50.0
qwen3,Masculinity,1463,1,3,25.0,,,50.0,,25.0,,50.0,,25.0,,50.0
qwen3,Masculinity,1464,1,1,50.0,,,100.0,,50.0,,50.0,,50.0,,50.0
qwen3,Masculinity,1464,1,2,50.0,,,100.0,,50.0,,50.0,,50.0,,50.0
qwen3,Masculinity,1464,1,3,50.0,,,100.0,,50.0,,50.0,,50.0,,50.0
qwen3,Masculinity,1465,1,1,50.0,,,50.0,,50.0,,50.0,,50.0,,50.0
qwen3,Masculinity,1465,1,2,50.0,,,50.0,,50.0,,50.0,,50.0,,50.0
qwen3,Masculinity,1465,1,3,50.0,,,50.0,,50.0,,50.0,,50.0,,50.0
qwen3,Masculinity,1466,1,1,50.0,,,100.0,,100.0,,100.0,,100.0,,50.0
qwen3,Masculinity,1466,1,2,50.0,,,100.0,,100.0,,100.0,,100.0,,50.0
qwen3,Masculinity,1466,1,3,50.0,,,100.0,,100.0,,100.0,,100.0,,50.0
qwen3,Masculinity,1467,1,1,0.0,,,25.0,,50.0,,50.0,,25.0,,25.0
qwen3,Masculinity,1467,1,2,0.0,,,25.0,,50.0,,50.0,,25.0,,25.0
qwen3,Masculinity,1467,1,3,0.0,,,25.0,,50.0,,50.0,,25.0,,25.0
qwen3,Masculinity,1468,1,1,50.0,,,50.0,,50.0,,50.0,,50.0,,75.0
qwen3,Masculinity,1468,1,2,50.0,,,50.0,,50.0,,50.0,,50.0,,75.0
qwen3,Masculinity,1468,1,3,50.0,,,50.0,,50.0,,50.0,,50.0,,75.0
qwen3,Masculinity,1470,1,1,50.0,,,50.0,,50.0,,75.0,,50.0,,50.0
qwen3,Masculinity,1470,1,2,50.0,,,50.0,,50.0,,75.0,,50.0,,50.0
qwen3,Masculinity,1470,1,3,50.0,,,50.0,,50.0,,75.0,,50.0,,50.0
qwen3,Masculinity,1471,1,1,0.0,,,50.0,,0.0,,0.0,,0.0,,0.0
qwen3,Masculinity,1471,1,2,0.0,,,50.0,,0.0,,0.0,,0.0,,0.0
qwen3,Masculinity,1471,1,3,0.0,,,50.0,,0.0,,0.0,,0.0,,0.0
qwen3,Masculinity,1472,1,1,25.0,,,50.0,,25.0,,50.0,,25.0,,25.0
qwen3,Masculinity,1472,1,2,25.0,,,50.0,,25.0,,50.0,,25.0,,25.0
qwen3,Masculinity,1472,1,3,25.0,,,50.0,,25.0,,50.0,,25.0,,25.0
qwen3,Masculinity,1473,1,1,50.0,,,50.0,,50.0,,50.0,,50.0,,75.0
qwen3,Masculinity,1473,1,2,50.0,,,50.0,,50.0,,50.0,,50.0,,75.0
qwen3,Masculinity,1473,1,3,50.0,,,50.0,,50.0,,50.0,,50.0,,75.0
qwen3,Masculinity,1474,1,1,0.0,,,100.0,,,,50.0,,100.0,,75.0
qwen3,Masculinity,1474,1,2,0.0,,,100.0,,,,50.0,,100.0,,75.0
qwen3,Masculinity,1474,1,3,0.0,,,100.0,,,,50.0,,100.0,,75.0
qwen3,Masculinity,1475,1,1,25.0,,,100.0,,75.0,,75.0,,75.0,,75.0
qwen3,Masculinity,1475,1,2,25.0,,,100.0,,75.0,,75.0,,75.0,,75.0
qwen3,Masculinity,1475,1,3,25.0,,,100.0,,75.0,,75.0,,75.0,,75.0
qwen3,Masculinity,1476,1,1,25.0,,,25.0,,25.0,,25.0,,25.0,,25.0
qwen3,Masculinity,1476,1,2,25.0,,,25.0,,25.0,,25.0,,25.0,,25.0
qwen3,Masculinity,1476,1,3,25.0,,,25.0,,25.0,,25.0,,25.0,,25.0
qwen3,Masculinity,1477,1,1,25.0,,,50.0,,25.0,,50.0,,25.0,,25.0
qwen3,Masculinity,1477,1,2,25.0,,,50.0,,25.0,,50.0,,25.0,,25.0
qwen3,Masculinity,1477,1,3,25.0,,,50.0,,25.0,,50.0,,25.0,,25.0
qwen3,Masculinity,1478,1,1,25.0,,,25.0,,25.0,,25.0,,25.0,,25.0
qwen3,Masculinity,1478,1,2,25.0,,,25.0,,25.0,,25.0,,25.0,,25.0
qwen3,Masculinity,1478,1,3,25.0,,,25.0,,25.0,,25.0,,25.0,,25.0
qwen3,Masculinity,1480,1,1,50.0,,,50.0,,50.0,,50.0,,50.0,,50.0
qwen3,Masculinity,1480,1,2,50.0,,,50.0,,50.0,,50.0,,50.0,,50.0
qwen3,Masculinity,1480,1,3,50.0,,,50.0,,50.0,,50.0,,50.0,,50.0
qwen3,Masculinity,1481,1,1,25.0,,,75.0,,50.0,,50.0,,50.0,,50.0
qwen3,Masculinity,1481,1,2,25.0,,,75.0,,50.0,,50.0,,50.0,,50.0
qwen3,Masculinity,1481,1,3,25.0,,,75.0,,50.0,,50.0,,50.0,,50.0
qwen3,Masculinity,1482,1,1,25.0,,,50.0,,50.0,,50.0,,50.0,,50.0
qwen3,Masculinity,1482,1,2,25.0,,,50.0,,50.0,,50.0,,50.0,,50.0
qwen3,Masculinity,1482,1,3,25.0,,,50.0,,50.0,,50.0,,50.0,,50.0
qwen3,Masculinity,1486,1,1,25.0,,,50.0,,75.0,,75.0,,75.0,,75.0
qwen3,Masculinity,1486,1,2,25.0,,,50.0,,75.0,,75.0,,75.0,,75.0
qwen3,Masculinity,1486,1,3,25.0,,,50.0,,75.0,,75.0,,75.0,,75.0
qwen3,Masculinity,1487,1,1,75.0,,,75.0,,25.0,,25.0,,25.0,,50.0
qwen3,Masculinity,1487,1,2,75.0,,,75.0,,25.0,,25.0,,25.0,,50.0
qwen3,Masculinity,1487,1,3,75.0,,,75.0,,25.0,,25.0,,25.0,,50.0
qwen3,Masculinity,1490,1,1,50.0,,,100.0,,100.0,,75.0,,75.0,,75.0
qwen3,Masculinity,1490,1,2,50.0,,,100.0,,100.0,,75.0,,75.0,,75.0
qwen3,Masculinity,1490,1,3,50.0,,,100.0,,100.0,,75.0,,75.0,,75.0
qwen3,Masculinity,1492,1,1,25.0,,,,,25.0,,50.0,,25.0,,25.0
qwen3,Masculinity,1492,1,2,25.0,,,,,25.0,,50.0,,25.0,,25.0
qwen3,Masculinity,1492,1,3,25.0,,,,,25.0,,50.0,,25.0,,25.0
qwen3,Masculinity,1493,1,1,100.0,,,50.0,,100.0,,25.0,,50.0,,50.0
qwen3,Masculinity,1493,1,2,100.0,,,50.0,,100.0,,25.0,,50.0,,50.0
qwen3,Masculinity,1493,1,3,100.0,,,50.0,,100.0,,25.0,,50.0,,50.0
qwen3,Masculinity,1495,1,1,25.0,,,50.0,,50.0,,75.0,,75.0,,50.0
qwen3,Masculinity,1495,1,2,25.0,,,50.0,,50.0,,75.0,,75.0,,50.0
qwen3,Masculinity,1495,1,3,25.0,,,50.0,,50.0,,75.0,,75.0,,50.0
qwen3,Masculinity,1497,1,1,75.0,,,75.0,,50.0,,75.0,,75.0,,50.0
qwen3,Masculinity,1497,1,2,75.0,,,75.0,,50.0,,75.0,,75.0,,50.0
qwen3,Masculinity,1497,1,3,75.0,,,75.0,,50.0,,75.0,,75.0,,50.0
qwen3,Masculinity,1498,1,1,50.0,,,100.0,,50.0,,75.0,,100.0,,50.0
qwen3,Masculinity,1498,1,2,50.0,,,100.0,,50.0,,75.0,,100.0,,50.0
qwen3,Masculinity,1498,1,3,50.0,,,100.0,,50.0,,75.0,,100.0,,50.0
qwen3,Masculinity,1499,1,1,50.0,,,100.0,,50.0,,50.0,,50.0,,50.0
qwen3,Masculinity,1499,1,2,50.0,,,100.0,,50.0,,50.0,,50.0,,50.0
qwen3,Masculinity,1499,1,3,50.0,,,100.0,,50.0,,50.0,,50.0,,50.0
qwen3,Masculinity,1500,1,1,50.0,,,50.0,,50.0,,50.0,,50.0,,50.0
qwen3,Masculinity,1500,1,2,50.0,,,50.0,,50.0,,50.0,,50.0,,50.0
qwen3,Masculinity,1500,1,3,50.0,,,50.0,,50.0,,50.0,,50.0,,50.0
qwen3,Masculinity,1501,1,1,25.0,,,25.0,,25.0,,25.0,,25.0,,25.0
qwen3,Masculinity,1501,1,2,25.0,,,25.0,,25.0,,25.0,,25.0,,25.0
qwen3,Masculinity,1501,1,3,25.0,,,25.0,,25.0,,25.0,,25.0,,25.0
qwen3,Masculinity,1502,1,1,50.0,,,75.0,,50.0,,50.0,,50.0,,50.0
qwen3,Masculinity,1502,1,2,50.0,,,75.0,,50.0,,50.0,,50.0,,50.0
qwen3,Masculinity,1502,1,3,50.0,,,75.0,,50.0,,50.0,,50.0,,50.0
qwen3,Masculinity,1504,1,1,25.0,,,100.0,,75.0,,75.0,,25.0,,75.0
qwen3,Masculinity,1504,1,2,25.0,,,100.0,,75.0,,75.0,,25.0,,75.0
qwen3,Masculinity,1504,1,3,25.0,,,100.0,,75.0,,75.0,,25.0,,75.0
qwen3,Masculinity,1505,1,1,50.0,,,50.0,,50.0,,50.0,,50.0,,50.0
qwen3,Masculinity,1505,1,2,50.0,,,50.0,,50.0,,50.0,,50.0,,50.0
qwen3,Masculinity,1505,1,3,50.0,,,50.0,,50.0,,50.0,,50.0,,50.0
qwen3,Masculinity,1506,1,1,25.0,,,100.0,,75.0,,75.0,,50.0,,50.0
qwen3,Masculinity,1506,1,2,25.0,,,100.0,,75.0,,75.0,,50.0,,50.0
qwen3,Masculinity,1506,1,3,25.0,,,100.0,,75.0,,75.0,,50.0,,50.0
qwen3,Masculinity,1508,1,1,50.0,,,50.0,,75.0,,50.0,,50.0,,75.0
qwen3,Masculinity,1508,1,2,50.0,,,50.0,,75.0,,50.0,,50.0,,75.0
qwen3,Masculinity,1508,1,3,50.0,,,50.0,,75.0,,50.0,,50.0,,75.0
qwen3,Masculinity,1509,1,1,25.0,,,25.0,,50.0,,50.0,,50.0,,50.0
qwen3,Masculinity,1509,1,2,25.0,,,25.0,,50.0,,50.0,,50.0,,50.0
qwen3,Masculinity,1509,1,3,25.0,,,25.0,,50.0,,50.0,,50.0,,50.0
qwen3,Masculinity,1511,1,1,50.0,,,100.0,,75.0,,75.0,,75.0,,75.0
qwen3,Masculinity,1511,1,2,50.0,,,100.0,,75.0,,75.0,,75.0,,75.0
qwen3,Masculinity,1511,1,3,50.0,,,100.0,,75.0,,75.0,,75.0,,75.0
qwen3,Masculinity,1512,1,1,50.0,,,75.0,,100.0,,50.0,,100.0,,50.0
qwen3,Masculinity,1512,1,2,50.0,,,75.0,,100.0,,50.0,,100.0,,50.0
qwen3,Masculinity,1512,1,3,50.0,,,75.0,,100.0,,50.0,,100.0,,50.0
qwen3,Masculinity,1515,1,1,0.0,,,100.0,,75.0,,75.0,,50.0,,50.0
qwen3,Masculinity,1515,1,2,0.0,,,100.0,,75.0,,75.0,,50.0,,50.0
qwen3,Masculinity,1515,1,3,0.0,,,100.0,,75.0,,75.0,,50.0,,50.0
qwen3,Masculinity,1519,1,1,50.0,,,100.0,,75.0,,75.0,,75.0,,75.0
qwen3,Masculinity,1519,1,2,50.0,,,100.0,,75.0,,75.0,,75.0,,75.0
qwen3,Masculinity,1519,1,3,50.0,,,100.0,,75.0,,75.0,,75.0,,75.0
qwen3,Masculinity,1520,1,1,50.0,,,50.0,,50.0,,50.0,,50.0,,50.0
qwen3,Masculinity,1520,1,2,50.0,,,50.0,,50.0,,50.0,,50.0,,50.0
qwen3,Masculinity,1520,1,3,50.0,,,50.0,,50.0,,50.0,,50.0,,50.0
qwen3,Masculinity,1522,1,1,50.0,,,100.0,,50.0,,50.0,,50.0,,50.0
qwen3,Masculinity,1522,1,2,50.0,,,100.0,,50.0,,50.0,,50.0,,50.0
qwen3,Masculinity,1522,1,3,50.0,,,100.0,,50.0,,50.0,,50.0,,50.0
qwen3,Masculinity,1523,1,1,50.0,,,100.0,,100.0,,100.0,,100.0,,75.0
qwen3,Masculinity,1523,1,2,50.0,,,100.0,,100.0,,100.0,,100.0,,75.0
qwen3,Masculinity,1523,1,3,50.0,,,100.0,,100.0,,100.0,,100.0,,75.0
qwen3,Masculinity,1524,1,1,50.0,,,50.0,,50.0,,50.0,,50.0,,50.0
qwen3,Masculinity,1524,1,2,50.0,,,50.0,,50.0,,50.0,,50.0,,50.0
qwen3,Masculinity,1524,1,3,50.0,,,50.0,,50.0,,50.0,,50.0,,50.0
qwen3,Masculinity,1525,1,1,50.0,,,100.0,,50.0,,50.0,,50.0,,50.0
qwen3,Masculinity,1525,1,2,50.0,,,100.0,,50.0,,50.0,,50.0,,50.0
qwen3,Masculinity,1525,1,3,50.0,,,100.0,,50.0,,50.0,,50.0,,50.0
qwen3,Masculinity,1526,1,1,0.0,,,50.0,,25.0,,75.0,,50.0,,50.0
qwen3,Masculinity,1526,1,2,0.0,,,50.0,,25.0,,75.0,,50.0,,50.0
qwen3,Masculinity,1526,1,3,0.0,,,50.0,,25.0,,75.0,,50.0,,50.0
qwen3,Masculinity,1528,1,1,50.0,,,75.0,,75.0,,75.0,,75.0,,75.0
qwen3,Masculinity,1528,1,2,50.0,,,75.0,,75.0,,75.0,,75.0,,75.0
qwen3,Masculinity,1528,1,3,50.0,,,75.0,,75.0,,75.0,,75.0,,75.0
qwen3,Masculinity,1529,1,1,75.0,,,100.0,,50.0,,75.0,,50.0,,50.0
qwen3,Masculinity,1529,1,2,75.0,,,100.0,,50.0,,75.0,,50.0,,50.0
qwen3,Masculinity,1529,1,3,75.0,,,100.0,,50.0,,75.0,,50.0,,50.0
qwen3,Masculinity,1532,1,1,100.0,,,100.0,,100.0,,75.0,,75.0,,75.0
qwen3,Masculinity,1532,1,2,100.0,,,100.0,,100.0,,75.0,,75.0,,75.0
qwen3,Masculinity,1532,1,3,100.0,,,100.0,,100.0,,75.0,,75.0,,75.0
qwen3,Masculinity,1533,1,1,75.0,,,50.0,,50.0,,50.0,,75.0,,75.0
qwen3,Masculinity,1533,1,2,75.0,,,50.0,,50.0,,50.0,,75.0,,75.0
qwen3,Masculinity,1533,1,3,75.0,,,50.0,,50.0,,50.0,,75.0,,75.0
qwen3,Masculinity,1534,1,1,75.0,,,100.0,,100.0,,100.0,,100.0,,50.0
qwen3,Masculinity,1534,1,2,75.0,,,100.0,,100.0,,100.0,,100.0,,50.0
qwen3,Masculinity,1534,1,3,75.0,,,100.0,,100.0,,100.0,,100.0,,50.0
qwen3,Masculinity,1538,1,1,75.0,,,100.0,,50.0,,50.0,,50.0,,50.0
qwen3,Masculinity,1538,1,2,75.0,,,100.0,,50.0,,50.0,,50.0,,50.0
qwen3,Masculinity,1538,1,3,75.0,,,100.0,,50.0,,50.0,,50.0,,50.0
qwen3,Masculinity,1539,1,1,75.0,,,100.0,,50.0,,75.0,,75.0,,75.0
qwen3,Masculinity,1539,1,2,75.0,,,100.0,,50.0,,75.0,,75.0,,75.0
qwen3,Masculinity,1539,1,3,75.0,,,100.0,,50.0,,75.0,,75.0,,75.0
qwen3,Masculinity,1541,1,1,75.0,,,100.0,,75.0,,100.0,,75.0,,75.0
qwen3,Masculinity,1541,1,2,75.0,,,100.0,,75.0,,100.0,,75.0,,75.0
qwen3,Masculinity,1541,1,3,75.0,,,100.0,,75.0,,100.0,,75.0,,75.0
qwen3,Masculinity,1542,1,1,0.0,,,100.0,,50.0,,50.0,,75.0,,75.0
qwen3,Masculinity,1542,1,2,0.0,,,100.0,,50.0,,50.0,,75.0,,75.0
qwen3,Masculinity,1542,1,3,0.0,,,100.0,,50.0,,50.0,,75.0,,75.0
qwen3,Masculinity,1543,1,1,50.0,,,75.0,,100.0,,50.0,,100.0,,50.0
qwen3,Masculinity,1543,1,2,50.0,,,75.0,,100.0,,50.0,,100.0,,50.0
qwen3,Masculinity,1543,1,3,50.0,,,75.0,,100.0,,50.0,,100.0,,50.0
qwen3,Masculinity,1544,1,1,25.0,,,100.0,,50.0,,50.0,,50.0,,50.0
qwen3,Masculinity,1544,1,2,25.0,,,100.0,,50.0,,50.0,,50.0,,50.0
qwen3,Masculinity,1544,1,3,25.0,,,100.0,,50.0,,50.0,,50.0,,50.0
qwen3,Masculinity,1546,1,1,75.0,,,25.0,,75.0,,75.0,,25.0,,75.0
qwen3,Masculinity,1546,1,2,75.0,,,25.0,,75.0,,75.0,,25.0,,75.0
qwen3,Masculinity,1546,1,3,75.0,,,25.0,,75.0,,75.0,,25.0,,75.0
qwen3,Masculinity,1548,1,1,0.0,,,100.0,,50.0,,50.0,,50.0,,50.0
qwen3,Masculinity,1548,1,2,0.0,,,100.0,,50.0,,50.0,,50.0,,50.0
qwen3,Masculinity,1548,1,3,0.0,,,100.0,,50.0,,50.0,,50.0,,50.0
qwen3,Masculinity,1549,1,1,75.0,,,100.0,,50.0,,50.0,,50.0,,50.0
qwen3,Masculinity,1549,1,2,75.0,,,100.0,,50.0,,50.0,,50.0,,50.0
qwen3,Masculinity,1549,1,3,75.0,,,100.0,,50.0,,50.0,,50.0,,50.0
qwen3,Masculinity,1551,1,1,0.0,,,50.0,,50.0,,50.0,,50.0,,50.0
qwen3,Masculinity,1551,1,2,0.0,,,50.0,,50.0,,50.0,,50.0,,50.0
qwen3,Masculinity,1551,1,3,0.0,,,50.0,,50.0,,50.0,,50.0,,50.0
qwen3,Masculinity,1552,1,1,75.0,,,75.0,,50.0,,50.0,,75.0,,75.0
qwen3,Masculinity,1552,1,2,75.0,,,75.0,,50.0,,50.0,,75.0,,75.0
qwen3,Masculinity,1552,1,3,75.0,,,75.0,,50.0,,50.0,,75.0,,75.0
qwen3,Masculinity,1553,1,1,75.0,,,100.0,,,,75.0,,75.0,,50.0
qwen3,Masculinity,1553,1,2,75.0,,,100.0,,,,75.0,,75.0,,50.0
qwen3,Masculinity,1553,1,3,75.0,,,100.0,,,,75.0,,75.0,,50.0
qwen3,Masculinity,1554,1,1,75.0,,,75.0,,75.0,,50.0,,75.0,,75.0
qwen3,Masculinity,1554,1,2,75.0,,,75.0,,75.0,,50.0,,75.0,,75.0
qwen3,Masculinity,1554,1,3,75.0,,,75.0,,75.0,,50.0,,75.0,,75.0
qwen3,Masculinity,1555,1,1,50.0,,,50.0,,25.0,,25.0,,50.0,,50.0
qwen3,Masculinity,1555,1,2,50.0,,,50.0,,25.0,,25.0,,50.0,,50.0
qwen3,Masculinity,1555,1,3,50.0,,,50.0,,25.0,,25.0,,50.0,,50.0
qwen3,Masculinity,1556,1,1,0.0,,,50.0,,50.0,,50.0,,50.0,,50.0
qwen3,Masculinity,1556,1,2,0.0,,,50.0,,50.0,,50.0,,50.0,,50.0
qwen3,Masculinity,1556,1,3,0.0,,,50.0,,50.0,,50.0,,50.0,,50.0
qwen3,Masculinity,1557,1,1,50.0,,,100.0,,100.0,,100.0,,100.0,,50.0
qwen3,Masculinity,1557,1,2,50.0,,,100.0,,100.0,,100.0,,100.0,,50.0
qwen3,Masculinity,1557,1,3,50.0,,,100.0,,100.0,,100.0,,100.0,,50.0
qwen3,Masculinity,1560,1,1,0.0,,,100.0,,50.0,,75.0,,75.0,,50.0
qwen3,Masculinity,1560,1,2,0.0,,,100.0,,50.0,,75.0,,75.0,,50.0
qwen3,Masculinity,1560,1,3,0.0,,,100.0,,50.0,,75.0,,75.0,,50.0
qwen3,Masculinity,1561,1,1,50.0,,,100.0,,50.0,,50.0,,50.0,,50.0
qwen3,Masculinity,1561,1,2,50.0,,,100.0,,50.0,,50.0,,50.0,,50.0
qwen3,Masculinity,1561,1,3,50.0,,,100.0,,50.0,,50.0,,50.0,,50.0
qwen3,Masculinity,1562,1,1,75.0,,,75.0,,75.0,,75.0,,75.0,,50.0
qwen3,Masculinity,1562,1,2,75.0,,,75.0,,75.0,,75.0,,75.0,,50.0
qwen3,Masculinity,1562,1,3,75.0,,,75.0,,75.0,,75.0,,75.0,,50.0
qwen3,Masculinity,1563,1,1,50.0,,,50.0,,50.0,,50.0,,25.0,,50.0
qwen3,Masculinity,1563,1,2,50.0,,,50.0,,50.0,,50.0,,25.0,,50.0
qwen3,Masculinity,1563,1,3,50.0,,,50.0,,50.0,,50.0,,25.0,,50.0
qwen3,Masculinity,1564,1,1,50.0,,,50.0,,50.0,,50.0,,50.0,,50.0
qwen3,Masculinity,1564,1,2,50.0,,,50.0,,50.0,,50.0,,50.0,,50.0
qwen3,Masculinity,1564,1,3,50.0,,,50.0,,50.0,,50.0,,50.0,,50.0
qwen3,Masculinity,1565,1,1,75.0,,,100.0,,100.0,,100.0,,100.0,,100.0
qwen3,Masculinity,1565,1,2,75.0,,,100.0,,100.0,,100.0,,100.0,,100.0
qwen3,Masculinity,1565,1,3,75.0,,,100.0,,100.0,,100.0,,100.0,,100.0
qwen3,Masculinity,1566,1,1,50.0,,,50.0,,50.0,,50.0,,50.0,,50.0
qwen3,Masculinity,1566,1,2,50.0,,,50.0,,50.0,,50.0,,50.0,,50.0
qwen3,Masculinity,1566,1,3,50.0,,,50.0,,50.0,,50.0,,50.0,,50.0
qwen3,Masculinity,1568,1,1,100.0,,,100.0,,50.0,,50.0,,75.0,,75.0
qwen3,Masculinity,1568,1,2,100.0,,,100.0,,50.0,,50.0,,75.0,,75.0
qwen3,Masculinity,1568,1,3,100.0,,,100.0,,50.0,,50.0,,75.0,,75.0
qwen3,Masculinity,1569,1,1,0.0,,,50.0,,0.0,,0.0,,0.0,,0.0
qwen3,Masculinity,1569,1,2,0.0,,,50.0,,0.0,,0.0,,0.0,,0.0
qwen3,Masculinity,1569,1,3,0.0,,,50.0,,0.0,,0.0,,0.0,,0.0
qwen3,Masculinity,1570,1,1,25.0,,,100.0,,25.0,,25.0,,25.0,,50.0
qwen3,Masculinity,1570,1,2,25.0,,,100.0,,25.0,,25.0,,25.0,,50.0
qwen3,Masculinity,1570,1,3,25.0,,,100.0,,25.0,,25.0,,25.0,,50.0
qwen3,Masculinity,1571,1,1,50.0,,,50.0,,50.0,,100.0,,75.0,,75.0
qwen3,Masculinity,1571,1,2,50.0,,,50.0,,50.0,,100.0,,75.0,,75.0
qwen3,Masculinity,1571,1,3,50.0,,,50.0,,50.0,,100.0,,75.0,,75.0
qwen3,Masculinity,1572,1,1,0.0,,,100.0,,100.0,,75.0,,75.0,,75.0
qwen3,Masculinity,1572,1,2,0.0,,,100.0,,100.0,,75.0,,75.0,,75.0
qwen3,Masculinity,1572,1,3,0.0,,,100.0,,100.0,,75.0,,75.0,,75.0
qwen3,Masculinity,1573,1,1,50.0,,,100.0,,100.0,,100.0,,100.0,,100.0
qwen3,Masculinity,1573,1,2,50.0,,,100.0,,100.0,,100.0,,100.0,,100.0
qwen3,Masculinity,1573,1,3,50.0,,,100.0,,100.0,,100.0,,100.0,,100.0
qwen3,Masculinity,1574,1,1,25.0,,,75.0,,75.0,,75.0,,75.0,,75.0
qwen3,Masculinity,1574,1,2,25.0,,,75.0,,75.0,,75.0,,75.0,,75.0
qwen3,Masculinity,1574,1,3,25.0,,,75.0,,75.0,,75.0,,75.0,,75.0
qwen3,Masculinity,1575,1,1,25.0,,,50.0,,50.0,,50.0,,50.0,,50.0
qwen3,Masculinity,1575,1,2,25.0,,,50.0,,50.0,,50.0,,50.0,,50.0
qwen3,Masculinity,1575,1,3,25.0,,,50.0,,50.0,,50.0,,50.0,,50.0
qwen3,Masculinity,1576,1,1,75.0,,,100.0,,100.0,,100.0,,75.0,,75.0
qwen3,Masculinity,1576,1,2,75.0,,,100.0,,100.0,,100.0,,75.0,,75.0
qwen3,Masculinity,1576,1,3,75.0,,,100.0,,100.0,,100.0,,75.0,,75.0
qwen3,Masculinity,1577,1,1,50.0,,,50.0,,50.0,,50.0,,25.0,,25.0
qwen3,Masculinity,1577,1,2,50.0,,,50.0,,50.0,,50.0,,25.0,,25.0
qwen3,Masculinity,1577,1,3,50.0,,,50.0,,50.0,,50.0,,25.0,,25.0
qwen3,Masculinity,1579,1,1,100.0,,,100.0,,100.0,,100.0,,100.0,,100.0
qwen3,Masculinity,1579,1,2,100.0,,,100.0,,100.0,,100.0,,100.0,,100.0
qwen3,Masculinity,1579,1,3,100.0,,,100.0,,100.0,,100.0,,100.0,,100.0
qwen3,Masculinity,1580,1,1,50.0,,,50.0,,25.0,,25.0,,25.0,,25.0
qwen3,Masculinity,1580,1,2,50.0,,,50.0,,25.0,,25.0,,25.0,,25.0
qwen3,Masculinity,1580,1,3,50.0,,,50.0,,25.0,,25.0,,25.0,,25.0
qwen3,Masculinity,1581,1,1,0.0,,,100.0,,50.0,,25.0,,100.0,,50.0
qwen3,Masculinity,1581,1,2,0.0,,,100.0,,50.0,,25.0,,100.0,,50.0
qwen3,Masculinity,1581,1,3,0.0,,,100.0,,50.0,,25.0,,100.0,,50.0
qwen3,Masculinity,1582,1,1,50.0,,,0.0,,50.0,,25.0,,50.0,,50.0
qwen3,Masculinity,1582,1,2,50.0,,,0.0,,50.0,,25.0,,50.0,,50.0
qwen3,Masculinity,1582,1,3,50.0,,,0.0,,50.0,,25.0,,50.0,,50.0
qwen3,Masculinity,1586,1,1,50.0,,,100.0,,50.0,,75.0,,50.0,,50.0
qwen3,Masculinity,1586,1,2,50.0,,,100.0,,50.0,,75.0,,50.0,,50.0
qwen3,Masculinity,1586,1,3,50.0,,,100.0,,50.0,,75.0,,50.0,,50.0
qwen3,Masculinity,1587,1,1,50.0,,,100.0,,,,100.0,,50.0,,100.0
qwen3,Masculinity,1587,1,2,50.0,,,100.0,,,,100.0,,50.0,,100.0
qwen3,Masculinity,1587,1,3,50.0,,,100.0,,,,100.0,,50.0,,100.0
qwen3,Masculinity,1588,1,1,50.0,,,75.0,,75.0,,75.0,,75.0,,50.0
qwen3,Masculinity,1588,1,2,50.0,,,75.0,,75.0,,75.0,,75.0,,50.0
qwen3,Masculinity,1588,1,3,50.0,,,75.0,,75.0,,75.0,,75.0,,50.0
qwen3,Masculinity,1589,1,1,50.0,,,100.0,,50.0,,50.0,,50.0,,50.0
qwen3,Masculinity,1589,1,2,50.0,,,100.0,,50.0,,50.0,,50.0,,50.0
qwen3,Masculinity,1589,1,3,50.0,,,100.0,,50.0,,50.0,,50.0,,50.0
qwen3,Masculinity,1591,1,1,25.0,,,25.0,,50.0,,25.0,,50.0,,50.0
qwen3,Masculinity,1591,1,2,25.0,,,25.0,,50.0,,25.0,,50.0,,50.0
qwen3,Masculinity,1591,1,3,25.0,,,25.0,,50.0,,25.0,,50.0,,50.0
qwen3,Masculinity,1592,1,1,25.0,,,,,75.0,,50.0,,25.0,,50.0
qwen3,Masculinity,1592,1,2,25.0,,,,,75.0,,50.0,,25.0,,50.0
qwen3,Masculinity,1592,1,3,25.0,,,,,75.0,,50.0,,25.0,,50.0
qwen3,Masculinity,1593,1,1,100.0,,,100.0,,,,75.0,,75.0,,75.0
qwen3,Masculinity,1593,1,2,100.0,,,100.0,,,,75.0,,75.0,,75.0
qwen3,Masculinity,1593,1,3,100.0,,,100.0,,,,75.0,,75.0,,75.0
qwen3,Masculinity,1594,1,1,75.0,,,100.0,,75.0,,75.0,,100.0,,75.0
qwen3,Masculinity,1594,1,2,75.0,,,100.0,,75.0,,75.0,,100.0,,75.0
qwen3,Masculinity,1594,1,3,75.0,,,100.0,,75.0,,75.0,,100.0,,75.0
qwen3,Masculinity,1595,1,1,50.0,,,50.0,,50.0,,50.0,,50.0,,50.0
qwen3,Masculinity,1595,1,2,50.0,,,50.0,,50.0,,50.0,,50.0,,50.0
qwen3,Masculinity,1595,1,3,50.0,,,50.0,,50.0,,50.0,,50.0,,50.0
qwen3,Masculinity,1597,1,1,50.0,,,50.0,,50.0,,50.0,,50.0,,50.0
qwen3,Masculinity,1597,1,2,50.0,,,50.0,,50.0,,50.0,,50.0,,50.0
qwen3,Masculinity,1597,1,3,50.0,,,50.0,,50.0,,50.0,,50.0,,50.0
qwen3,Masculinity,1598,1,1,50.0,,,100.0,,50.0,,50.0,,50.0,,50.0
qwen3,Masculinity,1598,1,2,50.0,,,100.0,,50.0,,50.0,,50.0,,50.0
qwen3,Masculinity,1598,1,3,50.0,,,100.0,,50.0,,50.0,,50.0,,50.0
qwen3,Masculinity,1600,1,1,100.0,,,100.0,,75.0,,75.0,,50.0,,50.0
qwen3,Masculinity,1600,1,2,100.0,,,100.0,,75.0,,75.0,,50.0,,50.0
qwen3,Masculinity,1600,1,3,100.0,,,100.0,,75.0,,75.0,,50.0,,50.0
qwen3,Masculinity,1601,1,1,75.0,,,100.0,,75.0,,50.0,,100.0,,75.0
qwen3,Masculinity,1601,1,2,75.0,,,100.0,,75.0,,50.0,,100.0,,75.0
qwen3,Masculinity,1601,1,3,75.0,,,100.0,,75.0,,50.0,,100.0,,75.0
qwen3,Masculinity,1603,1,1,0.0,,,75.0,,50.0,,50.0,,50.0,,75.0
qwen3,Masculinity,1603,1,2,0.0,,,75.0,,50.0,,50.0,,50.0,,75.0
qwen3,Masculinity,1603,1,3,0.0,,,75.0,,50.0,,50.0,,50.0,,75.0
qwen3,Masculinity,1606,1,1,50.0,,,50.0,,50.0,,50.0,,50.0,,50.0
qwen3,Masculinity,1606,1,2,50.0,,,50.0,,50.0,,50.0,,50.0,,50.0
qwen3,Masculinity,1606,1,3,50.0,,,50.0,,50.0,,50.0,,50.0,,50.0
qwen3,Masculinity,1607,1,1,100.0,,,100.0,,100.0,,100.0,,100.0,,100.0
qwen3,Masculinity,1607,1,2,100.0,,,100.0,,100.0,,100.0,,100.0,,100.0
qwen3,Masculinity,1607,1,3,100.0,,,100.0,,100.0,,100.0,,100.0,,100.0
qwen3,Masculinity,1608,1,1,0.0,,,100.0,,50.0,,75.0,,50.0,,75.0
qwen3,Masculinity,1608,1,2,0.0,,,100.0,,50.0,,75.0,,50.0,,75.0
qwen3,Masculinity,1608,1,3,0.0,,,100.0,,50.0,,75.0,,50.0,,75.0
qwen3,Masculinity,1609,1,1,50.0,,,50.0,,50.0,,50.0,,50.0,,50.0
qwen3,Masculinity,1609,1,2,50.0,,,50.0,,50.0,,50.0,,50.0,,50.0
qwen3,Masculinity,1609,1,3,50.0,,,50.0,,50.0,,50.0,,50.0,,50.0
qwen3,Masculinity,1610,1,1,75.0,,,100.0,,75.0,,75.0,,75.0,,50.0
qwen3,Masculinity,1610,1,2,75.0,,,100.0,,75.0,,75.0,,75.0,,50.0
qwen3,Masculinity,1610,1,3,75.0,,,100.0,,75.0,,75.0,,75.0,,50.0
qwen3,Masculinity,1611,1,1,50.0,,,100.0,,50.0,,50.0,,50.0,,50.0
qwen3,Masculinity,1611,1,2,50.0,,,100.0,,50.0,,50.0,,50.0,,50.0
qwen3,Masculinity,1611,1,3,50.0,,,100.0,,50.0,,50.0,,50.0,,50.0
qwen3,Masculinity,1613,1,1,50.0,,,100.0,,,,50.0,,50.0,,50.0
qwen3,Masculinity,1613,1,2,50.0,,,100.0,,,,50.0,,50.0,,50.0
qwen3,Masculinity,1613,1,3,50.0,,,100.0,,,,50.0,,50.0,,50.0
qwen3,Masculinity,1614,1,1,50.0,,,50.0,,50.0,,50.0,,75.0,,50.0
qwen3,Masculinity,1614,1,2,50.0,,,50.0,,50.0,,50.0,,75.0,,50.0
qwen3,Masculinity,1614,1,3,50.0,,,50.0,,50.0,,50.0,,75.0,,50.0
qwen3,Masculinity,1615,1,1,0.0,,,50.0,,50.0,,75.0,,50.0,,75.0
qwen3,Masculinity,1615,1,2,0.0,,,50.0,,50.0,,75.0,,50.0,,75.0
qwen3,Masculinity,1615,1,3,0.0,,,50.0,,50.0,,75.0,,50.0,,75.0
qwen3,Masculinity,1616,1,1,0.0,,,100.0,,75.0,,75.0,,50.0,,50.0
qwen3,Masculinity,1616,1,2,0.0,,,100.0,,75.0,,75.0,,50.0,,50.0
qwen3,Masculinity,1616,1,3,0.0,,,100.0,,75.0,,75.0,,50.0,,50.0
qwen3,Masculinity,1617,1,1,50.0,,,50.0,,75.0,,75.0,,75.0,,50.0
qwen3,Masculinity,1617,1,2,50.0,,,50.0,,75.0,,75.0,,75.0,,50.0
qwen3,Masculinity,1617,1,3,50.0,,,50.0,,75.0,,75.0,,75.0,,50.0
qwen3,Masculinity,1618,1,1,50.0,,,100.0,,100.0,,50.0,,50.0,,75.0
qwen3,Masculinity,1618,1,2,50.0,,,100.0,,100.0,,50.0,,50.0,,75.0
qwen3,Masculinity,1618,1,3,50.0,,,100.0,,100.0,,50.0,,50.0,,75.0
qwen3,Masculinity,1622,1,1,25.0,,,75.0,,75.0,,100.0,,50.0,,50.0
qwen3,Masculinity,1622,1,2,25.0,,,75.0,,75.0,,100.0,,50.0,,50.0
qwen3,Masculinity,1622,1,3,25.0,,,75.0,,75.0,,100.0,,50.0,,50.0
qwen3,Masculinity,1628,1,1,25.0,,,75.0,,50.0,,50.0,,50.0,,75.0
qwen3,Masculinity,1628,1,2,25.0,,,75.0,,50.0,,50.0,,50.0,,75.0
qwen3,Masculinity,1628,1,3,25.0,,,75.0,,50.0,,50.0,,50.0,,75.0
qwen3,Masculinity,1629,1,1,100.0,,,100.0,,75.0,,75.0,,50.0,,50.0
qwen3,Masculinity,1629,1,2,100.0,,,100.0,,75.0,,75.0,,50.0,,50.0
qwen3,Masculinity,1629,1,3,100.0,,,100.0,,75.0,,75.0,,50.0,,50.0
qwen3,Masculinity,1632,1,1,25.0,,,25.0,,25.0,,25.0,,50.0,,25.0
qwen3,Masculinity,1632,1,2,25.0,,,25.0,,25.0,,25.0,,50.0,,25.0
qwen3,Masculinity,1632,1,3,25.0,,,25.0,,25.0,,25.0,,50.0,,25.0
qwen3,Masculinity,1633,1,1,0.0,,,100.0,,50.0,,75.0,,75.0,,50.0
qwen3,Masculinity,1633,1,2,0.0,,,100.0,,50.0,,75.0,,75.0,,50.0
qwen3,Masculinity,1633,1,3,0.0,,,100.0,,50.0,,75.0,,75.0,,50.0
qwen3,Masculinity,1634,1,1,0.0,,,100.0,,50.0,,100.0,,75.0,,100.0
qwen3,Masculinity,1634,1,2,0.0,,,100.0,,50.0,,100.0,,75.0,,100.0
qwen3,Masculinity,1634,1,3,0.0,,,100.0,,50.0,,100.0,,75.0,,100.0
qwen3,Masculinity,1641,1,1,,,,100.0,,75.0,,75.0,,0.0,,75.0
qwen3,Masculinity,1641,1,2,,,,100.0,,75.0,,75.0,,0.0,,75.0
qwen3,Masculinity,1641,1,3,,,,100.0,,75.0,,75.0,,0.0,,75.0
qwen3,Masculinity,1644,1,1,50.0,,,50.0,,50.0,,50.0,,50.0,,50.0
qwen3,Masculinity,1644,1,2,50.0,,,50.0,,50.0,,50.0,,50.0,,50.0
qwen3,Masculinity,1644,1,3,50.0,,,50.0,,50.0,,50.0,,50.0,,50.0
qwen3,Masculinity,1646,1,1,0.0,,,100.0,,25.0,,25.0,,25.0,,100.0
qwen3,Masculinity,1646,1,2,0.0,,,100.0,,25.0,,25.0,,25.0,,100.0
qwen3,Masculinity,1646,1,3,0.0,,,100.0,,25.0,,25.0,,25.0,,100.0
qwen3,Masculinity,1654,1,1,100.0,,,100.0,,100.0,,100.0,,75.0,,75.0
qwen3,Masculinity,1654,1,2,100.0,,,100.0,,100.0,,100.0,,75.0,,75.0
qwen3,Masculinity,1654,1,3,100.0,,,100.0,,100.0,,100.0,,75.0,,75.0
qwen3,Masculinity,1656,1,1,50.0,,,100.0,,50.0,,50.0,,50.0,,50.0
qwen3,Masculinity,1656,1,2,50.0,,,100.0,,50.0,,50.0,,50.0,,50.0
qwen3,Masculinity,1656,1,3,50.0,,,100.0,,50.0,,50.0,,50.0,,50.0
qwen3,Masculinity,1657,1,1,50.0,,,100.0,,50.0,,75.0,,50.0,,50.0
qwen3,Masculinity,1657,1,2,50.0,,,100.0,,50.0,,75.0,,50.0,,50.0
qwen3,Masculinity,1657,1,3,50.0,,,100.0,,50.0,,75.0,,50.0,,50.0
qwen3,Masculinity,1659,1,1,25.0,,,100.0,,100.0,,100.0,,25.0,,50.0
qwen3,Masculinity,1659,1,2,25.0,,,100.0,,100.0,,100.0,,25.0,,50.0
qwen3,Masculinity,1659,1,3,25.0,,,100.0,,100.0,,100.0,,25.0,,50.0
qwen3,Masculinity,1660,1,1,100.0,,,50.0,,75.0,,75.0,,0.0,,75.0
qwen3,Masculinity,1660,1,2,100.0,,,50.0,,75.0,,75.0,,0.0,,75.0
qwen3,Masculinity,1660,1,3,100.0,,,50.0,,75.0,,75.0,,0.0,,75.0
qwen3,Masculinity,1661,1,1,25.0,,,100.0,,100.0,,100.0,,100.0,,100.0
qwen3,Masculinity,1661,1,2,25.0,,,100.0,,100.0,,100.0,,100.0,,100.0
qwen3,Masculinity,1661,1,3,25.0,,,100.0,,100.0,,100.0,,100.0,,100.0
qwen3,Masculinity,1663,1,1,50.0,,,100.0,,100.0,,50.0,,50.0,,50.0
qwen3,Masculinity,1663,1,2,50.0,,,100.0,,100.0,,50.0,,50.0,,50.0
qwen3,Masculinity,1663,1,3,50.0,,,100.0,,100.0,,50.0,,50.0,,50.0
qwen3,Masculinity,1664,1,1,50.0,,,75.0,,0.0,,25.0,,0.0,,50.0
qwen3,Masculinity,1664,1,2,50.0,,,75.0,,0.0,,25.0,,0.0,,50.0
qwen3,Masculinity,1664,1,3,50.0,,,75.0,,0.0,,25.0,,0.0,,50.0
qwen3,Masculinity,1668,1,1,50.0,,,50.0,,50.0,,100.0,,50.0,,50.0
qwen3,Masculinity,1668,1,2,50.0,,,50.0,,50.0,,100.0,,50.0,,50.0
qwen3,Masculinity,1668,1,3,50.0,,,50.0,,50.0,,100.0,,50.0,,50.0
qwen3,Masculinity,1670,1,1,25.0,,,50.0,,50.0,,50.0,,25.0,,50.0
qwen3,Masculinity,1670,1,2,25.0,,,50.0,,50.0,,50.0,,25.0,,50.0
qwen3,Masculinity,1670,1,3,25.0,,,50.0,,50.0,,50.0,,25.0,,50.0
qwen3,Masculinity,1671,1,1,25.0,,,100.0,,75.0,,75.0,,50.0,,75.0
qwen3,Masculinity,1671,1,2,25.0,,,100.0,,75.0,,75.0,,50.0,,75.0
qwen3,Masculinity,1671,1,3,25.0,,,100.0,,75.0,,75.0,,50.0,,75.0
qwen3,Masculinity,1672,1,1,25.0,,,100.0,,50.0,,50.0,,75.0,,25.0
qwen3,Masculinity,1672,1,2,25.0,,,100.0,,50.0,,50.0,,75.0,,25.0
qwen3,Masculinity,1672,1,3,25.0,,,100.0,,50.0,,50.0,,75.0,,25.0
qwen3,Masculinity,1673,1,1,100.0,,,100.0,,100.0,,75.0,,100.0,,100.0
qwen3,Masculinity,1673,1,2,100.0,,,100.0,,100.0,,75.0,,100.0,,100.0
qwen3,Masculinity,1673,1,3,100.0,,,100.0,,100.0,,75.0,,100.0,,100.0
qwen3,Masculinity,1677,1,1,25.0,,,100.0,,100.0,,25.0,,50.0,,50.0
qwen3,Masculinity,1677,1,2,25.0,,,100.0,,100.0,,25.0,,50.0,,50.0
qwen3,Masculinity,1677,1,3,25.0,,,100.0,,100.0,,25.0,,50.0,,50.0
qwen3,Masculinity,1678,1,1,25.0,,,100.0,,100.0,,50.0,,75.0,,75.0
qwen3,Masculinity,1678,1,2,25.0,,,100.0,,100.0,,50.0,,75.0,,75.0
qwen3,Masculinity,1678,1,3,25.0,,,100.0,,100.0,,50.0,,75.0,,75.0
qwen3,Masculinity,1679,1,1,25.0,,,75.0,,0.0,,100.0,,25.0,,50.0
qwen3,Masculinity,1679,1,2,25.0,,,75.0,,0.0,,100.0,,25.0,,50.0
qwen3,Masculinity,1679,1,3,25.0,,,75.0,,0.0,,100.0,,25.0,,50.0
qwen3,Masculinity,1681,1,1,0.0,,,100.0,,50.0,,50.0,,50.0,,75.0
qwen3,Masculinity,1681,1,2,0.0,,,100.0,,50.0,,50.0,,50.0,,75.0
qwen3,Masculinity,1681,1,3,0.0,,,100.0,,50.0,,50.0,,50.0,,75.0
qwen3,Masculinity,1682,1,1,0.0,,,50.0,,50.0,,50.0,,50.0,,50.0
qwen3,Masculinity,1682,1,2,0.0,,,50.0,,50.0,,50.0,,50.0,,50.0
qwen3,Masculinity,1682,1,3,0.0,,,50.0,,50.0,,50.0,,50.0,,50.0
qwen3,Masculinity,1683,1,1,25.0,,,25.0,,50.0,,25.0,,25.0,,25.0
qwen3,Masculinity,1683,1,2,25.0,,,25.0,,50.0,,25.0,,25.0,,25.0
qwen3,Masculinity,1683,1,3,25.0,,,25.0,,50.0,,25.0,,25.0,,25.0
qwen3,Masculinity,1685,1,1,0.0,,,100.0,,50.0,,75.0,,50.0,,75.0
qwen3,Masculinity,1685,1,2,0.0,,,100.0,,50.0,,75.0,,50.0,,75.0
qwen3,Masculinity,1685,1,3,0.0,,,100.0,,50.0,,75.0,,50.0,,75.0
qwen3,Masculinity,1692,1,1,0.0,,,100.0,,100.0,,75.0,,50.0,,75.0
qwen3,Masculinity,1692,1,2,0.0,,,100.0,,100.0,,75.0,,50.0,,75.0
qwen3,Masculinity,1692,1,3,0.0,,,100.0,,100.0,,75.0,,50.0,,75.0
qwen3,Power_Distance,1911,1,1,50.0,,,50.0,,50.0,,50.0,,50.0,,50.0
qwen3,Power_Distance,1911,1,2,50.0,,,50.0,,50.0,,50.0,,50.0,,50.0
qwen3,Power_Distance,1911,1,3,50.0,,,50.0,,50.0,,50.0,,50.0,,50.0
qwen3,Power_Distance,1912,1,1,100.0,,,100.0,,50.0,,50.0,,25.0,,50.0
qwen3,Power_Distance,1912,1,2,100.0,,,100.0,,50.0,,50.0,,25.0,,50.0
qwen3,Power_Distance,1912,1,3,100.0,,,100.0,,50.0,,50.0,,25.0,,50.0
qwen3,Power_Distance,1913,1,1,100.0,,,100.0,,50.0,,50.0,,25.0,,50.0
qwen3,Power_Distance,1913,1,2,100.0,,,100.0,,50.0,,50.0,,25.0,,50.0
qwen3,Power_Distance,1913,1,3,100.0,,,100.0,,50.0,,50.0,,25.0,,50.0
qwen3,Power_Distance,1914,1,1,0.0,,,50.0,,50.0,,50.0,,50.0,,25.0
qwen3,Power_Distance,1914,1,2,0.0,,,50.0,,50.0,,50.0,,50.0,,25.0
qwen3,Power_Distance,1914,1,3,0.0,,,50.0,,50.0,,50.0,,50.0,,25.0
qwen3,Power_Distance,1915,1,1,50.0,,,50.0,,50.0,,50.0,,50.0,,50.0
qwen3,Power_Distance,1915,1,2,50.0,,,50.0,,50.0,,50.0,,50.0,,50.0
qwen3,Power_Distance,1915,1,3,50.0,,,50.0,,50.0,,50.0,,50.0,,50.0
qwen3,Power_Distance,1916,1,1,25.0,,,75.0,,25.0,,0.0,,0.0,,0.0
qwen3,Power_Distance,1916,1,2,25.0,,,75.0,,25.0,,0.0,,0.0,,0.0
qwen3,Power_Distance,1916,1,3,25.0,,,75.0,,25.0,,0.0,,0.0,,0.0
qwen3,Power_Distance,1917,1,1,0.0,,,0.0,,50.0,,25.0,,25.0,,25.0
qwen3,Power_Distance,1917,1,2,0.0,,,0.0,,50.0,,25.0,,25.0,,25.0
qwen3,Power_Distance,1917,1,3,0.0,,,0.0,,50.0,,25.0,,25.0,,25.0
qwen3,Power_Distance,1919,1,1,75.0,,,50.0,,,,50.0,,50.0,,25.0
qwen3,Power_Distance,1919,1,2,75.0,,,50.0,,,,50.0,,50.0,,25.0
qwen3,Power_Distance,1919,1,3,75.0,,,50.0,,,,50.0,,50.0,,25.0
qwen3,Power_Distance,1920,1,1,25.0,,,75.0,,50.0,,50.0,,25.0,,25.0
qwen3,Power_Distance,1920,1,2,25.0,,,75.0,,50.0,,50.0,,25.0,,25.0
qwen3,Power_Distance,1920,1,3,25.0,,,75.0,,50.0,,50.0,,25.0,,25.0
qwen3,Power_Distance,1921,1,1,25.0,,,25.0,,25.0,,25.0,,25.0,,25.0
qwen3,Power_Distance,1921,1,2,25.0,,,25.0,,25.0,,25.0,,25.0,,25.0
qwen3,Power_Distance,1921,1,3,25.0,,,25.0,,25.0,,25.0,,25.0,,25.0
qwen3,Power_Distance,1922,1,1,25.0,,,25.0,,25.0,,25.0,,25.0,,25.0
qwen3,Power_Distance,1922,1,2,25.0,,,25.0,,25.0,,25.0,,25.0,,25.0
qwen3,Power_Distance,1922,1,3,25.0,,,25.0,,25.0,,25.0,,25.0,,25.0
qwen3,Power_Distance,1923,1,1,25.0,,,75.0,,25.0,,0.0,,25.0,,25.0
qwen3,Power_Distance,1923,1,2,25.0,,,75.0,,25.0,,0.0,,25.0,,25.0
qwen3,Power_Distance,1923,1,3,25.0,,,75.0,,25.0,,0.0,,25.0,,25.0
qwen3,Power_Distance,1924,1,1,50.0,,,50.0,,50.0,,50.0,,50.0,,50.0
qwen3,Power_Distance,1924,1,2,50.0,,,50.0,,50.0,,50.0,,50.0,,50.0
qwen3,Power_Distance,1924,1,3,50.0,,,50.0,,50.0,,50.0,,50.0,,50.0
qwen3,Power_Distance,1926,1,1,50.0,,,75.0,,50.0,,75.0,,75.0,,75.0
qwen3,Power_Distance,1926,1,2,50.0,,,75.0,,50.0,,75.0,,75.0,,75.0
qwen3,Power_Distance,1926,1,3,50.0,,,75.0,,50.0,,75.0,,75.0,,75.0
qwen3,Power_Distance,1928,1,1,50.0,,,50.0,,50.0,,50.0,,50.0,,50.0
qwen3,Power_Distance,1928,1,2,50.0,,,50.0,,50.0,,50.0,,50.0,,50.0
qwen3,Power_Distance,1928,1,3,50.0,,,50.0,,50.0,,50.0,,50.0,,50.0
qwen3,Power_Distance,1930,1,1,25.0,,,25.0,,25.0,,0.0,,25.0,,25.0
qwen3,Power_Distance,1930,1,2,25.0,,,25.0,,25.0,,0.0,,25.0,,25.0
qwen3,Power_Distance,1930,1,3,25.0,,,25.0,,25.0,,0.0,,25.0,,25.0
qwen3,Power_Distance,1931,1,1,25.0,,,25.0,,25.0,,25.0,,25.0,,25.0
qwen3,Power_Distance,1931,1,2,25.0,,,25.0,,25.0,,25.0,,25.0,,25.0
qwen3,Power_Distance,1931,1,3,25.0,,,25.0,,25.0,,25.0,,25.0,,25.0
qwen3,Power_Distance,1932,1,1,75.0,,,75.0,,50.0,,75.0,,75.0,,50.0
qwen3,Power_Distance,1932,1,2,75.0,,,75.0,,50.0,,75.0,,75.0,,50.0
qwen3,Power_Distance,1932,1,3,75.0,,,75.0,,50.0,,75.0,,75.0,,50.0
qwen3,Power_Distance,1934,1,1,50.0,,,50.0,,50.0,,75.0,,75.0,,50.0
qwen3,Power_Distance,1934,1,2,50.0,,,50.0,,50.0,,75.0,,75.0,,50.0
qwen3,Power_Distance,1934,1,3,50.0,,,50.0,,50.0,,75.0,,75.0,,50.0
qwen3,Power_Distance,1935,1,1,25.0,,,75.0,,25.0,,25.0,,25.0,,25.0
qwen3,Power_Distance,1935,1,2,25.0,,,75.0,,25.0,,25.0,,25.0,,25.0
qwen3,Power_Distance,1935,1,3,25.0,,,75.0,,25.0,,25.0,,25.0,,25.0
qwen3,Power_Distance,1936,1,1,25.0,,,25.0,,50.0,,25.0,,25.0,,25.0
qwen3,Power_Distance,1936,1,2,25.0,,,25.0,,50.0,,25.0,,25.0,,25.0
qwen3,Power_Distance,1936,1,3,25.0,,,25.0,,50.0,,25.0,,25.0,,25.0
qwen3,Power_Distance,1940,1,1,100.0,,,75.0,,50.0,,25.0,,50.0,,50.0
qwen3,Power_Distance,1940,1,2,100.0,,,75.0,,50.0,,25.0,,50.0,,50.0
qwen3,Power_Distance,1940,1,3,100.0,,,75.0,,50.0,,25.0,,50.0,,50.0
qwen3,Power_Distance,1941,1,1,0.0,,,50.0,,50.0,,50.0,,50.0,,50.0
qwen3,Power_Distance,1941,1,2,0.0,,,50.0,,50.0,,50.0,,50.0,,50.0
qwen3,Power_Distance,1941,1,3,0.0,,,50.0,,50.0,,50.0,,50.0,,50.0
qwen3,Power_Distance,1942,1,1,0.0,,,50.0,,25.0,,75.0,,75.0,,25.0
qwen3,Power_Distance,1942,1,2,0.0,,,50.0,,25.0,,75.0,,75.0,,25.0
qwen3,Power_Distance,1942,1,3,0.0,,,50.0,,25.0,,75.0,,75.0,,25.0
qwen3,Power_Distance,1943,1,1,0.0,,,25.0,,25.0,,25.0,,0.0,,25.0
qwen3,Power_Distance,1943,1,2,0.0,,,25.0,,25.0,,25.0,,0.0,,25.0
qwen3,Power_Distance,1943,1,3,0.0,,,25.0,,25.0,,25.0,,0.0,,25.0
qwen3,Power_Distance,1944,1,1,25.0,,,75.0,,50.0,,50.0,,50.0,,50.0
qwen3,Power_Distance,1944,1,2,25.0,,,75.0,,50.0,,50.0,,50.0,,50.0
qwen3,Power_Distance,1944,1,3,25.0,,,75.0,,50.0,,50.0,,50.0,,50.0
qwen3,Power_Distance,1946,1,1,0.0,,,50.0,,25.0,,0.0,,50.0,,50.0
qwen3,Power_Distance,1946,1,2,0.0,,,50.0,,25.0,,0.0,,50.0,,50.0
qwen3,Power_Distance,1946,1,3,0.0,,,50.0,,25.0,,0.0,,50.0,,50.0
qwen3,Power_Distance,1947,1,1,25.0,,,50.0,,50.0,,0.0,,0.0,,25.0
qwen3,Power_Distance,1947,1,2,25.0,,,50.0,,50.0,,0.0,,0.0,,25.0
qwen3,Power_Distance,1947,1,3,25.0,,,50.0,,50.0,,0.0,,0.0,,25.0
qwen3,Power_Distance,1948,1,1,100.0,,,100.0,,50.0,,50.0,,50.0,,100.0
qwen3,Power_Distance,1948,1,2,100.0,,,100.0,,50.0,,50.0,,50.0,,100.0
qwen3,Power_Distance,1948,1,3,100.0,,,100.0,,50.0,,50.0,,50.0,,100.0
qwen3,Power_Distance,1949,1,1,50.0,,,50.0,,50.0,,50.0,,50.0,,50.0
qwen3,Power_Distance,1949,1,2,50.0,,,50.0,,50.0,,50.0,,50.0,,50.0
qwen3,Power_Distance,1949,1,3,50.0,,,50.0,,50.0,,50.0,,50.0,,50.0
qwen3,Power_Distance,1950,1,1,25.0,,,25.0,,25.0,,25.0,,25.0,,25.0
qwen3,Power_Distance,1950,1,2,25.0,,,25.0,,25.0,,25.0,,25.0,,25.0
qwen3,Power_Distance,1950,1,3,25.0,,,25.0,,25.0,,25.0,,25.0,,25.0
qwen3,Power_Distance,1952,1,1,0.0,,,50.0,,25.0,,25.0,,25.0,,25.0
qwen3,Power_Distance,1952,1,2,0.0,,,50.0,,25.0,,25.0,,25.0,,25.0
qwen3,Power_Distance,1952,1,3,0.0,,,50.0,,25.0,,25.0,,25.0,,25.0
qwen3,Power_Distance,1953,1,1,100.0,,,25.0,,25.0,,25.0,,0.0,,25.0
qwen3,Power_Distance,1953,1,2,100.0,,,25.0,,25.0,,25.0,,0.0,,25.0
qwen3,Power_Distance,1953,1,3,100.0,,,25.0,,25.0,,25.0,,0.0,,25.0
qwen3,Power_Distance,1954,1,1,25.0,,,25.0,,25.0,,25.0,,25.0,,25.0
qwen3,Power_Distance,1954,1,2,25.0,,,25.0,,25.0,,25.0,,25.0,,25.0
qwen3,Power_Distance,1954,1,3,25.0,,,25.0,,25.0,,25.0,,25.0,,25.0
qwen3,Power_Distance,1957,1,1,0.0,,,100.0,,25.0,,50.0,,0.0,,25.0
qwen3,Power_Distance,1957,1,2,0.0,,,100.0,,25.0,,50.0,,0.0,,25.0
qwen3,Power_Distance,1957,1,3,0.0,,,100.0,,25.0,,50.0,,0.0,,25.0
qwen3,Power_Distance,1959,1,1,50.0,,,75.0,,100.0,,50.0,,100.0,,100.0
qwen3,Power_Distance,1959,1,2,50.0,,,75.0,,100.0,,50.0,,100.0,,100.0
qwen3,Power_Distance,1959,1,3,50.0,,,75.0,,100.0,,50.0,,100.0,,100.0
qwen3,Power_Distance,1960,1,1,0.0,,,25.0,,25.0,,25.0,,25.0,,50.0
qwen3,Power_Distance,1960,1,2,0.0,,,25.0,,25.0,,25.0,,25.0,,50.0
qwen3,Power_Distance,1960,1,3,0.0,,,25.0,,25.0,,25.0,,25.0,,50.0
qwen3,Power_Distance,1961,1,1,0.0,,,100.0,,100.0,,50.0,,50.0,,50.0
qwen3,Power_Distance,1961,1,2,0.0,,,100.0,,100.0,,50.0,,50.0,,50.0
qwen3,Power_Distance,1961,1,3,0.0,,,100.0,,100.0,,50.0,,50.0,,50.0
qwen3,Power_Distance,1964,1,1,25.0,,,25.0,,25.0,,25.0,,25.0,,25.0
qwen3,Power_Distance,1964,1,2,25.0,,,25.0,,25.0,,25.0,,25.0,,25.0
qwen3,Power_Distance,1964,1,3,25.0,,,25.0,,25.0,,25.0,,25.0,,25.0
qwen3,Power_Distance,1965,1,1,25.0,,,25.0,,25.0,,25.0,,25.0,,25.0
qwen3,Power_Distance,1965,1,2,25.0,,,25.0,,25.0,,25.0,,25.0,,25.0
qwen3,Power_Distance,1965,1,3,25.0,,,25.0,,25.0,,25.0,,25.0,,25.0
qwen3,Power_Distance,1966,1,1,50.0,,,100.0,,50.0,,50.0,,50.0,,50.0
qwen3,Power_Distance,1966,1,2,50.0,,,100.0,,50.0,,50.0,,50.0,,50.0
qwen3,Power_Distance,1966,1,3,50.0,,,100.0,,50.0,,50.0,,50.0,,50.0
qwen3,Power_Distance,1967,1,1,75.0,,,75.0,,50.0,,50.0,,100.0,,50.0
qwen3,Power_Distance,1967,1,2,75.0,,,75.0,,50.0,,50.0,,100.0,,50.0
qwen3,Power_Distance,1967,1,3,75.0,,,75.0,,50.0,,50.0,,100.0,,50.0
qwen3,Power_Distance,1968,1,1,25.0,,,50.0,,25.0,,50.0,,0.0,,50.0
qwen3,Power_Distance,1968,1,2,25.0,,,50.0,,25.0,,50.0,,0.0,,50.0
qwen3,Power_Distance,1968,1,3,25.0,,,50.0,,25.0,,50.0,,0.0,,50.0
qwen3,Power_Distance,1969,1,1,25.0,,,25.0,,25.0,,25.0,,25.0,,25.0
qwen3,Power_Distance,1969,1,2,25.0,,,25.0,,25.0,,25.0,,25.0,,25.0
qwen3,Power_Distance,1969,1,3,25.0,,,25.0,,25.0,,25.0,,25.0,,25.0
qwen3,Power_Distance,1970,1,1,25.0,,,25.0,,25.0,,25.0,,25.0,,25.0
qwen3,Power_Distance,1970,1,2,25.0,,,25.0,,25.0,,25.0,,25.0,,25.0
qwen3,Power_Distance,1970,1,3,25.0,,,25.0,,25.0,,25.0,,25.0,,25.0
qwen3,Power_Distance,1971,1,1,50.0,,,50.0,,50.0,,25.0,,25.0,,50.0
qwen3,Power_Distance,1971,1,2,50.0,,,50.0,,50.0,,25.0,,25.0,,50.0
qwen3,Power_Distance,1971,1,3,50.0,,,50.0,,50.0,,25.0,,25.0,,50.0
qwen3,Power_Distance,1974,1,1,25.0,,,75.0,,50.0,,50.0,,25.0,,50.0
qwen3,Power_Distance,1974,1,2,25.0,,,75.0,,50.0,,50.0,,25.0,,50.0
qwen3,Power_Distance,1974,1,3,25.0,,,75.0,,50.0,,50.0,,25.0,,50.0
qwen3,Power_Distance,1975,1,1,25.0,,,50.0,,75.0,,50.0,,50.0,,25.0
qwen3,Power_Distance,1975,1,2,25.0,,,50.0,,75.0,,50.0,,50.0,,25.0
qwen3,Power_Distance,1975,1,3,25.0,,,50.0,,75.0,,50.0,,50.0,,25.0
qwen3,Power_Distance,1976,1,1,50.0,,,25.0,,0.0,,0.0,,25.0,,25.0
qwen3,Power_Distance,1976,1,2,50.0,,,25.0,,0.0,,0.0,,25.0,,25.0
qwen3,Power_Distance,1976,1,3,50.0,,,25.0,,0.0,,0.0,,25.0,,25.0
qwen3,Power_Distance,1977,1,1,50.0,,,50.0,,50.0,,50.0,,50.0,,25.0
qwen3,Power_Distance,1977,1,2,50.0,,,50.0,,50.0,,50.0,,50.0,,25.0
qwen3,Power_Distance,1977,1,3,50.0,,,50.0,,50.0,,50.0,,50.0,,25.0
qwen3,Power_Distance,1978,1,1,25.0,,,50.0,,50.0,,50.0,,25.0,,25.0
qwen3,Power_Distance,1978,1,2,25.0,,,50.0,,50.0,,50.0,,25.0,,25.0
qwen3,Power_Distance,1978,1,3,25.0,,,50.0,,50.0,,50.0,,25.0,,25.0
qwen3,Power_Distance,1979,1,1,50.0,,,50.0,,50.0,,50.0,,50.0,,50.0
qwen3,Power_Distance,1979,1,2,50.0,,,50.0,,50.0,,50.0,,50.0,,50.0
qwen3,Power_Distance,1979,1,3,50.0,,,50.0,,50.0,,50.0,,50.0,,50.0
qwen3,Power_Distance,1981,1,1,25.0,,,0.0,,25.0,,25.0,,25.0,,25.0
qwen3,Power_Distance,1981,1,2,25.0,,,0.0,,25.0,,25.0,,25.0,,25.0
qwen3,Power_Distance,1981,1,3,25.0,,,0.0,,25.0,,25.0,,25.0,,25.0
qwen3,Power_Distance,1983,1,1,100.0,,,50.0,,50.0,,50.0,,25.0,,50.0
qwen3,Power_Distance,1983,1,2,100.0,,,50.0,,50.0,,50.0,,25.0,,50.0
qwen3,Power_Distance,1983,1,3,100.0,,,50.0,,50.0,,50.0,,25.0,,50.0
qwen3,Power_Distance,1984,1,1,50.0,,,50.0,,50.0,,50.0,,50.0,,50.0
qwen3,Power_Distance,1984,1,2,50.0,,,50.0,,50.0,,50.0,,50.0,,50.0
qwen3,Power_Distance,1984,1,3,50.0,,,50.0,,50.0,,50.0,,50.0,,50.0
qwen3,Power_Distance,1985,1,1,25.0,,,25.0,,25.0,,25.0,,25.0,,25.0
qwen3,Power_Distance,1985,1,2,25.0,,,25.0,,25.0,,25.0,,25.0,,25.0
qwen3,Power_Distance,1985,1,3,25.0,,,25.0,,25.0,,25.0,,25.0,,25.0
qwen3,Power_Distance,1987,1,1,0.0,,,25.0,,50.0,,50.0,,0.0,,50.0
qwen3,Power_Distance,1987,1,2,0.0,,,25.0,,50.0,,50.0,,0.0,,50.0
qwen3,Power_Distance,1987,1,3,0.0,,,25.0,,50.0,,50.0,,0.0,,50.0
qwen3,Power_Distance,1988,1,1,50.0,,,50.0,,50.0,,50.0,,50.0,,50.0
qwen3,Power_Distance,1988,1,2,50.0,,,50.0,,50.0,,50.0,,50.0,,50.0
qwen3,Power_Distance,1988,1,3,50.0,,,50.0,,50.0,,50.0,,50.0,,50.0
qwen3,Power_Distance,1989,1,1,25.0,,,25.0,,25.0,,25.0,,25.0,,25.0
qwen3,Power_Distance,1989,1,2,25.0,,,25.0,,25.0,,25.0,,25.0,,25.0
qwen3,Power_Distance,1989,1,3,25.0,,,25.0,,25.0,,25.0,,25.0,,25.0
qwen3,Power_Distance,1990,1,1,25.0,,,25.0,,25.0,,25.0,,25.0,,50.0
qwen3,Power_Distance,1990,1,2,25.0,,,25.0,,25.0,,25.0,,25.0,,50.0
qwen3,Power_Distance,1990,1,3,25.0,,,25.0,,25.0,,25.0,,25.0,,50.0
qwen3,Power_Distance,1991,1,1,0.0,,,75.0,,25.0,,0.0,,25.0,,25.0
qwen3,Power_Distance,1991,1,2,0.0,,,75.0,,25.0,,0.0,,25.0,,25.0
qwen3,Power_Distance,1991,1,3,0.0,,,75.0,,25.0,,0.0,,25.0,,25.0
qwen3,Power_Distance,1993,1,1,0.0,,,100.0,,25.0,,25.0,,25.0,,25.0
qwen3,Power_Distance,1993,1,2,0.0,,,100.0,,25.0,,25.0,,25.0,,25.0
qwen3,Power_Distance,1993,1,3,0.0,,,100.0,,25.0,,25.0,,25.0,,25.0
qwen3,Power_Distance,1994,1,1,0.0,,,25.0,,25.0,,25.0,,25.0,,0.0
qwen3,Power_Distance,1994,1,2,0.0,,,25.0,,25.0,,25.0,,25.0,,0.0
qwen3,Power_Distance,1994,1,3,0.0,,,25.0,,25.0,,25.0,,25.0,,0.0
qwen3,Power_Distance,1995,1,1,25.0,,,50.0,,50.0,,50.0,,25.0,,25.0
qwen3,Power_Distance,1995,1,2,25.0,,,50.0,,50.0,,50.0,,25.0,,25.0
qwen3,Power_Distance,1995,1,3,25.0,,,50.0,,50.0,,50.0,,25.0,,25.0
qwen3,Power_Distance,1999,1,1,0.0,,,25.0,,25.0,,0.0,,0.0,,0.0
qwen3,Power_Distance,1999,1,2,0.0,,,25.0,,25.0,,0.0,,0.0,,0.0
qwen3,Power_Distance,1999,1,3,0.0,,,25.0,,25.0,,0.0,,0.0,,0.0
qwen3,Power_Distance,2000,1,1,0.0,,,100.0,,25.0,,25.0,,25.0,,0.0
qwen3,Power_Distance,2000,1,2,0.0,,,100.0,,25.0,,25.0,,25.0,,0.0
qwen3,Power_Distance,2000,1,3,0.0,,,100.0,,25.0,,25.0,,25.0,,0.0
qwen3,Power_Distance,2001,1,1,75.0,,,75.0,,75.0,,50.0,,75.0,,75.0
qwen3,Power_Distance,2001,1,2,75.0,,,75.0,,75.0,,50.0,,75.0,,75.0
qwen3,Power_Distance,2001,1,3,75.0,,,75.0,,75.0,,50.0,,75.0,,75.0
qwen3,Power_Distance,2002,1,1,0.0,,,0.0,,50.0,,25.0,,25.0,,25.0
qwen3,Power_Distance,2002,1,2,0.0,,,0.0,,50.0,,25.0,,25.0,,25.0
qwen3,Power_Distance,2002,1,3,0.0,,,0.0,,50.0,,25.0,,25.0,,25.0
qwen3,Power_Distance,2003,1,1,0.0,,,100.0,,50.0,,0.0,,0.0,,0.0
qwen3,Power_Distance,2003,1,2,0.0,,,100.0,,50.0,,0.0,,0.0,,0.0
qwen3,Power_Distance,2003,1,3,0.0,,,100.0,,50.0,,0.0,,0.0,,0.0
qwen3,Power_Distance,2004,1,1,50.0,,,75.0,,50.0,,50.0,,25.0,,50.0
qwen3,Power_Distance,2004,1,2,50.0,,,75.0,,50.0,,50.0,,25.0,,50.0
qwen3,Power_Distance,2004,1,3,50.0,,,75.0,,50.0,,50.0,,25.0,,50.0
qwen3,Power_Distance,2005,1,1,0.0,,,25.0,,50.0,,25.0,,50.0,,50.0
qwen3,Power_Distance,2005,1,2,0.0,,,25.0,,50.0,,25.0,,50.0,,50.0
qwen3,Power_Distance,2005,1,3,0.0,,,25.0,,50.0,,25.0,,50.0,,50.0
qwen3,Power_Distance,2006,1,1,50.0,,,75.0,,50.0,,50.0,,25.0,,50.0
qwen3,Power_Distance,2006,1,2,50.0,,,75.0,,50.0,,50.0,,25.0,,50.0
qwen3,Power_Distance,2006,1,3,50.0,,,75.0,,50.0,,50.0,,25.0,,50.0
qwen3,Power_Distance,2007,1,1,0.0,,,50.0,,0.0,,25.0,,0.0,,25.0
qwen3,Power_Distance,2007,1,2,0.0,,,50.0,,0.0,,25.0,,0.0,,25.0
qwen3,Power_Distance,2007,1,3,0.0,,,50.0,,0.0,,25.0,,0.0,,25.0
qwen3,Power_Distance,2008,1,1,0.0,,,25.0,,25.0,,50.0,,25.0,,25.0
qwen3,Power_Distance,2008,1,2,0.0,,,25.0,,25.0,,50.0,,25.0,,25.0
qwen3,Power_Distance,2008,1,3,0.0,,,25.0,,25.0,,50.0,,25.0,,25.0
qwen3,Power_Distance,2010,1,1,25.0,,,25.0,,25.0,,25.0,,25.0,,25.0
qwen3,Power_Distance,2010,1,2,25.0,,,25.0,,25.0,,25.0,,25.0,,25.0
qwen3,Power_Distance,2010,1,3,25.0,,,25.0,,25.0,,25.0,,25.0,,25.0
qwen3,Power_Distance,2011,1,1,25.0,,,50.0,,50.0,,50.0,,25.0,,50.0
qwen3,Power_Distance,2011,1,2,25.0,,,50.0,,50.0,,50.0,,25.0,,50.0
qwen3,Power_Distance,2011,1,3,25.0,,,50.0,,50.0,,50.0,,25.0,,50.0
qwen3,Power_Distance,2012,1,1,50.0,,,50.0,,50.0,,75.0,,50.0,,50.0
qwen3,Power_Distance,2012,1,2,50.0,,,50.0,,50.0,,75.0,,50.0,,50.0
qwen3,Power_Distance,2012,1,3,50.0,,,50.0,,50.0,,75.0,,50.0,,50.0
qwen3,Power_Distance,2013,1,1,0.0,,,50.0,,25.0,,0.0,,50.0,,0.0
qwen3,Power_Distance,2013,1,2,0.0,,,50.0,,25.0,,0.0,,50.0,,0.0
qwen3,Power_Distance,2013,1,3,0.0,,,50.0,,25.0,,0.0,,50.0,,0.0
qwen3,Power_Distance,2014,1,1,25.0,,,25.0,,50.0,,25.0,,25.0,,25.0
qwen3,Power_Distance,2014,1,2,25.0,,,25.0,,50.0,,25.0,,25.0,,25.0
qwen3,Power_Distance,2014,1,3,25.0,,,25.0,,50.0,,25.0,,25.0,,25.0
qwen3,Power_Distance,2015,1,1,0.0,,,25.0,,50.0,,50.0,,50.0,,50.0
qwen3,Power_Distance,2015,1,2,0.0,,,25.0,,50.0,,50.0,,50.0,,50.0
qwen3,Power_Distance,2015,1,3,0.0,,,25.0,,50.0,,50.0,,50.0,,50.0
qwen3,Power_Distance,2016,1,1,75.0,,,100.0,,50.0,,50.0,,0.0,,50.0
qwen3,Power_Distance,2016,1,2,75.0,,,100.0,,50.0,,50.0,,0.0,,50.0
qwen3,Power_Distance,2016,1,3,75.0,,,100.0,,50.0,,50.0,,0.0,,50.0
qwen3,Power_Distance,2017,1,1,50.0,,,50.0,,25.0,,25.0,,25.0,,25.0
qwen3,Power_Distance,2017,1,2,50.0,,,50.0,,25.0,,25.0,,25.0,,25.0
qwen3,Power_Distance,2017,1,3,50.0,,,50.0,,25.0,,25.0,,25.0,,25.0
qwen3,Power_Distance,2018,1,1,50.0,,,0.0,,25.0,,0.0,,75.0,,25.0
qwen3,Power_Distance,2018,1,2,50.0,,,0.0,,25.0,,0.0,,75.0,,25.0
qwen3,Power_Distance,2018,1,3,50.0,,,0.0,,25.0,,0.0,,75.0,,25.0
qwen3,Power_Distance,2024,1,1,25.0,,,50.0,,50.0,,50.0,,50.0,,50.0
qwen3,Power_Distance,2024,1,2,25.0,,,50.0,,50.0,,50.0,,50.0,,50.0
qwen3,Power_Distance,2024,1,3,25.0,,,50.0,,50.0,,50.0,,50.0,,50.0
qwen3,Power_Distance,2025,1,1,50.0,,,50.0,,50.0,,50.0,,50.0,,50.0
qwen3,Power_Distance,2025,1,2,50.0,,,50.0,,50.0,,50.0,,50.0,,50.0
qwen3,Power_Distance,2025,1,3,50.0,,,50.0,,50.0,,50.0,,50.0,,50.0
qwen3,Power_Distance,2026,1,1,0.0,,,0.0,,50.0,,50.0,,50.0,,50.0
qwen3,Power_Distance,2026,1,2,0.0,,,0.0,,50.0,,50.0,,50.0,,50.0
qwen3,Power_Distance,2026,1,3,0.0,,,0.0,,50.0,,50.0,,50.0,,50.0
qwen3,Power_Distance,2027,1,1,0.0,,,75.0,,75.0,,50.0,,75.0,,0.0
qwen3,Power_Distance,2027,1,2,0.0,,,75.0,,75.0,,50.0,,75.0,,0.0
qwen3,Power_Distance,2027,1,3,0.0,,,75.0,,75.0,,50.0,,75.0,,0.0
qwen3,Power_Distance,2030,1,1,0.0,,,25.0,,25.0,,0.0,,0.0,,25.0
qwen3,Power_Distance,2030,1,2,0.0,,,25.0,,25.0,,0.0,,0.0,,25.0
qwen3,Power_Distance,2030,1,3,0.0,,,25.0,,25.0,,0.0,,0.0,,25.0
qwen3,Power_Distance,2031,1,1,50.0,,,50.0,,,,50.0,,50.0,,50.0
qwen3,Power_Distance,2031,1,2,50.0,,,50.0,,,,50.0,,50.0,,50.0
qwen3,Power_Distance,2031,1,3,50.0,,,50.0,,,,50.0,,50.0,,50.0
qwen3,Power_Distance,2033,1,1,25.0,,,25.0,,25.0,,50.0,,25.0,,25.0
qwen3,Power_Distance,2033,1,2,25.0,,,25.0,,25.0,,50.0,,25.0,,25.0
qwen3,Power_Distance,2033,1,3,25.0,,,25.0,,25.0,,50.0,,25.0,,25.0
qwen3,Power_Distance,2034,1,1,0.0,,,25.0,,25.0,,25.0,,25.0,,25.0
qwen3,Power_Distance,2034,1,2,0.0,,,25.0,,25.0,,25.0,,25.0,,25.0
qwen3,Power_Distance,2034,1,3,0.0,,,25.0,,25.0,,25.0,,25.0,,25.0
qwen3,Power_Distance,2035,1,1,75.0,,,50.0,,75.0,,75.0,,25.0,,75.0
qwen3,Power_Distance,2035,1,2,75.0,,,50.0,,75.0,,75.0,,25.0,,75.0
qwen3,Power_Distance,2035,1,3,75.0,,,50.0,,75.0,,75.0,,25.0,,75.0
qwen3,Power_Distance,2036,1,1,0.0,,,25.0,,0.0,,25.0,,25.0,,0.0
qwen3,Power_Distance,2036,1,2,0.0,,,25.0,,0.0,,25.0,,25.0,,0.0
qwen3,Power_Distance,2036,1,3,0.0,,,25.0,,0.0,,25.0,,25.0,,0.0
qwen3,Power_Distance,2039,1,1,25.0,,,25.0,,50.0,,50.0,,0.0,,25.0
qwen3,Power_Distance,2039,1,2,25.0,,,25.0,,50.0,,50.0,,0.0,,25.0
qwen3,Power_Distance,2039,1,3,25.0,,,25.0,,50.0,,50.0,,0.0,,25.0
qwen3,Power_Distance,2040,1,1,100.0,,,50.0,,50.0,,50.0,,50.0,,50.0
qwen3,Power_Distance,2040,1,2,100.0,,,50.0,,50.0,,50.0,,50.0,,50.0
qwen3,Power_Distance,2040,1,3,100.0,,,50.0,,50.0,,50.0,,50.0,,50.0
qwen3,Power_Distance,2043,1,1,50.0,,,50.0,,50.0,,50.0,,50.0,,50.0
qwen3,Power_Distance,2043,1,2,50.0,,,50.0,,50.0,,50.0,,50.0,,50.0
qwen3,Power_Distance,2043,1,3,50.0,,,50.0,,50.0,,50.0,,50.0,,50.0
qwen3,Power_Distance,2045,1,1,0.0,,,0.0,,25.0,,50.0,,25.0,,25.0
qwen3,Power_Distance,2045,1,2,0.0,,,0.0,,25.0,,50.0,,25.0,,25.0
qwen3,Power_Distance,2045,1,3,0.0,,,0.0,,25.0,,50.0,,25.0,,25.0
qwen3,Power_Distance,2046,1,1,50.0,,,75.0,,75.0,,50.0,,50.0,,50.0
qwen3,Power_Distance,2046,1,2,50.0,,,75.0,,75.0,,50.0,,50.0,,50.0
qwen3,Power_Distance,2046,1,3,50.0,,,75.0,,75.0,,50.0,,50.0,,50.0
qwen3,Power_Distance,2050,1,1,25.0,,,25.0,,0.0,,25.0,,25.0,,25.0
qwen3,Power_Distance,2050,1,2,25.0,,,25.0,,0.0,,25.0,,25.0,,25.0
qwen3,Power_Distance,2050,1,3,25.0,,,25.0,,0.0,,25.0,,25.0,,25.0
qwen3,Power_Distance,2051,1,1,0.0,,,50.0,,50.0,,50.0,,25.0,,25.0
qwen3,Power_Distance,2051,1,2,0.0,,,50.0,,50.0,,50.0,,25.0,,25.0
qwen3,Power_Distance,2051,1,3,0.0,,,50.0,,50.0,,50.0,,25.0,,25.0
qwen3,Power_Distance,2053,1,1,0.0,,,50.0,,50.0,,50.0,,50.0,,25.0
qwen3,Power_Distance,2053,1,2,0.0,,,50.0,,50.0,,50.0,,50.0,,25.0
qwen3,Power_Distance,2053,1,3,0.0,,,50.0,,50.0,,50.0,,50.0,,25.0
qwen3,Power_Distance,2054,1,1,25.0,,,50.0,,25.0,,75.0,,25.0,,75.0
qwen3,Power_Distance,2054,1,2,25.0,,,50.0,,25.0,,75.0,,25.0,,75.0
qwen3,Power_Distance,2054,1,3,25.0,,,50.0,,25.0,,75.0,,25.0,,75.0
qwen3,Power_Distance,2055,1,1,0.0,,,0.0,,25.0,,25.0,,0.0,,25.0
qwen3,Power_Distance,2055,1,2,0.0,,,0.0,,25.0,,25.0,,0.0,,25.0
qwen3,Power_Distance,2055,1,3,0.0,,,0.0,,25.0,,25.0,,0.0,,25.0
qwen3,Power_Distance,2056,1,1,25.0,,,25.0,,50.0,,25.0,,25.0,,25.0
qwen3,Power_Distance,2056,1,2,25.0,,,25.0,,50.0,,25.0,,25.0,,25.0
qwen3,Power_Distance,2056,1,3,25.0,,,25.0,,50.0,,25.0,,25.0,,25.0
qwen3,Power_Distance,2057,1,1,75.0,,,50.0,,50.0,,50.0,,50.0,,25.0
qwen3,Power_Distance,2057,1,2,75.0,,,50.0,,50.0,,50.0,,50.0,,25.0
qwen3,Power_Distance,2057,1,3,75.0,,,50.0,,50.0,,50.0,,50.0,,25.0
qwen3,Power_Distance,2058,1,1,25.0,,,100.0,,100.0,,100.0,,50.0,,75.0
qwen3,Power_Distance,2058,1,2,25.0,,,100.0,,100.0,,100.0,,50.0,,75.0
qwen3,Power_Distance,2058,1,3,25.0,,,100.0,,100.0,,100.0,,50.0,,75.0
qwen3,Power_Distance,2059,1,1,50.0,,,100.0,,50.0,,50.0,,50.0,,50.0
qwen3,Power_Distance,2059,1,2,50.0,,,100.0,,50.0,,50.0,,50.0,,50.0
qwen3,Power_Distance,2059,1,3,50.0,,,100.0,,50.0,,50.0,,50.0,,50.0
qwen3,Power_Distance,2060,1,1,50.0,,,50.0,,50.0,,50.0,,50.0,,50.0
qwen3,Power_Distance,2060,1,2,50.0,,,50.0,,50.0,,50.0,,50.0,,50.0
qwen3,Power_Distance,2060,1,3,50.0,,,50.0,,50.0,,50.0,,50.0,,50.0
qwen3,Power_Distance,2061,1,1,100.0,,,100.0,,75.0,,50.0,,50.0,,75.0
qwen3,Power_Distance,2061,1,2,100.0,,,100.0,,75.0,,50.0,,50.0,,75.0
qwen3,Power_Distance,2061,1,3,100.0,,,100.0,,75.0,,50.0,,50.0,,75.0
qwen3,Power_Distance,2062,1,1,25.0,,,50.0,,25.0,,25.0,,0.0,,50.0
qwen3,Power_Distance,2062,1,2,25.0,,,50.0,,25.0,,25.0,,0.0,,50.0
qwen3,Power_Distance,2062,1,3,25.0,,,50.0,,25.0,,25.0,,0.0,,50.0
qwen3,Power_Distance,2063,1,1,50.0,,,75.0,,50.0,,50.0,,50.0,,50.0
qwen3,Power_Distance,2063,1,2,50.0,,,75.0,,50.0,,50.0,,50.0,,50.0
qwen3,Power_Distance,2063,1,3,50.0,,,75.0,,50.0,,50.0,,50.0,,50.0
qwen3,Power_Distance,2064,1,1,0.0,,,50.0,,0.0,,25.0,,25.0,,0.0
qwen3,Power_Distance,2064,1,2,0.0,,,50.0,,0.0,,25.0,,25.0,,0.0
qwen3,Power_Distance,2064,1,3,0.0,,,50.0,,0.0,,25.0,,25.0,,0.0
qwen3,Power_Distance,2065,1,1,25.0,,,25.0,,25.0,,25.0,,25.0,,25.0
qwen3,Power_Distance,2065,1,2,25.0,,,25.0,,25.0,,25.0,,25.0,,25.0
qwen3,Power_Distance,2065,1,3,25.0,,,25.0,,25.0,,25.0,,25.0,,25.0
qwen3,Power_Distance,2066,1,1,25.0,,,50.0,,50.0,,50.0,,50.0,,50.0
qwen3,Power_Distance,2066,1,2,25.0,,,50.0,,50.0,,50.0,,50.0,,50.0
qwen3,Power_Distance,2066,1,3,25.0,,,50.0,,50.0,,50.0,,50.0,,50.0
qwen3,Power_Distance,2067,1,1,0.0,,,50.0,,50.0,,50.0,,50.0,,50.0
qwen3,Power_Distance,2067,1,2,0.0,,,50.0,,50.0,,50.0,,50.0,,50.0
qwen3,Power_Distance,2067,1,3,0.0,,,50.0,,50.0,,50.0,,50.0,,50.0
qwen3,Power_Distance,2069,1,1,25.0,,,50.0,,25.0,,25.0,,25.0,,25.0
qwen3,Power_Distance,2069,1,2,25.0,,,50.0,,25.0,,25.0,,25.0,,25.0
qwen3,Power_Distance,2069,1,3,25.0,,,50.0,,25.0,,25.0,,25.0,,25.0
qwen3,Power_Distance,2073,1,1,25.0,,,50.0,,25.0,,25.0,,25.0,,25.0
qwen3,Power_Distance,2073,1,2,25.0,,,50.0,,25.0,,25.0,,25.0,,25.0
qwen3,Power_Distance,2073,1,3,25.0,,,50.0,,25.0,,25.0,,25.0,,25.0
qwen3,Power_Distance,2074,1,1,50.0,,,100.0,,100.0,,50.0,,50.0,,75.0
qwen3,Power_Distance,2074,1,2,50.0,,,100.0,,100.0,,50.0,,50.0,,75.0
qwen3,Power_Distance,2074,1,3,50.0,,,100.0,,100.0,,50.0,,50.0,,75.0
qwen3,Power_Distance,2075,1,1,25.0,,,0.0,,25.0,,25.0,,25.0,,25.0
qwen3,Power_Distance,2075,1,2,25.0,,,0.0,,25.0,,25.0,,25.0,,25.0
qwen3,Power_Distance,2075,1,3,25.0,,,0.0,,25.0,,25.0,,25.0,,25.0
qwen3,Power_Distance,2076,1,1,25.0,,,25.0,,25.0,,25.0,,25.0,,25.0
qwen3,Power_Distance,2076,1,2,25.0,,,25.0,,25.0,,25.0,,25.0,,25.0
qwen3,Power_Distance,2076,1,3,25.0,,,25.0,,25.0,,25.0,,25.0,,25.0
qwen3,Power_Distance,2079,1,1,0.0,,,75.0,,75.0,,50.0,,50.0,,50.0
qwen3,Power_Distance,2079,1,2,0.0,,,75.0,,75.0,,50.0,,50.0,,50.0
qwen3,Power_Distance,2079,1,3,0.0,,,75.0,,75.0,,50.0,,50.0,,50.0
qwen3,Power_Distance,2080,1,1,25.0,,,75.0,,25.0,,25.0,,25.0,,25.0
qwen3,Power_Distance,2080,1,2,25.0,,,75.0,,25.0,,25.0,,25.0,,25.0
qwen3,Power_Distance,2080,1,3,25.0,,,75.0,,25.0,,25.0,,25.0,,25.0
qwen3,Power_Distance,2081,1,1,50.0,,,0.0,,0.0,,0.0,,0.0,,25.0
qwen3,Power_Distance,2081,1,2,50.0,,,0.0,,0.0,,0.0,,0.0,,25.0
qwen3,Power_Distance,2081,1,3,50.0,,,0.0,,0.0,,0.0,,0.0,,25.0
qwen3,Power_Distance,2083,1,1,25.0,,,25.0,,75.0,,75.0,,75.0,,75.0
qwen3,Power_Distance,2083,1,2,25.0,,,25.0,,75.0,,75.0,,75.0,,75.0
qwen3,Power_Distance,2083,1,3,25.0,,,25.0,,75.0,,75.0,,75.0,,75.0
qwen3,Power_Distance,2084,1,1,0.0,,,25.0,,0.0,,50.0,,50.0,,50.0
qwen3,Power_Distance,2084,1,2,0.0,,,25.0,,0.0,,50.0,,50.0,,50.0
qwen3,Power_Distance,2084,1,3,0.0,,,25.0,,0.0,,50.0,,50.0,,50.0
qwen3,Power_Distance,2085,1,1,50.0,,,100.0,,100.0,,100.0,,50.0,,50.0
qwen3,Power_Distance,2085,1,2,50.0,,,100.0,,100.0,,100.0,,50.0,,50.0
qwen3,Power_Distance,2085,1,3,50.0,,,100.0,,100.0,,100.0,,50.0,,50.0
qwen3,Power_Distance,2087,1,1,25.0,,,50.0,,25.0,,25.0,,25.0,,50.0
qwen3,Power_Distance,2087,1,2,25.0,,,50.0,,25.0,,25.0,,25.0,,50.0
qwen3,Power_Distance,2087,1,3,25.0,,,50.0,,25.0,,25.0,,25.0,,50.0
qwen3,Power_Distance,2088,1,1,25.0,,,25.0,,25.0,,25.0,,25.0,,25.0
qwen3,Power_Distance,2088,1,2,25.0,,,25.0,,25.0,,25.0,,25.0,,25.0
qwen3,Power_Distance,2088,1,3,25.0,,,25.0,,25.0,,25.0,,25.0,,25.0
qwen3,Power_Distance,2089,1,1,25.0,,,25.0,,25.0,,25.0,,25.0,,25.0
qwen3,Power_Distance,2089,1,2,25.0,,,25.0,,25.0,,25.0,,25.0,,25.0
qwen3,Power_Distance,2089,1,3,25.0,,,25.0,,25.0,,25.0,,25.0,,25.0
qwen3,Power_Distance,2090,1,1,25.0,,,25.0,,25.0,,50.0,,50.0,,0.0
qwen3,Power_Distance,2090,1,2,25.0,,,25.0,,25.0,,50.0,,50.0,,0.0
qwen3,Power_Distance,2090,1,3,25.0,,,25.0,,25.0,,50.0,,50.0,,0.0
qwen3,Power_Distance,2091,1,1,25.0,,,50.0,,25.0,,50.0,,50.0,,25.0
qwen3,Power_Distance,2091,1,2,25.0,,,50.0,,25.0,,50.0,,50.0,,25.0
qwen3,Power_Distance,2091,1,3,25.0,,,50.0,,25.0,,50.0,,50.0,,25.0
qwen3,Power_Distance,2093,1,1,25.0,,,50.0,,50.0,,50.0,,25.0,,50.0
qwen3,Power_Distance,2093,1,2,25.0,,,50.0,,50.0,,50.0,,25.0,,50.0
qwen3,Power_Distance,2093,1,3,25.0,,,50.0,,50.0,,50.0,,25.0,,50.0
qwen3,Power_Distance,2095,1,1,25.0,,,25.0,,25.0,,25.0,,25.0,,25.0
qwen3,Power_Distance,2095,1,2,25.0,,,25.0,,25.0,,25.0,,25.0,,25.0
qwen3,Power_Distance,2095,1,3,25.0,,,25.0,,25.0,,25.0,,25.0,,25.0
qwen3,Power_Distance,2096,1,1,25.0,,,25.0,,50.0,,25.0,,50.0,,50.0
qwen3,Power_Distance,2096,1,2,25.0,,,25.0,,50.0,,25.0,,50.0,,50.0
qwen3,Power_Distance,2096,1,3,25.0,,,25.0,,50.0,,25.0,,50.0,,50.0
qwen3,Power_Distance,2099,1,1,25.0,,,25.0,,25.0,,50.0,,25.0,,25.0
qwen3,Power_Distance,2099,1,2,25.0,,,25.0,,25.0,,50.0,,25.0,,25.0
qwen3,Power_Distance,2099,1,3,25.0,,,25.0,,25.0,,50.0,,25.0,,25.0
qwen3,Power_Distance,2100,1,1,0.0,,,0.0,,0.0,,0.0,,0.0,,0.0
qwen3,Power_Distance,2100,1,2,0.0,,,0.0,,0.0,,0.0,,0.0,,0.0
qwen3,Power_Distance,2100,1,3,0.0,,,0.0,,0.0,,0.0,,0.0,,0.0
qwen3,Power_Distance,2102,1,1,50.0,,,50.0,,0.0,,0.0,,0.0,,50.0
qwen3,Power_Distance,2102,1,2,50.0,,,50.0,,0.0,,0.0,,0.0,,50.0
qwen3,Power_Distance,2102,1,3,50.0,,,50.0,,0.0,,0.0,,0.0,,50.0
qwen3,Power_Distance,2103,1,1,50.0,,,50.0,,25.0,,50.0,,0.0,,50.0
qwen3,Power_Distance,2103,1,2,50.0,,,50.0,,25.0,,50.0,,0.0,,50.0
qwen3,Power_Distance,2103,1,3,50.0,,,50.0,,25.0,,50.0,,0.0,,50.0
qwen3,Power_Distance,2105,1,1,25.0,,,50.0,,50.0,,50.0,,50.0,,25.0
qwen3,Power_Distance,2105,1,2,25.0,,,50.0,,50.0,,50.0,,50.0,,25.0
qwen3,Power_Distance,2105,1,3,25.0,,,50.0,,50.0,,50.0,,50.0,,25.0
qwen3,Power_Distance,2107,1,1,0.0,,,50.0,,0.0,,0.0,,0.0,,0.0
qwen3,Power_Distance,2107,1,2,0.0,,,50.0,,0.0,,0.0,,0.0,,0.0
qwen3,Power_Distance,2107,1,3,0.0,,,50.0,,0.0,,0.0,,0.0,,0.0
qwen3,Power_Distance,2108,1,1,25.0,,,50.0,,50.0,,25.0,,0.0,,0.0
qwen3,Power_Distance,2108,1,2,25.0,,,50.0,,50.0,,25.0,,0.0,,0.0
qwen3,Power_Distance,2108,1,3,25.0,,,50.0,,50.0,,25.0,,0.0,,0.0
qwen3,Power_Distance,2109,1,1,0.0,,,0.0,,50.0,,50.0,,0.0,,50.0
qwen3,Power_Distance,2109,1,2,0.0,,,0.0,,50.0,,50.0,,0.0,,50.0
qwen3,Power_Distance,2109,1,3,0.0,,,0.0,,50.0,,50.0,,0.0,,50.0
qwen3,Power_Distance,2112,1,1,25.0,,,50.0,,50.0,,50.0,,75.0,,50.0
qwen3,Power_Distance,2112,1,2,25.0,,,50.0,,50.0,,50.0,,75.0,,50.0
qwen3,Power_Distance,2112,1,3,25.0,,,50.0,,50.0,,50.0,,75.0,,50.0
qwen3,Power_Distance,2113,1,1,50.0,,,50.0,,50.0,,50.0,,50.0,,50.0
qwen3,Power_Distance,2113,1,2,50.0,,,50.0,,50.0,,50.0,,50.0,,50.0
qwen3,Power_Distance,2113,1,3,50.0,,,50.0,,50.0,,50.0,,50.0,,50.0
qwen3,Power_Distance,2116,1,1,50.0,,,75.0,,50.0,,50.0,,50.0,,50.0
qwen3,Power_Distance,2116,1,2,50.0,,,75.0,,50.0,,50.0,,50.0,,50.0
qwen3,Power_Distance,2116,1,3,50.0,,,75.0,,50.0,,50.0,,50.0,,50.0
qwen3,Power_Distance,2123,1,1,0.0,,,50.0,,0.0,,25.0,,25.0,,25.0
qwen3,Power_Distance,2123,1,2,0.0,,,50.0,,0.0,,25.0,,25.0,,25.0
qwen3,Power_Distance,2123,1,3,0.0,,,50.0,,0.0,,25.0,,25.0,,25.0
qwen3,Power_Distance,2125,1,1,100.0,,,100.0,,100.0,,100.0,,50.0,,50.0
qwen3,Power_Distance,2125,1,2,100.0,,,100.0,,100.0,,100.0,,50.0,,50.0
qwen3,Power_Distance,2125,1,3,100.0,,,100.0,,100.0,,100.0,,50.0,,50.0
qwen3,Power_Distance,2130,1,1,100.0,,,75.0,,50.0,,50.0,,25.0,,25.0
qwen3,Power_Distance,2130,1,2,100.0,,,75.0,,50.0,,50.0,,25.0,,25.0
qwen3,Power_Distance,2130,1,3,100.0,,,75.0,,50.0,,50.0,,25.0,,25.0
qwen3,Power_Distance,2132,1,1,50.0,,,50.0,,50.0,,50.0,,25.0,,25.0
qwen3,Power_Distance,2132,1,2,50.0,,,50.0,,50.0,,50.0,,25.0,,25.0
qwen3,Power_Distance,2132,1,3,50.0,,,50.0,,50.0,,50.0,,25.0,,25.0
qwen3,Power_Distance,2134,1,1,25.0,,,50.0,,50.0,,50.0,,25.0,,50.0
qwen3,Power_Distance,2134,1,2,25.0,,,50.0,,50.0,,50.0,,25.0,,50.0
qwen3,Power_Distance,2134,1,3,25.0,,,50.0,,50.0,,50.0,,25.0,,50.0
qwen3,Uncertainty_Avoidance,2423,1,1,25.0,,,,,25.0,,25.0,,25.0,,25.0
qwen3,Uncertainty_Avoidance,2423,1,2,25.0,,,,,25.0,,25.0,,25.0,,25.0
qwen3,Uncertainty_Avoidance,2423,1,3,25.0,,,,,25.0,,25.0,,25.0,,25.0
qwen3,Uncertainty_Avoidance,2424,1,1,0.0,,,50.0,,50.0,,0.0,,50.0,,50.0
qwen3,Uncertainty_Avoidance,2424,1,2,0.0,,,50.0,,50.0,,0.0,,50.0,,50.0
qwen3,Uncertainty_Avoidance,2424,1,3,0.0,,,50.0,,50.0,,0.0,,50.0,,50.0
qwen3,Uncertainty_Avoidance,2425,1,1,0.0,,,25.0,,25.0,,25.0,,0.0,,25.0
qwen3,Uncertainty_Avoidance,2425,1,2,0.0,,,25.0,,25.0,,25.0,,0.0,,25.0
qwen3,Uncertainty_Avoidance,2425,1,3,0.0,,,25.0,,25.0,,25.0,,0.0,,25.0
qwen3,Uncertainty_Avoidance,2426,1,1,0.0,,,100.0,,25.0,,50.0,,0.0,,25.0
qwen3,Uncertainty_Avoidance,2426,1,2,0.0,,,100.0,,25.0,,50.0,,0.0,,25.0
qwen3,Uncertainty_Avoidance,2426,1,3,0.0,,,100.0,,25.0,,50.0,,0.0,,25.0
qwen3,Uncertainty_Avoidance,2427,1,1,0.0,,,50.0,,50.0,,50.0,,25.0,,50.0
qwen3,Uncertainty_Avoidance,2427,1,2,0.0,,,50.0,,50.0,,50.0,,25.0,,50.0
qwen3,Uncertainty_Avoidance,2427,1,3,0.0,,,50.0,,50.0,,50.0,,25.0,,50.0
qwen3,Uncertainty_Avoidance,2428,1,1,75.0,,,75.0,,50.0,,50.0,,50.0,,50.0
qwen3,Uncertainty_Avoidance,2428,1,2,75.0,,,75.0,,50.0,,50.0,,50.0,,50.0
qwen3,Uncertainty_Avoidance,2428,1,3,75.0,,,75.0,,50.0,,50.0,,50.0,,50.0
qwen3,Uncertainty_Avoidance,2429,1,1,50.0,,,50.0,,50.0,,50.0,,50.0,,50.0
qwen3,Uncertainty_Avoidance,2429,1,2,50.0,,,50.0,,50.0,,50.0,,50.0,,50.0
qwen3,Uncertainty_Avoidance,2429,1,3,50.0,,,50.0,,50.0,,50.0,,50.0,,50.0
qwen3,Uncertainty_Avoidance,2430,1,1,25.0,,,25.0,,25.0,,25.0,,25.0,,25.0
qwen3,Uncertainty_Avoidance,2430,1,2,25.0,,,25.0,,25.0,,25.0,,25.0,,25.0
qwen3,Uncertainty_Avoidance,2430,1,3,25.0,,,25.0,,25.0,,25.0,,25.0,,25.0
qwen3,Uncertainty_Avoidance,2431,1,1,0.0,,,100.0,,50.0,,25.0,,25.0,,25.0
qwen3,Uncertainty_Avoidance,2431,1,2,0.0,,,100.0,,50.0,,25.0,,25.0,,25.0
qwen3,Uncertainty_Avoidance,2431,1,3,0.0,,,100.0,,50.0,,25.0,,25.0,,25.0
qwen3,Uncertainty_Avoidance,2432,1,1,0.0,,,75.0,,0.0,,75.0,,100.0,,25.0
qwen3,Uncertainty_Avoidance,2432,1,2,0.0,,,75.0,,0.0,,75.0,,100.0,,25.0
qwen3,Uncertainty_Avoidance,2432,1,3,0.0,,,75.0,,0.0,,75.0,,100.0,,25.0
qwen3,Uncertainty_Avoidance,2433,1,1,100.0,,,100.0,,50.0,,50.0,,25.0,,50.0
qwen3,Uncertainty_Avoidance,2433,1,2,100.0,,,100.0,,50.0,,50.0,,25.0,,50.0
qwen3,Uncertainty_Avoidance,2433,1,3,100.0,,,100.0,,50.0,,50.0,,25.0,,50.0
qwen3,Uncertainty_Avoidance,2434,1,1,0.0,,,100.0,,50.0,,50.0,,50.0,,25.0
qwen3,Uncertainty_Avoidance,2434,1,2,0.0,,,100.0,,50.0,,50.0,,50.0,,25.0
qwen3,Uncertainty_Avoidance,2434,1,3,0.0,,,100.0,,50.0,,50.0,,50.0,,25.0
qwen3,Uncertainty_Avoidance,2435,1,1,0.0,,,50.0,,50.0,,0.0,,25.0,,50.0
qwen3,Uncertainty_Avoidance,2435,1,2,0.0,,,50.0,,50.0,,0.0,,25.0,,50.0
qwen3,Uncertainty_Avoidance,2435,1,3,0.0,,,50.0,,50.0,,0.0,,25.0,,50.0
qwen3,Uncertainty_Avoidance,2436,1,1,0.0,,,50.0,,50.0,,50.0,,50.0,,50.0
qwen3,Uncertainty_Avoidance,2436,1,2,0.0,,,50.0,,50.0,,50.0,,50.0,,50.0
qwen3,Uncertainty_Avoidance,2436,1,3,0.0,,,50.0,,50.0,,50.0,,50.0,,50.0
qwen3,Uncertainty_Avoidance,2437,1,1,50.0,,,25.0,,25.0,,50.0,,25.0,,25.0
qwen3,Uncertainty_Avoidance,2437,1,2,50.0,,,25.0,,25.0,,50.0,,25.0,,25.0
qwen3,Uncertainty_Avoidance,2437,1,3,50.0,,,25.0,,25.0,,50.0,,25.0,,25.0
qwen3,Uncertainty_Avoidance,2438,1,1,0.0,,,0.0,,25.0,,50.0,,75.0,,25.0
qwen3,Uncertainty_Avoidance,2438,1,2,0.0,,,0.0,,25.0,,50.0,,75.0,,25.0
qwen3,Uncertainty_Avoidance,2438,1,3,0.0,,,0.0,,25.0,,50.0,,75.0,,25.0
qwen3,Uncertainty_Avoidance,2439,1,1,0.0,,,50.0,,0.0,,25.0,,25.0,,25.0
qwen3,Uncertainty_Avoidance,2439,1,2,0.0,,,50.0,,0.0,,25.0,,25.0,,25.0
qwen3,Uncertainty_Avoidance,2439,1,3,0.0,,,50.0,,0.0,,25.0,,25.0,,25.0
qwen3,Uncertainty_Avoidance,2440,1,1,25.0,,,25.0,,50.0,,25.0,,50.0,,50.0
qwen3,Uncertainty_Avoidance,2440,1,2,25.0,,,25.0,,50.0,,25.0,,50.0,,50.0
qwen3,Uncertainty_Avoidance,2440,1,3,25.0,,,25.0,,50.0,,25.0,,50.0,,50.0
qwen3,Uncertainty_Avoidance,2445,1,1,50.0,,,50.0,,50.0,,50.0,,50.0,,50.0
qwen3,Uncertainty_Avoidance,2445,1,2,50.0,,,50.0,,50.0,,50.0,,50.0,,50.0
qwen3,Uncertainty_Avoidance,2445,1,3,50.0,,,50.0,,50.0,,50.0,,50.0,,50.0
qwen3,Uncertainty_Avoidance,2446,1,1,50.0,,,100.0,,50.0,,25.0,,50.0,,50.0
qwen3,Uncertainty_Avoidance,2446,1,2,50.0,,,100.0,,50.0,,25.0,,50.0,,50.0
qwen3,Uncertainty_Avoidance,2446,1,3,50.0,,,100.0,,50.0,,25.0,,50.0,,50.0
qwen3,Uncertainty_Avoidance,2447,1,1,0.0,,,25.0,,25.0,,50.0,,25.0,,25.0
qwen3,Uncertainty_Avoidance,2447,1,2,0.0,,,25.0,,25.0,,50.0,,25.0,,25.0
qwen3,Uncertainty_Avoidance,2447,1,3,0.0,,,25.0,,25.0,,50.0,,25.0,,25.0
qwen3,Uncertainty_Avoidance,2449,1,1,25.0,,,50.0,,50.0,,50.0,,50.0,,50.0
qwen3,Uncertainty_Avoidance,2449,1,2,25.0,,,50.0,,50.0,,50.0,,50.0,,50.0
qwen3,Uncertainty_Avoidance,2449,1,3,25.0,,,50.0,,50.0,,50.0,,50.0,,50.0
qwen3,Uncertainty_Avoidance,2450,1,1,25.0,,,25.0,,50.0,,50.0,,25.0,,50.0
qwen3,Uncertainty_Avoidance,2450,1,2,25.0,,,25.0,,50.0,,50.0,,25.0,,50.0
qwen3,Uncertainty_Avoidance,2450,1,3,25.0,,,25.0,,50.0,,50.0,,25.0,,50.0
qwen3,Uncertainty_Avoidance,2452,1,1,0.0,,,50.0,,50.0,,0.0,,0.0,,0.0
qwen3,Uncertainty_Avoidance,2452,1,2,0.0,,,50.0,,50.0,,0.0,,0.0,,0.0
qwen3,Uncertainty_Avoidance,2452,1,3,0.0,,,50.0,,50.0,,0.0,,0.0,,0.0
qwen3,Uncertainty_Avoidance,2453,1,1,0.0,,,0.0,,50.0,,25.0,,0.0,,0.0
qwen3,Uncertainty_Avoidance,2453,1,2,0.0,,,0.0,,50.0,,25.0,,0.0,,0.0
qwen3,Uncertainty_Avoidance,2453,1,3,0.0,,,0.0,,50.0,,25.0,,0.0,,0.0
qwen3,Uncertainty_Avoidance,2454,1,1,25.0,,,50.0,,50.0,,50.0,,50.0,,50.0
qwen3,Uncertainty_Avoidance,2454,1,2,25.0,,,50.0,,50.0,,50.0,,50.0,,50.0
qwen3,Uncertainty_Avoidance,2454,1,3,25.0,,,50.0,,50.0,,50.0,,50.0,,50.0
qwen3,Uncertainty_Avoidance,2456,1,1,25.0,,,50.0,,25.0,,25.0,,25.0,,25.0
qwen3,Uncertainty_Avoidance,2456,1,2,25.0,,,50.0,,25.0,,25.0,,25.0,,25.0
qwen3,Uncertainty_Avoidance,2456,1,3,25.0,,,50.0,,25.0,,25.0,,25.0,,25.0
qwen3,Uncertainty_Avoidance,2457,1,1,25.0,,,50.0,,50.0,,0.0,,50.0,,50.0
qwen3,Uncertainty_Avoidance,2457,1,2,25.0,,,50.0,,50.0,,0.0,,50.0,,50.0
qwen3,Uncertainty_Avoidance,2457,1,3,25.0,,,50.0,,50.0,,0.0,,50.0,,50.0
qwen3,Uncertainty_Avoidance,2459,1,1,25.0,,,50.0,,50.0,,50.0,,50.0,,50.0
qwen3,Uncertainty_Avoidance,2459,1,2,25.0,,,50.0,,50.0,,50.0,,50.0,,50.0
qwen3,Uncertainty_Avoidance,2459,1,3,25.0,,,50.0,,50.0,,50.0,,50.0,,50.0
qwen3,Uncertainty_Avoidance,2460,1,1,50.0,,,50.0,,,,25.0,,50.0,,25.0
qwen3,Uncertainty_Avoidance,2460,1,2,50.0,,,50.0,,,,25.0,,50.0,,25.0
qwen3,Uncertainty_Avoidance,2460,1,3,50.0,,,50.0,,,,25.0,,50.0,,25.0
qwen3,Uncertainty_Avoidance,2461,1,1,0.0,,,25.0,,25.0,,25.0,,0.0,,0.0
qwen3,Uncertainty_Avoidance,2461,1,2,0.0,,,25.0,,25.0,,25.0,,0.0,,0.0
qwen3,Uncertainty_Avoidance,2461,1,3,0.0,,,25.0,,25.0,,25.0,,0.0,,0.0
qwen3,Uncertainty_Avoidance,2463,1,1,25.0,,,25.0,,25.0,,25.0,,25.0,,50.0
qwen3,Uncertainty_Avoidance,2463,1,2,25.0,,,25.0,,25.0,,25.0,,25.0,,50.0
qwen3,Uncertainty_Avoidance,2463,1,3,25.0,,,25.0,,25.0,,25.0,,25.0,,50.0
qwen3,Uncertainty_Avoidance,2464,1,1,75.0,,,75.0,,75.0,,100.0,,100.0,,75.0
qwen3,Uncertainty_Avoidance,2464,1,2,75.0,,,75.0,,75.0,,100.0,,100.0,,75.0
qwen3,Uncertainty_Avoidance,2464,1,3,75.0,,,75.0,,75.0,,100.0,,100.0,,75.0
qwen3,Uncertainty_Avoidance,2466,1,1,0.0,,,75.0,,25.0,,75.0,,25.0,,25.0
qwen3,Uncertainty_Avoidance,2466,1,2,0.0,,,75.0,,25.0,,75.0,,25.0,,25.0
qwen3,Uncertainty_Avoidance,2466,1,3,0.0,,,75.0,,25.0,,75.0,,25.0,,25.0
qwen3,Uncertainty_Avoidance,2467,1,1,50.0,,,50.0,,50.0,,50.0,,25.0,,25.0
qwen3,Uncertainty_Avoidance,2467,1,2,50.0,,,50.0,,50.0,,50.0,,25.0,,25.0
qwen3,Uncertainty_Avoidance,2467,1,3,50.0,,,50.0,,50.0,,50.0,,25.0,,25.0
qwen3,Uncertainty_Avoidance,2468,1,1,0.0,,,25.0,,50.0,,25.0,,50.0,,50.0
qwen3,Uncertainty_Avoidance,2468,1,2,0.0,,,25.0,,50.0,,25.0,,50.0,,50.0
qwen3,Uncertainty_Avoidance,2468,1,3,0.0,,,25.0,,50.0,,25.0,,50.0,,50.0
qwen3,Uncertainty_Avoidance,2469,1,1,0.0,,,25.0,,0.0,,25.0,,50.0,,25.0
qwen3,Uncertainty_Avoidance,2469,1,2,0.0,,,25.0,,0.0,,25.0,,50.0,,25.0
qwen3,Uncertainty_Avoidance,2469,1,3,0.0,,,25.0,,0.0,,25.0,,50.0,,25.0
qwen3,Uncertainty_Avoidance,2471,1,1,25.0,,,25.0,,25.0,,25.0,,25.0,,25.0
qwen3,Uncertainty_Avoidance,2471,1,2,25.0,,,25.0,,25.0,,25.0,,25.0,,25.0
qwen3,Uncertainty_Avoidance,2471,1,3,25.0,,,25.0,,25.0,,25.0,,25.0,,25.0
qwen3,Uncertainty_Avoidance,2473,1,1,25.0,,,25.0,,25.0,,25.0,,25.0,,25.0
qwen3,Uncertainty_Avoidance,2473,1,2,25.0,,,25.0,,25.0,,25.0,,25.0,,25.0
qwen3,Uncertainty_Avoidance,2473,1,3,25.0,,,25.0,,25.0,,25.0,,25.0,,25.0
qwen3,Uncertainty_Avoidance,2474,1,1,0.0,,,50.0,,50.0,,50.0,,50.0,,50.0
qwen3,Uncertainty_Avoidance,2474,1,2,0.0,,,50.0,,50.0,,50.0,,50.0,,50.0
qwen3,Uncertainty_Avoidance,2474,1,3,0.0,,,50.0,,50.0,,50.0,,50.0,,50.0
qwen3,Uncertainty_Avoidance,2475,1,1,0.0,,,25.0,,25.0,,25.0,,25.0,,0.0
qwen3,Uncertainty_Avoidance,2475,1,2,0.0,,,25.0,,25.0,,25.0,,25.0,,0.0
qwen3,Uncertainty_Avoidance,2475,1,3,0.0,,,25.0,,25.0,,25.0,,25.0,,0.0
qwen3,Uncertainty_Avoidance,2476,1,1,0.0,,,0.0,,0.0,,0.0,,0.0,,25.0
qwen3,Uncertainty_Avoidance,2476,1,2,0.0,,,0.0,,0.0,,0.0,,0.0,,25.0
qwen3,Uncertainty_Avoidance,2476,1,3,0.0,,,0.0,,0.0,,0.0,,0.0,,25.0
qwen3,Uncertainty_Avoidance,2477,1,1,100.0,,,75.0,,0.0,,50.0,,75.0,,50.0
qwen3,Uncertainty_Avoidance,2477,1,2,100.0,,,75.0,,0.0,,50.0,,75.0,,50.0
qwen3,Uncertainty_Avoidance,2477,1,3,100.0,,,75.0,,0.0,,50.0,,75.0,,50.0
qwen3,Uncertainty_Avoidance,2478,1,1,50.0,,,100.0,,50.0,,50.0,,50.0,,50.0
qwen3,Uncertainty_Avoidance,2478,1,2,50.0,,,100.0,,50.0,,50.0,,50.0,,50.0
qwen3,Uncertainty_Avoidance,2478,1,3,50.0,,,100.0,,50.0,,50.0,,50.0,,50.0
qwen3,Uncertainty_Avoidance,2479,1,1,0.0,,,0.0,,0.0,,25.0,,0.0,,0.0
qwen3,Uncertainty_Avoidance,2479,1,2,0.0,,,0.0,,0.0,,25.0,,0.0,,0.0
qwen3,Uncertainty_Avoidance,2479,1,3,0.0,,,0.0,,0.0,,25.0,,0.0,,0.0
qwen3,Uncertainty_Avoidance,2482,1,1,25.0,,,50.0,,25.0,,50.0,,50.0,,50.0
qwen3,Uncertainty_Avoidance,2482,1,2,25.0,,,50.0,,25.0,,50.0,,50.0,,50.0
qwen3,Uncertainty_Avoidance,2482,1,3,25.0,,,50.0,,25.0,,50.0,,50.0,,50.0
qwen3,Uncertainty_Avoidance,2483,1,1,0.0,,,25.0,,50.0,,50.0,,0.0,,50.0
qwen3,Uncertainty_Avoidance,2483,1,2,0.0,,,25.0,,50.0,,50.0,,0.0,,50.0
qwen3,Uncertainty_Avoidance,2483,1,3,0.0,,,25.0,,50.0,,50.0,,0.0,,50.0
qwen3,Uncertainty_Avoidance,2484,1,1,25.0,,,25.0,,25.0,,25.0,,25.0,,25.0
qwen3,Uncertainty_Avoidance,2484,1,2,25.0,,,25.0,,25.0,,25.0,,25.0,,25.0
qwen3,Uncertainty_Avoidance,2484,1,3,25.0,,,25.0,,25.0,,25.0,,25.0,,25.0
qwen3,Uncertainty_Avoidance,2485,1,1,25.0,,,25.0,,50.0,,50.0,,50.0,,25.0
qwen3,Uncertainty_Avoidance,2485,1,2,25.0,,,25.0,,50.0,,50.0,,50.0,,25.0
qwen3,Uncertainty_Avoidance,2485,1,3,25.0,,,25.0,,50.0,,50.0,,50.0,,25.0
qwen3,Uncertainty_Avoidance,2487,1,1,0.0,,,0.0,,0.0,,0.0,,25.0,,0.0
qwen3,Uncertainty_Avoidance,2487,1,2,0.0,,,0.0,,0.0,,0.0,,25.0,,0.0
qwen3,Uncertainty_Avoidance,2487,1,3,0.0,,,0.0,,0.0,,0.0,,25.0,,0.0
qwen3,Uncertainty_Avoidance,2488,1,1,50.0,,,75.0,,50.0,,50.0,,25.0,,25.0
qwen3,Uncertainty_Avoidance,2488,1,2,50.0,,,75.0,,50.0,,50.0,,25.0,,25.0
qwen3,Uncertainty_Avoidance,2488,1,3,50.0,,,75.0,,50.0,,50.0,,25.0,,25.0
qwen3,Uncertainty_Avoidance,2489,1,1,50.0,,,25.0,,50.0,,50.0,,50.0,,25.0
qwen3,Uncertainty_Avoidance,2489,1,2,50.0,,,25.0,,50.0,,50.0,,50.0,,25.0
qwen3,Uncertainty_Avoidance,2489,1,3,50.0,,,25.0,,50.0,,50.0,,50.0,,25.0
qwen3,Uncertainty_Avoidance,2490,1,1,50.0,,,75.0,,50.0,,50.0,,75.0,,75.0
qwen3,Uncertainty_Avoidance,2490,1,2,50.0,,,75.0,,50.0,,50.0,,75.0,,75.0
qwen3,Uncertainty_Avoidance,2490,1,3,50.0,,,75.0,,50.0,,50.0,,75.0,,75.0
qwen3,Uncertainty_Avoidance,2492,1,1,0.0,,,50.0,,50.0,,25.0,,50.0,,50.0
qwen3,Uncertainty_Avoidance,2492,1,2,0.0,,,50.0,,50.0,,25.0,,50.0,,50.0
qwen3,Uncertainty_Avoidance,2492,1,3,0.0,,,50.0,,50.0,,25.0,,50.0,,50.0
qwen3,Uncertainty_Avoidance,2493,1,1,50.0,,,100.0,,50.0,,50.0,,100.0,,50.0
qwen3,Uncertainty_Avoidance,2493,1,2,50.0,,,100.0,,50.0,,50.0,,100.0,,50.0
qwen3,Uncertainty_Avoidance,2493,1,3,50.0,,,100.0,,50.0,,50.0,,100.0,,50.0
qwen3,Uncertainty_Avoidance,2494,1,1,0.0,,,25.0,,25.0,,25.0,,50.0,,25.0
qwen3,Uncertainty_Avoidance,2494,1,2,0.0,,,25.0,,25.0,,25.0,,50.0,,25.0
qwen3,Uncertainty_Avoidance,2494,1,3,0.0,,,25.0,,25.0,,25.0,,50.0,,25.0
qwen3,Uncertainty_Avoidance,2495,1,1,25.0,,,,,25.0,,,,25.0,,0.0
qwen3,Uncertainty_Avoidance,2495,1,2,25.0,,,,,25.0,,,,25.0,,0.0
qwen3,Uncertainty_Avoidance,2495,1,3,25.0,,,,,25.0,,,,25.0,,0.0
qwen3,Uncertainty_Avoidance,2497,1,1,25.0,,,25.0,,25.0,,50.0,,25.0,,25.0
qwen3,Uncertainty_Avoidance,2497,1,2,25.0,,,25.0,,25.0,,50.0,,25.0,,25.0
qwen3,Uncertainty_Avoidance,2497,1,3,25.0,,,25.0,,25.0,,50.0,,25.0,,25.0
qwen3,Uncertainty_Avoidance,2501,1,1,50.0,,,50.0,,50.0,,50.0,,50.0,,50.0
qwen3,Uncertainty_Avoidance,2501,1,2,50.0,,,50.0,,50.0,,50.0,,50.0,,50.0
qwen3,Uncertainty_Avoidance,2501,1,3,50.0,,,50.0,,50.0,,50.0,,50.0,,50.0
qwen3,Uncertainty_Avoidance,2503,1,1,50.0,,,100.0,,50.0,,50.0,,25.0,,75.0
qwen3,Uncertainty_Avoidance,2503,1,2,50.0,,,100.0,,50.0,,50.0,,25.0,,75.0
qwen3,Uncertainty_Avoidance,2503,1,3,50.0,,,100.0,,50.0,,50.0,,25.0,,75.0
qwen3,Uncertainty_Avoidance,2505,1,1,0.0,,,50.0,,50.0,,25.0,,25.0,,50.0
qwen3,Uncertainty_Avoidance,2505,1,2,0.0,,,50.0,,50.0,,25.0,,25.0,,50.0
qwen3,Uncertainty_Avoidance,2505,1,3,0.0,,,50.0,,50.0,,25.0,,25.0,,50.0
qwen3,Uncertainty_Avoidance,2506,1,1,25.0,,,50.0,,50.0,,50.0,,50.0,,50.0
qwen3,Uncertainty_Avoidance,2506,1,2,25.0,,,50.0,,50.0,,50.0,,50.0,,50.0
qwen3,Uncertainty_Avoidance,2506,1,3,25.0,,,50.0,,50.0,,50.0,,50.0,,50.0
qwen3,Uncertainty_Avoidance,2508,1,1,0.0,,,50.0,,25.0,,25.0,,25.0,,25.0
qwen3,Uncertainty_Avoidance,2508,1,2,0.0,,,50.0,,25.0,,25.0,,25.0,,25.0
qwen3,Uncertainty_Avoidance,2508,1,3,0.0,,,50.0,,25.0,,25.0,,25.0,,25.0
qwen3,Uncertainty_Avoidance,2511,1,1,0.0,,,50.0,,25.0,,75.0,,75.0,,75.0
qwen3,Uncertainty_Avoidance,2511,1,2,0.0,,,50.0,,25.0,,75.0,,75.0,,75.0
qwen3,Uncertainty_Avoidance,2511,1,3,0.0,,,50.0,,25.0,,75.0,,75.0,,75.0
qwen3,Uncertainty_Avoidance,2513,1,1,0.0,,,0.0,,25.0,,25.0,,25.0,,25.0
qwen3,Uncertainty_Avoidance,2513,1,2,0.0,,,0.0,,25.0,,25.0,,25.0,,25.0
qwen3,Uncertainty_Avoidance,2513,1,3,0.0,,,0.0,,25.0,,25.0,,25.0,,25.0
qwen3,Uncertainty_Avoidance,2514,1,1,0.0,,,50.0,,50.0,,25.0,,25.0,,25.0
qwen3,Uncertainty_Avoidance,2514,1,2,0.0,,,50.0,,50.0,,25.0,,25.0,,25.0
qwen3,Uncertainty_Avoidance,2514,1,3,0.0,,,50.0,,50.0,,25.0,,25.0,,25.0
qwen3,Uncertainty_Avoidance,2516,1,1,0.0,,,25.0,,50.0,,50.0,,25.0,,25.0
qwen3,Uncertainty_Avoidance,2516,1,2,0.0,,,25.0,,50.0,,50.0,,25.0,,25.0
qwen3,Uncertainty_Avoidance,2516,1,3,0.0,,,25.0,,50.0,,50.0,,25.0,,25.0
qwen3,Uncertainty_Avoidance,2518,1,1,0.0,,,25.0,,50.0,,50.0,,50.0,,50.0
qwen3,Uncertainty_Avoidance,2518,1,2,0.0,,,25.0,,50.0,,50.0,,50.0,,50.0
qwen3,Uncertainty_Avoidance,2518,1,3,0.0,,,25.0,,50.0,,50.0,,50.0,,50.0
qwen3,Uncertainty_Avoidance,2520,1,1,25.0,,,100.0,,100.0,,50.0,,50.0,,50.0
qwen3,Uncertainty_Avoidance,2520,1,2,25.0,,,100.0,,100.0,,50.0,,50.0,,50.0
qwen3,Uncertainty_Avoidance,2520,1,3,25.0,,,100.0,,100.0,,50.0,,50.0,,50.0
qwen3,Uncertainty_Avoidance,2521,1,1,25.0,,,25.0,,50.0,,25.0,,25.0,,50.0
qwen3,Uncertainty_Avoidance,2521,1,2,25.0,,,25.0,,50.0,,25.0,,25.0,,50.0
qwen3,Uncertainty_Avoidance,2521,1,3,25.0,,,25.0,,50.0,,25.0,,25.0,,50.0
qwen3,Uncertainty_Avoidance,2523,1,1,0.0,,,100.0,,0.0,,50.0,,25.0,,25.0
qwen3,Uncertainty_Avoidance,2523,1,2,0.0,,,100.0,,0.0,,50.0,,25.0,,25.0
qwen3,Uncertainty_Avoidance,2523,1,3,0.0,,,100.0,,0.0,,50.0,,25.0,,25.0
qwen3,Uncertainty_Avoidance,2524,1,1,75.0,,,75.0,,75.0,,50.0,,50.0,,50.0
qwen3,Uncertainty_Avoidance,2524,1,2,75.0,,,75.0,,75.0,,50.0,,50.0,,50.0
qwen3,Uncertainty_Avoidance,2524,1,3,75.0,,,75.0,,75.0,,50.0,,50.0,,50.0
qwen3,Uncertainty_Avoidance,2525,1,1,0.0,,,50.0,,50.0,,0.0,,50.0,,0.0
qwen3,Uncertainty_Avoidance,2525,1,2,0.0,,,50.0,,50.0,,0.0,,50.0,,0.0
qwen3,Uncertainty_Avoidance,2525,1,3,0.0,,,50.0,,50.0,,0.0,,50.0,,0.0
qwen3,Uncertainty_Avoidance,2526,1,1,0.0,,,25.0,,50.0,,25.0,,50.0,,25.0
qwen3,Uncertainty_Avoidance,2526,1,2,0.0,,,25.0,,50.0,,25.0,,50.0,,25.0
qwen3,Uncertainty_Avoidance,2526,1,3,0.0,,,25.0,,50.0,,25.0,,50.0,,25.0
qwen3,Uncertainty_Avoidance,2528,1,1,100.0,,,100.0,,50.0,,50.0,,50.0,,50.0
qwen3,Uncertainty_Avoidance,2528,1,2,100.0,,,100.0,,50.0,,50.0,,50.0,,50.0
qwen3,Uncertainty_Avoidance,2528,1,3,100.0,,,100.0,,50.0,,50.0,,50.0,,50.0
qwen3,Uncertainty_Avoidance,2529,1,1,0.0,,,25.0,,25.0,,25.0,,25.0,,25.0
qwen3,Uncertainty_Avoidance,2529,1,2,0.0,,,25.0,,25.0,,25.0,,25.0,,25.0
qwen3,Uncertainty_Avoidance,2529,1,3,0.0,,,25.0,,25.0,,25.0,,25.0,,25.0
qwen3,Uncertainty_Avoidance,2530,1,1,50.0,,,100.0,,50.0,,50.0,,50.0,,50.0
qwen3,Uncertainty_Avoidance,2530,1,2,50.0,,,100.0,,50.0,,50.0,,50.0,,50.0
qwen3,Uncertainty_Avoidance,2530,1,3,50.0,,,100.0,,50.0,,50.0,,50.0,,50.0
qwen3,Uncertainty_Avoidance,2532,1,1,0.0,,,50.0,,25.0,,25.0,,50.0,,50.0
qwen3,Uncertainty_Avoidance,2532,1,2,0.0,,,50.0,,25.0,,25.0,,50.0,,50.0
qwen3,Uncertainty_Avoidance,2532,1,3,0.0,,,50.0,,25.0,,25.0,,50.0,,50.0
qwen3,Uncertainty_Avoidance,2533,1,1,50.0,,,100.0,,50.0,,50.0,,50.0,,25.0
qwen3,Uncertainty_Avoidance,2533,1,2,50.0,,,100.0,,50.0,,50.0,,50.0,,25.0
qwen3,Uncertainty_Avoidance,2533,1,3,50.0,,,100.0,,50.0,,50.0,,50.0,,25.0
qwen3,Uncertainty_Avoidance,2534,1,1,,,,50.0,,75.0,,50.0,,50.0,,25.0
qwen3,Uncertainty_Avoidance,2534,1,2,,,,50.0,,75.0,,50.0,,50.0,,25.0
qwen3,Uncertainty_Avoidance,2534,1,3,,,,50.0,,75.0,,50.0,,50.0,,25.0
qwen3,Uncertainty_Avoidance,2535,1,1,0.0,,,100.0,,50.0,,50.0,,50.0,,50.0
qwen3,Uncertainty_Avoidance,2535,1,2,0.0,,,100.0,,50.0,,50.0,,50.0,,50.0
qwen3,Uncertainty_Avoidance,2535,1,3,0.0,,,100.0,,50.0,,50.0,,50.0,,50.0
qwen3,Uncertainty_Avoidance,2536,1,1,25.0,,,25.0,,50.0,,50.0,,25.0,,50.0
qwen3,Uncertainty_Avoidance,2536,1,2,25.0,,,25.0,,50.0,,50.0,,25.0,,50.0
qwen3,Uncertainty_Avoidance,2536,1,3,25.0,,,25.0,,50.0,,50.0,,25.0,,50.0
qwen3,Uncertainty_Avoidance,2537,1,1,0.0,,,50.0,,25.0,,50.0,,50.0,,25.0
qwen3,Uncertainty_Avoidance,2537,1,2,0.0,,,50.0,,25.0,,50.0,,50.0,,25.0
qwen3,Uncertainty_Avoidance,2537,1,3,0.0,,,50.0,,25.0,,50.0,,50.0,,25.0
qwen3,Uncertainty_Avoidance,2538,1,1,0.0,,,50.0,,50.0,,50.0,,50.0,,50.0
qwen3,Uncertainty_Avoidance,2538,1,2,0.0,,,50.0,,50.0,,50.0,,50.0,,50.0
qwen3,Uncertainty_Avoidance,2538,1,3,0.0,,,50.0,,50.0,,50.0,,50.0,,50.0
qwen3,Uncertainty_Avoidance,2539,1,1,25.0,,,50.0,,50.0,,25.0,,25.0,,25.0
qwen3,Uncertainty_Avoidance,2539,1,2,25.0,,,50.0,,50.0,,25.0,,25.0,,25.0
qwen3,Uncertainty_Avoidance,2539,1,3,25.0,,,50.0,,50.0,,25.0,,25.0,,25.0
qwen3,Uncertainty_Avoidance,2542,1,1,50.0,,,100.0,,50.0,,50.0,,50.0,,50.0
qwen3,Uncertainty_Avoidance,2542,1,2,50.0,,,100.0,,50.0,,50.0,,50.0,,50.0
qwen3,Uncertainty_Avoidance,2542,1,3,50.0,,,100.0,,50.0,,50.0,,50.0,,50.0
qwen3,Uncertainty_Avoidance,2543,1,1,50.0,,,50.0,,50.0,,25.0,,50.0,,25.0
qwen3,Uncertainty_Avoidance,2543,1,2,50.0,,,50.0,,50.0,,25.0,,50.0,,25.0
qwen3,Uncertainty_Avoidance,2543,1,3,50.0,,,50.0,,50.0,,25.0,,50.0,,25.0
qwen3,Uncertainty_Avoidance,2544,1,1,0.0,,,25.0,,25.0,,50.0,,50.0,,50.0
qwen3,Uncertainty_Avoidance,2544,1,2,0.0,,,25.0,,25.0,,50.0,,50.0,,50.0
qwen3,Uncertainty_Avoidance,2544,1,3,0.0,,,25.0,,25.0,,50.0,,50.0,,50.0
qwen3,Uncertainty_Avoidance,2545,1,1,25.0,,,75.0,,50.0,,50.0,,25.0,,75.0
qwen3,Uncertainty_Avoidance,2545,1,2,25.0,,,75.0,,50.0,,50.0,,25.0,,75.0
qwen3,Uncertainty_Avoidance,2545,1,3,25.0,,,75.0,,50.0,,50.0,,25.0,,75.0
qwen3,Uncertainty_Avoidance,2546,1,1,0.0,,,100.0,,50.0,,50.0,,25.0,,25.0
qwen3,Uncertainty_Avoidance,2546,1,2,0.0,,,100.0,,50.0,,50.0,,25.0,,25.0
qwen3,Uncertainty_Avoidance,2546,1,3,0.0,,,100.0,,50.0,,50.0,,25.0,,25.0
qwen3,Uncertainty_Avoidance,2548,1,1,0.0,,,25.0,,25.0,,50.0,,25.0,,50.0
qwen3,Uncertainty_Avoidance,2548,1,2,0.0,,,25.0,,25.0,,50.0,,25.0,,50.0
qwen3,Uncertainty_Avoidance,2548,1,3,0.0,,,25.0,,25.0,,50.0,,25.0,,50.0
qwen3,Uncertainty_Avoidance,2549,1,1,75.0,,,75.0,,75.0,,75.0,,50.0,,75.0
qwen3,Uncertainty_Avoidance,2549,1,2,75.0,,,75.0,,75.0,,75.0,,50.0,,75.0
qwen3,Uncertainty_Avoidance,2549,1,3,75.0,,,75.0,,75.0,,75.0,,50.0,,75.0
qwen3,Uncertainty_Avoidance,2550,1,1,100.0,,,100.0,,50.0,,75.0,,50.0,,50.0
qwen3,Uncertainty_Avoidance,2550,1,2,100.0,,,100.0,,50.0,,75.0,,50.0,,50.0
qwen3,Uncertainty_Avoidance,2550,1,3,100.0,,,100.0,,50.0,,75.0,,50.0,,50.0
qwen3,Uncertainty_Avoidance,2553,1,1,100.0,,,75.0,,75.0,,75.0,,50.0,,50.0
qwen3,Uncertainty_Avoidance,2553,1,2,100.0,,,75.0,,75.0,,75.0,,50.0,,50.0
qwen3,Uncertainty_Avoidance,2553,1,3,100.0,,,75.0,,75.0,,75.0,,50.0,,50.0
qwen3,Uncertainty_Avoidance,2554,1,1,25.0,,,100.0,,50.0,,50.0,,75.0,,25.0
qwen3,Uncertainty_Avoidance,2554,1,2,25.0,,,100.0,,50.0,,50.0,,75.0,,25.0
qwen3,Uncertainty_Avoidance,2554,1,3,25.0,,,100.0,,50.0,,50.0,,75.0,,25.0
qwen3,Uncertainty_Avoidance,2556,1,1,0.0,,,0.0,,0.0,,25.0,,25.0,,25.0
qwen3,Uncertainty_Avoidance,2556,1,2,0.0,,,0.0,,0.0,,25.0,,25.0,,25.0
qwen3,Uncertainty_Avoidance,2556,1,3,0.0,,,0.0,,0.0,,25.0,,25.0,,25.0
qwen3,Uncertainty_Avoidance,2557,1,1,0.0,,,50.0,,0.0,,25.0,,100.0,,0.0
qwen3,Uncertainty_Avoidance,2557,1,2,0.0,,,50.0,,0.0,,25.0,,100.0,,0.0
qwen3,Uncertainty_Avoidance,2557,1,3,0.0,,,50.0,,0.0,,25.0,,100.0,,0.0
qwen3,Uncertainty_Avoidance,2558,1,1,0.0,,,0.0,,50.0,,25.0,,0.0,,25.0
qwen3,Uncertainty_Avoidance,2558,1,2,0.0,,,0.0,,50.0,,25.0,,0.0,,25.0
qwen3,Uncertainty_Avoidance,2558,1,3,0.0,,,0.0,,50.0,,25.0,,0.0,,25.0
qwen3,Uncertainty_Avoidance,2559,1,1,75.0,,,75.0,,50.0,,50.0,,50.0,,50.0
qwen3,Uncertainty_Avoidance,2559,1,2,75.0,,,75.0,,50.0,,50.0,,50.0,,50.0
qwen3,Uncertainty_Avoidance,2559,1,3,75.0,,,75.0,,50.0,,50.0,,50.0,,50.0
qwen3,Uncertainty_Avoidance,2562,1,1,50.0,,,50.0,,50.0,,25.0,,25.0,,25.0
qwen3,Uncertainty_Avoidance,2562,1,2,50.0,,,50.0,,50.0,,25.0,,25.0,,25.0
qwen3,Uncertainty_Avoidance,2562,1,3,50.0,,,50.0,,50.0,,25.0,,25.0,,25.0
qwen3,Uncertainty_Avoidance,2563,1,1,100.0,,,100.0,,100.0,,100.0,,100.0,,100.0
qwen3,Uncertainty_Avoidance,2563,1,2,100.0,,,100.0,,100.0,,100.0,,100.0,,100.0
qwen3,Uncertainty_Avoidance,2563,1,3,100.0,,,100.0,,100.0,,100.0,,100.0,,100.0
qwen3,Uncertainty_Avoidance,2564,1,1,25.0,,,25.0,,25.0,,25.0,,25.0,,25.0
qwen3,Uncertainty_Avoidance,2564,1,2,25.0,,,25.0,,25.0,,25.0,,25.0,,25.0
qwen3,Uncertainty_Avoidance,2564,1,3,25.0,,,25.0,,25.0,,25.0,,25.0,,25.0
qwen3,Uncertainty_Avoidance,2565,1,1,100.0,,,75.0,,25.0,,50.0,,50.0,,50.0
qwen3,Uncertainty_Avoidance,2565,1,2,100.0,,,75.0,,25.0,,50.0,,50.0,,50.0
qwen3,Uncertainty_Avoidance,2565,1,3,100.0,,,75.0,,25.0,,50.0,,50.0,,50.0
qwen3,Uncertainty_Avoidance,2566,1,1,0.0,,,0.0,,0.0,,0.0,,0.0,,0.0
qwen3,Uncertainty_Avoidance,2566,1,2,0.0,,,0.0,,0.0,,0.0,,0.0,,0.0
qwen3,Uncertainty_Avoidance,2566,1,3,0.0,,,0.0,,0.0,,0.0,,0.0,,0.0
qwen3,Uncertainty_Avoidance,2567,1,1,50.0,,,50.0,,25.0,,25.0,,50.0,,25.0
qwen3,Uncertainty_Avoidance,2567,1,2,50.0,,,50.0,,25.0,,25.0,,50.0,,25.0
qwen3,Uncertainty_Avoidance,2567,1,3,50.0,,,50.0,,25.0,,25.0,,50.0,,25.0
qwen3,Uncertainty_Avoidance,2568,1,1,50.0,,,50.0,,50.0,,50.0,,50.0,,50.0
qwen3,Uncertainty_Avoidance,2568,1,2,50.0,,,50.0,,50.0,,50.0,,50.0,,50.0
qwen3,Uncertainty_Avoidance,2568,1,3,50.0,,,50.0,,50.0,,50.0,,50.0,,50.0
qwen3,Uncertainty_Avoidance,2569,1,1,25.0,,,25.0,,25.0,,50.0,,25.0,,25.0
qwen3,Uncertainty_Avoidance,2569,1,2,25.0,,,25.0,,25.0,,50.0,,25.0,,25.0
qwen3,Uncertainty_Avoidance,2569,1,3,25.0,,,25.0,,25.0,,50.0,,25.0,,25.0
qwen3,Uncertainty_Avoidance,2570,1,1,0.0,,,0.0,,50.0,,25.0,,25.0,,50.0
qwen3,Uncertainty_Avoidance,2570,1,2,0.0,,,0.0,,50.0,,25.0,,25.0,,50.0
qwen3,Uncertainty_Avoidance,2570,1,3,0.0,,,0.0,,50.0,,25.0,,25.0,,50.0
qwen3,Uncertainty_Avoidance,2571,1,1,75.0,,,75.0,,75.0,,75.0,,75.0,,25.0
qwen3,Uncertainty_Avoidance,2571,1,2,75.0,,,75.0,,75.0,,75.0,,75.0,,25.0
qwen3,Uncertainty_Avoidance,2571,1,3,75.0,,,75.0,,75.0,,75.0,,75.0,,25.0
qwen3,Uncertainty_Avoidance,2573,1,1,25.0,,,25.0,,50.0,,25.0,,25.0,,25.0
qwen3,Uncertainty_Avoidance,2573,1,2,25.0,,,25.0,,50.0,,25.0,,25.0,,25.0
qwen3,Uncertainty_Avoidance,2573,1,3,25.0,,,25.0,,50.0,,25.0,,25.0,,25.0
qwen3,Uncertainty_Avoidance,2575,1,1,0.0,,,0.0,,50.0,,50.0,,50.0,,25.0
qwen3,Uncertainty_Avoidance,2575,1,2,0.0,,,0.0,,50.0,,50.0,,50.0,,25.0
qwen3,Uncertainty_Avoidance,2575,1,3,0.0,,,0.0,,50.0,,50.0,,50.0,,25.0
qwen3,Uncertainty_Avoidance,2577,1,1,50.0,,,50.0,,25.0,,50.0,,25.0,,50.0
qwen3,Uncertainty_Avoidance,2577,1,2,50.0,,,50.0,,25.0,,50.0,,25.0,,50.0
qwen3,Uncertainty_Avoidance,2577,1,3,50.0,,,50.0,,25.0,,50.0,,25.0,,50.0
qwen3,Uncertainty_Avoidance,2578,1,1,0.0,,,0.0,,0.0,,0.0,,0.0,,0.0
qwen3,Uncertainty_Avoidance,2578,1,2,0.0,,,0.0,,0.0,,0.0,,0.0,,0.0
qwen3,Uncertainty_Avoidance,2578,1,3,0.0,,,0.0,,0.0,,0.0,,0.0,,0.0
qwen3,Uncertainty_Avoidance,2579,1,1,,,,25.0,,25.0,,50.0,,75.0,,25.0
qwen3,Uncertainty_Avoidance,2579,1,2,,,,25.0,,25.0,,50.0,,75.0,,25.0
qwen3,Uncertainty_Avoidance,2579,1,3,,,,25.0,,25.0,,50.0,,75.0,,25.0
qwen3,Uncertainty_Avoidance,2580,1,1,75.0,,,75.0,,0.0,,50.0,,50.0,,50.0
qwen3,Uncertainty_Avoidance,2580,1,2,75.0,,,75.0,,0.0,,50.0,,50.0,,50.0
qwen3,Uncertainty_Avoidance,2580,1,3,75.0,,,75.0,,0.0,,50.0,,50.0,,50.0
qwen3,Uncertainty_Avoidance,2581,1,1,0.0,,,25.0,,0.0,,0.0,,50.0,,25.0
qwen3,Uncertainty_Avoidance,2581,1,2,0.0,,,25.0,,0.0,,0.0,,50.0,,25.0
qwen3,Uncertainty_Avoidance,2581,1,3,0.0,,,25.0,,0.0,,0.0,,50.0,,25.0
qwen3,Uncertainty_Avoidance,2583,1,1,50.0,,,50.0,,50.0,,50.0,,50.0,,50.0
qwen3,Uncertainty_Avoidance,2583,1,2,50.0,,,50.0,,50.0,,50.0,,50.0,,50.0
qwen3,Uncertainty_Avoidance,2583,1,3,50.0,,,50.0,,50.0,,50.0,,50.0,,50.0
qwen3,Uncertainty_Avoidance,2584,1,1,75.0,,,50.0,,50.0,,50.0,,75.0,,50.0
qwen3,Uncertainty_Avoidance,2584,1,2,75.0,,,50.0,,50.0,,50.0,,75.0,,50.0
qwen3,Uncertainty_Avoidance,2584,1,3,75.0,,,50.0,,50.0,,50.0,,75.0,,50.0
qwen3,Uncertainty_Avoidance,2585,1,1,0.0,,,50.0,,75.0,,0.0,,50.0,,50.0
qwen3,Uncertainty_Avoidance,2585,1,2,0.0,,,50.0,,75.0,,0.0,,50.0,,50.0
qwen3,Uncertainty_Avoidance,2585,1,3,0.0,,,50.0,,75.0,,0.0,,50.0,,50.0
qwen3,Uncertainty_Avoidance,2587,1,1,25.0,,,100.0,,0.0,,0.0,,0.0,,25.0
qwen3,Uncertainty_Avoidance,2587,1,2,25.0,,,100.0,,0.0,,0.0,,0.0,,25.0
qwen3,Uncertainty_Avoidance,2587,1,3,25.0,,,100.0,,0.0,,0.0,,0.0,,25.0
qwen3,Uncertainty_Avoidance,2588,1,1,25.0,,,50.0,,0.0,,25.0,,25.0,,25.0
qwen3,Uncertainty_Avoidance,2588,1,2,25.0,,,50.0,,0.0,,25.0,,25.0,,25.0
qwen3,Uncertainty_Avoidance,2588,1,3,25.0,,,50.0,,0.0,,25.0,,25.0,,25.0
qwen3,Uncertainty_Avoidance,2589,1,1,0.0,,,0.0,,50.0,,50.0,,50.0,,50.0
qwen3,Uncertainty_Avoidance,2589,1,2,0.0,,,0.0,,50.0,,50.0,,50.0,,50.0
qwen3,Uncertainty_Avoidance,2589,1,3,0.0,,,0.0,,50.0,,50.0,,50.0,,50.0
qwen3,Uncertainty_Avoidance,2591,1,1,100.0,,,100.0,,50.0,,0.0,,100.0,,50.0
qwen3,Uncertainty_Avoidance,2591,1,2,100.0,,,100.0,,50.0,,0.0,,100.0,,50.0
qwen3,Uncertainty_Avoidance,2591,1,3,100.0,,,100.0,,50.0,,0.0,,100.0,,50.0
qwen3,Uncertainty_Avoidance,2592,1,1,0.0,,,50.0,,50.0,,50.0,,50.0,,50.0
qwen3,Uncertainty_Avoidance,2592,1,2,0.0,,,50.0,,50.0,,50.0,,50.0,,50.0
qwen3,Uncertainty_Avoidance,2592,1,3,0.0,,,50.0,,50.0,,50.0,,50.0,,50.0
qwen3,Uncertainty_Avoidance,2594,1,1,50.0,,,50.0,,50.0,,50.0,,50.0,,50.0
qwen3,Uncertainty_Avoidance,2594,1,2,50.0,,,50.0,,50.0,,50.0,,50.0,,50.0
qwen3,Uncertainty_Avoidance,2594,1,3,50.0,,,50.0,,50.0,,50.0,,50.0,,50.0
qwen3,Uncertainty_Avoidance,2595,1,1,25.0,,,100.0,,25.0,,50.0,,25.0,,25.0
qwen3,Uncertainty_Avoidance,2595,1,2,25.0,,,100.0,,25.0,,50.0,,25.0,,25.0
qwen3,Uncertainty_Avoidance,2595,1,3,25.0,,,100.0,,25.0,,50.0,,25.0,,25.0
qwen3,Uncertainty_Avoidance,2596,1,1,75.0,,,100.0,,50.0,,50.0,,0.0,,50.0
qwen3,Uncertainty_Avoidance,2596,1,2,75.0,,,100.0,,50.0,,50.0,,0.0,,50.0
qwen3,Uncertainty_Avoidance,2596,1,3,75.0,,,100.0,,50.0,,50.0,,0.0,,50.0
qwen3,Uncertainty_Avoidance,2598,1,1,50.0,,,50.0,,50.0,,50.0,,50.0,,50.0
qwen3,Uncertainty_Avoidance,2598,1,2,50.0,,,50.0,,50.0,,50.0,,50.0,,50.0
qwen3,Uncertainty_Avoidance,2598,1,3,50.0,,,50.0,,50.0,,50.0,,50.0,,50.0
qwen3,Uncertainty_Avoidance,2599,1,1,50.0,,,50.0,,50.0,,50.0,,50.0,,50.0
qwen3,Uncertainty_Avoidance,2599,1,2,50.0,,,50.0,,50.0,,50.0,,50.0,,50.0
qwen3,Uncertainty_Avoidance,2599,1,3,50.0,,,50.0,,50.0,,50.0,,50.0,,50.0
qwen3,Uncertainty_Avoidance,2601,1,1,0.0,,,50.0,,50.0,,50.0,,50.0,,25.0
qwen3,Uncertainty_Avoidance,2601,1,2,0.0,,,50.0,,50.0,,50.0,,50.0,,25.0
qwen3,Uncertainty_Avoidance,2601,1,3,0.0,,,50.0,,50.0,,50.0,,50.0,,25.0
qwen3,Uncertainty_Avoidance,2604,1,1,25.0,,,25.0,,50.0,,25.0,,25.0,,50.0
qwen3,Uncertainty_Avoidance,2604,1,2,25.0,,,25.0,,50.0,,25.0,,25.0,,50.0
qwen3,Uncertainty_Avoidance,2604,1,3,25.0,,,25.0,,50.0,,25.0,,25.0,,50.0
qwen3,Uncertainty_Avoidance,2605,1,1,50.0,,,50.0,,50.0,,50.0,,75.0,,75.0
qwen3,Uncertainty_Avoidance,2605,1,2,50.0,,,50.0,,50.0,,50.0,,75.0,,75.0
qwen3,Uncertainty_Avoidance,2605,1,3,50.0,,,50.0,,50.0,,50.0,,75.0,,75.0
qwen3,Uncertainty_Avoidance,2608,1,1,25.0,,,100.0,,25.0,,50.0,,25.0,,25.0
qwen3,Uncertainty_Avoidance,2608,1,2,25.0,,,100.0,,25.0,,50.0,,25.0,,25.0
qwen3,Uncertainty_Avoidance,2608,1,3,25.0,,,100.0,,25.0,,50.0,,25.0,,25.0
qwen3,Uncertainty_Avoidance,2610,1,1,50.0,,,50.0,,50.0,,50.0,,50.0,,50.0
qwen3,Uncertainty_Avoidance,2610,1,2,50.0,,,50.0,,50.0,,50.0,,50.0,,50.0
qwen3,Uncertainty_Avoidance,2610,1,3,50.0,,,50.0,,50.0,,50.0,,50.0,,50.0
qwen3,Uncertainty_Avoidance,2612,1,1,25.0,,,75.0,,50.0,,50.0,,25.0,,50.0
qwen3,Uncertainty_Avoidance,2612,1,2,25.0,,,75.0,,50.0,,50.0,,25.0,,50.0
qwen3,Uncertainty_Avoidance,2612,1,3,25.0,,,75.0,,50.0,,50.0,,25.0,,50.0
qwen3,Uncertainty_Avoidance,2619,1,1,25.0,,,50.0,,50.0,,50.0,,50.0,,50.0
qwen3,Uncertainty_Avoidance,2619,1,2,25.0,,,50.0,,50.0,,50.0,,50.0,,50.0
qwen3,Uncertainty_Avoidance,2619,1,3,25.0,,,50.0,,50.0,,50.0,,50.0,,50.0
qwen3,Uncertainty_Avoidance,2620,1,1,0.0,,,25.0,,25.0,,25.0,,25.0,,50.0
qwen3,Uncertainty_Avoidance,2620,1,2,0.0,,,25.0,,25.0,,25.0,,25.0,,50.0
qwen3,Uncertainty_Avoidance,2620,1,3,0.0,,,25.0,,25.0,,25.0,,25.0,,50.0
qwen3,Uncertainty_Avoidance,2622,1,1,25.0,,,50.0,,50.0,,50.0,,50.0,,50.0
qwen3,Uncertainty_Avoidance,2622,1,2,25.0,,,50.0,,50.0,,50.0,,50.0,,50.0
qwen3,Uncertainty_Avoidance,2622,1,3,25.0,,,50.0,,50.0,,50.0,,50.0,,50.0
qwen3,Uncertainty_Avoidance,2623,1,1,0.0,,,100.0,,75.0,,25.0,,75.0,,75.0
qwen3,Uncertainty_Avoidance,2623,1,2,0.0,,,100.0,,75.0,,25.0,,75.0,,75.0
qwen3,Uncertainty_Avoidance,2623,1,3,0.0,,,100.0,,75.0,,25.0,,75.0,,75.0
qwen3,Uncertainty_Avoidance,2630,1,1,0.0,,,50.0,,50.0,,25.0,,25.0,,50.0
qwen3,Uncertainty_Avoidance,2630,1,2,0.0,,,50.0,,50.0,,25.0,,25.0,,50.0
qwen3,Uncertainty_Avoidance,2630,1,3,0.0,,,50.0,,50.0,,25.0,,25.0,,50.0
qwen3,Uncertainty_Avoidance,2634,1,1,25.0,,,25.0,,50.0,,25.0,,25.0,,25.0
qwen3,Uncertainty_Avoidance,2634,1,2,25.0,,,25.0,,50.0,,25.0,,25.0,,25.0
qwen3,Uncertainty_Avoidance,2634,1,3,25.0,,,25.0,,50.0,,25.0,,25.0,,25.0
qwen3,Uncertainty_Avoidance,2639,1,1,0.0,,,50.0,,50.0,,50.0,,50.0,,50.0
qwen3,Uncertainty_Avoidance,2639,1,2,0.0,,,50.0,,50.0,,50.0,,50.0,,50.0
qwen3,Uncertainty_Avoidance,2639,1,3,0.0,,,50.0,,50.0,,50.0,,50.0,,50.0
qwen3,Uncertainty_Avoidance,2640,1,1,25.0,,,50.0,,50.0,,50.0,,50.0,,50.0
qwen3,Uncertainty_Avoidance,2640,1,2,25.0,,,50.0,,50.0,,50.0,,50.0,,50.0
qwen3,Uncertainty_Avoidance,2640,1,3,25.0,,,50.0,,50.0,,50.0,,50.0,,50.0
qwen3,Uncertainty_Avoidance,2641,1,1,50.0,,,25.0,,50.0,,50.0,,50.0,,50.0
qwen3,Uncertainty_Avoidance,2641,1,2,50.0,,,25.0,,50.0,,50.0,,50.0,,50.0
qwen3,Uncertainty_Avoidance,2641,1,3,50.0,,,25.0,,50.0,,50.0,,50.0,,50.0
qwen3,Uncertainty_Avoidance,2644,1,1,50.0,,,,,25.0,,25.0,,25.0,,50.0
qwen3,Uncertainty_Avoidance,2644,1,2,50.0,,,,,25.0,,25.0,,25.0,,50.0
qwen3,Uncertainty_Avoidance,2644,1,3,50.0,,,,,25.0,,25.0,,25.0,,50.0
qwen3,Uncertainty_Avoidance,2646,1,1,25.0,,,75.0,,25.0,,75.0,,50.0,,25.0
qwen3,Uncertainty_Avoidance,2646,1,2,25.0,,,75.0,,25.0,,75.0,,50.0,,25.0
qwen3,Uncertainty_Avoidance,2646,1,3,25.0,,,75.0,,25.0,,75.0,,50.0,,25.0
qwen3,Uncertainty_Avoidance,2651,1,1,50.0,,,100.0,,100.0,,100.0,,100.0,,75.0
qwen3,Uncertainty_Avoidance,2651,1,2,50.0,,,100.0,,100.0,,100.0,,100.0,,75.0
qwen3,Uncertainty_Avoidance,2651,1,3,50.0,,,100.0,,100.0,,100.0,,100.0,,75.0
qwen3,Uncertainty_Avoidance,2658,1,1,50.0,,,100.0,,50.0,,50.0,,50.0,,50.0
qwen3,Uncertainty_Avoidance,2658,1,2,50.0,,,100.0,,50.0,,50.0,,50.0,,50.0
qwen3,Uncertainty_Avoidance,2658,1,3,50.0,,,100.0,,50.0,,50.0,,50.0,,50.0
